place_id,name,url,address,city,region,postcode,country,lat,lon,phone_e164,website,place_type,score,score_formula,score_as_of,questions_ranked_on,record_source,record_license
ov:00147d61-c8fc-4286-9e1b-6894772a8971,Short Stories Hotel,https://journeyed.org/hotel/short-stories-hotel-los-angeles-00147d/,"115 S Fairfax Ave, Los Angeles, CA 90036-2106",Los Angeles,CA,90036-2106,US,34.073754,-118.361777,+13239373930,https://www.shortstorieshotels.com,hotel,41.1,settled-1.1-facts,2026-10-04,16,overture-places@2026-09-23.1,cdla-permissive-2.0
ov:001d0372-7690-411b-a767-941aca1af608,Good Nite Inn Buena Park,https://journeyed.org/hotel/good-nite-inn-buena-park-buena-park-001d03/,"7032 Orangethorpe Ave, Buena Park, CA 90621",Buena Park,CA,90621,US,33.8583323,-118.0101514,+17145231488,http://goodniteinnorangecounty.com/,hotel,39.7,settled-1.1-facts,2026-10-04,2,overture-places@2026-09-23.1,cdla-permissive-2.0
ov:00203a52-d59d-459e-a0e7-ac743611f76b,Kellogg West,https://journeyed.org/hotel/kellogg-west-pomona-00203a/,"3801 W Temple Ave, Pomona, CA 91768-2557",Pomona,CA,91768-2557,US,34.056572,-117.8250567,+18005937876,http://www.KelloggWest.org/,hotel,35.2,settled-1.1-facts,2026-10-04,0,overture-places@2026-09-23.1,cdla-permissive-2.0
ov:00216bea-0be8-413c-a77d-c52ed6351d36,Palihouse Vine Hotel,https://journeyed.org/hotel/palihouse-vine-hotel-los-angeles-00216b/,"1717 Vine St, Los Angeles, CA 90028-5248",Los Angeles,CA,90028-5248,US,34.1023508,-118.3269781,,https://palisadesdevgroup.com,lodging,19.8,settled-1.1-facts,2026-10-04,11,overture-places@2026-09-23.1,cdla-permissive-2.0
ov:007faab4-f443-42ad-aee2-16436a8b4307,Hyatt Hotels & Resorts,https://journeyed.org/hotel/hyatt-hotels-and-resorts-newport-beach-007faa/,"2300 W Coast Hwy, Newport Beach, CA 92663-4717",Newport Beach,CA,92663-4717,US,33.6193368,-117.9207373,+18888398785,,hotel,29,settled-1.1-facts,2026-10-04,1,overture-places@2026-09-23.1,cdla-permissive-2.0
ov:008445e9-8b8f-4180-88f0-384b4bbba76f,Aloha Motel Santa Ana,https://journeyed.org/hotel/aloha-motel-santa-ana-santa-ana-008445/,"2409 Main St, Santa Ana, CA 92707",Santa Ana,CA,92707,US,33.7145229,-117.8677404,+17145456677,http://aloha-motels.com,motel,37.8,settled-1.1-facts,2026-10-04,1,overture-places@2026-09-23.1,cdla-permissive-2.0
ov:009c79ef-636a-48d7-845b-afee63450c2d,Radisson Beverly Pavilion Hotel,https://journeyed.org/hotel/radisson-beverly-pavilion-hotel-beverly-hills-009c79/,"9360 Wilshire Blvd, Beverly Hills, CA 90212-3134",Beverly Hills,CA,90212-3134,US,34.066824,-118.396069,+13102755200,http://www.thompsonhotels.com,hotel,41,settled-1.1-facts,2026-10-04,5,overture-places@2026-09-23.1,cdla-permissive-2.0
ov:00cd60fe-eabe-48d3-950c-123f41a8830c,Santa Clarita Motel,https://journeyed.org/hotel/santa-clarita-motel-santa-clarita-00cd60/,"24971 Railroad Ave, Santa Clarita, CA 91321",Santa Clarita,CA,91321,US,34.3896586,-118.5354341,+16612592800,http://www.thehotelsc.com,motel,38.6,settled-1.1-facts,2026-10-04,1,overture-places@2026-09-23.1,cdla-permissive-2.0
ov:00f05597-433c-4a7d-b3f5-a70df75fb0b6,Hotel California,https://journeyed.org/hotel/hotel-california-rosemead-00f055/,"9488 Valley Blvd, Rosemead, CA 91770-1560",Rosemead,CA,91770-1560,US,34.0808215,-118.062735,+16264541423,,hotel,27.5,settled-1.1-facts,2026-10-04,1,overture-places@2026-09-23.1,cdla-permissive-2.0
ov:01087b37-d973-4b13-a43b-d59fcd38b373,Vermont Motel,https://journeyed.org/hotel/vermont-motel-los-angeles-01087b/,"9823 S Vermont Ave, Los Angeles, CA 90044-3201",Los Angeles,CA,90044-3201,US,33.946142,-118.292209,+13237885713,https://new-vermont-motel.business.site,motel,37.4,settled-1.1-facts,2026-10-04,2,overture-places@2026-09-23.1,cdla-permissive-2.0
ov:01218063-9820-463f-a64e-40d5e3e08cd5,Hotel Atwater,https://journeyed.org/hotel/hotel-atwater-avalon-012180/,"125 Sumner Ave, Avalon, CA 90704",Avalon,CA,90704,US,33.3435072,-118.3267102,+18889740425,http://www.visitcatalinaisland.com/,hotel,26.5,settled-1.1-facts,2026-10-04,0,overture-places@2026-09-23.1,cdla-permissive-2.0
ov:0149ae31-1c5a-46e5-8c34-3664787f8e4b,Ruby Motel,https://journeyed.org/hotel/ruby-motel-long-beach-0149ae/,"1896 Pacific Ave, Long Beach, CA 90806",Long Beach,CA,90806,US,33.7918551,-118.1934344,+15625917759,http://www.rubymotelca.com,motel,39.1,settled-1.1-facts,2026-10-04,3,overture-places@2026-09-23.1,cdla-permissive-2.0
ov:0170830e-d18c-40eb-b942-7513499da23c,La Quinta Inn & Suites,https://journeyed.org/hotel/la-quinta-inn-and-suites-santa-ana-017083/,"2721 Hotel Terrace, Santa Ana, CA 92705",Santa Ana,CA,92705,US,33.710118,-117.8530814,+17145401111,http://www.laquintaorangecountysantaana.com/?cid=local_2006,hotel,37.7,settled-1.1-facts,2026-10-04,1,overture-places@2026-09-23.1,cdla-permissive-2.0
ov:017c7823-c5e7-478d-8915-4fa36dc0b7d7,Best Western Los Alamitos Inn & Suites,https://journeyed.org/hotel/best-western-los-alamitos-inn-and-suites-los-alamitos-017c78/,"10591 Los Alamitos Blvd, Los Alamitos, CA 90720",Los Alamitos,CA,90720,US,33.8089852,-118.0725516,+15625982299,https://www.bestwestern.com/en_US/book/hotel-rooms.05600.html?iata=00171890&ssob=BLBWI0003G&cid=BLBWI0003G%3Ayext%3Awebsite%3A05600,hotel,38.2,settled-1.1-facts,2026-10-04,0,overture-places@2026-09-23.1,cdla-permissive-2.0
ov:0190f66d-fcf9-463c-847a-57c354e240b6,Tropic Lodge,https://journeyed.org/hotel/tropic-lodge-garden-grove-0190f6/,"8791 Garden Grove Blvd, Garden Grove, CA 92844",Garden Grove,CA,92844,US,33.7740616,-117.978785,+17145376752,http://www.tropiclodge.com,motel,49.4,settled-1.1-facts,2026-10-04,16,overture-places@2026-09-23.1,cdla-permissive-2.0
ov:0192086f-7637-48fe-a9de-d5731c360a5f,The Langham Gold Coast,https://journeyed.org/hotel/the-langham-gold-coast-glendale-019208/,"313 Vine St, Glendale, CA 91204-1606",Glendale,CA,91204-1606,US,34.14109,-118.25858,+18182441343,https://www.langhamhotels.com/en/the-langham/gold-coast/,hotel,40.4,settled-1.1-facts,2026-10-04,3,overture-places@2026-09-23.1,cdla-permissive-2.0
ov:01abc0cd-f95e-494d-8fd5-85a72db17d8e,Hometown Inn,https://journeyed.org/hotel/hometown-inn-los-angeles-01abc0/,"9401 Sepulveda Blvd, Los Angeles, CA 91343",Los Angeles,CA,91343,US,34.2412329,-118.4681493,+18188920751,http://hometowninnsnorthhills.com,motel,35.6,settled-1.1-facts,2026-10-04,0,overture-places@2026-09-23.1,cdla-permissive-2.0
ov:01ad23e9-84f2-4e6d-bda8-947d609db8b8,Ramada Limited,https://journeyed.org/hotel/ramada-limited-anaheim-01ad23/,"800 S Beach Blvd, Anaheim, CA 92804",Anaheim,CA,92804,US,33.8210153,-117.9927472,+17149955700,http://www.ramada.com,hotel,39,settled-1.1-facts,2026-10-04,1,overture-places@2026-09-23.1,cdla-permissive-2.0
ov:01ba8f73-dda6-4a36-a330-2c1142ea4f35,Holiday Inn Express & Suites Los Angeles Downtown West,https://journeyed.org/hotel/holiday-inn-express-and-suites-los-angeles-downtown-west-los-angeles-01ba8f/,"611 S Westlake Ave, Los Angeles, CA 90057",Los Angeles,CA,90057,US,34.0586425,-118.2741168,+12134836363,http://www.ramada.com/,hotel,39.7,settled-1.1-facts,2026-10-04,13,overture-places@2026-09-23.1,cdla-permissive-2.0
ov:01c50b13-00d8-45b0-9dc3-369ee84c3a6e,Motel 6,https://journeyed.org/hotel/motel-6-pico-rivera-01c50b/,"6623 Rosemead Blvd, Pico Rivera, CA 90660",Pico Rivera,CA,90660,US,33.9854158,-118.0956853,+15629484566,http://www.angelsmotelpicorivera.com/,motel,38,settled-1.1-facts,2026-10-04,0,overture-places@2026-09-23.1,cdla-permissive-2.0
ov:01ed0ee1-b440-4605-88f9-88cf3bb53ff7,Bixby Hotel,https://journeyed.org/hotel/bixby-hotel-los-angeles-01ed0e/,"433 Wall St, Los Angeles, CA 90013-1516",Los Angeles,CA,90013-1516,US,34.045762,-118.245356,+12136201374,http://www.flysleepdrive.com,hotel,40.8,settled-1.1-facts,2026-10-04,12,overture-places@2026-09-23.1,cdla-permissive-2.0
ov:01fbfa0d-3489-4728-9f3a-26e35626ecf4,Best Western La Habra Inn,https://journeyed.org/hotel/best-western-la-habra-inn-la-habra-01fbfa/,"700 N Beach Blvd, La Habra, CA 90631-3665",La Habra,CA,90631-3665,US,33.937899,-117.968309,+15626941991,http://sp.bestflowers.com/?FACCATID=483182&FACID=0018433776&NAME=La%20Habra%20Inn%20Senior%20Apartments&ADDR1=700%20N%20Beach%20Blvd&ADDR2=&CITY=La%20Habra&STATE=CA&ZIP=90631&PHONE=5626941991,hotel,34.7,settled-1.1-facts,2026-10-04,0,overture-places@2026-09-23.1,cdla-permissive-2.0
ov:02031b90-5d73-4f3a-8192-4729719a1ff1,Villa Park Motel,https://journeyed.org/hotel/villa-park-motel-orange-02031b/,"2085 N Tustin St, Orange, CA 92865",Orange,CA,92865,US,33.8223217,-117.8354286,+16572210780,http://orangevillapark.com,motel,37.6,settled-1.1-facts,2026-10-04,1,overture-places@2026-09-23.1,cdla-permissive-2.0
ov:02093bb0-137e-480f-b88b-dd2cabd0610b,Bronco Motel South Central,https://journeyed.org/hotel/bronco-motel-south-central-los-angeles-02093b/,"5015 S Central Ave, Los Angeles, CA 90011",Los Angeles,CA,90011,US,33.9971111,-118.2568682,+13238461001,,motel,26.6,settled-1.1-facts,2026-10-04,2,overture-places@2026-09-23.1,cdla-permissive-2.0
ov:02184ba5-3832-4d5a-9d36-ec4aee0dc08b,Patio Motel,https://journeyed.org/hotel/patio-motel-compton-02184b/,"14900 S Atlantic Ave, Compton, CA 90221-3051",Compton,CA,90221-3051,US,33.8978699,-118.1930893,,http://www.patiohotelgardena.com,lodging,28.6,settled-1.1-facts,2026-10-04,1,overture-places@2026-09-23.1,cdla-permissive-2.0
ov:021a40b5-267d-4280-8ec2-3c75d4489eeb,Orchid Motel,https://journeyed.org/hotel/orchid-motel-los-angeles-021a40/,"10720 S Figueroa St, Los Angeles, CA 90061",Los Angeles,CA,90061,US,33.938579,-118.2823475,+13232429558,http://www.orchidmotel.com,motel,37.1,settled-1.1-facts,2026-10-04,0,overture-places@2026-09-23.1,cdla-permissive-2.0
ov:02313123-5aba-4a9f-a42d-208786c88ec7,Covina Motel,https://journeyed.org/hotel/covina-motel-west-covina-023131/,"1637 W Garvey Ave N, West Covina, CA 91790",West Covina,CA,91790,US,34.0731615,-117.9414541,+16263372883,https://covina-motel.hub.biz/,motel,41,settled-1.1-facts,2026-10-04,1,overture-places@2026-09-23.1,cdla-permissive-2.0
ov:024da1ff-b548-48c4-a569-3cf9aa7e4007,DoubleTree Suites by Hilton Hotel Anaheim Resort,https://journeyed.org/hotel/doubletree-suites-by-hilton-hotel-anaheim-resort-anaheim-024da1/,"2085 S Harbor Blvd, Anaheim, CA 92802",Anaheim,CA,92802,US,33.796371,-117.9158237,+17147503000,http://www.tripadvisor.com/TravelersChoice-Family-cAmusement-g191,hotel,29.2,settled-1.1-facts,2026-10-04,9,overture-places@2026-09-23.1,cdla-permissive-2.0
ov:027566e5-ef70-4001-bfce-fb1d94dc9db9,Anaheim Majestic Garden Hotel,https://journeyed.org/hotel/anaheim-majestic-garden-hotel-anaheim-027566/,"900 Disneyland Dr, Anaheim, CA 92802",Anaheim,CA,92802,US,33.8193209,-117.920723,+18442278535,http://www.majesticgardenhotel.com/,hotel,40.9,settled-1.1-facts,2026-10-04,9,overture-places@2026-09-23.1,cdla-permissive-2.0
ov:02e4056c-21c0-44b1-bebe-8ed0fa6c2b18,Beach-La Habra Motel,https://journeyed.org/hotel/beach-la-habra-motel-la-habra-02e405/,"770 S Beach Blvd, La Habra, CA 90631",La Habra,CA,90631,US,33.9232264,-117.9674212,+15626917796,https://beach-la-habra-motel.hub.biz/,motel,35.5,settled-1.1-facts,2026-10-04,0,overture-places@2026-09-23.1,cdla-permissive-2.0
ov:02e43519-fb99-4d45-8a30-3b2e84a08aba,Red Roof Inn Anaheim,https://journeyed.org/hotel/red-roof-inn-anaheim-anaheim-02e435/,"100 Walt, Disney Way, Anaheim, CA 92802",Anaheim,CA,92802,US,33.8071184,-117.9085852,+17145209696,https://www.redroof.com/,hotel,40.3,settled-1.1-facts,2026-10-04,9,overture-places@2026-09-23.1,cdla-permissive-2.0
ov:0301c126-b57c-4307-9338-30813a33983b,Ramada by Wyndham Los Angeles Koreatown West,https://journeyed.org/hotel/ramada-by-wyndham-los-angeles-koreatown-west-los-angeles-0301c1/,"3900 Wilshire Blvd, Los Angeles, CA 90010",Los Angeles,CA,90010,US,34.0612924,-118.3112931,+12139844389,http://www.ramada.com/,hotel,41,settled-1.1-facts,2026-10-04,5,overture-places@2026-09-23.1,cdla-permissive-2.0
ov:03128b42-f398-4d33-9e03-f098366ab62f,333 Universal Hollywood Dr,https://journeyed.org/hotel/333-universal-hollywood-dr-universal-city-03128b/,"333 Universal Hollywood Dr, Universal City, CA 91608",Universal City,CA,91608,US,34.1374768,-118.3597255,,http://www.sheraton.com,hotel,31,settled-1.1-facts,2026-10-04,4,overture-places@2026-09-23.1,cdla-permissive-2.0
ov:034ff5e7-1ee4-47bf-910b-311a58ca29d4,Villa Inn and Suites,https://journeyed.org/hotel/villa-inn-and-suites-hawthorne-034ff5/,"3828 W Imperial Hwy, Hawthorne, CA 90303",Hawthorne,CA,90303,US,33.9308393,-118.3405504,+13106747277,,hotel,28.5,settled-1.1-facts,2026-10-04,11,overture-places@2026-09-23.1,cdla-permissive-2.0
ov:038870d1-da96-4c80-b643-bab82f08711b,Cinema Suites Bed and Breakfast,https://journeyed.org/hotel/cinema-suites-bed-and-breakfast-los-angeles-038870/,"925 S Fairfax Ave, Los Angeles, CA 90036",Los Angeles,CA,90036,US,34.059444,-118.363571,+13232723160,http://cinemasuites.biz/,bed_and_breakfast,40,settled-1.1-facts,2026-10-04,4,overture-places@2026-09-23.1,cdla-permissive-2.0
ov:03a4fb37-d537-4498-93ef-c3c1d27a636c,Courtyard by Marriott Cypress Anaheim/Orange County,https://journeyed.org/hotel/courtyard-by-marriott-cypress-anaheim-orange-county-cypress-03a4fb/,"5865 Katella Ave, Cypress, CA 90630",Cypress,CA,90630,US,33.803819,-118.0305434,+17148271010,https://www.marriott.com/en-us/hotels/lgbcp-courtyard-cypress-anaheim-orange-county/overview/?scid=d2406702-e8ea-4b45-bb9b-69cddaaef03d,hotel,39.1,settled-1.1-facts,2026-10-04,1,overture-places@2026-09-23.1,cdla-permissive-2.0
ov:03ad770b-c231-4c6a-9996-5466405aade1,Miyako Hybrid Hotel,https://journeyed.org/hotel/miyako-hybrid-hotel-torrance-03ad77/,"21381 S Western Ave, Torrance, CA 90501",Torrance,CA,90501,US,33.8348072,-118.3097796,+13102125111,http://www.miyakohybridhotel.com/,hotel,67.9,settled-1.1-facts,2026-10-04,38,overture-places@2026-09-23.1,cdla-permissive-2.0
ov:03fd59ba-d5e2-45dc-ab01-75c4702e590d,Hampton Inn Los Angeles Airport,https://journeyed.org/hotel/hampton-inn-los-angeles-airport-inglewood-03fd59/,"10300 S La Cienega Blvd, Inglewood, CA 90304-1118",Inglewood,CA,90304-1118,US,33.9427361,-118.3696278,+13108463200,https://www.hilton.com/en/locations/usa/,hotel,39.5,settled-1.1-facts,2026-10-04,11,overture-places@2026-09-23.1,cdla-permissive-2.0
ov:04256925-2665-4d87-bfc3-547d70d9d807,Tree Bones Resort,https://journeyed.org/hotel/tree-bones-resort-long-beach-042569/,"3812 N Weston Pl, Long Beach, CA 90807-3317",Long Beach,CA,90807-3317,US,33.827194,-118.19169,+15624921315,http://www.treebonesresort.com,hotel,37.9,settled-1.1-facts,2026-10-04,1,overture-places@2026-09-23.1,cdla-permissive-2.0
ov:044df306-bfdd-420b-83f0-ae0c54167adb,Hikertown,https://journeyed.org/hotel/hikertown-lancaster-044df3/,"26803 W Ave C 15, Lancaster, CA 93536",Lancaster,CA,93536,US,34.7759057,-118.6060045,+13108171595,https://www.hikertown.org,hostel,14.8,settled-1.1-facts,2026-10-04,0,overture-places@2026-09-23.1,cdla-permissive-2.0
ov:0470267e-f9f5-4024-b209-16b05351cd8f,Midtown Inn,https://journeyed.org/hotel/midtown-inn-north-hills-047026/,"9133 Sepulveda Blvd, North Hills, CA 91343-3920",North Hills,CA,91343-3920,US,34.2365443,-118.4685544,+18188943988,https://www.midtowninnmiami.com,motel,36,settled-1.1-facts,2026-10-04,0,overture-places@2026-09-23.1,cdla-permissive-2.0
ov:048b849a-50f8-40ae-8079-01d600ac463c,Bell Manor Motel,https://journeyed.org/hotel/bell-manor-motel-bell-048b84/,"4400 Florence Ave, Bell, CA 90201",Bell,CA,90201,US,33.9699134,-118.1895322,+13234579231,https://www.bellmanormotel.com/,motel,47.8,settled-1.1-facts,2026-10-04,17,overture-places@2026-09-23.1,cdla-permissive-2.0
ov:04952b3a-ba9d-45b5-b20d-02c060a249da,Royal Inn Motel,https://journeyed.org/hotel/royal-inn-motel-cypress-04952b/,"6112 Lincoln Ave, Cypress, CA 90630-5809",Cypress,CA,90630-5809,US,33.831303,-118.02635,+17149957500,https://www.usamotels.top/royal-inn-motel-cypress,hotel,49.8,settled-1.1-facts,2026-10-04,9,overture-places@2026-09-23.1,cdla-permissive-2.0
ov:049c9d87-4044-410b-beb6-d37b20183bd0,Mardi Gras Motel,https://journeyed.org/hotel/mardi-gras-motel-anaheim-049c9d/,"2245 W Lincoln Ave, Anaheim, CA 92801-6503",Anaheim,CA,92801-6503,US,33.8327366,-117.9612856,+17147767660,http://www.mardigras-motel.com,motel,37.9,settled-1.1-facts,2026-10-04,3,overture-places@2026-09-23.1,cdla-permissive-2.0
ov:04bef34f-daac-4728-a95d-a39f534fcdb8,Hollywood Highland Hotel and Hostel,https://journeyed.org/hotel/hollywood-highland-hotel-and-hostel-los-angeles-04bef3/,"7038 1/2 Hollywood Blvd, Los Angeles, CA 90028",Los Angeles,CA,90028,US,34.1014487,-118.3428604,+13234643122,http://www.hollywoodandhighland.com/,hostel,41.3,settled-1.1-facts,2026-10-04,14,overture-places@2026-09-23.1,cdla-permissive-2.0
ov:0528c230-4e75-4562-8773-b5b1f27fea5b,La Quinta Inn and Suites,https://journeyed.org/hotel/la-quinta-inn-and-suites-stevenson-ranch-0528c2/,"25201 The Old Rd, Stevenson Ranch, CA 91381",Stevenson Ranch,CA,91381,US,34.3756099,-118.5651973,+16612861111,http://www.laquintasantaclaritastevensonranch.com/?cid=local_772,hotel,37.5,settled-1.1-facts,2026-10-04,0,overture-places@2026-09-23.1,cdla-permissive-2.0
ov:06013560-e8b9-4649-ad23-4f43e039a5df,Hampton Inn Los Angeles/carson/torrance,https://journeyed.org/hotel/hampton-inn-los-angeles-carson-torrance-carson-060135/,"767 E Albertoni St, Carson, CA 90746-1500",Carson,CA,90746-1500,US,33.872541,-118.26386,+13107688833,https://www.hilton.com,hotel,38.7,settled-1.1-facts,2026-10-04,1,overture-places@2026-09-23.1,cdla-permissive-2.0
ov:0627fd82-7b4f-4730-b29c-a58e6d72bafa,Verse Hollywood,https://journeyed.org/hotel/verse-hollywood-los-angeles-0627fd/,"1530 N Poinsettia Pl, Los Angeles, CA 90046",Los Angeles,CA,90046,US,34.098861,-118.347449,+13238157975,https://versehollywood.com,hotel,40.8,settled-1.1-facts,2026-10-04,13,overture-places@2026-09-23.1,cdla-permissive-2.0
ov:0679b4c2-aab0-4d60-a1df-dcba3c618142,Robinhood Motel Anaheim West,https://journeyed.org/hotel/robinhood-motel-anaheim-west-anaheim-ca-0679b4/,"S Beach Blvd, Anaheim, CA, Anaheim, CA, CA","Anaheim, CA",CA,,US,33.8184985,-117.9940849,,https://www.oyorooms.com/us/291806/,hotel,24,settled-1.1-facts,2026-10-04,1,overture-places@2026-09-23.1,cdla-permissive-2.0
ov:067ac966-0bf5-492c-a619-64b6bd67cf8a,La Casa Del Camino,https://journeyed.org/hotel/la-casa-del-camino-laguna-beach-067ac9/,"1289 S Coast Hwy 4th floor, Laguna Beach, CA 92651",Laguna Beach,CA,92651,US,33.5324693,-117.7760204,+19494972446,http://www.lacasadelcamino.com/,hotel,58.1,settled-1.1-facts,2026-10-04,7,overture-places@2026-09-23.1,cdla-permissive-2.0
ov:0682518a-6d66-44c7-b017-ac6caafa5729,Knights Inn Stanton Anaheim Area,https://journeyed.org/hotel/knights-inn-stanton-anaheim-area-stanton-068251/,"11632 Beach Blvd, Stanton, CA 90680-3608",Stanton,CA,90680-3608,US,33.79365,-117.992327,+18884240138,https://www.kingsinnmichigancity.com,hotel,37.7,settled-1.1-facts,2026-10-04,0,overture-places@2026-09-23.1,cdla-permissive-2.0
ov:06841988-50c7-4c5c-98fd-0c31d06ea4ae,La Palma Motel,https://journeyed.org/hotel/la-palma-motel-anaheim-068419/,"727 W La Palma Ave, Anaheim, CA 92801",Anaheim,CA,92801,US,33.8473111,-117.9280199,+17145916015,http://www.lapalmamotel.com/,motel,39,settled-1.1-facts,2026-10-04,3,overture-places@2026-09-23.1,cdla-permissive-2.0
ov:06871823-eec0-44ff-b3cc-b362204a9b1c,Motel 6,https://journeyed.org/hotel/motel-6-azusa-068718/,"137 E 1st St, Azusa, CA 91702",Azusa,CA,91702,US,34.1219299,-117.9066596,+16269697957,http://www.motel6.com/,motel,40.2,settled-1.1-facts,2026-10-04,1,overture-places@2026-09-23.1,cdla-permissive-2.0
ov:0687c1a1-142f-4abf-92b6-61f7a863eaad,Tourist Lodge,https://journeyed.org/hotel/tourist-lodge-inglewood-0687c1/,"3649 W Imperial Hwy, Inglewood, CA 90303-2713",Inglewood,CA,90303-2713,US,33.931328,-118.33668,+13106770112,http://www.touristlodgeinglewood.us,motel,64.4,settled-1.1-facts,2026-10-04,51,overture-places@2026-09-23.1,cdla-permissive-2.0
ov:06952592-a015-4fcf-a0b0-1b0eec7d0d7c,Stallion Inn Motel,https://journeyed.org/hotel/stallion-inn-motel-long-beach-069525/,"6057 Atlantic Ave, Long Beach, CA 90805",Long Beach,CA,90805,US,33.864783,-118.1851528,+15624229021,http://stallioninnmotel1.placeweb.site,motel,36.7,settled-1.1-facts,2026-10-04,0,overture-places@2026-09-23.1,cdla-permissive-2.0
ov:06b5617a-fcae-4796-8973-d34d1436efcd,Hotel Mac Rae,https://journeyed.org/hotel/hotel-mac-rae-avalon-06b561/,"409 Crescent Ave, Avalon, CA 90704",Avalon,CA,90704,US,33.3436907,-118.3258472,+13105100246,http://www.tripadvisor.com/Hotel_Review-g29121-d290527-Reviews-Hotel_Mac_Rae-Avalon_Catalina_Island_California.html,hotel,14.8,settled-1.1-facts,2026-10-04,0,overture-places@2026-09-23.1,cdla-permissive-2.0
ov:07085f2c-defa-4631-8269-b0fc3bf95ef4,Best Western Plus Anaheim Inn,https://journeyed.org/hotel/best-western-plus-anaheim-inn-anaheim-07085f/,"1630 S Harbor Blvd, Anaheim, CA 92802",Anaheim,CA,92802,US,33.808257,-117.9147121,+17147741050,https://www.bestwestern.com/en_US/book/hotel-rooms.05385.html?iata=00171890&ssob=BLBWI0003G&cid=BLBWI0003G%3Ayext%3Awebsite%3A05385,hotel,40.8,settled-1.1-facts,2026-10-04,10,overture-places@2026-09-23.1,cdla-permissive-2.0
ov:070900b4-b22d-466e-b77b-a64bf1661a97,Ganesha Motel,https://journeyed.org/hotel/ganesha-motel-pomona-070900/,"1111 W Holt Ave, Pomona, CA 91768-3430",Pomona,CA,91768-3430,US,34.065795,-117.7656652,+19096225188,,hotel,28.2,settled-1.1-facts,2026-10-04,1,overture-places@2026-09-23.1,cdla-permissive-2.0
ov:070c3910-108b-4bfe-9213-12f5e8170410,Malibu Beach,https://journeyed.org/hotel/malibu-beach-malibu-070c39/,"22126 Pacific Coast Hwy, Malibu, CA 90265-5027",Malibu,CA,90265-5027,US,34.038526,-118.6569487,+13104561117,http://www.malibubeachinn.com,beach_resort,39.8,settled-1.1-facts,2026-10-04,1,overture-places@2026-09-23.1,cdla-permissive-2.0
ov:0715ddf0-7d59-426a-bd87-74a4d04952df,Bokai Garden Hotel,https://journeyed.org/hotel/bokai-garden-hotel-rosemead-0715dd/,"3633 Rosemead Blvd, Rosemead, CA 91770",Rosemead,CA,91770,US,34.0746701,-118.0740995,+16262886666,http://www.knightsinn.com/hotels/california/rosemead/knights-inn-rosemead/hotel-overview?WID=LC:KG:20150901:Rio:Local,motel,38.3,settled-1.1-facts,2026-10-04,0,overture-places@2026-09-23.1,cdla-permissive-2.0
ov:0715e53c-c581-4ce1-85e8-b5145b13d410,Embassy Suites by Hilton Palmdale,https://journeyed.org/hotel/embassy-suites-by-hilton-palmdale-palmdale-0715e5/,"39375 5th St W, Palmdale, CA 93551",Palmdale,CA,93551,US,34.5977168,-118.140763,+16612663756,https://www.hilton.com/en/hotels/pmdcces-embassy-suites-palmdale/?SEO_id=GMB-ES-PMDCCES,hotel,26.5,settled-1.1-facts,2026-10-04,0,overture-places@2026-09-23.1,cdla-permissive-2.0
ov:071b4052-5813-437b-a925-b5c97e849043,Studio 6,https://journeyed.org/hotel/studio-6-van-nuys-071b40/,"13561 Sherman Way, Van Nuys, CA 91405",Van Nuys,CA,91405,US,34.2014852,-118.4286843,+18187800558,https://www.staystudio6.com/en/motels.ca.van-nuys.5035.html?corporatePlusNumber=CP792N5W&travelAgentNumber=TA001305,hotel,39.2,settled-1.1-facts,2026-10-04,1,overture-places@2026-09-23.1,cdla-permissive-2.0
ov:0728cb78-d0ec-47e0-ae82-34d36aa6257f,Astro Pasadena Hotel,https://journeyed.org/hotel/astro-pasadena-hotel-pasadena-0728cb/,"2818 E Colorado Blvd, Pasadena, CA 91107",Pasadena,CA,91107,US,34.1459491,-118.0923107,+16264493370,http://www.astropasadena.com,hotel,63.1,settled-1.1-facts,2026-10-04,23,overture-places@2026-09-23.1,cdla-permissive-2.0
ov:074ac3f2-3751-4924-b6b5-59e2e3ef27ec,Motel 6,https://journeyed.org/hotel/motel-6-monterey-park-074ac3/,"1560 Monterey Pass Rd, Monterey Park, CA 91754",Monterey Park,CA,91754,US,34.0451508,-118.1618219,+13232639888,http://www.motel6.com/,motel,38.6,settled-1.1-facts,2026-10-04,1,overture-places@2026-09-23.1,cdla-permissive-2.0
ov:07656d89-515f-441e-ae9f-b52d468e630c,Shilo Inn Hotel,https://journeyed.org/hotel/shilo-inn-hotel-pomona-07656d/,"3200 W Temple Ave, Pomona, CA 91768-3283",Pomona,CA,91768-3283,US,34.0466028,-117.8033766,,,lodging,15.3,settled-1.1-facts,2026-10-04,0,overture-places@2026-09-23.1,cdla-permissive-2.0
ov:07a90ea1-0d2e-46d4-b536-32128b22166c,Cabana Inn and Suites,https://journeyed.org/hotel/cabana-inn-and-suites-long-beach-07a90e/,"1500 Pacific Coast Hwy, Long Beach, CA 90806",Long Beach,CA,90806,US,33.7895302,-118.173073,+15625910088,https://www.booking.com/hotel/us/days-inn-city-center.html,hotel,27.2,settled-1.1-facts,2026-10-04,3,overture-places@2026-09-23.1,cdla-permissive-2.0
ov:07c13c9e-223d-40c8-84a8-0e9780c0a93b,Best Western Hollywood Plaza Inn,https://journeyed.org/hotel/best-western-hollywood-plaza-inn-los-angeles-07c13c/,"2011 Highland Ave, Los Angeles, CA 90068",Los Angeles,CA,90068,US,34.1072521,-118.3377883,+13238511800,https://www.bestwestern.com/en_US/book/hotel-rooms.05491.html?iata=00171890&ssob=BLBWI0003G&cid=BLBWI0003G%3Ayext%3Awebsite%3A05491,hotel,40.9,settled-1.1-facts,2026-10-04,13,overture-places@2026-09-23.1,cdla-permissive-2.0
ov:07d73c37-097b-47b1-8611-e314b75e3b5d,Oxford Palace Hotel,https://journeyed.org/hotel/oxford-palace-hotel-los-angeles-07d73c/,"745 S Oxford Ave, Los Angeles, CA 90005",Los Angeles,CA,90005,US,34.0579366,-118.3080998,+12133898000,https://www.oxfordhotel.com/,hotel,41,settled-1.1-facts,2026-10-04,17,overture-places@2026-09-23.1,cdla-permissive-2.0
ov:080fb13e-d659-4463-bc07-91548614b0f2,Super 8 by Wyndham Torrance LAX Airport Area,https://journeyed.org/hotel/super-8-by-wyndham-torrance-lax-airport-area-torrance-080fb1/,"2360 Sepulveda Blvd, Torrance, CA 90501",Torrance,CA,90501,US,33.82067,-118.32464,+13105344900,https://www.wyndhamhotels.com/super-8/torrance-california/super-8-torrance-lax-airport-area/overview,resort,39.2,settled-1.1-facts,2026-10-04,2,overture-places@2026-09-23.1,cdla-permissive-2.0
ov:081838d6-5910-4624-b76a-15f327741137,Hollywood Bed and Breakfast,https://journeyed.org/hotel/hollywood-bed-and-breakfast-los-angeles-081838/,"1701 N Orange Grove Ave, Los Angeles, CA 90046",Los Angeles,CA,90046,US,34.1016336,-118.360749,+13238748017,http://hollywoodbandb.com,bed_and_breakfast,40.3,settled-1.1-facts,2026-10-04,11,overture-places@2026-09-23.1,cdla-permissive-2.0
ov:0818d7c5-15c6-410c-9d88-8bb0c03f713f,"Hotel Per La, Autograph Collection",https://journeyed.org/hotel/hotel-per-la-autograph-collection-los-angeles-0818d7/,"649 S Olive St, Los Angeles, CA 90014",Los Angeles,CA,90014,US,34.0470236,-118.2554519,+12133580000,http://hotelperla.com/,hotel,70.4,settled-1.1-facts,2026-10-04,73,overture-places@2026-09-23.1,cdla-permissive-2.0
ov:083c36e9-9778-48c0-8f60-61c398878028,Courtyard by Marriott Costa Mesa South Coast Metro,https://journeyed.org/hotel/courtyard-by-marriott-costa-mesa-south-coast-metro-santa-ana-083c36/,"3002 S Harbor Blvd, Santa Ana, CA 92704",Santa Ana,CA,92704,US,33.7067142,-117.9203421,+17145451001,https://www.marriott.com/hotels/travel/snasa-courtyard-costa-mesa-south-coast-metro/?scid=5d6c9ba8-fdb3-45cd-90d4-fc3cbfe3681c&y_source=1_NjUwMzAxLTU1OS1sb2NhdGlvbi53ZWJzaXRl,hotel,37.8,settled-1.1-facts,2026-10-04,0,overture-places@2026-09-23.1,cdla-permissive-2.0
ov:086c9d02-09cc-4f75-97bb-4ebc5bdc4fbb,UCLA Tiverton House,https://journeyed.org/hotel/ucla-tiverton-house-los-angeles-086c9d/,"900 Tiverton Ave, Los Angeles, CA 90095-8354",Los Angeles,CA,90095-8354,US,34.0631774,-118.4422836,+13107940151,https://www.uclahealth.org/tiverton/,hotel,75,settled-1.1-facts,2026-10-04,67,overture-places@2026-09-23.1,cdla-permissive-2.0
ov:0875a172-e0d1-4a07-99fb-ad4d33b3109a,Ramada Anaheim Convention Center,https://journeyed.org/hotel/ramada-anaheim-convention-center-anaheim-0875a1/,"2141 S Harbor Blvd, Anaheim, CA 92802-3515",Anaheim,CA,92802-3515,US,33.794605,-117.91584,+17149713553,https://www.wyndhamhotels.com/ramada/anaheim-california/ramada-anaheim-near-convention-center/overview?CID=LC%3ARA%3A%3AFACEBOOK%3ARIO%3ARegional%3A13239,hotel,40.7,settled-1.1-facts,2026-10-04,9,overture-places@2026-09-23.1,cdla-permissive-2.0
ov:087d2e4d-e83d-47bd-b357-c88fa661bff6,Econo Lodge Sylmar,https://journeyed.org/hotel/econo-lodge-sylmar-sylmar-087d2e/,"12783 San Fernando Rd, Sylmar, CA 91342-3730",Sylmar,CA,91342-3730,US,34.3017497,-118.4633761,,,lodging,7.9,settled-1.1-facts,2026-10-04,0,overture-places@2026-09-23.1,cdla-permissive-2.0
ov:089fa2f0-59c8-466b-8b39-b832baa4e16f,Conestoga Hotel,https://journeyed.org/hotel/conestoga-hotel-anaheim-089fa2/,"1240 S Walnut St, Anaheim, CA 92802-2241",Anaheim,CA,92802-2241,US,33.8166364,-117.9281314,,,lodging,19.1,settled-1.1-facts,2026-10-04,8,overture-places@2026-09-23.1,cdla-permissive-2.0
ov:08ae6721-5b66-4996-b747-9c9f46154488,Grandview Inn,https://journeyed.org/hotel/grandview-inn-hermosa-beach-08ae67/,"55 14th St, Hermosa Beach, CA 90254",Hermosa Beach,CA,90254,US,33.8636265,-118.401283,+13103748981,http://gvinn.com,hotel,70.4,settled-1.1-facts,2026-10-04,21,overture-places@2026-09-23.1,cdla-permissive-2.0
ov:08ce49cb-16b9-4de8-bf2e-b65ce8287ebb,Quality Inn and Suites Montebello Los Angeles,https://journeyed.org/hotel/quality-inn-and-suites-montebello-los-angeles-montebello-08ce49/,"7709 Telegraph Rd, Montebello, CA 90640",Montebello,CA,90640,US,33.976851,-118.1248132,+13232017978,http://www.choicehotels.com/,hotel,39.1,settled-1.1-facts,2026-10-04,1,overture-places@2026-09-23.1,cdla-permissive-2.0
ov:08f16316-089b-4b38-8371-5ad322049f31,Hollywood western hotel,https://journeyed.org/hotel/hollywood-western-hotel-los-angeles-08f163/,"5425 Carlton Way, Los Angeles, CA 90027",Los Angeles,CA,90027,US,34.1015334,-118.3090051,,,lodging,18.3,settled-1.1-facts,2026-10-04,10,overture-places@2026-09-23.1,cdla-permissive-2.0
ov:092ffd69-0e5c-4115-b6a4-bb907efb7106,DENA INN APARTMENT MOTEL,https://journeyed.org/hotel/dena-inn-apartment-motel-littlerock-092ffd/,"7243 Pearblossom Hwy, Littlerock, CA 93543",Littlerock,CA,93543,US,34.5213866,-117.9998374,+16619442037,http://denainnmotel.com,motel,26.5,settled-1.1-facts,2026-10-04,0,overture-places@2026-09-23.1,cdla-permissive-2.0
ov:0934dcfa-c239-4033-9a7f-f4bf0cdafff8,Culver Motel,https://journeyed.org/hotel/culver-motel-culver-city-0934dc/,"11162 Culver Blvd, Culver City, CA 90230",Culver City,CA,90230,US,34.0054259,-118.4091173,+13105589769,http://www.culvervistamotel.com,motel,39.5,settled-1.1-facts,2026-10-04,4,overture-places@2026-09-23.1,cdla-permissive-2.0
ov:0934f2fc-c848-41fc-893c-cd3b685aee1d,Hotel Maya - A Doubletree By Hilton,https://journeyed.org/hotel/hotel-maya-a-doubletree-by-hilton-long-beach-0934f2/,"700 Queensway Dr, Long Beach, CA 90802-6343",Long Beach,CA,90802-6343,US,33.7571295,-118.1984972,+15624357676,https://www.hilton.com,hotel,40.4,settled-1.1-facts,2026-10-04,3,overture-places@2026-09-23.1,cdla-permissive-2.0
ov:093ba2c9-b89c-4df6-8346-fa7640833a98,Motel 6,https://journeyed.org/hotel/motel-6-claremont-093ba2/,"840 S Indian Hill Blvd, Claremont, CA 91711",Claremont,CA,91711,US,34.0811596,-117.717805,+19093477903,http://www.motel6.com/,motel,37.5,settled-1.1-facts,2026-10-04,0,overture-places@2026-09-23.1,cdla-permissive-2.0
ov:094ea22a-013d-4dc9-adb3-f0432bc5e143,Hampton Inn & Suites Los Angeles Hollywood,https://journeyed.org/hotel/hampton-inn-and-suites-los-angeles-hollywood-los-angeles-094ea2/,"1133 Vine St, Los Angeles, CA 90038",Los Angeles,CA,90038,US,34.0918259,-118.3270187,+13239526900,https://www.hilton.com/en/locations/usa/,hotel,40.5,settled-1.1-facts,2026-10-04,10,overture-places@2026-09-23.1,cdla-permissive-2.0
ov:09699e3c-ef76-402c-b1f7-20b6f296fe79,Comfort Inn & Suites,https://journeyed.org/hotel/comfort-inn-and-suites-bell-gardens-09699e/,"7330 Eastern Ave, Bell Gardens, CA 90201",Bell Gardens,CA,90201,US,33.9661226,-118.1645477,+15629283452,https://www.choicehotels.com/california/bell-gardens/quality-inn-hotels/ca139?mc=llyxyxpx,hotel,40.2,settled-1.1-facts,2026-10-04,1,overture-places@2026-09-23.1,cdla-permissive-2.0
ov:0975bb96-c7fd-49fc-9d68-215d1a485305,Staybridge Suites Irvine,https://journeyed.org/hotel/staybridge-suites-irvine-irvine-0975bb/,"1660 Barranca Pkwy, Irvine, CA 92606-4823",Irvine,CA,92606-4823,US,33.7037151,-117.8410507,+19494743333,http://www.staybridge.com/irvineca,lodging,37.7,settled-1.1-facts,2026-10-04,1,overture-places@2026-09-23.1,cdla-permissive-2.0
ov:09855734-6921-4347-8a19-0c394f09d783,Eagle Motel,https://journeyed.org/hotel/eagle-motel-long-beach-098557/,"1800 W Pacific Coast Hwy, Long Beach, CA 90810",Long Beach,CA,90810,US,33.7894912,-118.2168103,+15624910538,https://reservation.asiwebres.com/v4/RoomAvailability.aspx?id=f5a43a86ade044e795ca404f6171bc77,motel,38.4,settled-1.1-facts,2026-10-04,0,overture-places@2026-09-23.1,cdla-permissive-2.0
ov:09a075d0-790b-46f0-a864-8959bd158801,LA Adventure Hotel,https://journeyed.org/hotel/la-adventure-hotel-inglewood-09a075/,"4200 W Century Blvd, Inglewood, CA 90304",Inglewood,CA,90304,US,33.9452241,-118.3488625,+13104190999,https://www.laadventureinglewood.com/,hotel,60.3,settled-1.1-facts,2026-10-04,50,overture-places@2026-09-23.1,cdla-permissive-2.0
ov:09d4a78a-85aa-45fc-a785-a5859c09df35,Good Nite Inn,https://journeyed.org/hotel/good-nite-inn-los-angeles-09d4a7/,"10740 Santa Monica Blvd, Los Angeles, CA 90025-4719",Los Angeles,CA,90025-4719,US,34.0508802,-118.4330581,+13104744576,https://goodnightinn.com,hotel,28.1,settled-1.1-facts,2026-10-04,4,overture-places@2026-09-23.1,cdla-permissive-2.0
ov:09f3ce00-2ee3-44a8-b84b-a381ab6e3c93,Tilt Hotel Universal Hollywood,https://journeyed.org/hotel/tilt-hotel-universal-hollywood-los-angeles-09f3ce/,"3241 Cahuenga Blvd W, Los Angeles, CA 90068",Los Angeles,CA,90068,US,34.1289096,-118.3482982,+13238451600,http://www.tilthotelhollywood.com,hotel,40.3,settled-1.1-facts,2026-10-04,9,overture-places@2026-09-23.1,cdla-permissive-2.0
ov:09f66bfa-ab50-4fe5-8d9c-e1f2fb56b5d2,Mikado Hotel,https://journeyed.org/hotel/mikado-hotel-north-hollywood-09f66b/,"12600 Riverside Dr, North Hollywood, CA 91607-3411",North Hollywood,CA,91607-3411,US,34.157228,-118.407243,+18187639141,https://mikadohotels.com,hotel,28.5,settled-1.1-facts,2026-10-04,2,overture-places@2026-09-23.1,cdla-permissive-2.0
ov:0a39e480-5d37-42c8-93e1-01c0a6c91931,Azusa Inn Motel,https://journeyed.org/hotel/azusa-inn-motel-la-puente-0a39e4/,"519 N Azusa Ave, La Puente, CA 91744",La Puente,CA,91744,US,34.0269139,-117.9179329,+16269618829,http://www.azusainnlapuente.us,motel,71.8,settled-1.1-facts,2026-10-04,19,overture-places@2026-09-23.1,cdla-permissive-2.0
ov:0a3eaaf8-bbe8-42a7-af94-4e9fa6118562,Torrance Marriott Redondo Beach,https://journeyed.org/hotel/torrance-marriott-redondo-beach-torrance-0a3eaa/,"3635 Fashion Way, Torrance, CA 90503",Torrance,CA,90503,US,33.835903,-118.350066,+13103163636,https://www.marriott.com/LAXTR,hotel,40.7,settled-1.1-facts,2026-10-04,2,overture-places@2026-09-23.1,cdla-permissive-2.0
ov:0a45c6bd-d01d-4749-823c-ec98716b6638,Inn at Playa Del Rey,https://journeyed.org/hotel/inn-at-playa-del-rey-los-angeles-0a45c6/,"435 Culver Blvd, Los Angeles, CA 90293",Los Angeles,CA,90293,US,33.9615956,-118.4453775,+13105741920,http://www.innatplayadelrey.com/,bed_and_breakfast,39.8,settled-1.1-facts,2026-10-04,8,overture-places@2026-09-23.1,cdla-permissive-2.0
ov:0a538e7a-3cd0-41e0-89b5-01e0ea6e045d,Hilton Garden Inn Palmdale,https://journeyed.org/hotel/hilton-garden-inn-palmdale-palmdale-0a538e/,"1309 W Rancho Vista Blvd, Palmdale, CA 93551",Palmdale,CA,93551,US,34.6084726,-118.1540832,+16619982000,http://hiltongardeninn3.hilton.com/en/hotels/california/hilton-garden-inn-palmdale-BURPDGI/index.html,hotel,26.5,settled-1.1-facts,2026-10-04,0,overture-places@2026-09-23.1,cdla-permissive-2.0
ov:0a637a5c-c746-400e-b5cd-e41446eccfb6,The Rumi,https://journeyed.org/hotel/the-rumi-los-angeles-0a637a/,"820 S Oxford Ave, Los Angeles, CA 90005",Los Angeles,CA,90005,US,34.0570355,-118.3076816,+14243948721,,hostel,29.3,settled-1.1-facts,2026-10-04,3,overture-places@2026-09-23.1,cdla-permissive-2.0
ov:0aba3b01-3959-4290-aee3-12519437ce35,Tib Hotel,https://journeyed.org/hotel/tib-hotel-los-angeles-0aba3b/,"11111 Santa Monica Blvd, Los Angeles, CA 90025-0439",Los Angeles,CA,90025-0439,US,34.048342,-118.445403,,,hotel,18,settled-1.1-facts,2026-10-04,5,overture-places@2026-09-23.1,cdla-permissive-2.0
ov:0ad5a46b-3154-4e05-b7f6-e025cb4502c9,Inglewood Hilton Hotel,https://journeyed.org/hotel/inglewood-hilton-hotel-inglewood-0ad5a4/,"743 Venice Way, Inglewood, CA 90302-2813",Inglewood,CA,90302-2813,US,33.968688,-118.367915,,,hotel,18,settled-1.1-facts,2026-10-04,10,overture-places@2026-09-23.1,cdla-permissive-2.0
ov:0b20700c-6570-44a4-9b8e-44d96edb410b,Foxy's Motor Inn,https://journeyed.org/hotel/foxys-motor-inn-los-angeles-0b2070/,"7111 S Hoover St, Los Angeles, CA 90044",Los Angeles,CA,90044,US,33.9753835,-118.2873521,+13237532527,https://foxy-s-motor-inn-los-angeles.booked.net,motel,37.5,settled-1.1-facts,2026-10-04,2,overture-places@2026-09-23.1,cdla-permissive-2.0
ov:0b2d51ef-e675-45eb-8362-df78b3d6ff87,Americas Best Value Laguna Inn & Suites,https://journeyed.org/hotel/americas-best-value-laguna-inn-and-suites-san-juan-capistrano-0b2d51/,"28742 Camino Capistrano, San Juan Capistrano, CA 92675",San Juan Capistrano,CA,92675,US,33.5456745,-117.6741975,+19493478520,,resort,19.3,settled-1.1-facts,2026-10-04,0,overture-places@2026-09-23.1,cdla-permissive-2.0
ov:0b3decf4-14ed-4d88-a43f-d86b239f797b,Comfort Inn,https://journeyed.org/hotel/comfort-inn-castaic-0b3dec/,"31558 Castaic Rd, Castaic, CA 91384",Castaic,CA,91384,US,34.492563,-118.617743,+16612951100,http://www.hotelchoice.com,hotel,34.3,settled-1.1-facts,2026-10-04,0,overture-places@2026-09-23.1,cdla-permissive-2.0
ov:0b51d696-35a6-45c3-ba93-f771150ef3ce,Hampton Inn and Suites Lancaster,https://journeyed.org/hotel/hampton-inn-and-suites-lancaster-lancaster-0b51d6/,"2300 W Double Play Way, Lancaster, CA 93536",Lancaster,CA,93536,US,34.701192,-118.17147,+16619409194,https://www.hilton.com/en/hotels/pdllchx-hampton-suites-lancaster/,hotel,26.5,settled-1.1-facts,2026-10-04,0,overture-places@2026-09-23.1,cdla-permissive-2.0
ov:0b5b28d9-59a7-451c-ada9-5a0b597ad2be,California Love,https://journeyed.org/hotel/california-love-los-angeles-0b5b28/,"3150 Wilshire Blvd, Los Angeles, CA 90010-1305",Los Angeles,CA,90010-1305,US,34.06138,-118.29127,+13235617321,,hotel,28.6,settled-1.1-facts,2026-10-04,3,overture-places@2026-09-23.1,cdla-permissive-2.0
ov:0b69604a-0839-4777-bfa0-04ee5b83f3a4,Oakwood At Las Palmas Apartmen,https://journeyed.org/hotel/oakwood-at-las-palmas-apartmen-fullerton-0b6960/,"2598 Associated Rd, Fullerton, CA 92835",Fullerton,CA,92835,US,33.8947493,-117.8844821,+18662387269,http://www.oakwood.com/furnished-apartments/furnished/US/CA/Fullerton/prop284/showPolicies.html?bedrooms=1&startDateString=12/21/2011&quantity=1&miles=true&q=&resultsPerPage=10&endDateString=01/19/2012&poiSearch=false#propDetailLower,hotel,36.9,settled-1.1-facts,2026-10-04,0,overture-places@2026-09-23.1,cdla-permissive-2.0
ov:0b81dc62-906f-41da-b33d-3f8293f97563,Catalina's Courtyard Garden Suites,https://journeyed.org/hotel/catalinas-courtyard-garden-suites-avalon-0b81dc/,"108 Marilla Ave, Avalon, CA 90704",Avalon,CA,90704,US,33.3449946,-118.3274345,+13105103500,https://catalinacourtyardsuites.com/,hotel,45.9,settled-1.1-facts,2026-10-04,0,overture-places@2026-09-23.1,cdla-permissive-2.0
ov:0baf0141-9da0-4dea-97bb-346b64958124,City Center Hotel by Kasa,https://journeyed.org/hotel/city-center-hotel-by-kasa-long-beach-0baf01/,"566 E 3rd St, Long Beach, CA 90802",Long Beach,CA,90802,US,33.770227,-118.1854508,+15627849398,http://citycentermotel.net,hotel,40.9,settled-1.1-facts,2026-10-04,3,overture-places@2026-09-23.1,cdla-permissive-2.0
ov:0bc5841e-62e3-4a5e-8f10-5af4bc702bc0,Lemon Tree Inn,https://journeyed.org/hotel/lemon-tree-inn-pomona-0bc584/,"1700 Gillette Rd, Pomona, CA 91768",Pomona,CA,91768,US,34.073692,-117.7803644,+19096236407,http://www.lemontreeinn.com,motel,38.4,settled-1.1-facts,2026-10-04,0,overture-places@2026-09-23.1,cdla-permissive-2.0
ov:0bd74f9d-cf6e-4b83-8f85-a3a03c8fe321,Century Park Hotel,https://journeyed.org/hotel/century-park-hotel-los-angeles-0bd74f/,"10330 W Olympic Blvd, Los Angeles, CA 90064",Los Angeles,CA,90064,US,34.0519179,-118.41758,+13105531000,http://www.centuryparkla.com/,hotel,79.7,settled-1.1-facts,2026-10-04,53,overture-places@2026-09-23.1,cdla-permissive-2.0
ov:0bde0ac8-8624-4a57-9d39-32da9bb4b8b9,Ruta's Old Towne Inn,https://journeyed.org/hotel/rutas-old-towne-inn-orange-0bde0a/,"274 N Glassell St, Orange, CA 92866",Orange,CA,92866,US,33.79101,-117.8533494,+17146281818,http://www.rutasoldtowninnca.com,bed_and_breakfast,41,settled-1.1-facts,2026-10-04,6,overture-places@2026-09-23.1,cdla-permissive-2.0
ov:0c119756-d31f-4bb0-94be-b419fbe295a6,Ginosi Apartels & Hotels,https://journeyed.org/hotel/ginosi-apartels-and-hotels-los-angeles-0c1197/,"5825 W Sunset Blvd, Los Angeles, CA 90028-6606",Los Angeles,CA,90028-6606,US,34.0983074,-118.3163851,+18187222374,https://www.ginosi.com/hollywood/apartel-metropolitan,hotel,40.5,settled-1.1-facts,2026-10-04,11,overture-places@2026-09-23.1,cdla-permissive-2.0
ov:0c225d34-efad-45d3-b6c1-0f31a90e9dfc,West Coast Motel Santa Ana,https://journeyed.org/hotel/west-coast-motel-santa-ana-santa-ana-0c225d/,"1513 N Harbor Blvd, Santa Ana, CA 92703",Santa Ana,CA,92703,US,33.7585632,-117.9196304,+17145540085,http://www.westcoastinnsantaana.us,motel,67.8,settled-1.1-facts,2026-10-04,49,overture-places@2026-09-23.1,cdla-permissive-2.0
ov:0c259683-a680-4efa-9777-89bb27cb7267,Motel 6,https://journeyed.org/hotel/motel-6-lancaster-0c2596/,"43540 17th St W, Lancaster, CA 93534",Lancaster,CA,93534,US,34.6743352,-118.1600997,+16615120154,http://www.motel6.com/,motel,26.5,settled-1.1-facts,2026-10-04,0,overture-places@2026-09-23.1,cdla-permissive-2.0
ov:0c2f9c57-9fe5-4c89-a18d-0ec09f4d127e,Brookhurst Plaza Inn,https://journeyed.org/hotel/brookhurst-plaza-inn-anaheim-0c2f9c/,"711 S Brookhurst St, Anaheim, CA 92804",Anaheim,CA,92804,US,33.8225431,-117.9598242,+17149991220,http://www.brookhurstplazainn.com/,inn,62.2,settled-1.1-facts,2026-10-04,69,overture-places@2026-09-23.1,cdla-permissive-2.0
ov:0c2ff803-896b-47c8-b4af-33fce2d1cfb2,Summit Motel,https://journeyed.org/hotel/summit-motel-los-angeles-0c2ff8/,"5005 S La Brea Ave, Los Angeles, CA 90056",Los Angeles,CA,90056,US,33.9963124,-118.3586702,+13232944412,http://www.summitnailbar.net,hotel,37.3,settled-1.1-facts,2026-10-04,3,overture-places@2026-09-23.1,cdla-permissive-2.0
ov:0c456a56-78c9-4758-b67b-443980b2a768,The Live Hotel,https://journeyed.org/hotel/the-live-hotel-los-angeles-0c456a/,"1901 W Olympic Blvd, Los Angeles, CA 90006",Los Angeles,CA,90006,US,34.0511952,-118.2775605,+12133857141,http://www.thelivehotel.com/,hotel,74.2,settled-1.1-facts,2026-10-04,94,overture-places@2026-09-23.1,cdla-permissive-2.0
ov:0c57d5cf-551e-44ab-9517-17b407f4f768,Courtyard By Marriott,https://journeyed.org/hotel/courtyard-by-marriott-valencia-0c57d5/,"28523 Westinghouse Pl, Valencia, CA 91355-1398",Valencia,CA,91355-1398,US,34.4430289,-118.6015454,+16612573220,https://www.marriott.com/en-us/hotels/bursc-courtyard-santa-clarita-valencia/overview/?scid=d2406702-e8ea-4b45-bb9b-69cddaaef03d,hotel,39.6,settled-1.1-facts,2026-10-04,1,overture-places@2026-09-23.1,cdla-permissive-2.0
ov:0c63bdbb-1ad8-4752-94ea-47f38a494700,Wilshire Motel,https://journeyed.org/hotel/wilshire-motel-los-angeles-0c63bd/,"12023 Wilshire Blvd, Los Angeles, CA 90025",Los Angeles,CA,90025,US,34.0454963,-118.4661199,+13104783545,http://wilshiremotel.com/,motel,40.5,settled-1.1-facts,2026-10-04,3,overture-places@2026-09-23.1,cdla-permissive-2.0
ov:0c643ec1-0602-4b38-bd6d-95cf78f28004,Aliza Hotel | Boutique Stay Near Venice Beach & Abbot Kinney,https://journeyed.org/hotel/aliza-hotel-boutique-stay-near-venice-beach-and-abbot-kinney-venice-0c643e/,"710 Rose Ave, Venice, CA 90291",Venice,CA,90291,US,34.000371,-118.4691435,+13106963894,http://aliza-hotel.com/,hotel,45.7,settled-1.1-facts,2026-10-04,15,overture-places@2026-09-23.1,cdla-permissive-2.0
ov:0c7da3a0-486d-4023-b704-9e29e1f6d052,Travel Inn,https://journeyed.org/hotel/travel-inn-los-angeles-0c7da3/,"7254 Foothill Blvd, Los Angeles, CA 91042",Los Angeles,CA,91042,US,34.2491665,-118.2902385,+18183525951,http://thetravelinnhotel.com,motel,34.3,settled-1.1-facts,2026-10-04,0,overture-places@2026-09-23.1,cdla-permissive-2.0
ov:0c856485-520a-4174-8805-a74429eba828,The Fly Inn,https://journeyed.org/hotel/the-fly-inn-lynwood-0c8564/,"12315 Long Beach Blvd, Lynwood, CA 90262",Lynwood,CA,90262,US,33.9154824,-118.209379,+13106310712,http://www.theflyinnlynwood.com/,motel,63.2,settled-1.1-facts,2026-10-04,39,overture-places@2026-09-23.1,cdla-permissive-2.0
ov:0cbd157b-3bbc-4976-b01f-747b298f4555,Canoga Hotel,https://journeyed.org/hotel/canoga-hotel-los-angeles-0cbd15/,"7126 De Soto Ave, Los Angeles, CA 91303",Los Angeles,CA,91303,US,34.1997688,-118.5883086,+18183469499,http://www.canogahotel.com,hotel,37.9,settled-1.1-facts,2026-10-04,0,overture-places@2026-09-23.1,cdla-permissive-2.0
ov:0cc8e005-d66c-4ac0-a985-514f0f758b31,The Big Bungalow Rooms,https://journeyed.org/hotel/the-big-bungalow-rooms-los-angeles-0cc8e0/,"966 Manzanita St, Los Angeles, CA 90029",Los Angeles,CA,90029,US,34.0900775,-118.2829363,+13235339849,,hotel,28.6,settled-1.1-facts,2026-10-04,8,overture-places@2026-09-23.1,cdla-permissive-2.0
ov:0cc9618c-3773-4e9c-a354-3b4867214bac,DoubleTree by Hilton Fullerton,https://journeyed.org/hotel/doubletree-by-hilton-fullerton-fullerton-0cc961/,"2932 Nutwood Ave, Fullerton, CA 92831",Fullerton,CA,92831,US,33.8772141,-117.879062,+17145797400,http://doubletree3.hilton.com/,hotel,37.1,settled-1.1-facts,2026-10-04,0,overture-places@2026-09-23.1,cdla-permissive-2.0
ov:0cd84aaf-6fc5-4c52-bb9e-12ae6b37c42b,Holiday Inn Express and Suites Santa Ana - Orange County,https://journeyed.org/hotel/holiday-inn-express-and-suites-santa-ana-orange-county-santa-ana-0cd84a/,"1600 E 1st St, Santa Ana, CA 92701",Santa Ana,CA,92701,US,33.7451188,-117.8468629,+17148349455,https://www.ihg.com/holidayinnexpress/hotels/us/en/santa-ana/jwaex/hoteldetail?cm_mmc=FacebookMaps-_-EX-_-US-_-JWAEX,hotel,39.7,settled-1.1-facts,2026-10-04,2,overture-places@2026-09-23.1,cdla-permissive-2.0
ov:0d5db0ac-2edc-468b-bd2b-1413026ef450,Inn At Costa Mesa,https://journeyed.org/hotel/inn-at-costa-mesa-costa-mesa-0d5db0/,"3151 Harbor Blvd, Costa Mesa, CA 92626-2555",Costa Mesa,CA,92626-2555,US,33.685081,-117.919731,+17145408571,,hotel,27.2,settled-1.1-facts,2026-10-04,1,overture-places@2026-09-23.1,cdla-permissive-2.0
ov:0d814c4e-4de6-471c-ba5f-e574dcdb2ca4,Marriott,https://journeyed.org/hotel/marriott-irvine-0d814c/,"7905 Irvine Center Drive, Irvine, CA 92618",Irvine,CA,92618,US,33.657415,-117.7483925,+19497590200,https://www.marriott.com/hotels/travel/SNAMC,hotel,40.6,settled-1.1-facts,2026-10-04,1,overture-places@2026-09-23.1,cdla-permissive-2.0
ov:0d8a9c77-2086-43b9-8617-4fbddf6b35f6,California Inn,https://journeyed.org/hotel/california-inn-anaheim-0d8a9c/,"909 S Harbor Blvd, Anaheim, CA 92805",Anaheim,CA,92805,US,33.8212774,-117.9162008,+17147785252,http://www.californiainnanaheim.com/,motel,45.5,settled-1.1-facts,2026-10-04,30,overture-places@2026-09-23.1,cdla-permissive-2.0
ov:0d9596b6-7f44-4b95-ab42-9db32bd761e8,Budget Inn La Puente,https://journeyed.org/hotel/budget-inn-la-puente-la-puente-0d9596/,"15412 Francisquito Ave, La Puente, CA 91744",La Puente,CA,91744,US,34.0488917,-117.9480835,+16269182315,http://www.budgetinn.com,motel,39.3,settled-1.1-facts,2026-10-04,1,overture-places@2026-09-23.1,cdla-permissive-2.0
ov:0dc47eda-2e67-47b8-90b6-8ebed1a7e4c1,El Royale Gardens Near Universal Studios,https://journeyed.org/hotel/el-royale-gardens-near-universal-studios-los-angeles-0dc47e/,"11117 Ventura Blvd #1/2, Los Angeles, CA 91604",Los Angeles,CA,91604,US,34.1414805,-118.3723579,+13238291860,https://www.booking.com/hotel/us/el-royale-near-universal-studios-hollywood.en-gb.html,motel,28.3,settled-1.1-facts,2026-10-04,4,overture-places@2026-09-23.1,cdla-permissive-2.0
ov:0dcf24db-40ac-407c-aef1-875867f16399,Quality Inn & Suites Thousand Oaks - US101,https://journeyed.org/hotel/quality-inn-and-suites-thousand-oaks-us101-thousand-oaks-0dcf24/,"12 Conejo Blvd, Thousand Oaks, CA 91360",Thousand Oaks,CA,91360,US,34.179628,-118.877598,+18054957011,https://www.choicehotels.com/california/thousand-oaks/quality-inn-hotels/caa68?mc=llbillpx&pmf=local,resort,37.9,settled-1.1-facts,2026-10-04,0,overture-places@2026-09-23.1,cdla-permissive-2.0
ov:0dea81eb-36b0-49ec-9d03-4dc32f32faaf,Sands Inn,https://journeyed.org/hotel/sands-inn-south-gate-0dea81/,"8935 Long Beach Blvd, South Gate, CA 90280",South Gate,CA,90280,US,33.9547618,-118.2200032,+13235644514,http://www.sandsmotel.com,motel,35.3,settled-1.1-facts,2026-10-04,0,overture-places@2026-09-23.1,cdla-permissive-2.0
ov:0e34a9df-b2e2-4a76-98d2-0f617a9ba6aa,Soto Hotel,https://journeyed.org/hotel/soto-hotel-los-angeles-0e34a9/,"402 N Soto St, Los Angeles, CA 90033",Los Angeles,CA,90033,US,34.047756,-118.2069498,+15629817777,http://www.sinclairoil.com/,hotel,38.8,settled-1.1-facts,2026-10-04,5,overture-places@2026-09-23.1,cdla-permissive-2.0
ov:0ea14054-839d-4653-9c5c-dc22e7a91115,The Kinney Venice Beach,https://journeyed.org/hotel/the-kinney-venice-beach-los-angeles-0ea140/,"737 Washington Blvd, Los Angeles, CA 90292",Los Angeles,CA,90292,US,33.9874192,-118.4537591,+13108214455,https://bit.ly/thekinneyvb-fb,hotel,40.4,settled-1.1-facts,2026-10-04,9,overture-places@2026-09-23.1,cdla-permissive-2.0
ov:0ea79f3d-3376-4c69-8fb0-1768cb0a2718,Motel 6,https://journeyed.org/hotel/motel-6-bellflower-0ea79f/,"17220 Downey Ave, Bellflower, CA 90706",Bellflower,CA,90706,US,33.8761409,-118.1506635,+15622673057,http://www.motel6.com/,motel,38.5,settled-1.1-facts,2026-10-04,1,overture-places@2026-09-23.1,cdla-permissive-2.0
ov:0ebf7f38-77c2-4373-baf9-9c3ad3a5241b,The Urban Manor - California,https://journeyed.org/hotel/the-urban-manor-california-westlake-village-0ebf7f/,"2945 Townsgate Rd, Westlake Village, CA 91361-5803",Westlake Village,CA,91361-5803,US,34.15275,-118.82189,,https://www.facebook.com/urbanmanorCA?mibextid=LQQJ4d,bed_and_breakfast,18.3,settled-1.1-facts,2026-10-04,1,overture-places@2026-09-23.1,cdla-permissive-2.0
ov:0ed81364-cb1a-4678-bf3a-a26d1a9615b8,ITH Hermosa Beach Surf Hostel LAX,https://journeyed.org/hotel/ith-hermosa-beach-surf-hostel-lax-hermosa-beach-0ed813/,"26 Pier Ave, Hermosa Beach, CA 90254",Hermosa Beach,CA,90254,US,33.8617697,-118.4011388,+13107982323,http://www.surfcityhostel.com,hostel,41.2,settled-1.1-facts,2026-10-04,4,overture-places@2026-09-23.1,cdla-permissive-2.0
ov:0ef58c40-6630-4488-87c6-0fc545c171a5,Ramada Inn Pasadena,https://journeyed.org/hotel/ramada-inn-pasadena-los-angeles-0ef58c/,"2156 Colorado Blvd, Los Angeles, CA 90041-1242",Los Angeles,CA,90041-1242,US,34.1388,-118.21382,+18776626988,http://www.ramada.com/,hotel,38.4,settled-1.1-facts,2026-10-04,0,overture-places@2026-09-23.1,cdla-permissive-2.0
ov:0f682b38-cb40-4b7d-bc00-17abe6826562,Edgebrook Inn,https://journeyed.org/hotel/edgebrook-inn-buena-park-0f682b/,"5300 Beach Blvd, Buena Park, CA 90621-1250",Buena Park,CA,90621-1250,US,33.883683,-117.995051,+15629413259,,lodging,28.4,settled-1.1-facts,2026-10-04,2,overture-places@2026-09-23.1,cdla-permissive-2.0
ov:0f692a23-8c0f-4e60-90d5-98c3bdea6f9b,Holiday Inn Express and Suites Frazier Park,https://journeyed.org/hotel/holiday-inn-express-and-suites-frazier-park-lebec-0f692a/,"612 Wainright Ct, Lebec, CA 93243",Lebec,CA,93243,US,34.8191287,-118.882152,+16612481600,https://www.ihg.com/holidayinnexpress/hotels/us/en/lebec/bkrfr/hoteldetail?cm_mmc=FacebookMaps-_-EX-_-US-_-BKRFR,hotel,26.5,settled-1.1-facts,2026-10-04,0,overture-places@2026-09-23.1,cdla-permissive-2.0
ov:0f78393f-a9dd-4033-ab57-b8646af97fb2,Friendly Hills Inn Whittier,https://journeyed.org/hotel/friendly-hills-inn-whittier-whittier-0f7839/,"14329 Whittier Blvd, Whittier, CA 90605-2104",Whittier,CA,90605-2104,US,33.9558656,-118.0183398,+15626986731,https://www.friendlyhillsinnwhittier.com,motel,39.1,settled-1.1-facts,2026-10-04,1,overture-places@2026-09-23.1,cdla-permissive-2.0
ov:0f9e31c4-65f0-4ad9-a299-23a7553430b0,Best Western Plus Irvine Spectrum Hotel,https://journeyed.org/hotel/best-western-plus-irvine-spectrum-hotel-lake-forest-0f9e31/,"23192 Lake Center Dr, Lake Forest, CA 92630",Lake Forest,CA,92630,US,33.6257644,-117.7157106,+19493809888,https://www.bestwestern.com/en_US/book/hotel-rooms.05705.html?iata=00171890&ssob=BLBWI0003G&cid=BLBWI0003G%3Ayext%3Awebsite%3A05705,hotel,38.1,settled-1.1-facts,2026-10-04,0,overture-places@2026-09-23.1,cdla-permissive-2.0
ov:0fc49eed-00b7-4ee2-a95a-97567cafed92,SCP Seven4One,https://journeyed.org/hotel/scp-seven4one-laguna-beach-0fc49e/,"741 S Coast Hwy, Laguna Beach, CA 92651",Laguna Beach,CA,92651,US,33.5372068,-117.7794353,+18773261414,https://scphotel.com/seven4one/,hotel,39.1,settled-1.1-facts,2026-10-04,2,overture-places@2026-09-23.1,cdla-permissive-2.0
ov:0fe88f84-1681-4929-8686-ec26f8e52eb4,Ocean View Hotel,https://journeyed.org/hotel/ocean-view-hotel-santa-monica-0fe88f/,"1447 Ocean Ave, Santa Monica, CA 90401",Santa Monica,CA,90401,US,34.0131544,-118.4966136,+13104584888,https://www.facebook.com/people/Ocean-View-Hotel/61577139525011/,hotel,29.4,settled-1.1-facts,2026-10-04,6,overture-places@2026-09-23.1,cdla-permissive-2.0
ov:0ffedb01-6294-4e1f-817f-0ecf4dd89d5f,Arts District Firehouse Hotel,https://journeyed.org/hotel/arts-district-firehouse-hotel-los-angeles-0ffedb/,"710 S Santa Fe Ave, Los Angeles, CA 90021",Los Angeles,CA,90021,US,34.034122,-118.229864,+12139473010,https://www.firehousela.com,hotel,39.1,settled-1.1-facts,2026-10-04,9,overture-places@2026-09-23.1,cdla-permissive-2.0
ov:0fff2163-5a90-4614-a395-edce9d4e987e,Siesta Inn,https://journeyed.org/hotel/siesta-inn-el-monte-0fff21/,"10327 Garvey Ave, El Monte, CA 91733-2135",El Monte,CA,91733-2135,US,34.0631357,-118.045816,+16264426623,https://www.siestasuiteskelowna.com,motel,40,settled-1.1-facts,2026-10-04,1,overture-places@2026-09-23.1,cdla-permissive-2.0
ov:1019a146-5120-412f-8488-940a1f63691b,Hampton Inn and Suites Los Angeles Burbank Airport,https://journeyed.org/hotel/hampton-inn-and-suites-los-angeles-burbank-airport-burbank-1019a1/,"7501 N Glenoaks Blvd, Burbank, CA 91504-1049",Burbank,CA,91504-1049,US,34.2069643,-118.3424703,+18187681106,http://www.hilton.com/,hotel,39.9,settled-1.1-facts,2026-10-04,1,overture-places@2026-09-23.1,cdla-permissive-2.0
ov:101dbf70-4f17-45e5-b7c1-feead1d27a2b,Quality Inn Near Hollywood Walk of Fame,https://journeyed.org/hotel/quality-inn-near-hollywood-walk-of-fame-los-angeles-101dbf/,"1520 N La Brea Ave, Los Angeles, CA 90028",Los Angeles,CA,90028,US,34.0990609,-118.3440223,+13232030767,https://www.choicehotels.com/california/hollywood/quality-inn-hotels/cab20?pmf=yext&mc=llyxyxpx,hotel,41.1,settled-1.1-facts,2026-10-04,15,overture-places@2026-09-23.1,cdla-permissive-2.0
ov:101fd4d8-666c-4b73-bef9-9e00c350fb64,Beso Del Sol,https://journeyed.org/hotel/beso-del-sol-huntington-beach-101fd4/,"17101 Pacific Coast Hwy, Huntington Beach, CA 92649",Huntington Beach,CA,92649,US,33.7134799,-118.0654944,+16575205134,http://www.besodelsolinn.com,inn,36.9,settled-1.1-facts,2026-10-04,0,overture-places@2026-09-23.1,cdla-permissive-2.0
ov:102cf7e6-1ce5-48c3-85c5-01be0ddc4c95,Frontier Motel,https://journeyed.org/hotel/frontier-motel-anaheim-102cf7/,"933 S Harbor Blvd, Anaheim, CA 92805",Anaheim,CA,92805,US,33.8206921,-117.915262,+17147741818,http://www.FrontierAnaheim.com/,motel,40.6,settled-1.1-facts,2026-10-04,9,overture-places@2026-09-23.1,cdla-permissive-2.0
ov:103a1f63-bd83-4068-a925-e4d0763418f0,Rossmore Hotel,https://journeyed.org/hotel/rossmore-hotel-los-angeles-103a1f/,"905 E 6th St, Los Angeles, CA 90021",Los Angeles,CA,90021,US,34.0398225,-118.2411636,+12136277807,https://skidrow.org/buildings/rossmore-hotel,hotel,40.1,settled-1.1-facts,2026-10-04,9,overture-places@2026-09-23.1,cdla-permissive-2.0
ov:10413ea7-0937-4804-9bbc-999169857137,Lexen Hotel,https://journeyed.org/hotel/lexen-hotel-los-angeles-10413e/,"2018 Highland Ave, Los Angeles, CA 90068",Los Angeles,CA,90068,US,34.107215,-118.3372383,+13235369092,http://www.lexenhotelhollywood.us/,hotel,65.2,settled-1.1-facts,2026-10-04,59,overture-places@2026-09-23.1,cdla-permissive-2.0
ov:1057e849-fa9f-47fd-b985-244b5559e1f0,Travelodge by Wyndham,https://journeyed.org/hotel/travelodge-by-wyndham-anaheim-1057e8/,"2060 S Harbor Blvd, Anaheim, CA 92802",Anaheim,CA,92802,US,33.796838,-117.9145992,+17149719393,http://www.travelodge.com/hotels/california/anaheim/travelodge-anaheim-international-inn/hotel-overview,hotel,40.8,settled-1.1-facts,2026-10-04,9,overture-places@2026-09-23.1,cdla-permissive-2.0
ov:10830e41-4325-4206-bf67-94c20db8b7b2,Super 8 North Hollywood,https://journeyed.org/hotel/super-8-north-hollywood-los-angeles-10830e/,"7541 Laurel Canyon Blvd, Los Angeles, CA 91605",Los Angeles,CA,91605,US,34.2077033,-118.3968711,+18184520375,https://www.wyndhamhotels.com/super-8/north-hollywood-california/super-8-north-hollywood/overview,motel,43,settled-1.1-facts,2026-10-04,10,overture-places@2026-09-23.1,cdla-permissive-2.0
ov:109b117b-ed55-4765-9d52-2830a5f8c947,Motel 6,https://journeyed.org/hotel/motel-6-south-gate-109b11/,"4920 Firestone Blvd, South Gate, CA 90280-3513",South Gate,CA,90280-3513,US,33.9510702,-118.1820927,+13233740413,https://www.redlion.com/americas-best-value-inns-suites,hotel,38.1,settled-1.1-facts,2026-10-04,0,overture-places@2026-09-23.1,cdla-permissive-2.0
ov:109fb6c5-363f-4d95-8b2f-810d6221250f,Shilo Inn Suites Hotel Pomona Hilltop,https://journeyed.org/hotel/shilo-inn-suites-hotel-pomona-hilltop-pomona-109fb6/,"615 Erie St, Pomona, CA 91768-2140",Pomona,CA,91768-2140,US,34.063139,-117.779286,,,lodging,17.4,settled-1.1-facts,2026-10-04,1,overture-places@2026-09-23.1,cdla-permissive-2.0
ov:10a38266-14dc-45c4-b6dc-18cb32bd0a5b,Sharespace-Gardena,https://journeyed.org/hotel/sharespace-gardena-los-angeles-10a382/,"422 W Laconia Blvd, Los Angeles, CA 90061",Los Angeles,CA,90061,US,33.9194675,-118.2818341,+18188068963,http://www.shrspc.com/,hostel,37.5,settled-1.1-facts,2026-10-04,0,overture-places@2026-09-23.1,cdla-permissive-2.0
ov:10df5bbd-08db-4c9b-90bf-c22b785c78a7,Sakura Inn,https://journeyed.org/hotel/sakura-inn-glendale-10df5b/,"1500 E Colorado St, Glendale, CA 91205",Glendale,CA,91205,US,34.1424582,-118.2315642,+18182438999,http://motelsakura.com/,motel,40,settled-1.1-facts,2026-10-04,1,overture-places@2026-09-23.1,cdla-permissive-2.0
ov:10e762b6-02cb-4d34-b9d6-c3bb364a7f73,Searle Motel,https://journeyed.org/hotel/searle-motel-long-beach-10e762/,"6124 Long Beach Blvd W, Long Beach, CA 90805",Long Beach,CA,90805,US,33.8661111,-118.200097,+15624222933,http://searle-motel.hotels-long-beach-ca.com,motel,37.7,settled-1.1-facts,2026-10-04,0,overture-places@2026-09-23.1,cdla-permissive-2.0
ov:10fa757c-d6bd-4a14-816c-73b061ec870a,Sonesta ES Suites Chatsworth,https://journeyed.org/hotel/sonesta-es-suites-chatsworth-chatsworth-10fa75/,"21902 Lassen St, Chatsworth, CA 91311",Chatsworth,CA,91311,US,34.2495921,-118.6044745,+18187730707,https://www.sonesta.com/sonesta-es-suites/ca/chatsworth/sonesta-es-suites-chatsworth,resort,67.1,settled-1.1-facts,2026-10-04,2,overture-places@2026-09-23.1,cdla-permissive-2.0
ov:110c7a9e-0360-49a5-94b4-29f041858698,Nite Inn at Universal City,https://journeyed.org/hotel/nite-inn-at-universal-city-studio-city-110c7a/,"10612 Ventura Blvd, Studio City, CA 91604-3536",Studio City,CA,91604-3536,US,34.1374024,-118.3639431,+18185088022,http://www.niteinnuniversal.com/,motel,64.9,settled-1.1-facts,2026-10-04,34,overture-places@2026-09-23.1,cdla-permissive-2.0
ov:11196bcc-3e8b-4d5a-8c8b-4c890b561664,Rivera Inn & Suites Motel,https://journeyed.org/hotel/rivera-inn-and-suites-motel-pico-rivera-11196b/,"9118 Slauson Ave, Pico Rivera, CA 90660",Pico Rivera,CA,90660,US,33.9698941,-118.1021589,+15629484044,http://www.magnusonhotels.com/rivera-motel/,resort,37.6,settled-1.1-facts,2026-10-04,0,overture-places@2026-09-23.1,cdla-permissive-2.0
ov:112be062-fcab-4382-9ced-8ae820ac4937,Proper Hotels,https://journeyed.org/hotel/proper-hotels-santa-monica-112be0/,"1437 7th St, Santa Monica, CA 90401-2633",Santa Monica,CA,90401-2633,US,34.0186125,-118.4899415,+14242441729,https://cutt.ly/FhTCAUy,hotel,41.3,settled-1.1-facts,2026-10-04,5,overture-places@2026-09-23.1,cdla-permissive-2.0
ov:11770519-5662-4b4b-bbb9-3ea35e62a3e3,EZ8 Motels,https://journeyed.org/hotel/ez8-motels-lancaster-117705/,"43530 17th St W, Lancaster, CA 93534-5908",Lancaster,CA,93534-5908,US,34.6739025,-118.1608264,+16619459477,http://www.ez8motels.com,hotel,26.5,settled-1.1-facts,2026-10-04,0,overture-places@2026-09-23.1,cdla-permissive-2.0
ov:119937b9-2cc3-4c43-8bdd-de2e2aba19ed,Continental Hotel,https://journeyed.org/hotel/continental-hotel-los-angeles-119937/,"802 E 7th St, Los Angeles, CA 90021",Los Angeles,CA,90021,US,34.0394145,-118.2450852,+12136239090,,hotel,28.7,settled-1.1-facts,2026-10-04,12,overture-places@2026-09-23.1,cdla-permissive-2.0
ov:11ae9658-5a4e-4397-80d3-4f77f741afe5,Hampton Inn and Suites Santa Monica,https://journeyed.org/hotel/hampton-inn-and-suites-santa-monica-santa-monica-11ae96/,"501 Colorado Ave, Santa Monica, CA 90401",Santa Monica,CA,90401,US,34.0148626,-118.4911976,+13102601100,http://en.parkopedia.com/parking/garage/hampton_inn_and_suites_los_angeles_santa_monica/90401/santa_monica/?vendor=here,hotel,41,settled-1.1-facts,2026-10-04,8,overture-places@2026-09-23.1,cdla-permissive-2.0
ov:11c668ce-81f0-42ea-a663-817d0bb62ab1,Residence Inn by Marriott Los Angeles Burbank/Downtown,https://journeyed.org/hotel/residence-inn-by-marriott-los-angeles-burbank-downtown-burbank-11c668/,"321 S Ikea Way, Burbank, CA 91502",Burbank,CA,91502,US,34.1773268,-118.307433,+18182608787,https://www.marriott.com/en-us/hotels/burri-residence-inn-los-angeles-burbank-downtown/overview/?scid=d2406702-e8ea-4b45-bb9b-69cddaaef03d,hotel,41.1,settled-1.1-facts,2026-10-04,1,overture-places@2026-09-23.1,cdla-permissive-2.0
ov:11c729e7-65eb-42b7-b5a1-fa3f39c36065,Western Motel,https://journeyed.org/hotel/western-motel-los-angeles-11c729/,"10411 S Vermont Ave, Los Angeles, CA 90044",Los Angeles,CA,90044,US,33.9420204,-118.2922089,+13237552596,http://www6.westernmotel.net,motel,37.7,settled-1.1-facts,2026-10-04,2,overture-places@2026-09-23.1,cdla-permissive-2.0
ov:11cb4402-4976-4172-af6b-f40b9449ef07,Silver Saddle Motel,https://journeyed.org/hotel/silver-saddle-motel-los-angeles-11cb44/,"6235 Lankershim Blvd, Los Angeles, CA 91606",Los Angeles,CA,91606,US,34.1839536,-118.3865442,+18187665285,https://silver-saddle-motel-ca-1.hub.biz,motel,39.3,settled-1.1-facts,2026-10-04,2,overture-places@2026-09-23.1,cdla-permissive-2.0
ov:11dd6f19-5a4b-4689-8f15-3b56fce36dbc,Palihotel Culver City,https://journeyed.org/hotel/palihotel-culver-city-culver-city-11dd6f/,"3927 Van Buren Pl, Culver City, CA 90232",Culver City,CA,90232,US,34.0231588,-118.3933406,+14243217000,http://www.palihotelculvercity.com/,hotel,41.1,settled-1.1-facts,2026-10-04,1,overture-places@2026-09-23.1,cdla-permissive-2.0
ov:11ec7ae0-b5dc-4403-af62-76c8b0230012,Red Roof Inn,https://journeyed.org/hotel/red-roof-inn-palmdale-11ec7a/,"200 W Palmdale Blvd, Palmdale, CA 93551",Palmdale,CA,93551,US,34.5797094,-118.1312549,+16612738000,https://www.redroof.com/property/ca/palmdale/RRI760,motel,26.5,settled-1.1-facts,2026-10-04,0,overture-places@2026-09-23.1,cdla-permissive-2.0
ov:11f2d282-8942-4341-aa8e-cb12a43ef2a7,"The Valorian Los Angeles, Curio Collection by Hilton",https://journeyed.org/hotel/the-valorian-los-angeles-curio-collection-by-hilton-west-hollywood-11f2d2/,"8440 Sunset Blvd, West Hollywood, CA 90069",West Hollywood,CA,90069,US,34.0945744,-118.3741397,+13236508999,https://www.hilton.com/en/hotels/laxmoqq-the-valorian-los-angeles/,hotel,41,settled-1.1-facts,2026-10-04,8,overture-places@2026-09-23.1,cdla-permissive-2.0
ov:1205a184-bb93-4cbe-9dee-3db821afaf23,Bamboo Beach Resort,https://journeyed.org/hotel/bamboo-beach-resort-costa-mesa-1205a1/,"129 Cabrillo St Ste 205, Costa Mesa, CA 92627-3037",Costa Mesa,CA,92627-3037,US,33.637679,-117.919932,,https://heaninghomeinspections.com,lodging,29.2,settled-1.1-facts,2026-10-04,1,overture-places@2026-09-23.1,cdla-permissive-2.0
ov:123a94eb-9464-4f9f-962b-16ec1336f211,Red Sails Inn Motel,https://journeyed.org/hotel/red-sails-inn-motel-lynwood-123a94/,"10728 Long Beach Blvd, Lynwood, CA 90262",Lynwood,CA,90262,US,33.9360565,-118.2129601,+13106355859,,motel,25.4,settled-1.1-facts,2026-10-04,0,overture-places@2026-09-23.1,cdla-permissive-2.0
ov:123b6830-df64-4074-8e83-6422eb9be252,Harbor Inn,https://journeyed.org/hotel/harbor-inn-harbor-city-123b68/,"1634 Pacific Coast Hwy, Harbor City, CA 90710",Harbor City,CA,90710,US,33.7891045,-118.3056793,+13103250066,,resort,24.7,settled-1.1-facts,2026-10-04,0,overture-places@2026-09-23.1,cdla-permissive-2.0
ov:125f66b5-d6fd-42f0-a5f1-041e20e5b5a2,Comfort Inn & Suites,https://journeyed.org/hotel/comfort-inn-and-suites-inglewood-125f66/,"4922 W Century Blvd, Inglewood, CA 90304",Inglewood,CA,90304,US,33.944914,-118.364546,+13106717213,https://www.choicehotels.com/california/inglewood/quality-inn-hotels/ca063?mc=llyxyxpx,hotel,39.9,settled-1.1-facts,2026-10-04,11,overture-places@2026-09-23.1,cdla-permissive-2.0
ov:1261ca94-7707-40ac-b602-613fe86cf982,Residence Inn,https://journeyed.org/hotel/residence-inn-los-angeles-1261ca/,"901 West Olympic Boulevard, Los Angeles, CA 90015",Los Angeles,CA,90015,US,34.04599,-118.26582,+12134439200,https://www.marriott.com/en-us/hotels/laxri-residence-inn-los-angeles-la-live/overview/?scid=d2406702-e8ea-4b45-bb9b-69cddaaef03d,hotel,41.1,settled-1.1-facts,2026-10-04,16,overture-places@2026-09-23.1,cdla-permissive-2.0
ov:12aff175-1d5c-4868-a703-f1c89d59a4f5,Days Inn by Wyndham Whittier Los Angeles,https://journeyed.org/hotel/days-inn-by-wyndham-whittier-los-angeles-whittier-12aff1/,"14330 Telegraph Rd, Whittier, CA 90604",Whittier,CA,90604,US,33.925723,-118.026269,+15629444760,https://www.wyndhamhotels.com/days-inn/whittier-california/days-inn-whittier-los-angeles/overview?CID=LC:DI::BING:RIO:National:04353&iata=00093796,resort,36.3,settled-1.1-facts,2026-10-04,0,overture-places@2026-09-23.1,cdla-permissive-2.0
ov:12b672de-8766-46c7-b604-9c250796252a,The Anaheim Hotel,https://journeyed.org/hotel/the-anaheim-hotel-anaheim-12b672/,"1700 S Harbor Blvd, Anaheim, CA 92802",Anaheim,CA,92802,US,33.806168,-117.9147141,+17147725900,http://www.theanaheimhotel.com/,hotel,40.7,settled-1.1-facts,2026-10-04,21,overture-places@2026-09-23.1,cdla-permissive-2.0
ov:12b6ff6b-7807-42c7-9a7a-2db463c4b28f,DoubleTree by Hilton Hotel Los Angeles - Rosemead,https://journeyed.org/hotel/doubletree-by-hilton-hotel-los-angeles-rosemead-rosemead-12b6ff/,"888 Montebello Blvd, Rosemead, CA 91770",Rosemead,CA,91770,US,34.0373955,-118.0806309,+13237228800,http://www.doubletree.hilton.com/,hotel,38,settled-1.1-facts,2026-10-04,0,overture-places@2026-09-23.1,cdla-permissive-2.0
ov:12b99b8a-7e0d-412c-b416-b050b4177133,Barclay Hotel,https://journeyed.org/hotel/barclay-hotel-los-angeles-12b99b/,"103 W 4th St, Los Angeles, CA 90013-1307",Los Angeles,CA,90013-1307,US,34.048435,-118.247316,+12136265231,http://healthyhousingfoundation.net/,hotel,41,settled-1.1-facts,2026-10-04,12,overture-places@2026-09-23.1,cdla-permissive-2.0
ov:12c90fca-16bb-46b9-a64a-b8973ab8b933,Pod Inn,https://journeyed.org/hotel/pod-inn-los-angeles-12c90f/,"2025 W 3rd St, Los Angeles, CA 90057",Los Angeles,CA,90057,US,34.0632521,-118.2720008,+12133530619,http://en.podinns.com,hotel,39.5,settled-1.1-facts,2026-10-04,13,overture-places@2026-09-23.1,cdla-permissive-2.0
ov:12fe7737-9f79-4894-a593-942f36ebb2a4,Pepper Tree Motel,https://journeyed.org/hotel/pepper-tree-motel-north-hollywood-12fe77/,"5909 Lankershim Blvd, North Hollywood, CA 91601-1006",North Hollywood,CA,91601-1006,US,34.1779356,-118.3827425,+18187636959,,motel,28.3,settled-1.1-facts,2026-10-04,2,overture-places@2026-09-23.1,cdla-permissive-2.0
ov:130b1792-4546-4ead-82d0-995b63b52e8b,The Beach Boathouse,https://journeyed.org/hotel/the-beach-boathouse-newport-beach-130b17/,"4008 River Ave, Newport Beach, CA 92663-1537",Newport Beach,CA,92663-1537,US,33.61965,-117.93582,+19513330453,,hotel,29.2,settled-1.1-facts,2026-10-04,1,overture-places@2026-09-23.1,cdla-permissive-2.0
ov:13443b72-3137-4681-a871-e134a57a4a8e,Deluxe Inn Motel,https://journeyed.org/hotel/deluxe-inn-motel-los-angeles-13443b/,"4721 S Vermont Ave, Los Angeles, CA 90037-2927",Los Angeles,CA,90037-2927,US,33.999938,-118.291728,,https://davinci.se,lodging,18.4,settled-1.1-facts,2026-10-04,3,overture-places@2026-09-23.1,cdla-permissive-2.0
ov:1345d804-b281-4841-8650-b26cef484c15,Royal Knight Motel,https://journeyed.org/hotel/royal-knight-motel-baldwin-park-1345d8/,"13400 Garvey Ave, Baldwin Park, CA 91706-4784",Baldwin Park,CA,91706-4784,US,34.0680255,-117.9822132,+16269626634,,motel,26.1,settled-1.1-facts,2026-10-04,0,overture-places@2026-09-23.1,cdla-permissive-2.0
ov:134cbf3b-23f5-4404-97ca-b879b439da1c,Bell Resort Motel,https://journeyed.org/hotel/bell-resort-motel-bell-134cbf/,"6720 Atlantic Ave, Bell, CA 90201",Bell,CA,90201,US,33.9745765,-118.187257,+13237713838,,motel,26.6,settled-1.1-facts,2026-10-04,0,overture-places@2026-09-23.1,cdla-permissive-2.0
ov:136df299-fe63-4ef5-8a91-beb82d9b68f7,Hilton Garden Inn LAX/El Segundo,https://journeyed.org/hotel/hilton-garden-inn-lax-el-segundo-el-segundo-136df2/,"2100 E Mariposa Ave, El Segundo, CA 90245",El Segundo,CA,90245,US,33.922975,-118.3882327,+13107260100,https://www.hilton.com/en/hotels/laxaggi-hilton-garden-inn-lax-el-segundo/,hotel,39.1,settled-1.1-facts,2026-10-04,5,overture-places@2026-09-23.1,cdla-permissive-2.0
ov:13bb2fe4-959e-4f7b-9c1f-5e1337d42635,Harvard Motor Inn,https://journeyed.org/hotel/harvard-motor-inn-los-angeles-13bb2f/,"1574 W Martin Luther King Jr Blvd, Los Angeles, CA 90062",Los Angeles,CA,90062,US,34.0105655,-118.3065659,+13232981018,,motel,28.2,settled-1.1-facts,2026-10-04,3,overture-places@2026-09-23.1,cdla-permissive-2.0
ov:13be4315-3140-4989-b4b9-14adef12c331,Residences at 616,https://journeyed.org/hotel/residences-at-616-los-angeles-13be43/,"Los Angeles, CA",Los Angeles,CA,,US,34.0527077,-118.2613866,+19496673102,http://www.booking.com/hotel/us/residences-at-616.en-us.html?sid=0bc3bfc5b80446f9e8dcf2ab28c26e00,hotel,24.1,settled-1.1-facts,2026-10-04,14,overture-places@2026-09-23.1,cdla-permissive-2.0
ov:13c61e24-cd2f-46ba-a7d5-d2e7ca86005e,Hilton Garden Inn,https://journeyed.org/hotel/hilton-garden-inn-irvine-13c61e/,"2381 Morse Ave, Irvine, CA 92614",Irvine,CA,92614,US,33.6804283,-117.8486948,+19492243900,https://www.hilton.com/en/hotels/snaijgi-hilton-garden-inn-irvine-orange-county-airport,hotel,39.7,settled-1.1-facts,2026-10-04,1,overture-places@2026-09-23.1,cdla-permissive-2.0
ov:13e8a8e1-fba4-4b55-83a5-2920313c87b5,New Bay Motel,https://journeyed.org/hotel/new-bay-motel-los-angeles-13e8a8/,"8301 S Figueroa St, Los Angeles, CA 90003",Los Angeles,CA,90003,US,33.9630011,-118.2831001,+13235653505,http://www.newbayhotel.com,hotel,36.6,settled-1.1-facts,2026-10-04,0,overture-places@2026-09-23.1,cdla-permissive-2.0
ov:14571dae-df44-4bb2-81d4-40f4c3ef5c07,Ranch Inn,https://journeyed.org/hotel/ranch-inn-lancaster-14571d/,"338 W Avenue J8, Lancaster, CA 93534",Lancaster,CA,93534,US,34.680813,-118.135184,+13236602932,,hotel,14.8,settled-1.1-facts,2026-10-04,0,overture-places@2026-09-23.1,cdla-permissive-2.0
ov:145ab2b1-e7d1-4fb0-bbe3-d32b9d4fbe84,Travel Inn Motel,https://journeyed.org/hotel/travel-inn-motel-anaheim-145ab2/,"920 S Beach Blvd, Anaheim, CA 92804",Anaheim,CA,92804,US,33.8180253,-117.9925599,+17148264740,https://www.tripadvisor.com,motel,27.1,settled-1.1-facts,2026-10-04,1,overture-places@2026-09-23.1,cdla-permissive-2.0
ov:145f917f-31c2-4196-a64b-c00a0de09c9c,"Motel 6 Norwalk, CA - Los Angeles",https://journeyed.org/hotel/motel-6-norwalk-ca-los-angeles-norwalk-145f91/,"10646 Rosecrans Ave, Norwalk, CA 90650",Norwalk,CA,90650,US,33.9012671,-118.1060365,+15628642567,https://www.motel6.com/content/g6/en/home/motels.ca.norwalk.1314.html?lid=Local_Milestone_1314&travelAgentNumber=TA001305&corporatePlusNumber=CP792N5W&utm_source=bing%20places&utm_medium=listing&utm_campaign=visit%20website,hotel,39.5,settled-1.1-facts,2026-10-04,2,overture-places@2026-09-23.1,cdla-permissive-2.0
ov:14657009-b6ac-4e17-8026-0a255be6adaa,Hines Motel,https://journeyed.org/hotel/hines-motel-commerce-146570/,"2203 S Atlantic Blvd, Commerce, CA 90040",Commerce,CA,90040,US,34.006339,-118.1633824,+13232621636,,motel,29,settled-1.1-facts,2026-10-04,1,overture-places@2026-09-23.1,cdla-permissive-2.0
ov:14771e7a-0305-46c8-a06b-82c4838c38ec,Star Inn,https://journeyed.org/hotel/star-inn-costa-mesa-14771e/,"2656 Newport Blvd, Costa Mesa, CA 92627",Costa Mesa,CA,92627,US,33.6642756,-117.8951825,+19496506666,http://starkeyinn.com,inn,40.8,settled-1.1-facts,2026-10-04,2,overture-places@2026-09-23.1,cdla-permissive-2.0
ov:14b7f1df-9f1d-4fd4-a50f-c86e0d7a5dd8,Blue Lantern Inn,https://journeyed.org/hotel/blue-lantern-inn-dana-point-14b7f1/,"34343 Street of the Blue Lantern, Dana Point, CA 92629",Dana Point,CA,92629,US,33.4639898,-117.706824,+19496611304,https://www.bluelanterninn.com/,bed_and_breakfast,26.5,settled-1.1-facts,2026-10-04,0,overture-places@2026-09-23.1,cdla-permissive-2.0
ov:14fa0fe7-8cdd-40ac-9810-af9a2f0e45ea,West End Hotel,https://journeyed.org/hotel/west-end-hotel-culver-city-14fa0f/,"3927 Van Buren Pl, Culver City, CA 90232-2825",Culver City,CA,90232-2825,US,34.0230975,-118.3933942,+13108381058,http://www.westendhotel.com,hotel,41.1,settled-1.1-facts,2026-10-04,1,overture-places@2026-09-23.1,cdla-permissive-2.0
ov:150f8a33-ece7-4369-979f-b80684d4e2ca,Irvine Marriott,https://journeyed.org/hotel/irvine-marriott-irvine-150f8a/,"18000 Von Karman Ave, Irvine, CA 92612",Irvine,CA,92612,US,33.6782234,-117.8504015,+19495530100,https://www.marriott.com/en-us/hotels/laxir-irvine-marriott/overview/?scid=d2406702-e8ea-4b45-bb9b-69cddaaef03d,hotel,39.9,settled-1.1-facts,2026-10-04,1,overture-places@2026-09-23.1,cdla-permissive-2.0
ov:15294119-ad4d-4673-9210-57c596770d70,Lanai Motel,https://journeyed.org/hotel/lanai-motel-alhambra-152941/,"1749 W Valley Blvd, Alhambra, CA 91803-2342",Alhambra,CA,91803-2342,US,34.0777351,-118.1428871,+16262828421,,motel,27.7,settled-1.1-facts,2026-10-04,2,overture-places@2026-09-23.1,cdla-permissive-2.0
ov:153c83e9-4dbc-4896-8818-74a68bc93b29,Beachwood Canyon Retreat,https://journeyed.org/hotel/beachwood-canyon-retreat-los-angeles-153c83/,"2577 N Beachwood Dr, Los Angeles, CA 90068-2341",Los Angeles,CA,90068-2341,US,34.11768,-118.32189,+13232708450,http://www.thebeachwoodcanyonretreat.com/•_Contact_Us.html,hotel,39.9,settled-1.1-facts,2026-10-04,10,overture-places@2026-09-23.1,cdla-permissive-2.0
ov:1559f39c-632b-455e-ae72-1de4c5aa2f11,Motel 6,https://journeyed.org/hotel/motel-6-rosemead-1559f3/,"1001 San Gabriel Blvd, Rosemead, CA 91770-4350",Rosemead,CA,91770-4350,US,34.0402068,-118.0825461,+16265726076,http://www.motel6.com/,motel,37.9,settled-1.1-facts,2026-10-04,0,overture-places@2026-09-23.1,cdla-permissive-2.0
ov:1579ebf0-59df-4307-bacf-d33b517b8e31,Best Western Plus Newport Mesa Inn,https://journeyed.org/hotel/best-western-plus-newport-mesa-inn-costa-mesa-1579eb/,"2642 Newport Blvd, Costa Mesa, CA 92627-4626",Costa Mesa,CA,92627-4626,US,33.6637729,-117.8954733,+19496503020,https://www.bestwestern.com/en_US/book/hotel-rooms.05417.html?iata=00171890&ssob=BLBWI0003G&cid=BLBWI0003G%3Ayext%3Awebsite%3A05417,hotel,40.8,settled-1.1-facts,2026-10-04,2,overture-places@2026-09-23.1,cdla-permissive-2.0
ov:157fa2dd-8193-4a3d-8a86-4d50e71d56fd,Park Motel,https://journeyed.org/hotel/park-motel-los-angeles-157fa2/,"4151 S Figueroa St, Los Angeles, CA 90037",Los Angeles,CA,90037,US,34.0081312,-118.2830626,+13232387245,,motel,29.1,settled-1.1-facts,2026-10-04,5,overture-places@2026-09-23.1,cdla-permissive-2.0
ov:158f2f9b-e1e4-4567-b3e8-e647e8681736,Downey Inn,https://journeyed.org/hotel/downey-inn-downey-158f2f/,"11510 Lakewood Blvd, Downey, CA 90241",Downey,CA,90241,US,33.932407,-118.1260992,+15628625050,http://www.downeyinnluxurysuites.com,hotel,40.6,settled-1.1-facts,2026-10-04,1,overture-places@2026-09-23.1,cdla-permissive-2.0
ov:159e802f-08fa-4cb1-9694-ec99a45ce849,Beach West Inn,https://journeyed.org/hotel/beach-west-inn-midway-city-159e80/,"15401 Beach Blvd, Midway City, CA 92683",Midway City,CA,92683,US,33.7384399,-117.9896212,+17148973160,https://beach-west-inn.hub.biz,hotel,39.4,settled-1.1-facts,2026-10-04,1,overture-places@2026-09-23.1,cdla-permissive-2.0
ov:15ce22c5-3303-4a75-a376-e36e8033d3f5,TownePlace Suites,https://journeyed.org/hotel/towneplace-suites-hawthorne-15ce22/,"4427 West El Segundo Boulevard, Hawthorne, CA 90250",Hawthorne,CA,90250,US,33.9177199,-118.3541144,+13102631112,https://www.marriott.com/en-us/hotels/laxth-towneplace-suites-los-angeles-lax-hawthorne/overview/?scid=d2406702-e8ea-4b45-bb9b-69cddaaef03d,hotel,39.2,settled-1.1-facts,2026-10-04,8,overture-places@2026-09-23.1,cdla-permissive-2.0
ov:15d087a4-87f9-4085-8d39-dcee4ce6330d,The View Motel,https://journeyed.org/hotel/the-view-motel-alhambra-15d087/,"1851 W Garvey Ave, Alhambra, CA 91803",Alhambra,CA,91803,US,34.0643078,-118.1539786,,,motel,17.4,settled-1.1-facts,2026-10-04,1,overture-places@2026-09-23.1,cdla-permissive-2.0
ov:16065e9d-0a4b-4ea0-9e07-a911cdc63b36,Pasadena Hotel Old Towne Bed & Breakfast,https://journeyed.org/hotel/pasadena-hotel-old-towne-bed-and-breakfast-pasadena-16065e/,"76 N Fair Oaks Ave, Pasadena, CA 91103-3610",Pasadena,CA,91103-3610,US,34.147432,-118.150335,+18882712681,,hotel,29.3,settled-1.1-facts,2026-10-04,3,overture-places@2026-09-23.1,cdla-permissive-2.0
ov:160fb75e-b9f7-49b0-a0d9-cb1d668d128f,Skandia Sky Motel,https://journeyed.org/hotel/skandia-sky-motel-ontario-160fb7/,"5434 W Mission Blvd, Ontario, CA 91762",Ontario,CA,91762,US,34.0561677,-117.6863167,+19096289135,http://statefarm.com,motel,38.1,settled-1.1-facts,2026-10-04,0,overture-places@2026-09-23.1,cdla-permissive-2.0
ov:1617101c-ed17-42ae-a7d6-99f4d81db196,Walk of Fame Hostel,https://journeyed.org/hotel/walk-of-fame-hostel-los-angeles-161710/,"6820 Hollywood Blvd, Los Angeles, CA 90028-6102",Los Angeles,CA,90028-6102,US,34.101334,-118.339305,+13234632770,http://walkoffamehostel.com/,hotel,41.3,settled-1.1-facts,2026-10-04,15,overture-places@2026-09-23.1,cdla-permissive-2.0
ov:16186279-cb70-4c18-a74a-4e8e2f1c4fe2,"Motel 6 Harbor City, CA - Los Angeles",https://journeyed.org/hotel/motel-6-harbor-city-ca-los-angeles-harbor-city-161862/,"820 Sepulveda Blvd, Harbor City, CA 90710",Harbor City,CA,90710,US,33.8093526,-118.2885797,+13105499560,https://www.motel6.com/content/g6/en/home/motels.ca.harbor-city.1010.html?lid=Local_Milestone_1010&travelAgentNumber=TA001305&corporatePlusNumber=CP792N5W&utm_source=bing%20places&utm_medium=listing&utm_campaign=visit%20website,hotel,37.5,settled-1.1-facts,2026-10-04,0,overture-places@2026-09-23.1,cdla-permissive-2.0
ov:16231705-4260-48fc-b77c-d5112846a81e,Travelodge by Wyndham Sunset-Huntington Beach Ocean Front,https://journeyed.org/hotel/travelodge-by-wyndham-sunset-huntington-beach-ocean-front-sunset-beach-162317/,"17205 Pacific Coast Hwy, Sunset Beach, CA 90742",Sunset Beach,CA,90742,US,33.719128,-118.071275,+17144214451,https://www.wyndhamhotels.com/travelodge/sunset-beach-california/travelodge-ocean-front/overview?CID=LC:g22xy9tahqskhx3:05941&iata=00093796,resort,37.7,settled-1.1-facts,2026-10-04,0,overture-places@2026-09-23.1,cdla-permissive-2.0
ov:16333956-7a42-4f32-9d28-1421a068f65b,Mustang Hotel,https://journeyed.org/hotel/mustang-hotel-los-angeles-163339/,"4003 S Western Ave, Los Angeles, CA 90062",Los Angeles,CA,90062,US,34.0085396,-118.3091651,+13232980351,http://www.mustangmotels.com,motel,39.6,settled-1.1-facts,2026-10-04,3,overture-places@2026-09-23.1,cdla-permissive-2.0
ov:164b89d0-a552-41c9-83ca-d05a3b5db03e,Suites of the World,https://journeyed.org/hotel/suites-of-the-world-los-angeles-164b89/,"1932 Talmadge St, Los Angeles, CA 90027-3241",Los Angeles,CA,90027-3241,US,34.1069454,-118.284086,+13236644711,http://www.suitesoftheworld.com/,hotel,41.2,settled-1.1-facts,2026-10-04,4,overture-places@2026-09-23.1,cdla-permissive-2.0
ov:168b3358-53c6-4bfe-abe4-5d7a5bf7990e,The Marilyn Hotel,https://journeyed.org/hotel/the-marilyn-hotel-pasadena-168b33/,"80 N Euclid Ave, Pasadena, CA 91101-1701",Pasadena,CA,91101-1701,US,34.147313,-118.142752,,https://www.themarylandhotel.com,lodging,19.8,settled-1.1-facts,2026-10-04,3,overture-places@2026-09-23.1,cdla-permissive-2.0
ov:168cb74b-92d7-4369-b804-030d0486b412,Ace Motel,https://journeyed.org/hotel/ace-motel-pasadena-168cb7/,"2870 E Colorado Blvd, Pasadena, CA 91107",Pasadena,CA,91107,US,34.1459679,-118.0912126,+16267922051,http://www.acemotelca.com,motel,38.7,settled-1.1-facts,2026-10-04,1,overture-places@2026-09-23.1,cdla-permissive-2.0
ov:169f1646-29c7-4309-a1b9-78452b98c157,The Hollywood Roosevelt,https://journeyed.org/hotel/the-hollywood-roosevelt-los-angeles-169f16/,"7000 Hollywood Blvd, Los Angeles, CA 90028",Los Angeles,CA,90028,US,34.1011555,-118.3417837,+13237857000,http://www.thompsonhotels.com/hotels/hollywood-roosevelt,hotel,41.4,settled-1.1-facts,2026-10-04,14,overture-places@2026-09-23.1,cdla-permissive-2.0
ov:16a79b35-2d06-40a3-b586-91cee1478e6a,The Anderson Estates,https://journeyed.org/hotel/the-anderson-estates-los-angeles-16a79b/,"1932 Rochester Cir, Los Angeles, CA 90018",Los Angeles,CA,90018,US,34.0209105,-118.3148682,+14047100454,http://www.andersonestatesla.com/,hostel,39,settled-1.1-facts,2026-10-04,4,overture-places@2026-09-23.1,cdla-permissive-2.0
ov:16ae4691-0dac-4043-9959-f5ed4ed9f1fb,Budget Motel,https://journeyed.org/hotel/budget-motel-los-angeles-16ae46/,"2123 W Florence Ave, Los Angeles, CA 90047",Los Angeles,CA,90047,US,33.9749033,-118.316585,+13237581524,,motel,27,settled-1.1-facts,2026-10-04,4,overture-places@2026-09-23.1,cdla-permissive-2.0
ov:16cdb456-dc2f-4f9c-9591-8793c24789ba,Catalina 8 Inn Motel,https://journeyed.org/hotel/catalina-8-inn-motel-los-angeles-16cdb4/,"812 S Catalina St, Los Angeles, CA 90005",Los Angeles,CA,90005,US,34.0572677,-118.2952192,+12137398681,https://catalina-8-inn-motel.business.site,motel,40.5,settled-1.1-facts,2026-10-04,3,overture-places@2026-09-23.1,cdla-permissive-2.0
ov:16e49875-def3-400b-bbe7-f736ea2c6ceb,Crowne Plaza Fullerton,https://journeyed.org/hotel/crowne-plaza-fullerton-fullerton-16e498/,"1500 S Raymond Ave, Fullerton, CA 92831-5236",Fullerton,CA,92831-5236,US,33.8550766,-117.9049629,+17146359000,,lodging,27.2,settled-1.1-facts,2026-10-04,3,overture-places@2026-09-23.1,cdla-permissive-2.0
ov:17009763-c145-41de-98ed-8db59ded032e,Best Western Canoga Park Motor Inn,https://journeyed.org/hotel/best-western-canoga-park-motor-inn-winnetka-170097/,"20122 Vanowen St, Winnetka, CA 91306-4308",Winnetka,CA,91306-4308,US,34.1927603,-118.5716571,+18188831200,https://www.bestwestern.com/en_US/book/hotel-rooms.05020.html?iata=00171890&ssob=BLBWI0003G&cid=BLBWI0003G%3Ayext%3Awebsite%3A05020,hotel,37.6,settled-1.1-facts,2026-10-04,0,overture-places@2026-09-23.1,cdla-permissive-2.0
ov:1708d9e9-fcf2-4fa4-af0c-b2ebfe5a56af,Best Inn Motel,https://journeyed.org/hotel/best-inn-motel-los-angeles-1708d9/,"405 E Imperial Hwy, Los Angeles, CA 90061",Los Angeles,CA,90061,US,33.9312287,-118.2659427,+13237562964,,motel,24.8,settled-1.1-facts,2026-10-04,0,overture-places@2026-09-23.1,cdla-permissive-2.0
ov:1734eaa7-4264-4a04-8972-493f7eb82cef,Fountain Inn Motel Alhambra Los Angeles,https://journeyed.org/hotel/fountain-inn-motel-alhambra-los-angeles-alhambra-1734ea/,"1901 W Garvey Ave, Alhambra, CA 91803",Alhambra,CA,91803,US,34.0647389,-118.1544685,+16264271473,http://fountaininnla.com/,motel,68.1,settled-1.1-facts,2026-10-04,35,overture-places@2026-09-23.1,cdla-permissive-2.0
ov:1755dbf8-b0f7-47d5-b4de-f034039ef144,Art Boarding,https://journeyed.org/hotel/art-boarding-los-angeles-1755db/,"2815 W 7th St, Los Angeles, CA 90005-3907",Los Angeles,CA,90005-3907,US,34.060063,-118.284818,+13233842289,,hostel,28,settled-1.1-facts,2026-10-04,9,overture-places@2026-09-23.1,cdla-permissive-2.0
ov:175cd22a-e212-4973-9ea4-b0bdbab22e58,Hilton Garden Inn Irvine Spectrum Lake Forest,https://journeyed.org/hotel/hilton-garden-inn-irvine-spectrum-lake-forest-lake-forest-175cd2/,"23131 Lake Center Dr, Lake Forest, CA 92630-2838",Lake Forest,CA,92630-2838,US,33.6262776,-117.7172569,+19494557000,https://www.hilton.com,hotel,38.1,settled-1.1-facts,2026-10-04,0,overture-places@2026-09-23.1,cdla-permissive-2.0
ov:1773fce1-b331-4e33-bd0c-7b40d23016cc,Solo Motel,https://journeyed.org/hotel/solo-motel-los-angeles-1773fc/,"4760 S Broadway, Los Angeles, CA 90037",Los Angeles,CA,90037,US,33.9996255,-118.2779685,+18884467656,http://solomotel.com,motel,39.8,settled-1.1-facts,2026-10-04,4,overture-places@2026-09-23.1,cdla-permissive-2.0
ov:1778d916-2c00-4cf9-bb55-0e6efa56b8d4,Quality Inn & Suites Westminster Seal Beach,https://journeyed.org/hotel/quality-inn-and-suites-westminster-seal-beach-westminster-1778d9/,"6601 Westminster Blvd., Westminster, CA 92683",Westminster,CA,92683,US,33.7592413,-118.0140315,+16573346044,https://www.choicehotels.com/california/westminster/quality-inn-hotels/cae24?pmf=yext&mc=llyxyxpx,hotel,39,settled-1.1-facts,2026-10-04,1,overture-places@2026-09-23.1,cdla-permissive-2.0
ov:178a4d54-105a-4bd6-aaf0-3f2dee684c8d,Manzanita Ridge,https://journeyed.org/hotel/manzanita-ridge-sierra-madre-178a4d/,"E Mira Monte Ave, Sierra Madre, CA 91024",Sierra Madre,CA,91024,US,34.2090058,-118.0576819,+16263551292,,hotel,17.3,settled-1.1-facts,2026-10-04,0,overture-places@2026-09-23.1,cdla-permissive-2.0
ov:17991431-bf99-4abe-ac4d-39d19ef13fa7,Jade Palace Motel,https://journeyed.org/hotel/jade-palace-motel-stanton-179914/,"11231 Beach Blvd, Stanton, CA 90680",Stanton,CA,90680,US,33.7995352,-117.9937703,,,motel,15.5,settled-1.1-facts,2026-10-04,0,overture-places@2026-09-23.1,cdla-permissive-2.0
ov:17bf58a2-fdfe-4c3b-9dc4-05df3b9ada3c,Airtel Plaza Hotel,https://journeyed.org/hotel/airtel-plaza-hotel-van-nuys-17bf58/,"7277 Valjean Ave, Van Nuys, CA 91406-3425",Van Nuys,CA,91406-3425,US,34.2019881,-118.4863159,+18189977676,https://www.airtelplaza.com/,hotel,37.9,settled-1.1-facts,2026-10-04,0,overture-places@2026-09-23.1,cdla-permissive-2.0
ov:17ccf428-a46f-441a-8edd-3ca548f51c10,Motel 6 Chino,https://journeyed.org/hotel/motel-6-chino-chino-17ccf4/,"12266 Central Ave, Chino, CA 91710",Chino,CA,91710,US,34.0314663,-117.6908916,+19095913877,http://www.motel6.com/,motel,39.6,settled-1.1-facts,2026-10-04,0,overture-places@2026-09-23.1,cdla-permissive-2.0
ov:17e698f8-3329-4725-85cd-8d86ad3bb057,Blue Pacific Motel,https://journeyed.org/hotel/blue-pacific-motel-whittier-17e698/,"12702 Whittier Blvd, Whittier, CA 90602",Whittier,CA,90602,US,33.9669673,-118.0400103,+15626980125,http://www.bluepacificmotel.com,motel,40.5,settled-1.1-facts,2026-10-04,1,overture-places@2026-09-23.1,cdla-permissive-2.0
ov:1803f57f-51da-42a7-ab4a-879899ae10d8,"Inn at the Seven Ray, Topanga",https://journeyed.org/hotel/inn-at-the-seven-ray-topanga-topanga-1803f5/,"128 Old Topanga Canyon Rd, Topanga, CA 90290-3807",Topanga,CA,90290-3807,US,34.0904343,-118.6046733,,https://www.innoftheseventhray.com/home,hotel,13.3,settled-1.1-facts,2026-10-04,0,overture-places@2026-09-23.1,cdla-permissive-2.0
ov:182b231a-9e73-4a01-904a-789e8c2afe56,Gibson Inn,https://journeyed.org/hotel/gibson-inn-el-monte-182b23/,"10070 Valley Blvd, El Monte, CA 91731",El Monte,CA,91731,US,34.0777193,-118.0509402,+16265790911,http://www.gibsoninnemonte.us,motel,40.2,settled-1.1-facts,2026-10-04,1,overture-places@2026-09-23.1,cdla-permissive-2.0
ov:182e3c97-796f-4a92-b964-c780e8cec3f4,Park Vue Inn,https://journeyed.org/hotel/park-vue-inn-anaheim-182e3c/,"1570 S Harbor Blvd, Anaheim, CA 92802",Anaheim,CA,92802,US,33.8088915,-117.9149669,+17147723691,https://parkvueinn.com/,hotel,70,settled-1.1-facts,2026-10-04,62,overture-places@2026-09-23.1,cdla-permissive-2.0
ov:183ddd7b-41d2-42e4-8869-7ce6d70d6bf0,Whittier Motel,https://journeyed.org/hotel/whittier-motel-montebello-183ddd/,"211 W Whittier Blvd, Montebello, CA 90640",Montebello,CA,90640,US,34.0086976,-118.1023024,+13237215518,http://whittiermotel.com,motel,40.4,settled-1.1-facts,2026-10-04,1,overture-places@2026-09-23.1,cdla-permissive-2.0
ov:185dd030-b52a-424d-855b-a1fb829f8696,Raymoure Motel,https://journeyed.org/hotel/raymoure-motel-long-beach-185dd0/,"1645 W Pacific Coast Hwy, Long Beach, CA 90810",Long Beach,CA,90810,US,33.7899656,-118.2147996,+15624321256,http://www.beachcalifornia.com/.../1-sea-bright-motel-562-437-5083.html,motel,38.5,settled-1.1-facts,2026-10-04,0,overture-places@2026-09-23.1,cdla-permissive-2.0
ov:187f0fae-89d8-47dc-a199-356c36843c00,Plaza Hotel,https://journeyed.org/hotel/plaza-hotel-torrance-187f0f/,"1720 Cabrillo Ave, Torrance, CA 90501",Torrance,CA,90501,US,33.8308304,-118.3141633,+13103284671,http://www.plazahotel.com,hotel,39,settled-1.1-facts,2026-10-04,2,overture-places@2026-09-23.1,cdla-permissive-2.0
ov:18878fb8-2c10-46a2-89ef-07ac99fc92e7,Dockside Boat & Bed- Long Beach,https://journeyed.org/hotel/dockside-boat-and-bed-long-beach-long-beach-18878f/,"316 E Shoreline Dr, Long Beach, CA 90802-4598",Long Beach,CA,90802-4598,US,33.7614056,-118.1935608,+15624363111,http://www.boatandbed.com/,hotel,45.9,settled-1.1-facts,2026-10-04,9,overture-places@2026-09-23.1,cdla-permissive-2.0
ov:18986930-56f8-4a63-b73c-19f1005aa44f,The Beverly Hills Hotel,https://journeyed.org/hotel/the-beverly-hills-hotel-beverly-hills-189869/,"9641 Sunset Blvd, Beverly Hills, CA 90210",Beverly Hills,CA,90210,US,34.0818054,-118.4134073,+13102762251,http://www.beverlyhillshotel.com,hotel,39.7,settled-1.1-facts,2026-10-04,4,overture-places@2026-09-23.1,cdla-permissive-2.0
ov:189adac9-d678-483a-93df-e5dd2364b3ad,Hilton Buena Park Anaheim,https://journeyed.org/hotel/hilton-buena-park-anaheim-buena-park-189ada/,"6979 Brenner Ave, Buena Park, CA 90621",Buena Park,CA,90621,US,33.8594257,-117.995582,+16572525200,https://www.hilton.com/en/hotels/snacshh-hilton-buena-park/,hotel,40.3,settled-1.1-facts,2026-10-04,2,overture-places@2026-09-23.1,cdla-permissive-2.0
ov:18ac486f-4baf-42a2-b977-1850312ba5bd,Seaside Laguna Inn & Suites,https://journeyed.org/hotel/seaside-laguna-inn-and-suites-laguna-beach-18ac48/,"1661 S Coast Hwy, Laguna Beach, CA 92651",Laguna Beach,CA,92651,US,33.5295212,-117.7724963,+19494949717,http://www.seasidelagunainn.com/,inn,28.7,settled-1.1-facts,2026-10-04,0,overture-places@2026-09-23.1,cdla-permissive-2.0
ov:18e1f30d-f5f3-424d-af51-1d5146c970d6,Welcome Inn and Suites,https://journeyed.org/hotel/welcome-inn-and-suites-anaheim-18e1f3/,"2912 W Lincoln Ave, Anaheim, CA 92801",Anaheim,CA,92801,US,33.8317826,-117.9899355,+17145272455,http://welcomeinnanaheim.com,motel,39.9,settled-1.1-facts,2026-10-04,1,overture-places@2026-09-23.1,cdla-permissive-2.0
ov:18f3d20c-8f3f-4034-86c0-df509bb33e6a,AVIA Long Beach Hotel,https://journeyed.org/hotel/avia-long-beach-hotel-long-beach-18f3d2/,"285 Bay St, Long Beach, CA 90802",Long Beach,CA,90802,US,33.764828,-118.194803,+15624361047,,resort,29.5,settled-1.1-facts,2026-10-04,3,overture-places@2026-09-23.1,cdla-permissive-2.0
ov:18ffafa5-ddd4-478f-b270-8736c596bb6d,Residence Inn,https://journeyed.org/hotel/residence-inn-long-beach-18ffaf/,"600 Queensway Drive, Long Beach, CA 90802",Long Beach,CA,90802,US,33.7587218,-118.2012777,+15624950700,https://www.marriott.com/en-us/hotels/lgbri-residence-inn-long-beach-downtown/overview/?scid=d2406702-e8ea-4b45-bb9b-69cddaaef03d,hotel,40.4,settled-1.1-facts,2026-10-04,3,overture-places@2026-09-23.1,cdla-permissive-2.0
ov:190134a1-f959-4d37-816b-d4d110bc1118,Metro Plaza Hotel,https://journeyed.org/hotel/metro-plaza-hotel-los-angeles-190134/,"711 N Main St, Los Angeles, CA 90012",Los Angeles,CA,90012,US,34.0588076,-118.2375429,+12136800200,http://www.metroplazahotellosangeles.site,hotel,65.4,settled-1.1-facts,2026-10-04,47,overture-places@2026-09-23.1,cdla-permissive-2.0
ov:190ccb9f-ea98-46d3-a0d1-5e5172722d6f,Residence Inn by Marriott Palmdale Lancaster,https://journeyed.org/hotel/residence-inn-by-marriott-palmdale-lancaster-palmdale-190ccb/,"514 West Avenue P, Palmdale, CA 93551",Palmdale,CA,93551,US,34.6003533,-118.138175,+16619474204,https://www.marriott.com/en-us/hotels/wjfri-residence-inn-palmdale-lancaster/overview/?scid=d2406702-e8ea-4b45-bb9b-69cddaaef03d,hotel,26.5,settled-1.1-facts,2026-10-04,0,overture-places@2026-09-23.1,cdla-permissive-2.0
ov:190fe893-d652-4862-b4a8-5b0ad567db02,Maywood Inn,https://journeyed.org/hotel/maywood-inn-maywood-190fe8/,"5445 S Atlantic Blvd, Maywood, CA 90270",Maywood,CA,90270,US,33.9912818,-118.185008,+13235608554,https://www.maywoodinnla.com,motel,38.5,settled-1.1-facts,2026-10-04,1,overture-places@2026-09-23.1,cdla-permissive-2.0
ov:1933af84-dc17-48e2-9ff0-c2803bdd7957,Luxury Inn,https://journeyed.org/hotel/luxury-inn-norwalk-1933af/,"12225 Firestone Blvd, Norwalk, CA 90650",Norwalk,CA,90650,US,33.9075436,-118.0720077,+15628680791,http://www.luxuryinnhotel.com,motel,40.3,settled-1.1-facts,2026-10-04,1,overture-places@2026-09-23.1,cdla-permissive-2.0
ov:1963cf24-2052-4bfb-ade5-3b3d142b8316,AC Hotel Beverly Hills,https://journeyed.org/hotel/ac-hotel-beverly-hills-los-angeles-1963cf/,"6399 Wilshire Blvd, Los Angeles, CA 90048",Los Angeles,CA,90048,US,34.0640234,-118.3681261,+13238527000,https://www.marriott.com/en-us/hotels/laxab-ac-hotel-beverly-hills/overview/?scid=d2406702-e8ea-4b45-bb9b-69cddaaef03d,hotel,40.2,settled-1.1-facts,2026-10-04,8,overture-places@2026-09-23.1,cdla-permissive-2.0
ov:19777463-8253-482a-86be-67d9fc228fe8,Quality Inn and Suites Bell Gardens Los Angeles,https://journeyed.org/hotel/quality-inn-and-suites-bell-gardens-los-angeles-bell-gardens-197774/,"7330 Eastern Ave, Bell Gardens, CA 90201",Bell Gardens,CA,90201,US,33.9662735,-118.1647317,+12132049198,https://www.choicehotels.com/california/bell-gardens/quality-inn-hotels/ca139?pmf=yext&mc=llyxyxpx,hotel,40.2,settled-1.1-facts,2026-10-04,1,overture-places@2026-09-23.1,cdla-permissive-2.0
ov:1978a47e-4628-4211-a907-afde1cec670a,LA SIESTA MOTEL,https://journeyed.org/hotel/la-siesta-motel-lynwood-1978a4/,"11585 Atlantic Ave, Lynwood, CA 90262",Lynwood,CA,90262,US,33.9189423,-118.1886113,,,motel,15.7,settled-1.1-facts,2026-10-04,0,overture-places@2026-09-23.1,cdla-permissive-2.0
ov:197bcbaf-1da1-41e5-af82-47fca8399518,Royal Inn Motel Long Beach,https://journeyed.org/hotel/royal-inn-motel-long-beach-long-beach-197bcb/,"2040 E Anaheim St, Long Beach, CA 90804",Long Beach,CA,90804,US,33.7823088,-118.1667632,+15624349292,http://Mylongbeachmotel.com/,motel,38.9,settled-1.1-facts,2026-10-04,3,overture-places@2026-09-23.1,cdla-permissive-2.0
ov:1995decc-071c-49dc-8b2f-5812302bd68e,Glen Capri Burbank Universal,https://journeyed.org/hotel/glen-capri-burbank-universal-glendale-1995de/,"6700 San Fernando Rd, Glendale, CA 91201-1705",Glendale,CA,91201-1705,US,34.170571,-118.294004,+18182448434,https://www.glencapri.com,motel,39.9,settled-1.1-facts,2026-10-04,1,overture-places@2026-09-23.1,cdla-permissive-2.0
ov:199a954d-74b1-43c2-b028-8b90b6feec65,Little Inn By the Bay,https://journeyed.org/hotel/little-inn-by-the-bay-newport-beach-199a95/,"2627 Newport Blvd, Newport Beach, CA 92663",Newport Beach,CA,92663,US,33.6126089,-117.9292846,+18004384466,http://www.littleinnbythebay.com,hotel,65.3,settled-1.1-facts,2026-10-04,10,overture-places@2026-09-23.1,cdla-permissive-2.0
ov:199b148e-e69c-4bff-bc9c-db4be258d472,Best Western Surf City,https://journeyed.org/hotel/best-western-surf-city-huntington-beach-199b14/,"19360 Beach Blvd, Huntington Beach, CA 92648",Huntington Beach,CA,92648,US,33.6811406,-117.9879425,+17149624244,https://www.bestwestern.com/en_US/book/hotel-rooms.05563.html?iata=00171890&ssob=BLBWI0003G&cid=BLBWI0003G%3Ayext%3Awebsite%3A05563,hotel,38.4,settled-1.1-facts,2026-10-04,0,overture-places@2026-09-23.1,cdla-permissive-2.0
ov:19a08132-4754-4e36-a284-e28a229cec18,Andaz West Hollywood,https://journeyed.org/hotel/andaz-west-hollywood-west-hollywood-19a081/,"8401 W Sunset Blvd, West Hollywood, CA 90069-1909",West Hollywood,CA,90069-1909,US,34.0952857,-118.373376,+13236561234,http://www.andazwesthollywood.com/,hotel,41,settled-1.1-facts,2026-10-04,8,overture-places@2026-09-23.1,cdla-permissive-2.0
ov:19c6754a-698e-43ca-b3f1-2e8908cdbe4a,Sunshine Village,https://journeyed.org/hotel/sunshine-village-santa-ana-19c675/,"1427 E 1st St, Santa Ana, CA 92701-6312",Santa Ana,CA,92701-6312,US,33.7464309,-117.8487232,+17142859588,,motel,27.9,settled-1.1-facts,2026-10-04,2,overture-places@2026-09-23.1,cdla-permissive-2.0
ov:19db7e2f-e958-4b2e-8d32-8cf24cbc9803,Venice Breeze Suites,https://journeyed.org/hotel/venice-breeze-suites-venice-19db7e/,"2 Breeze Ave, Venice, CA 90291-3225",Venice,CA,90291-3225,US,33.9900945,-118.4762127,+13105662222,http://www.venicebreezesuites.com/,hotel,59.9,settled-1.1-facts,2026-10-04,27,overture-places@2026-09-23.1,cdla-permissive-2.0
ov:19e7663f-5bef-4aae-801a-399eee4ba479,The Atlas Inn & Suites LAX,https://journeyed.org/hotel/the-atlas-inn-and-suites-lax-inglewood-19e766/,"11025 S Prairie Ave, Inglewood, CA 90303",Inglewood,CA,90303,US,33.9351623,-118.3441445,+13104127100,https://www.theatlasinglewood.com/,hotel,45.4,settled-1.1-facts,2026-10-04,17,overture-places@2026-09-23.1,cdla-permissive-2.0
ov:19fa3984-cbd7-432e-bfd6-718d66c700bf,Village Inn,https://journeyed.org/hotel/village-inn-palmdale-19fa39/,"350 E Palmdale Blvd, Palmdale, CA 93550",Palmdale,CA,93550,US,34.5796534,-118.1234895,+16612731020,http://www.villageinn.com,motel,26.5,settled-1.1-facts,2026-10-04,0,overture-places@2026-09-23.1,cdla-permissive-2.0
ov:1a059bf5-bea2-4d61-8a3a-eeb29fd66c4c,Republic Inn,https://journeyed.org/hotel/republic-inn-los-angeles-1a059b/,"1750 N Van Ness Ave, Los Angeles, CA 90028",Los Angeles,CA,90028,US,34.1032628,-118.3156582,,,hostel,18.9,settled-1.1-facts,2026-10-04,10,overture-places@2026-09-23.1,cdla-permissive-2.0
ov:1a0f418c-ccfe-4f6d-b03a-306229245725,Greenleaf Hotel Long Beach Convention Center,https://journeyed.org/hotel/greenleaf-hotel-long-beach-convention-center-long-beach-1a0f41/,"63 Lime Ave, Long Beach, CA 90802-5215",Long Beach,CA,90802-5215,US,33.767485,-118.184072,+15624365219,https://www.lbgreenleafhotel.com,hotel,40.8,settled-1.1-facts,2026-10-04,3,overture-places@2026-09-23.1,cdla-permissive-2.0
ov:1a152aa4-0b21-4dd2-b89f-3022c5d5b392,Home2 Suites by Hilton Garden Grove Anaheim,https://journeyed.org/hotel/home2-suites-by-hilton-garden-grove-anaheim-garden-grove-1a152a/,"13650 Harbor Blvd, Garden Grove, CA 92843",Garden Grove,CA,92843,US,33.7648318,-117.9202314,+17144890966,https://www.hilton.com/en/hotels/snagdht-home2-suites-garden-grove/?SEO_id=BING-AMER-HT-SNAGDHT&y_source=1_Mjg2MTM1NDAtNDgzLWxvY2F0aW9uLndlYnNpdGU%3D,resort,39,settled-1.1-facts,2026-10-04,2,overture-places@2026-09-23.1,cdla-permissive-2.0
ov:1a4ca81b-8486-4e74-9f82-6d1a4c8f1f80,Budget Inn Bellflower,https://journeyed.org/hotel/budget-inn-bellflower-bellflower-1a4ca8/,"17111 Clark Ave, Bellflower, CA 90706",Bellflower,CA,90706,US,33.8777791,-118.1340916,+15629208853,http://www.budgetinncalifornia.com,motel,39.9,settled-1.1-facts,2026-10-04,1,overture-places@2026-09-23.1,cdla-permissive-2.0
ov:1a5346bf-9e09-4f8a-b34d-81fa04f194f8,Palm Motel,https://journeyed.org/hotel/palm-motel-santa-ana-1a5346/,"2223 S Main St, Santa Ana, CA 92707-3219",Santa Ana,CA,92707-3219,US,33.717153,-117.867528,+17145456818,https://www.palmmotelsantamonica.com,motel,38.1,settled-1.1-facts,2026-10-04,1,overture-places@2026-09-23.1,cdla-permissive-2.0
ov:1a7fd2c5-196b-4686-b53a-19ef1cf3d7be,Portofino Inn Burbank,https://journeyed.org/hotel/portofino-inn-burbank-burbank-1a7fd2/,"924 W Olive Ave, Burbank, CA 91506",Burbank,CA,91506,US,34.172759,-118.3171715,+18188485100,https://www.portofinoburbank.com/,hotel,64.5,settled-1.1-facts,2026-10-04,33,overture-places@2026-09-23.1,cdla-permissive-2.0
ov:1a8710d8-c430-4950-8f39-866861c077e8,Super 8 by Wyndham Canoga Park,https://journeyed.org/hotel/super-8-by-wyndham-canoga-park-canoga-park-1a8710/,"7631 Topanga Canyon Blvd, Canoga Park, CA 91304",Canoga Park,CA,91304,US,34.208874,-118.606668,+18188838888,https://www.wyndhamhotels.com/super-8/canoga-park-california/super-8-canoga-park/overview?CID=LC:SE::BING:RIO:National:03114&iata=00093796,hotel,37.3,settled-1.1-facts,2026-10-04,0,overture-places@2026-09-23.1,cdla-permissive-2.0
ov:1aa23280-e057-4cc5-bb1d-a37122c213e3,Palihotel Melrose,https://journeyed.org/hotel/palihotel-melrose-los-angeles-1aa232/,"7950 Melrose Ave, Los Angeles, CA 90046",Los Angeles,CA,90046,US,34.0836939,-118.3628486,+13232724588,https://www.palisociety.com/hotels/melrose/,hotel,69.6,settled-1.1-facts,2026-10-04,84,overture-places@2026-09-23.1,cdla-permissive-2.0
ov:1aa5fef4-35b2-49d5-a2ae-e6161fb62d2a,La Habra Motel,https://journeyed.org/hotel/la-habra-motel-la-habra-1aa5fe/,"200 E Whittier Blvd, La Habra, CA 90631",La Habra,CA,90631,US,33.9389922,-117.9448398,+15626970714,https://www.lahabrastucco.com,motel,34.3,settled-1.1-facts,2026-10-04,0,overture-places@2026-09-23.1,cdla-permissive-2.0
ov:1aa8dc1a-731b-4f03-8153-bf5b64a0643b,Ayres Suites Diamond Bar,https://journeyed.org/hotel/ayres-suites-diamond-bar-diamond-bar-1aa8dc/,"21951 Golden Springs Dr, Diamond Bar, CA 91765",Diamond Bar,CA,91765,US,34.0033121,-117.8296758,+19098606290,http://ayreshotels.com/ayres-suites-diamond-bar,hotel,32.9,settled-1.1-facts,2026-10-04,0,overture-places@2026-09-23.1,cdla-permissive-2.0
ov:1aae7cf5-d6d9-48b3-a119-68bad3f3e2a2,Pendry West Hollywood,https://journeyed.org/hotel/pendry-west-hollywood-west-hollywood-1aae7c/,"8430 W Sunset Blvd, West Hollywood, CA 90069",West Hollywood,CA,90069,US,34.094404,-118.3737925,+13109289000,https://www.pendry.com/west-hollywood/,resort,41,settled-1.1-facts,2026-10-04,8,overture-places@2026-09-23.1,cdla-permissive-2.0
ov:1aaec0d4-eac2-43d9-8574-36c76ee02edb,Magic Castle Hotel,https://journeyed.org/hotel/magic-castle-hotel-los-angeles-1aaec0/,"7025 Franklin Ave, Los Angeles, CA 90028",Los Angeles,CA,90028,US,34.1043529,-118.3424248,+13238510800,https://www.magiccastlehotel.com/,hotel,50.9,settled-1.1-facts,2026-10-04,43,overture-places@2026-09-23.1,cdla-permissive-2.0
ov:1abb7feb-fba6-4144-a916-079cdbccc106,Hotel Constance,https://journeyed.org/hotel/hotel-constance-pasadena-1abb7f/,"928 E Colorado Blvd, Pasadena, CA 91106",Pasadena,CA,91106,US,34.1458302,-118.1310111,+16268987900,https://www.hotelconstance.com/our-rooms,hotel,40.4,settled-1.1-facts,2026-10-04,3,overture-places@2026-09-23.1,cdla-permissive-2.0
ov:1ad10b64-7cbd-4e9e-b106-c8fe05f85fec,"The Glenmark, Glendale, a Tribute Portfolio Hotel",https://journeyed.org/hotel/the-glenmark-glendale-a-tribute-portfolio-hotel-glendale-1ad10b/,"1100 N Brand Blvd, Glendale, CA 91202",Glendale,CA,91202,US,34.1615562,-118.254717,+18189002701,https://www.marriott.com/en-us/hotels/durur-protea-hotel-fire-and-ice-durban-umhlanga-ridge/overview/?scid=f2ae0541-1279-4f24-b197-a979c79310b0,hotel,39.8,settled-1.1-facts,2026-10-04,1,overture-places@2026-09-23.1,cdla-permissive-2.0
ov:1ae129ba-14f9-4e24-901f-4972bb1f304f,Americas Best Value Inn,https://journeyed.org/hotel/americas-best-value-inn-los-angeles-1ae129/,"906 S Alvarado St, Los Angeles, CA 90006",Los Angeles,CA,90006,US,34.05299,-118.2785797,+12133883137,http://www.hollywoodcityhotel.com/,resort,40,settled-1.1-facts,2026-10-04,14,overture-places@2026-09-23.1,cdla-permissive-2.0
ov:1b0941a8-ea05-4e3e-b3fb-e69ab2f2481f,Best Western Markland Hotel,https://journeyed.org/hotel/best-western-markland-hotel-monterey-park-1b0941/,"434 Potrero Grande Dr, Monterey Park, CA 91755",Monterey Park,CA,91755,US,34.035032,-118.1170951,+13238871988,https://www.bestwestern.com/en_US/book/hotel-rooms.05657.html?iata=00171890&ssob=BLBWI0003G,hotel,39.4,settled-1.1-facts,2026-10-04,2,overture-places@2026-09-23.1,cdla-permissive-2.0
ov:1b38aa2f-dc33-41f8-b6e9-1dda4ba2a57f,Peninsula Beach House,https://journeyed.org/hotel/peninsula-beach-house-san-pedro-1b38aa/,"2236 W 35th St, San Pedro, CA 90732",San Pedro,CA,90732,US,33.7230469,-118.3255203,,http://www.peninsulabeachhouse.com/,bed_and_breakfast,28.4,settled-1.1-facts,2026-10-04,0,overture-places@2026-09-23.1,cdla-permissive-2.0
ov:1b38f21e-e237-42e4-801b-23c18fbd42e0,Courtyard by Marriott Los Angeles Century City/Beverly Hills,https://journeyed.org/hotel/courtyard-by-marriott-los-angeles-century-city-beverly-hills-los-1b38f2/,"10320 W Olympic Blvd, Los Angeles, CA 90064",Los Angeles,CA,90064,US,34.0523927,-118.4170336,+13105562777,https://www.marriott.com/hotels/travel/laxce-courtyard-los-angeles-century-city-beverly-hills/?scid=5d6c9ba8-fdb3-45cd-90d4-fc3cbfe3681c&y_source=1_MjgxOTI1Ny01NTktbG9jYXRpb24ud2Vic2l0ZQ%3D%3D,hotel,40.9,settled-1.1-facts,2026-10-04,4,overture-places@2026-09-23.1,cdla-permissive-2.0
ov:1b3e279f-aa17-436e-b4f6-f494341ed411,Motel 6,https://journeyed.org/hotel/motel-6-orange-1b3e27/,"3191 N Tustin St, Orange, CA 92865",Orange,CA,92865,US,33.8422984,-117.8325059,+17149270480,https://www.motel6.com/en/motels.ca.orange.8738.html?corporatePlusNumber=CP792N5W&travelAgentNumber=TA001305,motel,36.3,settled-1.1-facts,2026-10-04,0,overture-places@2026-09-23.1,cdla-permissive-2.0
ov:1b54dabb-f87b-43af-aca5-d80525a4d953,24 Hours Motel,https://journeyed.org/hotel/24-hours-motel-los-angeles-1b54da/,"5857 Crenshaw Blvd, Los Angeles, CA 90043",Los Angeles,CA,90043,US,33.9878732,-118.3311492,+13232950095,https://24-hours-motel.business.site,motel,38.3,settled-1.1-facts,2026-10-04,2,overture-places@2026-09-23.1,cdla-permissive-2.0
ov:1b578e69-122f-41ce-9827-f6a1f6c085a6,MC Pacific Inn and Suites,https://journeyed.org/hotel/mc-pacific-inn-and-suites-torrance-1b578e/,"4111 CA-1, Torrance, CA 90505",Torrance,CA,90505,US,33.807697,-118.3563728,+13103788511,https://mcpacific-torrance.com/,hotel,38.2,settled-1.1-facts,2026-10-04,1,overture-places@2026-09-23.1,cdla-permissive-2.0
ov:1b60a6bd-013e-4b7c-bba2-59d92b799e2b,Level Long Beach,https://journeyed.org/hotel/level-long-beach-long-beach-1b60a6/,"330 E 3rd St, Long Beach, CA 90802",Long Beach,CA,90802,US,33.7704983,-118.188755,+12136692963,https://stayinglevel.com/destinations/long-beach/east-village/,resort,75.2,settled-1.1-facts,2026-10-04,15,overture-places@2026-09-23.1,cdla-permissive-2.0
ov:1b8cf856-b261-412a-806b-3fb01d1e55a3,Hotel Samy,https://journeyed.org/hotel/hotel-samy-west-hollywood-1b8cf8/,"1140 N Formosa Ave, West Hollywood, CA 90046-5994",West Hollywood,CA,90046-5994,US,34.091909,-118.345915,+17077977269,,hotel,28.7,settled-1.1-facts,2026-10-04,11,overture-places@2026-09-23.1,cdla-permissive-2.0
ov:1ba133c7-e716-4885-8d34-44bc1694b001,TownePlace Suites by Marriott Lancaster,https://journeyed.org/hotel/towneplace-suites-by-marriott-lancaster-lancaster-1ba133/,"2024 W Ave J 8, Lancaster, CA 93536",Lancaster,CA,93536,US,34.6814685,-118.1668477,+16617236709,https://www.marriott.com/en-us/hotels/wjfts-towneplace-suites-lancaster/overview/?scid=8ca4a499-95c0-4bd5-9697-d6b0e42b2bd4,hotel,26.5,settled-1.1-facts,2026-10-04,0,overture-places@2026-09-23.1,cdla-permissive-2.0
ov:1bb23a4f-1d28-4b09-9d88-6de824325961,Best Western Plus Executive Inn,https://journeyed.org/hotel/best-western-plus-executive-inn-rowland-heights-1bb23a/,"18880 Gale Ave, Rowland Heights, CA 91748",Rowland Heights,CA,91748,US,33.9948575,-117.8915017,+16268101818,http://www.bwrowlandheights.com/,hotel,35.2,settled-1.1-facts,2026-10-04,0,overture-places@2026-09-23.1,cdla-permissive-2.0
ov:1bdd8668-e3c0-41a2-9480-524ccd9982ca,Secret Garden Bed and Breakfast,https://journeyed.org/hotel/secret-garden-bed-and-breakfast-los-angeles-1bdd86/,"8039 Selma Ave, Los Angeles, CA 90046-2508",Los Angeles,CA,90046-2508,US,34.100005,-118.36574,+13236568111,http://www.bedandbreakfast.com/california-los-angeles-thesecretgardenbb.html,bed_and_breakfast,40.6,settled-1.1-facts,2026-10-04,11,overture-places@2026-09-23.1,cdla-permissive-2.0
ov:1be8e109-9bdb-488d-9938-bd211b28d0af,hotel kilo,https://journeyed.org/hotel/hotel-kilo-los-angeles-1be8e1/,"MacArthur Park, Los Angeles, CA 90005",Los Angeles,CA,90005,US,34.0560949,-118.2902747,+12135003283,https://www.hotelplanner.com/zip/Menlo-Park-CA-hotels-in-94025,lodging,35.2,settled-1.1-facts,2026-10-04,5,overture-places@2026-09-23.1,cdla-permissive-2.0
ov:1c06f91b-c4cf-420a-9e1a-9868a6289e66,TownePlace Suites Anaheim Maingate Near Angel Stadium,https://journeyed.org/hotel/towneplace-suites-anaheim-maingate-near-angel-stadium-anaheim-1c06f9/,"1730 S State College Blvd, Anaheim, CA 92806",Anaheim,CA,92806,US,33.8441243,-117.8891933,+17149399700,http://www.marriott.com/hotels/travel/SNATS-TownePlace-Suites-Anaheim-Maingate-Near-Angel-Stadium,resort,37.6,settled-1.1-facts,2026-10-04,3,overture-places@2026-09-23.1,cdla-permissive-2.0
ov:1c1f5892-54bc-4ed5-bee2-0dba1dfc16f2,Hampton Inn and Suites LAX El Segundo,https://journeyed.org/hotel/hampton-inn-and-suites-lax-el-segundo-el-segundo-1c1f58/,"888 N Pacific Coast Hwy, El Segundo, CA 90245",El Segundo,CA,90245,US,33.928103,-118.3956125,+13103222900,http://www.laxelsegundo.hamptonbyhilton.com/,hotel,39.6,settled-1.1-facts,2026-10-04,5,overture-places@2026-09-23.1,cdla-permissive-2.0
ov:1c46c9ab-adc2-41bf-8c2a-321bd36ddc28,Crossland Economy Studios,https://journeyed.org/hotel/crossland-economy-studios-gardena-1c46c9/,"18602 S Vermont Ave, Gardena, CA 90248",Gardena,CA,90248,US,33.861658,-118.290538,+13105155139,https://www.extendedstayamerica.com/hotels/ca/los-angeles/south,hotel,39.4,settled-1.1-facts,2026-10-04,1,overture-places@2026-09-23.1,cdla-permissive-2.0
ov:1c473baa-2918-48c2-8c12-2911e658d7c3,The LINE LA,https://journeyed.org/hotel/the-line-la-los-angeles-1c473b/,"3515 Wilshire Blvd, Los Angeles, CA 90010",Los Angeles,CA,90010,US,34.0620935,-118.300949,+12133817411,https://www.thelinehotel.com/,hotel,75.1,settled-1.1-facts,2026-10-04,85,overture-places@2026-09-23.1,cdla-permissive-2.0
ov:1c5af7b9-d978-49b5-b154-a22d517da75c,Hotel CURRENT,https://journeyed.org/hotel/hotel-current-long-beach-1c5af7/,"5325 E Pacific Coast Hwy, Long Beach, CA 90804-4441",Long Beach,CA,90804-4441,US,33.7817487,-118.130508,+15625971341,http://www.hotelcurrent.com/,hotel,68,settled-1.1-facts,2026-10-04,43,overture-places@2026-09-23.1,cdla-permissive-2.0
ov:1ca0716a-239d-4ad9-89bb-b8702142e416,Hermosa Hotel,https://journeyed.org/hotel/hermosa-hotel-avalon-1ca071/,"131 Metropole Ave, Avalon, CA 90704",Avalon,CA,90704,US,33.3437807,-118.3273414,+13105101010,http://hermosahotel.com/,hotel,31.3,settled-1.1-facts,2026-10-04,0,overture-places@2026-09-23.1,cdla-permissive-2.0
ov:1ca44ef5-f655-40b8-8f04-164f70e82f1e,The Lexmar - Dodger Stadium/hollywood,https://journeyed.org/hotel/the-lexmar-dodger-stadium-hollywood-los-angeles-1ca44e/,"811 N Alvarado St, Los Angeles, CA 90026-3102",Los Angeles,CA,90026-3102,US,34.075095,-118.265419,+12134130050,https://www.thelexmar.com,hotel,74.7,settled-1.1-facts,2026-10-04,90,overture-places@2026-09-23.1,cdla-permissive-2.0
ov:1ca69b36-8c05-4a19-a5c9-b4a8e2193f91,All 8 Motel,https://journeyed.org/hotel/all-8-motel-azusa-1ca69b/,"638 N Rockvale Ave, Azusa, CA 91702",Azusa,CA,91702,US,34.1326954,-117.896146,+16269699499,https://www.allviewmotel.com,motel,40.7,settled-1.1-facts,2026-10-04,1,overture-places@2026-09-23.1,cdla-permissive-2.0
ov:1cae59e1-39d8-4e83-b8c1-8b3f906de697,Sea Shore Motel,https://journeyed.org/hotel/sea-shore-motel-santa-monica-1cae59/,"2637 Main St, Santa Monica, CA 90405",Santa Monica,CA,90405,US,34.0018234,-118.4830174,+13103922787,http://seashoremotel.com/,motel,44.9,settled-1.1-facts,2026-10-04,14,overture-places@2026-09-23.1,cdla-permissive-2.0
ov:1cd2f685-67cf-4624-94aa-8ab4682e06d7,Western Plaza Motel,https://journeyed.org/hotel/western-plaza-motel-los-angeles-1cd2f6/,"1066 N Wilton Pl, Los Angeles, CA 90038-3250",Los Angeles,CA,90038-3250,US,34.089832,-118.313326,,http://lahoteltravel.com/vip-inn-suites-los-angeles,lodging,29.8,settled-1.1-facts,2026-10-04,10,overture-places@2026-09-23.1,cdla-permissive-2.0
ov:1ce008e1-3c7b-44c0-aaad-fb3b45668676,DoubleTree by Hilton Hotel Irvine - Spectrum,https://journeyed.org/hotel/doubletree-by-hilton-hotel-irvine-spectrum-irvine-1ce008/,"90 Pacifica, Irvine, CA 92618",Irvine,CA,92618,US,33.6579554,-117.7558691,+19494718888,http://doubletree3.hilton.com/en/hotels/california/doubletree-by-hilton-hotel-irvine-spectrum-ONAISDT/index.html,hotel,40.1,settled-1.1-facts,2026-10-04,1,overture-places@2026-09-23.1,cdla-permissive-2.0
ov:1ce597c6-fa48-428b-a843-e22b55bde1e9,"818 Hotel + Pool, Ascend Hotel Collection",https://journeyed.org/hotel/818-hotel-pool-ascend-hotel-collection-woodland-hills-1ce597/,"20157 Ventura Blvd, Woodland Hills, CA 91364",Woodland Hills,CA,91364,US,34.170464,-118.572812,+18183478080,https://www.choicehotels.com/california/woodland-hills/ascend-hotels/ca796?mc=llbillpx&pmf=local,resort,38.6,settled-1.1-facts,2026-10-04,1,overture-places@2026-09-23.1,cdla-permissive-2.0
ov:1cfe700d-295a-482a-964c-664adb855482,Motel 6 Van Nuys,https://journeyed.org/hotel/motel-6-van-nuys-van-nuys-1cfe70/,"6909 Sepulveda Blvd, Van Nuys, CA 91405",Van Nuys,CA,91405,US,34.1959958,-118.4661924,+18187875400,,resort,28,settled-1.1-facts,2026-10-04,1,overture-places@2026-09-23.1,cdla-permissive-2.0
ov:1d213aeb-1531-4d85-93f6-fb56d8d4a479,Hacienda Hotel,https://journeyed.org/hotel/hacienda-hotel-el-segundo-1d213a/,"525 N Pacific Coast Hwy, El Segundo, CA 90245-4448",El Segundo,CA,90245-4448,US,33.9229091,-118.3968364,,https://haciendahotel.com,lodging,29.9,settled-1.1-facts,2026-10-04,5,overture-places@2026-09-23.1,cdla-permissive-2.0
ov:1d4eecfb-6486-4c92-812e-1a2c2b1d3909,Magic Carpet Century,https://journeyed.org/hotel/magic-carpet-century-los-angeles-1d4eec/,"400 W Century Blvd, Los Angeles, CA 90003",Los Angeles,CA,90003,US,33.9453622,-118.2808678,+13237564001,http://magic-carpet-century.poi.place,motel,36.7,settled-1.1-facts,2026-10-04,0,overture-places@2026-09-23.1,cdla-permissive-2.0
ov:1d55f9e0-e2a5-4d47-856f-2aa6bc274b86,Los Angeles Marriott Burbank Airport,https://journeyed.org/hotel/los-angeles-marriott-burbank-airport-burbank-1d55f9/,"2500 N Hollywood Way, Burbank, CA 91505-1019",Burbank,CA,91505-1019,US,34.193942,-118.3479895,+18188436000,http://linktr.ee/BurbankMarriott,hotel,40.3,settled-1.1-facts,2026-10-04,1,overture-places@2026-09-23.1,cdla-permissive-2.0
ov:1d69dc6d-28ed-4fd4-b1d0-c8e785e95118,Eastsider Motel,https://journeyed.org/hotel/eastsider-motel-los-angeles-1d69dc/,"2133 S Central Ave, Los Angeles, CA 90011-1236",Los Angeles,CA,90011-1236,US,34.022307,-118.253051,+12137481048,http://www.etowninn.com,motel,39.1,settled-1.1-facts,2026-10-04,8,overture-places@2026-09-23.1,cdla-permissive-2.0
ov:1d902d80-e50f-4d7b-8fd1-676b5d0502ca,Princess Inn,https://journeyed.org/hotel/princess-inn-long-beach-1d902d/,"1879 Magnolia Ave, Long Beach, CA 90806-6104",Long Beach,CA,90806-6104,US,33.79097,-118.19846,,,motel,17.5,settled-1.1-facts,2026-10-04,2,overture-places@2026-09-23.1,cdla-permissive-2.0
ov:1db2c636-ffc9-444b-9649-dc680ad35d30,Americas Best Value Inn,https://journeyed.org/hotel/americas-best-value-inn-rancho-palos-verdes-1db2c6/,"29601 S Western Ave, Rancho Palos Verdes, CA 90275",Rancho Palos Verdes,CA,90275,US,33.748272,-118.3096577,+13105199900,https://www.sonesta.com/americas-best-value-inn/ca/rancho-palos-verdes/americas-best-value-inn-rancho-palos-verdes,hotel,39.5,settled-1.1-facts,2026-10-04,2,overture-places@2026-09-23.1,cdla-permissive-2.0
ov:1de7b458-f609-46b5-8a33-5939ac7039c4,Hollywood Historic Hotel,https://journeyed.org/hotel/hollywood-historic-hotel-los-angeles-1de7b4/,"5162 Melrose Ave, Los Angeles, CA 90038",Los Angeles,CA,90038,US,34.0832709,-118.3130649,+13233786312,http://www.hollywoodhistorichotel.com,hotel,39.2,settled-1.1-facts,2026-10-04,8,overture-places@2026-09-23.1,cdla-permissive-2.0
ov:1df489ad-677c-4874-86c5-86c2b842f864,Bestall Inn,https://journeyed.org/hotel/bestall-inn-lomita-1df489/,"2065 Pacific Coast Hwy, Lomita, CA 90717",Lomita,CA,90717,US,33.7900498,-118.3167475,+13103268288,http://mm-automotive.com,hotel,36.2,settled-1.1-facts,2026-10-04,0,overture-places@2026-09-23.1,cdla-permissive-2.0
ov:1e044ef2-5442-46d7-93b2-c1694c3b9df8,Huntington Surf Inn,https://journeyed.org/hotel/huntington-surf-inn-huntington-beach-1e044e/,"720 Pacific Coast Hwy, Huntington Beach, CA 92648",Huntington Beach,CA,92648,US,33.6596135,-118.0048827,+17145362444,http://www.huntingtonsurfinn.com/,motel,41,settled-1.1-facts,2026-10-04,1,overture-places@2026-09-23.1,cdla-permissive-2.0
ov:1e0a419c-e163-48f5-b3cf-0ae7e51cd306,Raymond Hotel,https://journeyed.org/hotel/raymond-hotel-pasadena-1e0a41/,"555 Palmetto Dr, Pasadena, CA 91105-1608",Pasadena,CA,91105-1608,US,34.137488,-118.161361,+14155550208,,hotel,28,settled-1.1-facts,2026-10-04,3,overture-places@2026-09-23.1,cdla-permissive-2.0
ov:1e0a7b56-3613-4966-a3fd-597095986118,Embassy Suites by Hilton Anaheim Orange,https://journeyed.org/hotel/embassy-suites-by-hilton-anaheim-orange-orange-1e0a7b/,"400 N State College Blvd, Orange, CA 92868",Orange,CA,92868,US,33.7943747,-117.8901371,+17149381111,http://embassysuites3.hilton.com/,hotel,40.5,settled-1.1-facts,2026-10-04,9,overture-places@2026-09-23.1,cdla-permissive-2.0
ov:1e0fc0a2-b3c6-4c05-8030-14391e47d71d,Burbank Inn & Suites,https://journeyed.org/hotel/burbank-inn-and-suites-burbank-1e0fc0/,"180 W Alameda Ave, Burbank, CA 91502",Burbank,CA,91502,US,34.1690822,-118.3050283,+18188421114,http://www.burbankinn.net,motel,40.2,settled-1.1-facts,2026-10-04,1,overture-places@2026-09-23.1,cdla-permissive-2.0
ov:1e12d7c7-4852-45c5-8734-48f655df2340,Hilltop Suites Hotel,https://journeyed.org/hotel/hilltop-suites-hotel-pomona-1e12d7/,"3101 W Temple Ave, Pomona, CA 91768",Pomona,CA,91768,US,34.0448252,-117.8022445,+19095987666,,resort,25.3,settled-1.1-facts,2026-10-04,0,overture-places@2026-09-23.1,cdla-permissive-2.0
ov:1e185622-e7f3-4a43-ad25-dbf686205f26,Hyatt Regency John Wayne Airport,https://journeyed.org/hotel/hyatt-regency-john-wayne-airport-newport-beach-1e1856/,"4545 MacArthur Blvd, Newport Beach, CA 92660",Newport Beach,CA,92660,US,33.6678561,-117.8654856,+19499751234,https://www.hyatt.com/hyatt-regency/en-US/snarj-hyatt-regency-newport-beach-west?src=corp_lclb_gmb_seo_snarj,hotel,40.6,settled-1.1-facts,2026-10-04,1,overture-places@2026-09-23.1,cdla-permissive-2.0
ov:1e1d32f5-7962-4d1c-a1e9-25dc13fe9626,Royal Roman Motel,https://journeyed.org/hotel/royal-roman-motel-santa-ana-1e1d32/,"1504 E 1st St, Santa Ana, CA 92701",Santa Ana,CA,92701,US,33.7452401,-117.8478205,+17145478411,,motel,27.9,settled-1.1-facts,2026-10-04,2,overture-places@2026-09-23.1,cdla-permissive-2.0
ov:1e2c63e4-6ba2-4ef4-843f-7a6beac12533,The Abarca Family Resort,https://journeyed.org/hotel/the-abarca-family-resort-pico-rivera-1e2c63/,"11111 Nope, Pico Rivera, CA 90660",Pico Rivera,CA,90660,US,33.9729893,-118.0870563,+14175201680,,hotel,25.2,settled-1.1-facts,2026-10-04,0,overture-places@2026-09-23.1,cdla-permissive-2.0
ov:1ea007f0-373c-417a-a5d4-1a3e12a3c101,Wind and Sea,https://journeyed.org/hotel/wind-and-sea-laguna-beach-1ea007/,"763 S Coast Hwy, Laguna Beach, CA 92651-2749",Laguna Beach,CA,92651-2749,US,33.537053,-117.7793192,+18055709850,,hotel,17.7,settled-1.1-facts,2026-10-04,0,overture-places@2026-09-23.1,cdla-permissive-2.0
ov:1eb4c35e-7018-4911-9983-35dc65f1bcdd,Trade Winds Motel,https://journeyed.org/hotel/trade-winds-motel-lakewood-1eb4c3/,"11441 Carson St, Lakewood, CA 90715-2512",Lakewood,CA,90715-2512,US,33.8318176,-118.0892615,+15629911239,http://tradewindsla.com,motel,38.4,settled-1.1-facts,2026-10-04,0,overture-places@2026-09-23.1,cdla-permissive-2.0
ov:1eb5878c-f321-45ad-94cd-77f883537ea9,Arcadia Regency Retirement Hotel,https://journeyed.org/hotel/arcadia-regency-retirement-hotel-arcadia-1eb587/,"601 Sunset Blvd, Arcadia, CA 91007",Arcadia,CA,91007,US,34.1337116,-118.066864,+16264470106,,hotel,27.5,settled-1.1-facts,2026-10-04,2,overture-places@2026-09-23.1,cdla-permissive-2.0
ov:1ed6e4c1-56ac-4ccf-8528-f18d1d0aae5f,InterContinental Hotels & Resorts,https://journeyed.org/hotel/intercontinental-hotels-and-resorts-garden-grove-1ed6e4/,"12901 Garden Grove Blvd, Garden Grove, CA 92843-2004",Garden Grove,CA,92843-2004,US,33.775207,-117.907341,+17146388673,http://www.ichotelsgroup.com/intercontinental/en/gb/home,hotel,38.6,settled-1.1-facts,2026-10-04,8,overture-places@2026-09-23.1,cdla-permissive-2.0
ov:1ed779be-a5d3-41ac-8de6-71e0bf031aa7,Sunlight Motel,https://journeyed.org/hotel/sunlight-motel-long-beach-1ed779/,"404 E San Antonio Dr, Long Beach, CA 90807",Long Beach,CA,90807,US,33.8353292,-118.1875732,+15622833000,https://sunlight-motel-long-beach.booked.net,motel,37.9,settled-1.1-facts,2026-10-04,1,overture-places@2026-09-23.1,cdla-permissive-2.0
ov:1ef042f3-b465-4da4-8ee0-2603dea72fb1,The Tangerine,https://journeyed.org/hotel/the-tangerine-burbank-1ef042/,"3901 W Riverside Dr, Burbank, CA 91505",Burbank,CA,91505,US,34.152513,-118.3420575,+18188431121,http://thetangerine.com/,hotel,65.3,settled-1.1-facts,2026-10-04,54,overture-places@2026-09-23.1,cdla-permissive-2.0
ov:1ef5d778-f248-4c5a-9811-5b1dc584e62f,Casitas Motel,https://journeyed.org/hotel/casitas-motel-los-angeles-1ef5d7/,"130 E 23rd St, Los Angeles, CA 90011",Los Angeles,CA,90011,US,34.0266771,-118.2661432,,,motel,18.3,settled-1.1-facts,2026-10-04,11,overture-places@2026-09-23.1,cdla-permissive-2.0
ov:1ef70bd7-a4a0-4b5d-9833-c1c6cbd66549,Quality Inn Placentia - Anaheim,https://journeyed.org/hotel/quality-inn-placentia-anaheim-placentia-1ef70b/,"710 W Kimberly Ave, Placentia, CA 92870",Placentia,CA,92870,US,33.8625239,-117.8808271,+17146464322,https://www.choicehotels.com/california/placentia/quality-inn-hotels/cae09?pmf=yext&mc=llyxyxpx,hotel,37.2,settled-1.1-facts,2026-10-04,0,overture-places@2026-09-23.1,cdla-permissive-2.0
ov:1f023a1d-498b-442b-bcbd-5d142e348b34,Mantra Coffee & BnB,https://journeyed.org/hotel/mantra-coffee-and-bnb-azusa-1f023a/,"615 N San Gabriel Ave, Azusa, CA 91702",Azusa,CA,91702,US,34.1322993,-117.9090822,+16268125321,http://mantracoffee.square.site/,bed_and_breakfast,41.1,settled-1.1-facts,2026-10-04,1,overture-places@2026-09-23.1,cdla-permissive-2.0
ov:1f44b137-fb14-4c35-9d6d-f792968e8888,Residence Inn by Marriott,https://journeyed.org/hotel/residence-inn-by-marriott-westlake-village-1f44b1/,"30950 Russell Ranch Rd, Westlake Village, CA 91362",Westlake Village,CA,91362,US,34.1503346,-118.802455,+18187074411,https://www.marriott.com/en-us/hotels/laxwv-residence-inn-los-angeles-westlake-village/overview/?scid=d2406702-e8ea-4b45-bb9b-69cddaaef03d,hotel,40.9,settled-1.1-facts,2026-10-04,1,overture-places@2026-09-23.1,cdla-permissive-2.0
ov:1f4ae2cb-c2a5-4637-8cda-16beb912b385,Hollywood Inn Suites Hotel,https://journeyed.org/hotel/hollywood-inn-suites-hotel-gardena-1f4ae2/,"1030 W El Segundo Blvd, Gardena, CA 90247",Gardena,CA,90247,US,33.9161537,-118.293041,+14242669450,https://www.hollywoodsuiteshotel.com/,hotel,53,settled-1.1-facts,2026-10-04,29,overture-places@2026-09-23.1,cdla-permissive-2.0
ov:1f4c7743-17d6-41ca-b785-a9890f21e8d6,Extended Stay America,https://journeyed.org/hotel/extended-stay-america-irvine-1f4c77/,"30 Technology Dr., Irvine, CA 92618",Irvine,CA,92618,US,33.6489,-117.736,,https://www.extendedstayamerica.com/hotels/ca/orange-county/irvine-spectrum,hotel,30.9,settled-1.1-facts,2026-10-04,1,overture-places@2026-09-23.1,cdla-permissive-2.0
ov:1f4ca1c6-8cf1-4ca3-b864-f535d3d5ae5a,Courtyard by Marriott Los Angeles Monterey Park,https://journeyed.org/hotel/courtyard-by-marriott-los-angeles-monterey-park-monterey-park-1f4ca1/,"555 N Atlantic Blvd, Monterey Park, CA 91754",Monterey Park,CA,91754,US,34.0685428,-118.1346881,+16266564056,https://www.marriott.com/en-us/hotels/laxmp-courtyard-los-angeles-monterey-park/overview/?scid=d2406702-e8ea-4b45-bb9b-69cddaaef03d,hotel,39.7,settled-1.1-facts,2026-10-04,2,overture-places@2026-09-23.1,cdla-permissive-2.0
ov:1f54b40d-c987-4fae-a6a7-54954efb2649,Quality Inn Rosemead Los Angeles,https://journeyed.org/hotel/quality-inn-rosemead-los-angeles-rosemead-1f54b4/,"9488 Valley Blvd, Rosemead, CA 91770",Rosemead,CA,91770,US,34.0810077,-118.0628217,+16269992734,https://www.choicehotels.com/california/rosemead/quality-inn-hotels/ca793?mc=llyxyxpx,hotel,39.2,settled-1.1-facts,2026-10-04,1,overture-places@2026-09-23.1,cdla-permissive-2.0
ov:1f880e10-6b51-4241-b186-0c6ec8b39a4e,Colony Inn Buena Park,https://journeyed.org/hotel/colony-inn-buena-park-buena-park-1f880e/,"7800 Crescent Ave, Buena Park, CA 90620",Buena Park,CA,90620,US,33.8389089,-117.996704,+17142525422,http://www.colonyinnknottsberryfarm.com/,hotel,55.4,settled-1.1-facts,2026-10-04,30,overture-places@2026-09-23.1,cdla-permissive-2.0
ov:1fe467c6-36ab-4dab-9591-e4847366c548,Hollywood Stars Inn,https://journeyed.org/hotel/hollywood-stars-inn-los-angeles-1fe467/,"5435 Sunset Blvd, Los Angeles, CA 90027",Los Angeles,CA,90027,US,34.098351,-118.3083922,+13234620062,http://hollywoodstarsinnla.com/,motel,39.9,settled-1.1-facts,2026-10-04,8,overture-places@2026-09-23.1,cdla-permissive-2.0
ov:200cb2c6-ac9b-48d4-bbc3-a00c11b0479e,Pacific Inn,https://journeyed.org/hotel/pacific-inn-anaheim-200cb2/,"426 S Beach Blvd, Anaheim, CA 92804-1809",Anaheim,CA,92804-1809,US,33.8260882,-117.9928585,+17149520103,http://www.magnusonhotels.com/,hotel,39.5,settled-1.1-facts,2026-10-04,1,overture-places@2026-09-23.1,cdla-permissive-2.0
ov:20542efc-7e7b-4ab6-9dbf-4318531355f6,Ramada Plaza Anaheim,https://journeyed.org/hotel/ramada-plaza-anaheim-anaheim-20542e/,"515 W Katella Ave, Anaheim, CA 92802",Anaheim,CA,92802,US,33.803746,-117.914211,+17149916868,https://www.wyndhamhotels.com/ramada/anaheim-california/ramada-plaza-hotel-anaheim/overview,hotel,40.8,settled-1.1-facts,2026-10-04,9,overture-places@2026-09-23.1,cdla-permissive-2.0
ov:20605e44-0aa6-4b39-b6b6-e0b2ab2c9a08,La Mirage Inn,https://journeyed.org/hotel/la-mirage-inn-los-angeles-20605e/,"1824 N Beachwood Dr, Los Angeles, CA 90028-5568",Los Angeles,CA,90028-5568,US,34.1050226,-118.3211828,+13234641824,https://www.lamiragehollywood.com/,hotel,40.9,settled-1.1-facts,2026-10-04,10,overture-places@2026-09-23.1,cdla-permissive-2.0
ov:207e4484-7d42-411d-a52c-efd5fcc777b3,ROSE Garden Villa,https://journeyed.org/hotel/rose-garden-villa-long-beach-207e44/,"3754 Pacific Ave, Long Beach, CA 90807-3256",Long Beach,CA,90807-3256,US,33.82612,-118.19407,+15624249469,http://www.rosegardenvilla.com/,hotel,37.7,settled-1.1-facts,2026-10-04,1,overture-places@2026-09-23.1,cdla-permissive-2.0
ov:20802555-1288-43a1-a930-44dcfd3a44f6,Stay On Beverly,https://journeyed.org/hotel/stay-on-beverly-los-angeles-208025/,"4619 Beverly Blvd, Los Angeles, CA 90004",Los Angeles,CA,90004,US,34.07625,-118.30986,+15626731075,http://www.stayonbeverly.com/,hostel,49.6,settled-1.1-facts,2026-10-04,30,overture-places@2026-09-23.1,cdla-permissive-2.0
ov:20876b7a-a950-448e-8941-c4c1f90d2e5c,Super 8 Commerce/LA Area,https://journeyed.org/hotel/super-8-commerce-la-area-commerce-20876b/,"7810 Telegraph Rd, Commerce, CA 90040",Commerce,CA,90040,US,33.9738245,-118.1222191,+15628063791,,hotel,27.4,settled-1.1-facts,2026-10-04,1,overture-places@2026-09-23.1,cdla-permissive-2.0
ov:2087facf-40f9-4fc8-a61b-fb6d817772e9,Wilshire Hotel,https://journeyed.org/hotel/wilshire-hotel-los-angeles-2087fa/,"3900 Wilshire Blvd, Los Angeles, CA 90010-3303",Los Angeles,CA,90010-3303,US,34.0611282,-118.3113735,+12133825123,http://www.hotelwilshire.com/,hotel,41,settled-1.1-facts,2026-10-04,5,overture-places@2026-09-23.1,cdla-permissive-2.0
ov:209ab658-7525-4da6-964b-b97277dccd3a,Nisei Inn,https://journeyed.org/hotel/nisei-inn-gardena-209ab6/,"16427 S Western Ave, Gardena, CA 90247",Gardena,CA,90247,US,33.8810991,-118.3094698,+13103291188,https://www.niseiinngardena.com,hotel,69.2,settled-1.1-facts,2026-10-04,36,overture-places@2026-09-23.1,cdla-permissive-2.0
ov:20c2475e-d9ed-49fb-9221-b0c335778ce8,El Rancho Motel,https://journeyed.org/hotel/el-rancho-motel-los-angeles-20c247/,"7428 San Pedro St, Los Angeles, CA 90003",Los Angeles,CA,90003,US,33.9722684,-118.269276,+15623664606,http://www.elranchola.com/,motel,36.9,settled-1.1-facts,2026-10-04,0,overture-places@2026-09-23.1,cdla-permissive-2.0
ov:20c3ac6d-3c36-4244-ad92-cc02b4cf47ea,Best Western Plus Hotel at the Convention Center,https://journeyed.org/hotel/best-western-plus-hotel-at-the-convention-center-long-beach-20c3ac/,"517 E 1st St, Long Beach, CA 90802",Long Beach,CA,90802,US,33.7683384,-118.1859988,+15622850281,https://www.bestwestern.com/en_US/book/hotel-rooms.05642.html?iata=00171890&ssob=BLBWI0003G&cid=BLBWI0003G%3Ayext%3Awebsite%3A05642,hotel,41,settled-1.1-facts,2026-10-04,3,overture-places@2026-09-23.1,cdla-permissive-2.0
ov:20ee4a70-7090-46e5-a709-f1ace234794c,Balboa Bay Resort,https://journeyed.org/hotel/balboa-bay-resort-newport-beach-20ee4a/,"1221 West Coast Hwy, Newport Beach, CA 92663",Newport Beach,CA,92663,US,33.6155143,-117.9144671,+19496455000,http://www.balboabayresort.com/,resort,59.6,settled-1.1-facts,2026-10-04,13,overture-places@2026-09-23.1,cdla-permissive-2.0
ov:21325fa3-4dc5-4422-b712-aef671e78fac,Gem Motel,https://journeyed.org/hotel/gem-motel-los-angeles-21325f/,"4915 W Washington Blvd, Los Angeles, CA 90016-1415",Los Angeles,CA,90016-1415,US,34.040648,-118.346816,+13239343027,,motel,28.1,settled-1.1-facts,2026-10-04,2,overture-places@2026-09-23.1,cdla-permissive-2.0
ov:216139c3-cfdf-4164-a3ac-956349416980,Rocky Inn Motel,https://journeyed.org/hotel/rocky-inn-motel-long-beach-216139/,"1045 CA-1, Long Beach, CA 90806",Long Beach,CA,90806,US,33.7900623,-118.1792036,+15625912336,https://www.de.hotels.com/ho451713/rocky-inn-long-beach-usa,motel,27.4,settled-1.1-facts,2026-10-04,3,overture-places@2026-09-23.1,cdla-permissive-2.0
ov:21891f0c-76b2-4334-9c39-41d36a62a588,Triangle Motel,https://journeyed.org/hotel/triangle-motel-los-angeles-21891f/,"3951 N Eagle Rock Blvd, Los Angeles, CA 90065",Los Angeles,CA,90065,US,34.1202747,-118.2295492,+13232552109,http://trianglemotel.com,motel,38.3,settled-1.1-facts,2026-10-04,0,overture-places@2026-09-23.1,cdla-permissive-2.0
ov:2194535c-92a5-41ff-bf3e-4c1c2f05e94e,Kona Inn Motel Anaheim,https://journeyed.org/hotel/kona-inn-motel-anaheim-anaheim-219453/,"331 N Brookhurst St, Anaheim, CA 92801",Anaheim,CA,92801,US,33.8363791,-117.9593935,+17147760750,http://www.konamotelanaheim.com/,motel,37.8,settled-1.1-facts,2026-10-04,3,overture-places@2026-09-23.1,cdla-permissive-2.0
ov:21cb4f37-30f1-42ee-90d8-7349c918fccf,Leisure World,https://journeyed.org/hotel/leisure-world-laguna-woods-21cb4f/,"3337 Punta Alta, Laguna Woods, CA 92637",Laguna Woods,CA,92637,US,33.609977,-117.745791,+19494542145,,hotel,25.6,settled-1.1-facts,2026-10-04,0,overture-places@2026-09-23.1,cdla-permissive-2.0
ov:21deb1cf-c071-4cd1-9a2e-d4c04491c568,Rodeway Inn Commerce - Los Angeles,https://journeyed.org/hotel/rodeway-inn-commerce-los-angeles-commerce-21deb1/,"5161 Triggs St, Commerce, CA 90022",Commerce,CA,90022,US,34.0107492,-118.161078,+13232696602,http://www.destiny-inn.com,motel,74.5,settled-1.1-facts,2026-10-04,35,overture-places@2026-09-23.1,cdla-permissive-2.0
ov:221eddf0-a03f-40ec-afb1-56fbccccb594,Days Inn and Suites by Wyndham Artesia,https://journeyed.org/hotel/days-inn-and-suites-by-wyndham-artesia-artesia-221edd/,"17510 Pioneer Blvd, Artesia, CA 90701",Artesia,CA,90701,US,33.8715334,-118.0817757,+15629246700,https://www.wyndhamhotels.com/days-inn/artesia-california/days-inn-and-suites-artesia/overview?CID=LC%3ADI%3A%3AFACEBOOK%3ARIO%3ARegional%3A19728,hotel,43.8,settled-1.1-facts,2026-10-04,14,overture-places@2026-09-23.1,cdla-permissive-2.0
ov:224418b3-8f90-4bc8-88ad-8faff0db77fb,Americas Best Value Inn & Suites Los Angeles Downtown SW,https://journeyed.org/hotel/americas-best-value-inn-and-suites-los-angeles-downtown-sw-los-angeles-224418/,"4122 S Western Ave, Los Angeles, CA 90062",Los Angeles,CA,90062,US,34.008217,-118.3086199,+13232945200,https://www.redlion.com/americas-best-value-inns-suites,motel,39.6,settled-1.1-facts,2026-10-04,3,overture-places@2026-09-23.1,cdla-permissive-2.0
ov:22504c39-bea3-4abd-960e-41a44f8a1c2a,777 Motor Inn,https://journeyed.org/hotel/777-motor-inn-huntington-beach-22504c/,"16240 Pacific Coast Hwy, Huntington Beach, CA 92649",Huntington Beach,CA,92649,US,33.7262673,-118.0802426,+17148465561,http://www.777motorinn.com,motel,38.7,settled-1.1-facts,2026-10-04,1,overture-places@2026-09-23.1,cdla-permissive-2.0
ov:22535465-6c7c-46f4-8f69-d7bf87398316,DoubleTree by Hilton Hotel Monrovia - Pasadena Area,https://journeyed.org/hotel/doubletree-by-hilton-hotel-monrovia-pasadena-area-monrovia-225354/,"924 W Huntington Dr, Monrovia, CA 91016",Monrovia,CA,91016,US,34.139337,-118.0187899,+16263571900,http://Monrovia.DoubleTree.com/,hotel,39.7,settled-1.1-facts,2026-10-04,2,overture-places@2026-09-23.1,cdla-permissive-2.0
ov:2253ace2-6512-4be1-8c63-5f1acadcfae1,National at the Waterfront,https://journeyed.org/hotel/national-at-the-waterfront-redondo-beach-2253ac/,"211 Yacht Club Way, Redondo Beach, CA 90277-2022",Redondo Beach,CA,90277-2022,US,33.85197,-118.39757,+13037402267,http://nationalatthewaterfront.redondobeach.california.us.mymotels.com,hotel,40.2,settled-1.1-facts,2026-10-04,3,overture-places@2026-09-23.1,cdla-permissive-2.0
ov:226df66e-91b4-42c0-8a96-da111c7a2a9c,Bell Gardens Inn,https://journeyed.org/hotel/bell-gardens-inn-bell-gardens-226df6/,"6328 Eastern Ave, Bell Gardens, CA 90201",Bell Gardens,CA,90201,US,33.9764832,-118.163306,+13232281322,http://motel6.com,hotel,40.1,settled-1.1-facts,2026-10-04,2,overture-places@2026-09-23.1,cdla-permissive-2.0
ov:2293fd89-40c7-4a9f-b66b-67c870b79269,Rodeway Inn near Venice Beach,https://journeyed.org/hotel/rodeway-inn-near-venice-beach-los-angeles-2293fd/,"11933 W Washington Blvd, Los Angeles, CA 90066",Los Angeles,CA,90066,US,33.997989,-118.420661,+13103981651,https://www.choicehotels.com/california/los-angeles/rodeway-inn-hotels/ca323?mc=llbillpx&pmf=local,resort,39.2,settled-1.1-facts,2026-10-04,4,overture-places@2026-09-23.1,cdla-permissive-2.0
ov:22b71637-a400-4aa4-8ec9-66aea98b64c7,Monterey Motel,https://journeyed.org/hotel/monterey-motel-long-beach-22b716/,"1777 Cherry Ave, Long Beach, CA 90813",Long Beach,CA,90813,US,33.7894609,-118.167799,+15624890199,http://www.montereymotellongbeach.com/,motel,58,settled-1.1-facts,2026-10-04,23,overture-places@2026-09-23.1,cdla-permissive-2.0
ov:22c4fd30-2e36-4bcb-b7d3-c25e874c9bd5,Los Feliz Hotel,https://journeyed.org/hotel/los-feliz-hotel-los-angeles-22c4fd/,"3101 Los Feliz Blvd, Los Angeles, CA 90039-1506",Los Angeles,CA,90039-1506,US,34.1246863,-118.2668939,+13236672567,,motel,27.3,settled-1.1-facts,2026-10-04,4,overture-places@2026-09-23.1,cdla-permissive-2.0
ov:22dbb966-3fa7-4b9c-b42d-c7a5cd09f741,Mayumi,https://journeyed.org/hotel/mayumi-culver-city-22dbb9/,"5630 Sawtelle Blvd, Culver City, CA 90230",Culver City,CA,90230,US,33.9949771,-118.3943135,+13103130000,http://www.themayumi.com/,hostel,38.8,settled-1.1-facts,2026-10-04,5,overture-places@2026-09-23.1,cdla-permissive-2.0
ov:22f63972-d648-419b-925c-9db6ed19c17e,WoodSpring Suites Bellflower - Los Angeles,https://journeyed.org/hotel/woodspring-suites-bellflower-los-angeles-bellflower-22f639/,"8827 Artesia Blvd, Bellflower, CA 90706",Bellflower,CA,90706,US,33.8747572,-118.1442936,+15622682738,https://www.woodspring.com/extended-stay-hotels/locations/california/bellflower/woodspring-suites-bellflower-los-angeles,resort,68.1,settled-1.1-facts,2026-10-04,49,overture-places@2026-09-23.1,cdla-permissive-2.0
ov:232edf82-b508-440d-b3dd-f278fa8c1a56,Ocean Front Vortex Female Hostel,https://journeyed.org/hotel/ocean-front-vortex-female-hostel-venice-232edf/,"1909 Ocean Front Walk, Venice, CA 90291",Venice,CA,90291,US,33.9851377,-118.4719384,+13105785655,,hostel,29.2,settled-1.1-facts,2026-10-04,10,overture-places@2026-09-23.1,cdla-permissive-2.0
ov:2338f14f-6b9d-4e7c-b693-523b946e61ff,Cornett Motel,https://journeyed.org/hotel/cornett-motel-los-angeles-2338f1/,"6345 Crenshaw Blvd, Los Angeles, CA 90043",Los Angeles,CA,90043,US,33.9818993,-118.3311083,+13237513227,,motel,27.2,settled-1.1-facts,2026-10-04,4,overture-places@2026-09-23.1,cdla-permissive-2.0
ov:235165a3-7a2d-496a-bc5e-0b2af80e6cd0,DTLA Hotel,https://journeyed.org/hotel/dtla-hotel-los-angeles-235165/,"1123 W 7th St, Los Angeles, CA 90017",Los Angeles,CA,90017,US,34.0512419,-118.264855,+12136248900,http://DTLAhotel.com/,hotel,40.6,settled-1.1-facts,2026-10-04,17,overture-places@2026-09-23.1,cdla-permissive-2.0
ov:2358797e-62ac-425e-acb5-32217747e5a9,Ramada by Wyndham Pasadena,https://journeyed.org/hotel/ramada-by-wyndham-pasadena-pasadena-235879/,"2156 E Colorado Blvd, Pasadena, CA 91107",Pasadena,CA,91107,US,34.1457717,-118.1058258,+16267880325,https://www.wyndhamhotels.com/ramada/pasadena-california/ramada-pasadena/overview?CID=LC%3ARA%3A%3AFACEBOOK%3ARIO%3ARegional%3A24833,hotel,44.4,settled-1.1-facts,2026-10-04,12,overture-places@2026-09-23.1,cdla-permissive-2.0
ov:236079cc-4059-44ff-8e25-7b5140534a46,Ritz Carlton,https://journeyed.org/hotel/ritz-carlton-laguna-niguel-236079/,"Vista Plaza Dr, Laguna Niguel, CA 92677",Laguna Niguel,CA,92677,US,33.53393,-117.69599,+19492402000,http://www.ritzcarlton.com/en/Properties/LagunaNiguel,hotel,24.9,settled-1.1-facts,2026-10-04,0,overture-places@2026-09-23.1,cdla-permissive-2.0
ov:23ca84dd-a11b-412c-bca4-b02e347d48ea,The Ritz-Carlton,https://journeyed.org/hotel/the-ritz-carlton-culver-city-23ca84/,"9622 Venice Blvd, Culver City, CA 90232",Culver City,CA,90232,US,34.0244134,-118.3963613,+16175747100,http://www.ritzcarlton.com/en/Default.htm,hotel,41.1,settled-1.1-facts,2026-10-04,1,overture-places@2026-09-23.1,cdla-permissive-2.0
ov:23fc6e4d-427c-4863-91ba-312568cc4d37,Anaheim Park Hotel,https://journeyed.org/hotel/anaheim-park-hotel-fullerton-23fc6e/,"222 W Houston Ave, Fullerton, CA 92832-3453",Fullerton,CA,92832-3453,US,33.854833,-117.926207,+17149921700,,hotel,28.1,settled-1.1-facts,2026-10-04,3,overture-places@2026-09-23.1,cdla-permissive-2.0
ov:24217348-68f9-4eac-b3cf-2b54f7d86fd0,La Jolla Hotel,https://journeyed.org/hotel/la-jolla-hotel-los-angeles-242173/,"721 E 6th St, Los Angeles, CA 90021-1032",Los Angeles,CA,90021-1032,US,34.04108,-118.242794,+12132299674,http://visit-san-diego.com,hotel,40.3,settled-1.1-facts,2026-10-04,12,overture-places@2026-09-23.1,cdla-permissive-2.0
ov:242ca796-1a7e-4963-a108-6484e0eb7f7b,Sunset Motel,https://journeyed.org/hotel/sunset-motel-pomona-242ca7/,"1183 E Mission Blvd, Pomona, CA 91766",Pomona,CA,91766,US,34.0563018,-117.7331807,,https://www.sunsetmotelpomona.com,motel,29.9,settled-1.1-facts,2026-10-04,1,overture-places@2026-09-23.1,cdla-permissive-2.0
ov:24388781-641b-436f-a600-3ba06288c899,Hollywood Delux Inn,https://journeyed.org/hotel/hollywood-delux-inn-los-angeles-243887/,"355 S Alvarado St, Los Angeles, CA 90057",Los Angeles,CA,90057,US,34.0617022,-118.2738114,+12134841883,https://hollywood-delux-inn.hub.biz,hotel,39.5,settled-1.1-facts,2026-10-04,14,overture-places@2026-09-23.1,cdla-permissive-2.0
ov:24491eca-2580-4b23-bfb4-cd44dca2ff2f,Seoul Palace Hotel,https://journeyed.org/hotel/seoul-palace-hotel-los-angeles-24491e/,"620 S Harvard Blvd, Los Angeles, CA 90005-2510",Los Angeles,CA,90005-2510,US,34.062821,-118.304055,,,lodging,19.7,settled-1.1-facts,2026-10-04,3,overture-places@2026-09-23.1,cdla-permissive-2.0
ov:24617eb5-d82a-4602-b0d7-89b794a02b3c,Courtyard Chino Hills,https://journeyed.org/hotel/courtyard-chino-hills-chino-hills-24617e/,"15433 Fairfield Ranch Road, Chino Hills, CA 91709",Chino Hills,CA,91709,US,33.9702433,-117.6904777,+19096065995,https://www.marriott.com/en-us/hotels/ontcc-courtyard-chino-hills/overview/?scid=cf432f1f-54d2-411a-89ce-225188630324,hotel,37,settled-1.1-facts,2026-10-04,0,overture-places@2026-09-23.1,cdla-permissive-2.0
ov:246a716f-41ce-4d34-8560-914ae7e080e8,Cajun Inn Motel,https://journeyed.org/hotel/cajun-inn-motel-malibu-246a71/,"21361 Pacific Coast Hwy, Malibu, CA 90265-5234",Malibu,CA,90265-5234,US,34.037964,-118.640121,+19854755677,,hotel,26.7,settled-1.1-facts,2026-10-04,0,overture-places@2026-09-23.1,cdla-permissive-2.0
ov:249c5948-f083-4314-8dde-41d2d7a10de3,Hollywood Inn Express South,https://journeyed.org/hotel/hollywood-inn-express-south-los-angeles-249c59/,"141 N Alvarado St, Los Angeles, CA 90026-5302",Los Angeles,CA,90026-5302,US,34.068134,-118.270405,+12134136699,https://hollywoodinnexpresssouth.com,motel,59.3,settled-1.1-facts,2026-10-04,58,overture-places@2026-09-23.1,cdla-permissive-2.0
ov:24a3d8a7-4425-4708-ba52-31e681a19db1,Tahiti Inn,https://journeyed.org/hotel/tahiti-inn-costa-mesa-24a3d8/,"450 Victoria St, Costa Mesa, CA 92627",Costa Mesa,CA,92627,US,33.6535247,-117.9179727,+19495482129,http://www.tahitiinn.com,motel,39.8,settled-1.1-facts,2026-10-04,1,overture-places@2026-09-23.1,cdla-permissive-2.0
ov:24c63517-f89b-4a02-9e19-af4cb2b5bf41,Kearney Motel,https://journeyed.org/hotel/kearney-motel-long-beach-24c635/,"1641 W Parade St, Long Beach, CA 90810-4036",Long Beach,CA,90810-4036,US,33.7911571,-118.2147412,+15624361559,,motel,26.8,settled-1.1-facts,2026-10-04,0,overture-places@2026-09-23.1,cdla-permissive-2.0
ov:24f1d268-39c7-427d-9219-d745a2677b1a,Grand Vista Hotel,https://journeyed.org/hotel/grand-vista-hotel-simi-valley-24f1d2/,"999 Enchanted Way, Simi Valley, CA 93065",Simi Valley,CA,93065,US,34.283607,-118.781188,+18055832000,http://grandvista-simivalley.hotelsone.com/,hotel,28.8,settled-1.1-facts,2026-10-04,0,overture-places@2026-09-23.1,cdla-permissive-2.0
ov:2513287d-aea7-468f-b52e-2b429dd6f970,Motel 6,https://journeyed.org/hotel/motel-6-thousand-oaks-251328/,"1516 Newbury Rd, Thousand Oaks, CA 91320",Thousand Oaks,CA,91320,US,34.1829644,-118.91294,+13126101015,http://www.motel6.com/,motel,34.9,settled-1.1-facts,2026-10-04,0,overture-places@2026-09-23.1,cdla-permissive-2.0
ov:252be2d6-4951-4571-8c26-dbb2a36063e9,Damal Hotel Hargeisa,https://journeyed.org/hotel/damal-hotel-hargeisa-anaheim-252be2/,"1515 N Jefferson St, Anaheim, CA 92807-1634",Anaheim,CA,92807-1634,US,33.86764,-117.83794,+17149932110,https://www.damalhotel.com/,hotel,34.4,settled-1.1-facts,2026-10-04,0,overture-places@2026-09-23.1,cdla-permissive-2.0
ov:253e01b4-7be7-4402-8c56-2186cf011bff,Camino Palms,https://journeyed.org/hotel/camino-palms-gardena-253e01/,"15601 Crenshaw Blvd, Gardena, CA 90249",Gardena,CA,90249,US,33.8889532,-118.3273387,+13106755444,http://www.mbamgmt.com,motel,38.5,settled-1.1-facts,2026-10-04,0,overture-places@2026-09-23.1,cdla-permissive-2.0
ov:254eb2af-665d-4ada-8932-03cef5432d47,DoubleTree by Hilton Hotel Carson,https://journeyed.org/hotel/doubletree-by-hilton-hotel-carson-carson-254eb2/,"2 Civic Plaza Dr, Carson, CA 90745",Carson,CA,90745,US,33.8323691,-118.2588006,+13108309200,http://carson.doubletree.com/,hotel,40.9,settled-1.1-facts,2026-10-04,1,overture-places@2026-09-23.1,cdla-permissive-2.0
ov:25521956-d669-45c1-b9d8-35580c1e188b,Dunes Inn,https://journeyed.org/hotel/dunes-inn-los-angeles-255219/,"5625 W Sunset Blvd, Los Angeles, CA 90028-8523",Los Angeles,CA,90028-8523,US,34.0983119,-118.3122057,+13234675171,http://www.dunesinnsunset.com/,hotel,69.3,settled-1.1-facts,2026-10-04,68,overture-places@2026-09-23.1,cdla-permissive-2.0
ov:25540243-e0a4-4474-8155-d22de41f5fe2,Kimpton Shorebreak Resort,https://journeyed.org/hotel/kimpton-shorebreak-resort-huntington-beach-255402/,"500 Pacific Coast Hwy, Huntington Beach, CA 92648",Huntington Beach,CA,92648,US,33.6580842,-118.0027063,+17148614470,https://www.shorebreakhotel.com/,resort,55.6,settled-1.1-facts,2026-10-04,15,overture-places@2026-09-23.1,cdla-permissive-2.0
ov:25540ed8-b40e-4867-925b-0c27bc675347,Saddleback Lodge,https://journeyed.org/hotel/saddleback-lodge-santa-ana-25540e/,"1655 E 1st St, Santa Ana, CA 92701-6316",Santa Ana,CA,92701-6316,US,33.7457225,-117.8443032,+17148354222,https://www.saddlebackliquor.com,hotel,39.9,settled-1.1-facts,2026-10-04,2,overture-places@2026-09-23.1,cdla-permissive-2.0
ov:2565a01d-ffd3-48cc-a1f8-8dbf42284f2c,Sava.net,https://journeyed.org/hotel/sava-net-van-nuys-2565a0/,"5324 Kester Ave, Van Nuys, CA 91411-4055",Van Nuys,CA,91411-4055,US,34.167508,-118.457064,+18183851239,http://sava.net,bed_and_breakfast,39.6,settled-1.1-facts,2026-10-04,2,overture-places@2026-09-23.1,cdla-permissive-2.0
ov:2566b9a7-b8c5-4c6e-a071-480065193f9c,Top Hat Motel,https://journeyed.org/hotel/top-hat-motel-los-angeles-2566b9/,"7517 S San Pedro St, Los Angeles, CA 90003-2311",Los Angeles,CA,90003-2311,US,33.9716266,-118.2697153,+13237531661,https://www.booking.com/hotel/us/top-hat.html,motel,25.2,settled-1.1-facts,2026-10-04,0,overture-places@2026-09-23.1,cdla-permissive-2.0
ov:259f6712-c1a9-46d1-8c44-4e93cf38f817,Hanjin Resort & Spa,https://journeyed.org/hotel/hanjin-resort-and-spa-long-beach-259f67/,"Long Beach, CA",Long Beach,CA,,US,33.7586559,-118.2247078,,http://www.longbay.com/spa.htm,hotel,23.7,settled-1.1-facts,2026-10-04,2,overture-places@2026-09-23.1,cdla-permissive-2.0
ov:25ce1922-76c8-47e5-bf34-c8ec39934eb3,Motel 6,https://journeyed.org/hotel/motel-6-long-beach-25ce19/,"1121 E Pacific Coast Hwy, Long Beach, CA 90806",Long Beach,CA,90806,US,33.7900896,-118.1779367,+15625913321,https://www.nowcfo.com/locations/long-beach/,motel,39,settled-1.1-facts,2026-10-04,3,overture-places@2026-09-23.1,cdla-permissive-2.0
ov:25ce1b7e-65d7-44b1-a345-f587ea3e75d1,Sherwood Motel,https://journeyed.org/hotel/sherwood-motel-palmdale-25ce1b/,"1331 E Palmdale Blvd, Palmdale, CA 93550",Palmdale,CA,93550,US,34.5798969,-118.1042832,+16619472309,https://sherwoodmotel.webs.com,motel,26.5,settled-1.1-facts,2026-10-04,0,overture-places@2026-09-23.1,cdla-permissive-2.0
ov:25f48734-bb5f-4267-a2a2-b3ef3c864cac,AC Hotel Downtown Los Angeles,https://journeyed.org/hotel/ac-hotel-downtown-los-angeles-los-angeles-25f487/,"1260 S Figueroa St, Los Angeles, CA 90015",Los Angeles,CA,90015,US,34.0406274,-118.26742,+12133852225,https://www.marriott.com/en-us/hotels/laxav-ac-hotel-downtown-los-angeles/overview/,hotel,41.3,settled-1.1-facts,2026-10-04,16,overture-places@2026-09-23.1,cdla-permissive-2.0
ov:260deb30-5801-48ba-813b-8838bfd1fad1,SureStay,https://journeyed.org/hotel/surestay-santa-monica-260deb/,"3102 Pico Blvd, Santa Monica, CA 90405-2006",Santa Monica,CA,90405-2006,US,34.0256969,-118.4571561,+13104505766,https://www.bestwestern.com/en_US/book/hotel-rooms.52047.html?iata=90000018&ssob=BLSSH0003G&cid=BLSSH0003G%3Ayext%3Awebsite%3A52047,hotel,38.5,settled-1.1-facts,2026-10-04,3,overture-places@2026-09-23.1,cdla-permissive-2.0
ov:265277e8-262c-4bab-a2aa-e02e6db7b713,Jamaica Bay Inn,https://journeyed.org/hotel/jamaica-bay-inn-marina-del-rey-265277/,"4175 Admiralty Way, Marina del Rey, CA 90292",Marina del Rey,CA,90292,US,33.9825423,-118.4577229,+13108235333,https://bit.ly/jamaicabayinn-fb,hotel,40.5,settled-1.1-facts,2026-10-04,10,overture-places@2026-09-23.1,cdla-permissive-2.0
ov:266da73f-fe1c-460f-8c3f-c876e67f07c3,The Hotel Huntington Beach,https://journeyed.org/hotel/the-hotel-huntington-beach-huntington-beach-266da7/,"7667 Center Ave, Huntington Beach, CA 92647",Huntington Beach,CA,92647,US,33.7343009,-117.9954235,+17148910123,http://www.hotelhb.com/,hotel,53.5,settled-1.1-facts,2026-10-04,40,overture-places@2026-09-23.1,cdla-permissive-2.0
ov:26b6be17-3f96-4d0d-9d1d-e7f6653f5d82,Travelodge by Wyndham Harbor City,https://journeyed.org/hotel/travelodge-by-wyndham-harbor-city-harbor-city-26b6be/,"1440 Pacific Coast Hwy, Harbor City, CA 90710",Harbor City,CA,90710,US,33.7894501,-118.3025381,+13109862002,https://www.wyndhamhotels.com/travelodge/harbor-city-california/travelodge-harbor-city/overview,resort,36.5,settled-1.1-facts,2026-10-04,7,overture-places@2026-09-23.1,cdla-permissive-2.0
ov:26c390c8-7a51-436c-8e8a-06dd6b2b0d01,Hilton Long Beach,https://journeyed.org/hotel/hilton-long-beach-long-beach-26c390/,"701 W Ocean Blvd, Long Beach, CA 90831",Long Beach,CA,90831,US,33.7679146,-118.2013724,+15629833400,http://WWW.HILTONLB.COM/,hotel,40.6,settled-1.1-facts,2026-10-04,3,overture-places@2026-09-23.1,cdla-permissive-2.0
ov:26f22a8f-b4e6-421a-88b9-f105cfec7c73,Palm Motel - Rosemead,https://journeyed.org/hotel/palm-motel-rosemead-rosemead-26f22a/,"8463 Garvey Ave, Rosemead, CA 91770",Rosemead,CA,91770,US,34.0630145,-118.0842305,+16265715555,https://palminnmotelrosemead.com/,motel,52,settled-1.1-facts,2026-10-04,33,overture-places@2026-09-23.1,cdla-permissive-2.0
ov:27381818-5237-44e1-8af2-e62c3f79d49a,Venice Beach Waldorf,https://journeyed.org/hotel/venice-beach-waldorf-venice-273818/,"5 Westminster Ave Unit 118, Venice, CA 90291",Venice,CA,90291,US,33.9887283,-118.4748592,+13105662222,http://www.venicebeachwaldorf.com,hotel,40.5,settled-1.1-facts,2026-10-04,11,overture-places@2026-09-23.1,cdla-permissive-2.0
ov:273dd0c5-2d6d-4b3b-b64f-e3bf5d178000,Mari Los Angeles,https://journeyed.org/hotel/mari-los-angeles-los-angeles-273dd0/,"2151 Avenue Of The Stars, Los Angeles, CA 90067",Los Angeles,CA,90067,US,34.054106,-118.412327,+13102846536,http://www.marilosangeles.com/,resort,41.1,settled-1.1-facts,2026-10-04,3,overture-places@2026-09-23.1,cdla-permissive-2.0
ov:278e2d6d-ad45-4f7d-a550-0b992c068171,Lido Hotel,https://journeyed.org/hotel/lido-hotel-huntington-park-278e2d/,"6523 Santa Fe Ave, Huntington Park, CA 90255",Huntington Park,CA,90255,US,33.9802656,-118.2305635,+13235833652,https://www.lido-hotels.com/#/,motel,35.4,settled-1.1-facts,2026-10-04,0,overture-places@2026-09-23.1,cdla-permissive-2.0
ov:279f06a9-4ce7-49be-b822-5babb8719615,Motel 6,https://journeyed.org/hotel/motel-6-san-dimas-279f06/,"502 W Arrow Hwy, San Dimas, CA 91773",San Dimas,CA,91773,US,34.1034433,-117.8173375,+19095925631,http://www.motel6.com/,motel,35.1,settled-1.1-facts,2026-10-04,0,overture-places@2026-09-23.1,cdla-permissive-2.0
ov:27ea0614-67e4-4a1a-94c4-12cf6fbfb5b3,Grand Motel,https://journeyed.org/hotel/grand-motel-south-gate-27ea06/,"8944 Atlantic Ave, South Gate, CA 90280",South Gate,CA,90280,US,33.9507382,-118.1823403,+13233745966,,motel,26.5,settled-1.1-facts,2026-10-04,0,overture-places@2026-09-23.1,cdla-permissive-2.0
ov:27ed5206-2bb4-4421-9afc-f7c7f43527aa,Travelodge,https://journeyed.org/hotel/travelodge-buena-park-27ed52/,"6532 Auto Center Dr, Buena Park, CA 90621",Buena Park,CA,90621,US,33.8660031,-117.9946675,+17145760659,https://www.wyndhamhotels.com/en-ca/travelodge/buena-park-california/travelodge-buena-park/overview,hotel,50.7,settled-1.1-facts,2026-10-04,20,overture-places@2026-09-23.1,cdla-permissive-2.0
ov:283bfb10-0d7e-47f9-b2f2-8298bd84bdb6,Marriott,https://journeyed.org/hotel/marriott-newport-beach-283bfb/,"500 Bayview Circle, Newport Beach, CA 92660",Newport Beach,CA,92660,US,33.6538007,-117.8680732,+19498544500,https://www.marriott.com/en-us/hotels/npbst-newport-beach-marriott-bayview/overview/?scid=d2406702-e8ea-4b45-bb9b-69cddaaef03d,hotel,39.2,settled-1.1-facts,2026-10-04,1,overture-places@2026-09-23.1,cdla-permissive-2.0
ov:284521ff-a488-483e-abf1-a365cc7b2eb9,El Grande Motel,https://journeyed.org/hotel/el-grande-motel-south-gate-284521/,"3911 Firestone Blvd, South Gate, CA 90280-3135",South Gate,CA,90280-3135,US,33.9539924,-118.2010603,+13235671642,,motel,25.2,settled-1.1-facts,2026-10-04,0,overture-places@2026-09-23.1,cdla-permissive-2.0
ov:284ad9e7-5c4d-40f4-a5da-efd2e7669fe7,Best Motel,https://journeyed.org/hotel/best-motel-sylmar-284ad9/,"12171 San Fernando Rd, Sylmar, CA 91342-5003",Sylmar,CA,91342-5003,US,34.291006,-118.450675,+18188330989,http://www.bestmotella.com,hotel,30.7,settled-1.1-facts,2026-10-04,0,overture-places@2026-09-23.1,cdla-permissive-2.0
ov:285817c2-1435-4d42-b5e0-d13268334a44,Kimpton La Peer West Hollywood,https://journeyed.org/hotel/kimpton-la-peer-west-hollywood-west-hollywood-285817/,"627 N La Peer Dr, West Hollywood, CA 90069-5601",West Hollywood,CA,90069-5601,US,34.0815263,-118.3868348,+12132963038,https://www.lapeerhotel.com/,hotel,55.2,settled-1.1-facts,2026-10-04,68,overture-places@2026-09-23.1,cdla-permissive-2.0
ov:28600fc0-f7f7-4e40-af1a-96a724a72d8e,Crowne Plaza Los Angeles Harbor Hotel,https://journeyed.org/hotel/crowne-plaza-los-angeles-harbor-hotel-san-pedro-28600f/,"601 S Palos Verdes St, San Pedro, CA 90731-3329",San Pedro,CA,90731-3329,US,33.7384067,-118.2818746,+13105198200,https://www.ihg.com/crowneplaza/hotels/us/en/san-pedro/laxpv/hoteldetail?cm_mmc=FacebookMaps-_-CP-_-US-_-LAXPV,hotel,40.6,settled-1.1-facts,2026-10-04,2,overture-places@2026-09-23.1,cdla-permissive-2.0
ov:28aedede-493d-4357-b6b4-f3055bfe257d,South Gate Motel,https://journeyed.org/hotel/south-gate-motel-south-gate-28aede/,"10245 Atlantic Ave, South Gate, CA 90280",South Gate,CA,90280,US,33.9381352,-118.1822544,+16268784668,,motel,25.6,settled-1.1-facts,2026-10-04,0,overture-places@2026-09-23.1,cdla-permissive-2.0
ov:28ea6f2d-e142-457c-a34b-d0467b30bbc7,Aq Hotel,https://journeyed.org/hotel/aq-hotel-rancho-palos-verdes-28ea6f/,"Rancho Palos Verdes, CA 90732",Rancho Palos Verdes,CA,90732,US,33.7485438,-118.3098339,+13108334431,,hotel,23,settled-1.1-facts,2026-10-04,2,overture-places@2026-09-23.1,cdla-permissive-2.0
ov:28fee978-f2a1-4076-9f15-1db4ae5860d1,The Avalon Hotel on Catalina Island,https://journeyed.org/hotel/the-avalon-hotel-on-catalina-island-avalon-28fee9/,"124 Whittley Ave, Avalon, CA 90704",Avalon,CA,90704,US,33.3445288,-118.3275145,+13105107070,http://www.TheAvalonHotel.com/,hotel,50.8,settled-1.1-facts,2026-10-04,0,overture-places@2026-09-23.1,cdla-permissive-2.0
ov:2925f676-36cd-49c3-9774-8100f8a3caad,Ramada Limited,https://journeyed.org/hotel/ramada-limited-redondo-beach-2925f6/,"435 S Pacific Coast Hwy, Redondo Beach, CA 90277",Redondo Beach,CA,90277,US,33.8353384,-118.3853308,+13104212194,https://www.wyndhamhotels.com/ramada/redondo-beach-california/ramada-limited-redondo-beach-ca/overview?CID=LC%3ARA%3A%3AFACEBOOK%3ARIO%3ARegional%3A13242,motel,45.6,settled-1.1-facts,2026-10-04,11,overture-places@2026-09-23.1,cdla-permissive-2.0
ov:293519d8-3fb4-429e-a016-0aa551fe9a85,Holiday Harbor Cruises,https://journeyed.org/hotel/holiday-harbor-cruises-newport-beach-293519/,"400 Main St, Newport Beach, CA 92661",Newport Beach,CA,92661,US,33.602805,-117.898884,+17146547060,,hotel,26.8,settled-1.1-facts,2026-10-04,0,overture-places@2026-09-23.1,cdla-permissive-2.0
ov:2937dc72-73bf-4ab5-95b7-04b7f45bca17,Shelaton Garden Inn,https://journeyed.org/hotel/shelaton-garden-inn-el-segundo-2937dc/,"200 E Mariposa Ave, El Segundo, CA 90245-3007",El Segundo,CA,90245-3007,US,33.92357,-118.41471,+13105243824,http://hiltongardeninn3.hilton.com/en/hotels/california/hilton-garden-inn-lax-el-segundo-LAXAGGI/index.html,hotel,41.2,settled-1.1-facts,2026-10-04,5,overture-places@2026-09-23.1,cdla-permissive-2.0
ov:2939aec1-616f-434d-b232-80503cc8df49,The Old Turner Inn,https://journeyed.org/hotel/the-old-turner-inn-avalon-2939ae/,"232 Catalina Ave, Avalon, CA 90704",Avalon,CA,90704,US,33.3418889,-118.3265274,+13105102236,http://www.theoldturnerinn.com/,bed_and_breakfast,31.3,settled-1.1-facts,2026-10-04,0,overture-places@2026-09-23.1,cdla-permissive-2.0
ov:293d04b9-7514-4c17-ac2f-e1657adad1ba,Anaheim Maingate Inn,https://journeyed.org/hotel/anaheim-maingate-inn-anaheim-293d04/,"1211 S West Pl, Anaheim, CA 92802",Anaheim,CA,92802,US,33.8322983,-117.9054565,+17145332500,http://www.anaheimmaingateinn.com/,resort,39.2,settled-1.1-facts,2026-10-04,7,overture-places@2026-09-23.1,cdla-permissive-2.0
ov:2950b799-5296-4b92-bec1-9a126f8c3758,Granada Inn,https://journeyed.org/hotel/granada-inn-granada-hills-2950b7/,"15543 Rinaldi St, Granada Hills, CA 91344-4352",Granada Hills,CA,91344-4352,US,34.2793734,-118.4707059,+18183665901,https://www.granadahillsinn.com/,inn,31.7,settled-1.1-facts,2026-10-04,0,overture-places@2026-09-23.1,cdla-permissive-2.0
ov:295154b6-050e-43bc-a37e-f955b8e7bd6a,"The Wayfarer Downtown LA, Tapestry Collection by Hilton",https://journeyed.org/hotel/the-wayfarer-downtown-la-tapestry-collection-by-hilton-los-angeles-295154/,"813 Flower St, Los Angeles, CA 90017",Los Angeles,CA,90017,US,34.0471851,-118.2607284,+12132854400,https://www.wayfarerdtla.com/,hotel,60.2,settled-1.1-facts,2026-10-04,57,overture-places@2026-09-23.1,cdla-permissive-2.0
ov:29580206-5330-4ec5-bac6-305480dad8d2,Wellworth Plaza S,https://journeyed.org/hotel/wellworth-plaza-s-los-angeles-295802/,"10980 Wellworth Ave, Los Angeles, CA 90024-6256",Los Angeles,CA,90024-6256,US,34.056154,-118.445349,+13104799367,,hotel,28.7,settled-1.1-facts,2026-10-04,6,overture-places@2026-09-23.1,cdla-permissive-2.0
ov:296af274-492d-423e-bddb-346d024c0ee3,Starlight Inn La Brea,https://journeyed.org/hotel/starlight-inn-la-brea-los-angeles-296af2/,"1830 S La Brea Ave, Los Angeles, CA 90019",Los Angeles,CA,90019,US,34.0414263,-118.3466703,+13239328100,https://www.starlightinnlabrea.com/,hotel,39.9,settled-1.1-facts,2026-10-04,2,overture-places@2026-09-23.1,cdla-permissive-2.0
ov:296c3403-0610-44a7-a345-180d69382a47,Le Parlour Motel,https://journeyed.org/hotel/le-parlour-motel-los-angeles-296c34/,"S Figueroa St., Los Angeles, CA 90044",Los Angeles,CA,90044,US,33.9731931,-118.2823389,+13237782326,http://www.parlourmotella.us,motel,32.4,settled-1.1-facts,2026-10-04,2,overture-places@2026-09-23.1,cdla-permissive-2.0
ov:29f6ee1e-ff8b-4578-841e-cc8ed4154309,Travelodge,https://journeyed.org/hotel/travelodge-los-angeles-29f6ee/,"1401 N Vermont Ave, Los Angeles, CA 90027",Los Angeles,CA,90027,US,34.0970654,-118.2917559,+13236655735,http://www.travelodge.com/hotels/california/hollywood/travelodge-hollywood-vermont-sunset/hotel-overview?reg=Local-_-all-_-TL-_-all&cid=IP_Local&wid=local&iata=00065402,hotel,40.3,settled-1.1-facts,2026-10-04,6,overture-places@2026-09-23.1,cdla-permissive-2.0
ov:2a162c32-9d86-42bf-97cb-0a06dc6a4c0d,Best Western La Posada Motel,https://journeyed.org/hotel/best-western-la-posada-motel-fillmore-2a162c/,"827 W Ventura St, Fillmore, CA 93015-1836",Fillmore,CA,93015-1836,US,34.3964187,-118.9212005,+18055240440,https://www.bestwestern.com/en_US/book/hotel-rooms.05357.html?iata=00171890&ssob=BLBWI0003G&cid=BLBWI0003G%3Ayext%3Awebsite%3A05357,motel,26.5,settled-1.1-facts,2026-10-04,0,overture-places@2026-09-23.1,cdla-permissive-2.0
ov:2a2bdd4f-dcac-4062-8d79-00b93acc1e10,Fairfield by Marriott Inn & Suites Palmdale West,https://journeyed.org/hotel/fairfield-by-marriott-inn-and-suites-palmdale-west-palmdale-2a2bdd/,"1052 W Ave O 8, Palmdale, CA 93551",Palmdale,CA,93551,US,34.6088088,-118.1510603,+16617617800,https://www.marriott.com/en-us/hotels/wjffi-fairfield-inn-and-suites-palmdale-west/overview/?scid=d2406702-e8ea-4b45-bb9b-69cddaaef03d,hotel,26.5,settled-1.1-facts,2026-10-04,0,overture-places@2026-09-23.1,cdla-permissive-2.0
ov:2a2d6707-b457-458c-bff5-6149dbc6215b,Eagle Inn & Suites,https://journeyed.org/hotel/eagle-inn-and-suites-anaheim-2a2d67/,"2255 W Lincoln Ave, Anaheim, CA 92801-6503",Anaheim,CA,92801-6503,US,33.832967,-117.96169,+17147747774,http://www.eagleinnandsuites.com,hotel,37.9,settled-1.1-facts,2026-10-04,3,overture-places@2026-09-23.1,cdla-permissive-2.0
ov:2a2fda45-b416-4309-9248-ddc796870208,The Ivory,https://journeyed.org/hotel/the-ivory-los-angeles-2a2fda/,"457 S Mariposa Ave, Los Angeles, CA 90020",Los Angeles,CA,90020,US,34.0655644,-118.2995757,+18338448679,http://theivory.com/,hotel,79.7,settled-1.1-facts,2026-10-04,88,overture-places@2026-09-23.1,cdla-permissive-2.0
ov:2a3ed516-d58c-44ae-9c32-93eac017af1c,Bob's Motel,https://journeyed.org/hotel/bobs-motel-commerce-2a3ed5/,"2217 S Atlantic Blvd, Commerce, CA 90040",Commerce,CA,90040,US,34.0060106,-118.1636539,+13233182257,http://bobs-motel.los-angeles-metropolitan-area.com/en,motel,40.6,settled-1.1-facts,2026-10-04,1,overture-places@2026-09-23.1,cdla-permissive-2.0
ov:2a46611c-0725-4202-9b29-12adfc06c2aa,Stay on Main,https://journeyed.org/hotel/stay-on-main-los-angeles-2a4661/,"Los Angeles, CA",Los Angeles,CA,,US,34.04429,-118.2507,+12132137829,http://www.stayonmain.com,hostel,36.1,settled-1.1-facts,2026-10-04,14,overture-places@2026-09-23.1,cdla-permissive-2.0
ov:2a47667a-4e17-439d-997a-69ec0e02e5c5,Palm Motel,https://journeyed.org/hotel/palm-motel-palmdale-2a4766/,"38535 6th St E, Palmdale, CA 93550-3715",Palmdale,CA,93550-3715,US,34.5826863,-118.1190595,+16612733371,https://www.palmmotelsantamonica.com,hotel,26.5,settled-1.1-facts,2026-10-04,0,overture-places@2026-09-23.1,cdla-permissive-2.0
ov:2a4b4904-9d35-4db1-9cf0-4ea2193a5a4a,My Sunshine Hotel,https://journeyed.org/hotel/my-sunshine-hotel-los-angeles-2a4b49/,"1525 W 8th St, Los Angeles, CA 90017",Los Angeles,CA,90017,US,34.0521136,-118.2713683,+18187617617,http://www.mysunshinehotella.us,hotel,64.7,settled-1.1-facts,2026-10-04,53,overture-places@2026-09-23.1,cdla-permissive-2.0
ov:2a6acf8e-f519-4bf5-9528-3b9dd4308e63,Best Western Plus South Bay Hotel,https://journeyed.org/hotel/best-western-plus-south-bay-hotel-lawndale-2a6acf/,"15000 Hawthorne Blvd, Lawndale, CA 90260",Lawndale,CA,90260,US,33.8953076,-118.3521791,+13109730998,https://www.bestwestern.com/en_US/book/hotel-rooms.05336.html?iata=00171890&ssob=BLBWI0003G,hotel,38.1,settled-1.1-facts,2026-10-04,4,overture-places@2026-09-23.1,cdla-permissive-2.0
ov:2aa72df0-ba77-42f4-a1d6-5f2df449c34a,JJ Grand Hotel,https://journeyed.org/hotel/jj-grand-hotel-los-angeles-2aa72d/,"620 S Harvard Blvd, Los Angeles, CA 90005",Los Angeles,CA,90005,US,34.0628358,-118.3038301,+12133833000,http://www.jjgrandhotel.com,hotel,41.3,settled-1.1-facts,2026-10-04,3,overture-places@2026-09-23.1,cdla-permissive-2.0
ov:2ad5f0b5-4e53-4554-bdd1-049f0af2c972,Hotel 850 SVB,https://journeyed.org/hotel/hotel-850-svb-west-hollywood-2ad5f0/,"850 N San Vicente Blvd, West Hollywood, CA 90069",West Hollywood,CA,90069,US,34.0863335,-118.3847559,+14243138650,http://www.hotel850svb.com/,hotel,69.4,settled-1.1-facts,2026-10-04,72,overture-places@2026-09-23.1,cdla-permissive-2.0
ov:2afeddc8-0026-4ccd-8794-49e7648a4337,Duarte Inn,https://journeyed.org/hotel/duarte-inn-duarte-2afedd/,"1200 Huntington Dr, Duarte, CA 91010",Duarte,CA,91010,US,34.1392249,-117.9801752,+16263570907,http://www.accessduarte.com/ParksAndRecreation/cityfacilityrentals.asp,motel,39.4,settled-1.1-facts,2026-10-04,1,overture-places@2026-09-23.1,cdla-permissive-2.0
ov:2b1b219f-af02-4687-bd2e-91650f02152d,Pala Motel,https://journeyed.org/hotel/pala-motel-pomona-2b1b21/,"987 E Holt Ave, Pomona, CA 91767",Pomona,CA,91767,US,34.0631879,-117.7307421,+18402056651,,motel,27.8,settled-1.1-facts,2026-10-04,1,overture-places@2026-09-23.1,cdla-permissive-2.0
ov:2b2164e9-1d08-484d-ad22-65c8c919694e,Harbor Inn,https://journeyed.org/hotel/harbor-inn-wilmington-2b2164/,"716 N Flint Ave, Wilmington, CA 90744",Wilmington,CA,90744,US,33.7797091,-118.2490414,,http://harborinnseafood.com,inn,27.3,settled-1.1-facts,2026-10-04,1,overture-places@2026-09-23.1,cdla-permissive-2.0
ov:2b21bcd9-3b93-4c8a-9d57-8f770cdf65a9,Seaway Motel,https://journeyed.org/hotel/seaway-motel-los-angeles-2b21bc/,"5961 Venice Blvd., Los Angeles, CA 90034",Los Angeles,CA,90034,US,34.0387527,-118.3722186,+13239332467,http://sandersit.net,motel,38.7,settled-1.1-facts,2026-10-04,3,overture-places@2026-09-23.1,cdla-permissive-2.0
ov:2b55a2a2-7a7c-4efa-b67d-72a22730f5f1,Dresden's Bed and Breakfast,https://journeyed.org/hotel/dresdens-bed-and-breakfast-los-angeles-2b55a2/,"1623 N Sierra Bonita Ave, Los Angeles, CA 90046",Los Angeles,CA,90046,US,34.1005278,-118.3541148,+13238510924,http://dresdenbb.com/,bed_and_breakfast,40.3,settled-1.1-facts,2026-10-04,12,overture-places@2026-09-23.1,cdla-permissive-2.0
ov:2b5b797b-714c-4d49-b534-fa06fa937a22,SureStay,https://journeyed.org/hotel/surestay-buena-park-2b5b79/,"7921 Orangethorpe Ave, Buena Park, CA 90621",Buena Park,CA,90621,US,33.859525,-117.994446,+17147395885,https://www.bestwestern.com/en_US/book/hotel-rooms.52050.html?iata=90000018&ssob=BLSSH0003G&cid=BLSSH0003G%3Ayext%3Awebsite%3A52050,hotel,40.3,settled-1.1-facts,2026-10-04,2,overture-places@2026-09-23.1,cdla-permissive-2.0
ov:2bac3d96-c185-4311-9376-bd492ab404b5,Embassy Suites by Hilton Anaheim North,https://journeyed.org/hotel/embassy-suites-by-hilton-anaheim-north-anaheim-2bac3d/,"3100 E Frontera St, Anaheim, CA 92806",Anaheim,CA,92806,US,33.8469778,-117.8524855,+16574390060,https://www.hilton.com/en/hotels/laxanes-embassy-suites-anaheim-north/,hotel,36.9,settled-1.1-facts,2026-10-04,0,overture-places@2026-09-23.1,cdla-permissive-2.0
ov:2bada738-80e7-4e68-969b-2e4a7151ed5e,Bed and Breakfast Craftsman House,https://journeyed.org/hotel/bed-and-breakfast-craftsman-house-culver-city-2bada7/,"8956 Carson St, Culver City, CA 90232",Culver City,CA,90232,US,34.0238983,-118.3864081,+13108363877,http://luubnb.webs.com,bed_and_breakfast,40.6,settled-1.1-facts,2026-10-04,1,overture-places@2026-09-23.1,cdla-permissive-2.0
ov:2c284f79-a2cd-4d6b-bb4a-bfb120e7ce55,Sea Bright Motel,https://journeyed.org/hotel/sea-bright-motel-long-beach-2c284f/,"1840 W Pacific Coast Hwy, Long Beach, CA 90810",Long Beach,CA,90810,US,33.7896666,-118.217425,+15624375083,http://www.seabreezemotel.hotelalphastar.com,motel,38.4,settled-1.1-facts,2026-10-04,0,overture-places@2026-09-23.1,cdla-permissive-2.0
ov:2c5229e8-f71f-4a21-aae6-b225a8ddb6e0,Colony Inn,https://journeyed.org/hotel/colony-inn-north-hollywood-2c5229/,"4917 Vineland Ave, North Hollywood, CA 91601-5647",North Hollywood,CA,91601-5647,US,34.1599241,-118.3708969,+18187632787,http://www.colonyinn.com/,hotel,70,settled-1.1-facts,2026-10-04,54,overture-places@2026-09-23.1,cdla-permissive-2.0
ov:2c86b864-0645-496c-bb84-c634bb29c3a9,Stardust Motel,https://journeyed.org/hotel/stardust-motel-pomona-2c86b8/,"433 E Foothill Blvd, Pomona, CA 91767",Pomona,CA,91767,US,34.1077802,-117.7411169,+19096242896,http://www.stardustmotelyukon.com,motel,36,settled-1.1-facts,2026-10-04,0,overture-places@2026-09-23.1,cdla-permissive-2.0
ov:2c9c6d33-3f59-4482-8b77-a2a407ba9046,Newport Channel Inn,https://journeyed.org/hotel/newport-channel-inn-newport-beach-2c9c6d/,"6030 West Coast Hwy, Newport Beach, CA 92663",Newport Beach,CA,92663,US,33.6260329,-117.9481255,+19496423030,http://www.newportchannelinn.com,inn,63.9,settled-1.1-facts,2026-10-04,17,overture-places@2026-09-23.1,cdla-permissive-2.0
ov:2cbf30c7-28b1-4a64-8181-50adf1f8e506,Home2 Suites by Hilton Woodland Hills Los Angeles,https://journeyed.org/hotel/home2-suites-by-hilton-woodland-hills-los-angeles-woodland-hills-2cbf30/,"21110 Oxnard St, Woodland Hills, CA 91367",Woodland Hills,CA,91367,US,34.1788547,-118.5933249,+18186101250,https://www.hilton.com/en/hotels/laxwwht-home2-suites-woodland-hills-los-angeles/,hotel,39.9,settled-1.1-facts,2026-10-04,1,overture-places@2026-09-23.1,cdla-permissive-2.0
ov:2cbf8958-fb39-41ea-aed6-5154875735a3,Prince Inn Motel,https://journeyed.org/hotel/prince-inn-motel-la-puente-2cbf89/,"830 Puente Ave, La Puente, CA 91746",La Puente,CA,91746,US,34.0548658,-117.9772354,+16268141491,http://www.princeinn.com,motel,37.9,settled-1.1-facts,2026-10-04,0,overture-places@2026-09-23.1,cdla-permissive-2.0
ov:2cc73ad7-f63d-47e6-834f-f6dd956a2140,Fairfield,https://journeyed.org/hotel/fairfield-los-alamitos-2cc73a/,"10650 Los Alamitos Blvd, Los Alamitos, CA 90720",Los Alamitos,CA,90720,US,33.80814,-118.070745,+15629992446,https://www.marriott.com/en-us/hotels/snafa-fairfield-inn-and-suites-anaheim-los-alamitos/overview/?scid=d2406702-e8ea-4b45-bb9b-69cddaaef03d,hotel,38.3,settled-1.1-facts,2026-10-04,0,overture-places@2026-09-23.1,cdla-permissive-2.0
ov:2ccc8d43-916c-401b-9650-c0d872984099,Kins Hotel,https://journeyed.org/hotel/kins-hotel-los-angeles-2ccc8d/,"3434 W 6th St, Los Angeles, CA 90020",Los Angeles,CA,90020,US,34.0633745,-118.2963556,+12133155505,http://www.thekinshotel.com/,hotel,55.2,settled-1.1-facts,2026-10-04,50,overture-places@2026-09-23.1,cdla-permissive-2.0
ov:2ccce533-b872-4406-9d28-8dbebdce30fa,Los Angeles Airport Marriott,https://journeyed.org/hotel/los-angeles-airport-marriott-los-angeles-2ccce5/,"5855 W Century Blvd, Los Angeles, CA 90045",Los Angeles,CA,90045,US,33.9461523,-118.3844361,+13106415700,https://www.marriott.com/en-us/hotels/laxap-los-angeles-airport-marriott/overview/?scid=d2406702-e8ea-4b45-bb9b-69cddaaef03d,hotel,39.5,settled-1.1-facts,2026-10-04,8,overture-places@2026-09-23.1,cdla-permissive-2.0
ov:2ce6ef19-1ad9-4827-870d-5b6bd97a690d,DoubleTree by Hilton Hotel Los Angeles - Commerce,https://journeyed.org/hotel/doubletree-by-hilton-hotel-los-angeles-commerce-commerce-2ce6ef/,"5757 Telegraph Rd, Commerce, CA 90040",Commerce,CA,90040,US,34.0038701,-118.1506652,+13238878100,http://doubletree1.hilton.com/en_US/dt/hotel/BWICHDT-DoubleTree-by-Hilton-Hotel-Columbia-Maryland/index.do,hotel,41.2,settled-1.1-facts,2026-10-04,1,overture-places@2026-09-23.1,cdla-permissive-2.0
ov:2ce77800-cb53-4f18-9bfb-0a5f70300328,Catalina Beach House Hotel,https://journeyed.org/hotel/catalina-beach-house-hotel-avalon-ca-2ce778/,"200 Marilla Avenue, Avalon, CA, CA 90704","Avalon, CA",CA,90704,US,33.344818,-118.3287782,+13105101078,http://www.catalinabeachhousehotel.com,hotel,26.5,settled-1.1-facts,2026-10-04,0,overture-places@2026-09-23.1,cdla-permissive-2.0
ov:2d2026d0-856c-49b9-8ba7-795e2cb67c52,"The Ritz-Carlton, Los Angeles",https://journeyed.org/hotel/the-ritz-carlton-los-angeles-los-angeles-2d2026/,"900 W Olympic Blvd, Los Angeles, CA 90015",Los Angeles,CA,90015,US,34.0453033,-118.2667065,+12137438800,https://www.ritzcarlton.com/,hotel,41.2,settled-1.1-facts,2026-10-04,17,overture-places@2026-09-23.1,cdla-permissive-2.0
ov:2d494aa8-6c0a-4924-8da8-df51469ff1c0,Cloud 9 Motel,https://journeyed.org/hotel/cloud-9-motel-cypress-2d494a/,"5682 Lincoln Ave, Cypress, CA 90630",Cypress,CA,90630,US,33.8314024,-118.0336134,+17148275610,http://cloud9motel.com,motel,40.6,settled-1.1-facts,2026-10-04,2,overture-places@2026-09-23.1,cdla-permissive-2.0
ov:2d4ed7d3-e1bc-4afa-a44d-a91f255e2d7b,Comfort Suites Near City of Industry - Los Angeles,https://journeyed.org/hotel/comfort-suites-near-city-of-industry-los-angeles-la-puente-2d4ed7/,"753 Glendora Ave, La Puente, CA 91744",La Puente,CA,91744,US,34.0325633,-117.9506618,+16263300030,http://comfortsuiteslapuente.com/contact/,hotel,39.8,settled-1.1-facts,2026-10-04,1,overture-places@2026-09-23.1,cdla-permissive-2.0
ov:2d588c64-9aff-4f93-b7e4-c0d7fdea731f,Claremont West Suites,https://journeyed.org/hotel/claremont-west-suites-pomona-2d588c/,"475 E Foothill Blvd, Pomona, CA 91767-1217",Pomona,CA,91767-1217,US,34.107694,-117.740649,,,hotel,14.4,settled-1.1-facts,2026-10-04,0,overture-places@2026-09-23.1,cdla-permissive-2.0
ov:2dacdafe-2ad8-44c7-9734-47a8348abd7f,Stallion Motel,https://journeyed.org/hotel/stallion-motel-los-angeles-2dacda/,"4415 Arlington Ave  # 1407, Los Angeles, CA 90043-1407",Los Angeles,CA,90043-1407,US,34.00342,-118.318349,+13232981570,https://stallionmotel-losangeles.us,motel,46.4,settled-1.1-facts,2026-10-04,17,overture-places@2026-09-23.1,cdla-permissive-2.0
ov:2dd367fe-9d15-4c44-8bcc-d7f2e27c428f,Le Rendezvous Motel,https://journeyed.org/hotel/le-rendezvous-motel-los-angeles-2dd367/,"6501 Sepulveda Boulevard Van Nuys CA 91411-1325, Los Angeles, CA 91406",Los Angeles,CA,91406,US,34.1886206,-118.4665754,+18187861564,http://lerendezvousmotel.placeweb.site,motel,39.9,settled-1.1-facts,2026-10-04,1,overture-places@2026-09-23.1,cdla-permissive-2.0
ov:2e09ddc1-e549-43b1-bfb2-9a7fa2507042,Palos Verdes Inn Hotel,https://journeyed.org/hotel/palos-verdes-inn-hotel-san-pedro-2e09dd/,"1001 S Palos Verdes St, San Pedro, CA 90731",San Pedro,CA,90731,US,33.7349533,-118.2815444,+13108326400,http://palosverdesinn.com,hostel,40.5,settled-1.1-facts,2026-10-04,2,overture-places@2026-09-23.1,cdla-permissive-2.0
ov:2e1b6bb7-0a5c-45cc-b7b5-86d941bcbee4,Villa Motel,https://journeyed.org/hotel/villa-motel-south-gate-2e1b6b/,"8967 Atlantic Ave, South Gate, CA 90280-3504",South Gate,CA,90280-3504,US,33.949864,-118.182743,+13232590070,http://villa-motel-south-gate.jany.io,motel,38,settled-1.1-facts,2026-10-04,0,overture-places@2026-09-23.1,cdla-permissive-2.0
ov:2e1c2599-a8a8-40b2-b18c-3b638e440a4e,Avalon Motel,https://journeyed.org/hotel/avalon-motel-los-angeles-2e1c25/,"9422 Avalon Blvd, Los Angeles, CA 90003-4338",Los Angeles,CA,90003-4338,US,33.950339,-118.264859,+13237570597,,motel,23.6,settled-1.1-facts,2026-10-04,0,overture-places@2026-09-23.1,cdla-permissive-2.0
ov:2e268330-afdb-4a03-952f-16edd30aa3aa,Guesthouse Inn Intl,https://journeyed.org/hotel/guesthouse-inn-intl-los-angeles-2e2683/,"6700 W Sunset Blvd, Los Angeles, CA 90028-7108",Los Angeles,CA,90028-7108,US,34.0977,-118.336931,,https://www.budgethotelhollywood.com,lodging,30.9,settled-1.1-facts,2026-10-04,13,overture-places@2026-09-23.1,cdla-permissive-2.0
ov:2e496950-6cb0-4d01-9ce3-b20c849277ca,Universal Inn,https://journeyed.org/hotel/universal-inn-los-angeles-2e4969/,"3930 W Slauson Ave, Los Angeles, CA 90043",Los Angeles,CA,90043,US,33.9885176,-118.3429072,+13232997741,,motel,26.7,settled-1.1-facts,2026-10-04,5,overture-places@2026-09-23.1,cdla-permissive-2.0
ov:2e7c1324-748a-4e12-9901-6c3434bf895e,Doubletree By Hilton Hotel San Pedro - Port Of Los Angeles,https://journeyed.org/hotel/doubletree-by-hilton-hotel-san-pedro-port-of-los-angeles-san-pedro-2e7c13/,"2800 Via Cabrillo Marina, San Pedro, CA 90731-7223",San Pedro,CA,90731-7223,US,33.7184074,-118.2821793,+13105143344,https://www.hilton.com,hotel,39.5,settled-1.1-facts,2026-10-04,2,overture-places@2026-09-23.1,cdla-permissive-2.0
ov:2e811abd-1699-4f22-99c6-b63701d0b480,Best Western Palm Garden Inn,https://journeyed.org/hotel/best-western-palm-garden-inn-westminster-2e811a/,"13659 Beach Blvd, Westminster, CA 92683",Westminster,CA,92683,US,33.76419,-117.9905234,+17143733200,https://www.bestwestern.com/en_US/book/hotel-rooms.05652.html?iata=00171890&ssob=BLBWI0003G&cid=BLBWI0003G%3Ayext%3Awebsite%3A05652,hotel,40.7,settled-1.1-facts,2026-10-04,1,overture-places@2026-09-23.1,cdla-permissive-2.0
ov:2e87e6a1-c88c-4aec-9755-441494b53e96,TownePlace Suites,https://journeyed.org/hotel/towneplace-suites-thousand-oaks-2e87e6/,"1712 Newbury Road, Thousand Oaks, CA 91320",Thousand Oaks,CA,91320,US,34.1839359,-118.9162973,+18054993111,https://www.marriott.com/en-us/hotels/oxrts-towneplace-suites-thousand-oaks-ventura-county/overview/?scid=d2406702-e8ea-4b45-bb9b-69cddaaef03d,hotel,34.6,settled-1.1-facts,2026-10-04,0,overture-places@2026-09-23.1,cdla-permissive-2.0
ov:2ea32869-2688-4a34-953c-ff61b6f2a228,SpringHill Suites,https://journeyed.org/hotel/springhill-suites-hawthorne-2ea328/,"14620 Aviation Boulevard, Hawthorne, CA 90250",Hawthorne,CA,90250,US,33.8989234,-118.3777956,+13107279595,https://www.marriott.com/en-us/hotels/laxhw-springhill-suites-los-angeles-lax-manhattan-beach/overview/?scid=d2406702-e8ea-4b45-bb9b-69cddaaef03d,hotel,38,settled-1.1-facts,2026-10-04,4,overture-places@2026-09-23.1,cdla-permissive-2.0
ov:2ecc69e7-29b3-4875-a476-2cf772ee02ec,Vista Pacifica At Broadbeach,https://journeyed.org/hotel/vista-pacifica-at-broadbeach-woodland-hills-2ecc69/,"20631 Ventura Blvd  Ste 202, Woodland Hills, CA 91364-2379",Woodland Hills,CA,91364-2379,US,34.167684,-118.583117,+13102761987,http://vistapacificabroadbeach.com,hotel,39.5,settled-1.1-facts,2026-10-04,1,overture-places@2026-09-23.1,cdla-permissive-2.0
ov:2eea20c1-5513-4d87-9452-8ad3e165735f,Tahiti Motel,https://journeyed.org/hotel/tahiti-motel-stanton-2eea20/,"11850 Beach Blvd, Stanton, CA 90680",Stanton,CA,90680,US,33.7902806,-117.9916863,+17148937521,http://www.stantontahitimotel.com,motel,38.1,settled-1.1-facts,2026-10-04,0,overture-places@2026-09-23.1,cdla-permissive-2.0
ov:2ef696e5-f84f-44e9-a538-84f010733e40,Extended Stay America,https://journeyed.org/hotel/extended-stay-america-los-angeles-2ef696/,"19200 Harborgate Way, Los Angeles, CA 90501",Los Angeles,CA,90501,US,33.8560999,-118.3030294,+13103286000,http://dms.netmng.com/si/cm/tracking/dgtrackingredirect.aspx?siclientid=2918&sisearchengine=1524&siredirect=http:%2f%2fwww.extendedstayamerica.com%2fhotels%2fca%2flos-angeles%2ftorrance-harbor-gateway&siproduct=2822_bus,lodging,38.7,settled-1.1-facts,2026-10-04,1,overture-places@2026-09-23.1,cdla-permissive-2.0
ov:2ef8a98b-c0fb-4695-b4da-4ccb71725766,The Steady,https://journeyed.org/hotel/the-steady-los-angeles-2ef8a9/,"4302 Melrose Ave, Los Angeles, CA 90029-3511",Los Angeles,CA,90029-3511,US,34.0834791,-118.2943197,+13232848841,http://www.thesteadyhostel.com/,hostel,63.5,settled-1.1-facts,2026-10-04,32,overture-places@2026-09-23.1,cdla-permissive-2.0
ov:2f07a7dc-9e63-4239-92b4-0154ea8ffc92,Holiday Inn Express Los Angeles - LAX Airport,https://journeyed.org/hotel/holiday-inn-express-los-angeles-lax-airport-los-angeles-2f07a7/,"8620 Airport Blvd, Los Angeles, CA 90045",Los Angeles,CA,90045,US,33.9590702,-118.3851172,+13106457700,https://www.ihg.com/holidayinnexpress/hotels/us/en/los-angeles/laxat/hoteldetail?cm_mmc=FacebookMaps-_-EX-_-US-_-LAXAT,hotel,40.1,settled-1.1-facts,2026-10-04,8,overture-places@2026-09-23.1,cdla-permissive-2.0
ov:2f15093c-ba8f-4c7d-812d-a7cc730a9f8e,Residence Inn,https://journeyed.org/hotel/residence-inn-san-juan-capistrano-2f1509/,"33711 Camino Capistrano, San Juan Capistrano, CA 92675",San Juan Capistrano,CA,92675,US,33.473259,-117.6763859,+19494433600,https://www.marriott.com/en-us/hotels/snasj-residence-inn-dana-point-san-juan-capistrano/overview/,hotel,26.5,settled-1.1-facts,2026-10-04,0,overture-places@2026-09-23.1,cdla-permissive-2.0
ov:2f343ba5-a026-4bd5-8460-5b5c30b5f6ca,Miyako Hotel Los Angeles,https://journeyed.org/hotel/miyako-hotel-los-angeles-los-angeles-2f343b/,"328 E 1st St, Los Angeles, CA 90012-3902",Los Angeles,CA,90012-3902,US,34.049611,-118.240295,+12136172000,https://miyakola.com,hotel,58.2,settled-1.1-facts,2026-10-04,70,overture-places@2026-09-23.1,cdla-permissive-2.0
ov:2f3de1c1-eeb5-45cb-a262-580babc985bc,Extended Stay America,https://journeyed.org/hotel/extended-stay-america-glendale-2f3de1/,"1377 W Glenoaks Blvd, Glendale, CA 91201",Glendale,CA,91201,US,34.1675929,-118.2841227,+18189566665,http://dms.netmng.com/si/cm/tracking/dgtrackingredirect.aspx?siclientid=2918&sisearchengine=1524&siredirect=http:%2f%2fwww.extendedstayamerica.com%2fhotels%2fca%2flos-angeles%2fglendale&siproduct=begld_bus,hotel,39,settled-1.1-facts,2026-10-04,1,overture-places@2026-09-23.1,cdla-permissive-2.0
ov:2f6832d3-f745-4ff8-88e0-18b8b4beb2b9,Wingate by Wyndham Los Angeles International Airport LAX,https://journeyed.org/hotel/wingate-by-wyndham-los-angeles-international-airport-lax-inglewood-2f6832/,"10300 S La Cienega Blvd, Inglewood, CA 90304",Inglewood,CA,90304,US,33.9427297,-118.3697048,+13108468324,https://www.wyndhamhotels.com/wingate/inglewood-california/wingate-by-wyndham-los-angeles-international-airport-lax/overview?CID=LC:WG::BING:RIO:National:35786&iata=00093796,resort,39.5,settled-1.1-facts,2026-10-04,11,overture-places@2026-09-23.1,cdla-permissive-2.0
ov:2f88d39e-5dd2-433a-a1f5-2918cd9ed63a,Ayres Hotel Orange,https://journeyed.org/hotel/ayres-hotel-orange-orange-2f88d3/,"200 The City Dr N, Orange, CA 92868",Orange,CA,92868,US,33.7905615,-117.8910713,+17149197940,http://ayreshotels.com/ayres-hotel-orange,hotel,40.2,settled-1.1-facts,2026-10-04,9,overture-places@2026-09-23.1,cdla-permissive-2.0
ov:2f90727a-1a8f-4d60-8acc-275f32bc5ad8,The Angels Suites,https://journeyed.org/hotel/the-angels-suites-los-angeles-2f9072/,"Los Angeles, CA",Los Angeles,CA,,US,34.0524543,-118.2633149,+18186411564,,service_apartment,24,settled-1.1-facts,2026-10-04,14,overture-places@2026-09-23.1,cdla-permissive-2.0
ov:2fa5b91e-2d02-40a2-bf4e-77936f9972b3,Mirage Inn,https://journeyed.org/hotel/mirage-inn-south-gate-2fa5b9/,"2725 Firestone Blvd, South Gate, CA 90280-2708",South Gate,CA,90280-2708,US,33.9562947,-118.2236234,+13235640435,,motel,23.4,settled-1.1-facts,2026-10-04,0,overture-places@2026-09-23.1,cdla-permissive-2.0
ov:2fb6f251-f003-4021-9ca7-238dfb831a41,El Don Motel,https://journeyed.org/hotel/el-don-motel-los-angeles-2fb6f2/,"9519 S Figueroa St, Los Angeles, CA 90003",Los Angeles,CA,90003,US,33.9497,-118.2828743,+13237550318,,motel,25,settled-1.1-facts,2026-10-04,0,overture-places@2026-09-23.1,cdla-permissive-2.0
ov:2fbf32d3-28f0-44a7-b0c8-9eb956d008c6,Marriott Long Beach Downtown,https://journeyed.org/hotel/marriott-long-beach-downtown-long-beach-2fbf32/,"111 E Ocean Blvd, Long Beach, CA 90802",Long Beach,CA,90802,US,33.7675699,-118.191916,+15624375900,https://www.marriott.com/en-us/hotels/lgbmc-marriott-long-beach-downtown/overview/,hotel,41.3,settled-1.1-facts,2026-10-04,3,overture-places@2026-09-23.1,cdla-permissive-2.0
ov:2fbf813f-f184-47ee-ab51-f5dd192878c7,Motel 6,https://journeyed.org/hotel/motel-6-rowland-heights-2fbf81/,"18970 Labin Ct, Rowland Heights, CA 91748",Rowland Heights,CA,91748,US,33.99246,-117.8898931,+16269645333,https://www.motel6.com/property/motel-rowland-heights-california-us-293541/?checkin=11%2F04%2F2026&checkout=12%2F04%2F2026&rooms=1&guests=1&rooms_config=1-1&flexibleDaysCount&ratePlan%5Bid%5D=1&ratePlan%5Bvalues%5D=23%2C27%2C29%2C1%2C2%2C31675%2C38135%2C38136%2C38137%2C38142%2C38144%2C38147%2C38158&ratePlan%5Btype%5D=best_rate&ratePlan%5Btitle%5D=Best+rate&gad_source=1&gad_campaignid=23758556356&gbraid=0AAAABCHFFFDXIO942iBQOnCsY8T0pnWYa&gclid=Cj0KCQjw54nRBhDCARIsAMcY_SAFbddEWniMLxCESsWe7jiS64SY-IxVXy_gghPSq4WrFQkYmPd06p8aAhPgEALw_wcB,motel,34.9,settled-1.1-facts,2026-10-04,0,overture-places@2026-09-23.1,cdla-permissive-2.0
ov:2fdb8638-89cd-4c1a-84d0-e8754e1013b9,Clover Motel,https://journeyed.org/hotel/clover-motel-lynwood-2fdb86/,"12429 Long Beach Blvd, Lynwood, CA 90262",Lynwood,CA,90262,US,33.9139768,-118.2093496,+13106375753,https://clover-motel.business.site,motel,39,settled-1.1-facts,2026-10-04,1,overture-places@2026-09-23.1,cdla-permissive-2.0
ov:2fe9e611-25cd-4f42-b509-43d6cbe26e50,Casa Bell Motel,https://journeyed.org/hotel/casa-bell-motel-inglewood-2fe9e6/,"3739 W Imperial Hwy, Inglewood, CA 90303",Inglewood,CA,90303,US,33.9311265,-118.3386347,+14243319129,https://www.casabellmotelinglewood.com,motel,69.3,settled-1.1-facts,2026-10-04,54,overture-places@2026-09-23.1,cdla-permissive-2.0
ov:2ff3ace3-77fe-4378-b0c0-8192b0aecacb,Sofitel Los Angeles at Beverly Hills,https://journeyed.org/hotel/sofitel-los-angeles-at-beverly-hills-los-angeles-2ff3ac/,"8555 Beverly Blvd #90048, Los Angeles, CA 90048",Los Angeles,CA,90048,US,34.0763356,-118.3775487,+13102785444,http://www.sofitel-los-angeles.com/,hotel,55.7,settled-1.1-facts,2026-10-04,66,overture-places@2026-09-23.1,cdla-permissive-2.0
ov:2ff54426-df5d-47f9-bbdc-1a1ffb30e542,Colony motel,https://journeyed.org/hotel/colony-motel-harbor-city-2ff544/,"1629 CA-1, Harbor City, CA 90710",Harbor City,CA,90710,US,33.7896071,-118.305282,+13103260680,,motel,24.7,settled-1.1-facts,2026-10-04,0,overture-places@2026-09-23.1,cdla-permissive-2.0
ov:300bae14-1fff-4610-bb77-9f29947e3bdf,Budget Inn,https://journeyed.org/hotel/budget-inn-north-hills-300bae/,"9151 Sepulveda Blvd, North Hills, CA 91343",North Hills,CA,91343,US,34.2371864,-118.468277,+18188944051,,resort,24.3,settled-1.1-facts,2026-10-04,0,overture-places@2026-09-23.1,cdla-permissive-2.0
ov:300d55b8-0ebe-443f-a29c-a1d425ae31ff,Garey Motel Pomona,https://journeyed.org/hotel/garey-motel-pomona-pomona-300d55/,"963 N Garey Ave, Pomona, CA 91767-4617",Pomona,CA,91767-4617,US,34.0672208,-117.7523741,+19094613345,https://gareymotelpomona.com,motel,38.3,settled-1.1-facts,2026-10-04,4,overture-places@2026-09-23.1,cdla-permissive-2.0
ov:301afe56-2b7d-4210-9f81-8369c6287ea2,Sea Breeze Motel,https://journeyed.org/hotel/sea-breeze-motel-long-beach-301afe/,"1940 W Pacific Coast Hwy, Long Beach, CA 90810-3763",Long Beach,CA,90810-3763,US,33.789554,-118.218403,+15624361116,,motel,26.7,settled-1.1-facts,2026-10-04,0,overture-places@2026-09-23.1,cdla-permissive-2.0
ov:3020d90a-4064-48a9-ba9d-71108e208e51,The Resort at Pelican Hill,https://journeyed.org/hotel/the-resort-at-pelican-hill-newport-coast-3020d9/,"22701 S Pelican Hill Rd, Newport Coast, CA 92657",Newport Coast,CA,92657,US,33.5884543,-117.8439957,+18883521873,https://www.PelicanHill.com/,resort,53,settled-1.1-facts,2026-10-04,10,overture-places@2026-09-23.1,cdla-permissive-2.0
ov:307ae83a-a52a-4636-8ff1-020cb5c107db,Sacred Heart Retreat House,https://journeyed.org/hotel/sacred-heart-retreat-house-alhambra-307ae8/,"920 E Alhambra Rd, Alhambra, CA 91801",Alhambra,CA,91801,US,34.1053554,-118.1207286,+16262891353,http://www.sacredheartretreathouse.com,resort,40.2,settled-1.1-facts,2026-10-04,3,overture-places@2026-09-23.1,cdla-permissive-2.0
ov:3093f31c-68b5-44c1-8731-52c5eeb9d0cc,E-Central Downtown Los Angeles Hotel,https://journeyed.org/hotel/e-central-downtown-los-angeles-hotel-los-angeles-3093f3/,"1020 S Figueroa St, Los Angeles, CA 90015",Los Angeles,CA,90015,US,34.0443311,-118.2641889,+12137481291,https://ecentralhotel.com/,hotel,46,settled-1.1-facts,2026-10-04,38,overture-places@2026-09-23.1,cdla-permissive-2.0
ov:309dc291-9623-45bc-8b21-6826e12a2fc7,Hotel Catalina,https://journeyed.org/hotel/hotel-catalina-avalon-309dc2/,"129 Whittley Ave, Avalon, CA 90704",Avalon,CA,90704,US,33.3445811,-118.3278959,+13105100027,http://www.hotelcatalina.com/,hotel,26.5,settled-1.1-facts,2026-10-04,0,overture-places@2026-09-23.1,cdla-permissive-2.0
ov:309e28f5-739c-4760-8c1b-7a45862e925b,Beacon Motel,https://journeyed.org/hotel/beacon-motel-long-beach-309e28/,"660 W Pacific Coast Hwy, Long Beach, CA 90806",Long Beach,CA,90806,US,33.7895311,-118.2007574,+15624323031,http://www.beaconmotellongbeach.us,motel,39.2,settled-1.1-facts,2026-10-04,2,overture-places@2026-09-23.1,cdla-permissive-2.0
ov:30d78b40-2650-46f4-af01-f8a750bdf9ed,Courtyard Motel,https://journeyed.org/hotel/courtyard-motel-downey-30d78b/,"9403 Firestone Blvd, Downey, CA 90241-5503",Downey,CA,90241-5503,US,33.932159,-118.116031,+15628619235,,motel,28.4,settled-1.1-facts,2026-10-04,1,overture-places@2026-09-23.1,cdla-permissive-2.0
ov:311bb321-f0f1-416f-b850-c505067c820e,Dana Point Marina Inn,https://journeyed.org/hotel/dana-point-marina-inn-dana-point-311bb3/,"24800 Dana Point Harbor Dr, Dana Point, CA 92629",Dana Point,CA,92629,US,33.4617576,-117.6965756,+19494961203,http://www.danapointmarinainn.com/,hotel,31.3,settled-1.1-facts,2026-10-04,0,overture-places@2026-09-23.1,cdla-permissive-2.0
ov:312c03af-61a9-44e3-9869-186df4876d62,Beach Inn - A Huntington Beach Motel,https://journeyed.org/hotel/beach-inn-a-huntington-beach-motel-huntington-beach-312c03/,"18112 Beach Blvd, Huntington Beach, CA 92648",Huntington Beach,CA,92648,US,33.6995758,-117.9883872,+17148416606,http://www.beachinnmotelhuntingtonbeach.us,motel,39.2,settled-1.1-facts,2026-10-04,1,overture-places@2026-09-23.1,cdla-permissive-2.0
ov:315aaa45-6165-4e9b-bdd2-a93b6b95493a,Cudahy Motel,https://journeyed.org/hotel/cudahy-motel-cudahy-315aaa/,"7736 Atlantic Ave, Cudahy, CA 90201",Cudahy,CA,90201,US,33.9646059,-118.1865671,+13235601623,http://www.cudahyinnmotel.com,motel,38.3,settled-1.1-facts,2026-10-04,0,overture-places@2026-09-23.1,cdla-permissive-2.0
ov:315eae96-4eba-4ea3-b5d7-3b3ddfe89064,Sheraton Pasadena Hotel,https://journeyed.org/hotel/sheraton-pasadena-hotel-pasadena-315eae/,"303 Cordova St, Pasadena, CA 91101-2426",Pasadena,CA,91101-2426,US,34.1437882,-118.1452338,,,hotel,19.4,settled-1.1-facts,2026-10-04,3,overture-places@2026-09-23.1,cdla-permissive-2.0
ov:315f83cc-edff-4af1-9a4b-445b7078269b,BEST WESTERN Plus San Pedro Hotel & Suites,https://journeyed.org/hotel/best-western-plus-san-pedro-hotel-and-suites-san-pedro-315f83/,"111 S Gaffey St, San Pedro, CA 90731",San Pedro,CA,90731,US,33.7428656,-118.2923237,+13105141414,,resort,29.1,settled-1.1-facts,2026-10-04,2,overture-places@2026-09-23.1,cdla-permissive-2.0
ov:3182e775-2c97-4e80-ab56-52f5ed4ad2b6,Hostelling International,https://journeyed.org/hotel/hostelling-international-santa-monica-3182e7/,"1436 2nd Street, Santa Monica, CA 90401",Santa Monica,CA,90401,US,34.014133,-118.49619,,https://www.hiusa.org/find-hostels/california/santa-monica-1436-2nd-street,hostel,50.4,settled-1.1-facts,2026-10-04,27,overture-places@2026-09-23.1,cdla-permissive-2.0
ov:319338f4-165b-43e5-a33a-02a54a5a61f4,Knights Inn Woodland Hills,https://journeyed.org/hotel/knights-inn-woodland-hills-los-angeles-319338/,"21706 Ventura Blvd, Los Angeles, CA 91364",Los Angeles,CA,91364,US,34.1680518,-118.6010477,+18184564188,https://www.redlion.com/knights-inn/ca/woodland-hills/knights-inn-woodland-hills,hotel,41.1,settled-1.1-facts,2026-10-04,1,overture-places@2026-09-23.1,cdla-permissive-2.0
ov:31a26f69-4f4c-4eb8-87da-0e7699ab3af4,Olive Motel,https://journeyed.org/hotel/olive-motel-los-angeles-31a26f/,"2751 Sunset Blvd, Los Angeles, CA 90026",Los Angeles,CA,90026,US,34.0818423,-118.2713857,+12134130300,http://www.geminihotelsgroup.com,motel,40.6,settled-1.1-facts,2026-10-04,8,overture-places@2026-09-23.1,cdla-permissive-2.0
ov:31a2b2dd-2ccd-401f-a6fe-8eac3cc579ff,Best Western Plus Gardena Inn & Suites,https://journeyed.org/hotel/best-western-plus-gardena-inn-and-suites-gardena-31a2b2/,"14400 S Western Ave, Gardena, CA 90249",Gardena,CA,90249,US,33.9007166,-118.3088112,+13108174983,http://www.bestwesternla.com,hotel,68.2,settled-1.1-facts,2026-10-04,44,overture-places@2026-09-23.1,cdla-permissive-2.0
ov:31aea90d-da67-452e-99bc-3185694d22f7,Walnut Inn & Suites,https://journeyed.org/hotel/walnut-inn-and-suites-west-covina-31aea9/,"1443 W Garvey Ave N, West Covina, CA 91790",West Covina,CA,91790,US,34.0728787,-117.937108,+16269628902,http://www.walnutinnandsuites.us,motel,65.3,settled-1.1-facts,2026-10-04,14,overture-places@2026-09-23.1,cdla-permissive-2.0
ov:31af6f17-d659-4490-98a7-a4fe147628e7,Erth Inn by AGA - Maywood,https://journeyed.org/hotel/erth-inn-by-aga-maywood-maywood-31af6f/,"3642 Slauson Ave, Maywood, CA 90270",Maywood,CA,90270,US,33.9884651,-118.1994141,+13235858006,https://www.stayhihotels.com/,hotel,37.3,settled-1.1-facts,2026-10-04,0,overture-places@2026-09-23.1,cdla-permissive-2.0
ov:31b0fbc5-ebe2-4875-84f1-9f57cd771a21,Bixby Knolls Motel,https://journeyed.org/hotel/bixby-knolls-motel-long-beach-31b0fb/,"4045 Long Beach Blvd, Long Beach, CA 90807",Long Beach,CA,90807,US,33.8313174,-118.1895517,+15629970606,http://www.bixbyknollsinfo.com,motel,37.9,settled-1.1-facts,2026-10-04,1,overture-places@2026-09-23.1,cdla-permissive-2.0
ov:31be73bb-0ee3-42b8-b588-97e6c0a6f8cf,The Bell Vista,https://journeyed.org/hotel/the-bell-vista-burbank-31be73/,"1605 N San Fernando Blvd, Burbank, CA 91504-4123",Burbank,CA,91504-4123,US,34.1912914,-118.3239675,+18184337834,https://www.thebellvista.com,hotel,54.3,settled-1.1-facts,2026-10-04,27,overture-places@2026-09-23.1,cdla-permissive-2.0
ov:31c4ac78-1d02-4b8e-9f09-6128f2cd97ff,Royal Inn,https://journeyed.org/hotel/royal-inn-lomita-31c4ac/,"2314 Pacific Coast Hwy, Lomita, CA 90717",Lomita,CA,90717,US,33.789108,-118.323285,+13108913012,http://royalinn.com,hotel,36.3,settled-1.1-facts,2026-10-04,0,overture-places@2026-09-23.1,cdla-permissive-2.0
ov:31d03160-9c96-489e-bcbc-1ec961e5b889,Notel Motel,https://journeyed.org/hotel/notel-motel-los-angeles-31d031/,"4766 Main St, Los Angeles, CA 90037",Los Angeles,CA,90037,US,33.9996334,-118.2737734,+13232343843,,motel,27.9,settled-1.1-facts,2026-10-04,4,overture-places@2026-09-23.1,cdla-permissive-2.0
ov:31dab138-9c5f-46ad-bf3b-ab095a3e871d,Homewood Suites by Hilton Cypress Orange County,https://journeyed.org/hotel/homewood-suites-by-hilton-cypress-orange-county-cypress-31dab1/,"5233 Katella Ave Cypress, Cypress, CA 90720",Cypress,CA,90720,US,33.8033071,-118.0425709,+16576443440,https://www.hilton.com/en/hotels/laxkahw-homewood-suites-cypress-orange-county/?SEO_id=BING-AMER-HG-LAXKAHW&y_source=1_OTgxMzgwODMtNDgzLWxvY2F0aW9uLndlYnNpdGU%3D,hotel,39.2,settled-1.1-facts,2026-10-04,1,overture-places@2026-09-23.1,cdla-permissive-2.0
ov:320825ee-d764-4a40-8f6b-f1e91e00ef40,The Cadillac Hotel,https://journeyed.org/hotel/the-cadillac-hotel-venice-320825/,"8 Dudley Ave, Venice, CA 90291",Venice,CA,90291,US,33.9940735,-118.4795624,+13103998876,http://www.thecadillachotel.com,hotel,40.4,settled-1.1-facts,2026-10-04,8,overture-places@2026-09-23.1,cdla-permissive-2.0
ov:3213113c-ee67-49ad-bec4-5e2181502963,Best Western Valencia Six Flags Inn & Suites,https://journeyed.org/hotel/best-western-valencia-six-flags-inn-and-suites-santa-clarita-321311/,"27513 Wayne Mills Pl, Santa Clarita, CA 91355",Santa Clarita,CA,91355,US,34.4214738,-118.5812188,+16612550555,https://www.bestwestern.com/en_US/book/hotel-rooms.05749.html?iata=00171890&ssob=BLBWI0003G&cid=BLBWI0003G%3Ayext%3Awebsite%3A05749,hotel,40.1,settled-1.1-facts,2026-10-04,2,overture-places@2026-09-23.1,cdla-permissive-2.0
ov:323847c5-4b26-44c8-b024-a0037aa39880,Islander Motel,https://journeyed.org/hotel/islander-motel-los-angeles-323847/,"1460 Colorado Blvd, Los Angeles, CA 90041",Los Angeles,CA,90041,US,34.1390339,-118.1969995,+13232578926,http://www.theislandermotel.org,motel,38.1,settled-1.1-facts,2026-10-04,6,overture-places@2026-09-23.1,cdla-permissive-2.0
ov:32488b82-de3e-48e8-a917-ed7e997e2857,Days Inn by Wyndham,https://journeyed.org/hotel/days-inn-by-wyndham-santa-monica-32488b/,"3007 Santa Monica Blvd, Santa Monica, CA 90404",Santa Monica,CA,90404,US,34.0366739,-118.4706334,+13108296333,https://www.wyndhamhotels.com/days-inn/santa-monica-california/days-inn-santa-monica-los-angeles/overview,hotel,39.8,settled-1.1-facts,2026-10-04,5,overture-places@2026-09-23.1,cdla-permissive-2.0
ov:32793b81-59e6-459b-ab39-8ae9beeeb055,Villa Las Palmas,https://journeyed.org/hotel/villa-las-palmas-pacoima-32793b/,"10225 San Fernando Rd, Pacoima, CA 91331",Pacoima,CA,91331,US,34.2560326,-118.4120554,+17472273244,https://villalaspalmas.com,motel,34.1,settled-1.1-facts,2026-10-04,0,overture-places@2026-09-23.1,cdla-permissive-2.0
ov:32ccebf0-d102-4cf9-9bad-98e5266fd694,Baymont by Wyndham Anaheim,https://journeyed.org/hotel/baymont-by-wyndham-anaheim-anaheim-32cceb/,"727 S Beach Blvd, Anaheim, CA 92804",Anaheim,CA,92804,US,33.8213496,-117.994002,+17142200100,https://www.wyndhamhotels.com/baymont/anaheim-california/baymont-inn-and-suites-anaheim/overview?CID=LC:BU::BING:RIO:National:15487&iata=00065402,resort,39.1,settled-1.1-facts,2026-10-04,1,overture-places@2026-09-23.1,cdla-permissive-2.0
ov:32da1736-aed2-4ced-b2b1-93169aadd17b,Bartlett Motel,https://journeyed.org/hotel/bartlett-motel-lomita-32da17/,"2364 Pacific Coast Hwy, Lomita, CA 90717",Lomita,CA,90717,US,33.7892654,-118.3248938,+13103250302,https://bartlett-motel.allhotelscalifornia.com/en,motel,36.3,settled-1.1-facts,2026-10-04,0,overture-places@2026-09-23.1,cdla-permissive-2.0
ov:32fda2d5-0a67-473b-9796-b1f185e18a93,Comfort Inn & Suites Orange County John Wayne Airport,https://journeyed.org/hotel/comfort-inn-and-suites-orange-county-john-wayne-airport-santa-ana-32fda2/,"2620 Hotel Terrace, Santa Ana, CA 92705",Santa Ana,CA,92705,US,33.7120221,-117.8535347,+17149665200,https://www.choicehotels.com/california/santa-ana/comfort-inn-hotels/ca800?mc=llyxyxpx,hotel,37.5,settled-1.1-facts,2026-10-04,1,overture-places@2026-09-23.1,cdla-permissive-2.0
ov:331a7abb-8ae5-407e-8064-3e25421602a8,Terranea Resort,https://journeyed.org/hotel/terranea-resort-rancho-palos-verdes-331a7a/,"100 Terranea Way, Rancho Palos Verdes, CA 90275",Rancho Palos Verdes,CA,90275,US,33.7387434,-118.3979298,+13104947891,https://www.terranea.com/?utm_source=facebook&utm_medium=organic&utm_campaign=facebook_listing,resort,61.5,settled-1.1-facts,2026-10-04,5,overture-places@2026-09-23.1,cdla-permissive-2.0
ov:331b73a5-1466-49ec-81db-db482b9efb20,Hilton Garden Inn,https://journeyed.org/hotel/hilton-garden-inn-foothill-ranch-331b73/,"27082 Towne Centre Dr, Foothill Ranch, CA 92610-2803",Foothill Ranch,CA,92610-2803,US,33.672123,-117.658425,+19498594000,http://www.irvineeastlakeforest.hgi.com/,hotel,37.9,settled-1.1-facts,2026-10-04,0,overture-places@2026-09-23.1,cdla-permissive-2.0
ov:33434265-a452-4bac-9b70-f01e10693c1c,Pasea Hotel & Spa,https://journeyed.org/hotel/pasea-hotel-and-spa-huntington-beach-334342/,"21080 Pacific Coast Hwy, Huntington Beach, CA 92648-5305",Huntington Beach,CA,92648-5305,US,33.6540802,-117.9958392,+18553195587,https://www.paseahotel.com/,hotel,74.7,settled-1.1-facts,2026-10-04,19,overture-places@2026-09-23.1,cdla-permissive-2.0
ov:3383a15e-1a29-4da8-9bce-2d5ba2c878da,Carriage Stop Motel,https://journeyed.org/hotel/carriage-stop-motel-santa-ana-3383a1/,"3209 S Main St, Santa Ana, CA 92707-4405",Santa Ana,CA,92707-4405,US,33.704673,-117.867662,+16572319684,https://carriage-stop-motel.hub.biz,motel,38.5,settled-1.1-facts,2026-10-04,1,overture-places@2026-09-23.1,cdla-permissive-2.0
ov:33eb97eb-4ffb-4548-92f0-406270f438ae,Hyatt Bar & Pool,https://journeyed.org/hotel/hyatt-bar-and-pool-brea-33eb97/,"440 Devonshire Dr, Brea, CA 92821-6014",Brea,CA,92821-6014,US,33.9123267,-117.8726402,,https://www.hotelplanner.com/6330-Brand/Hyatt-Place-Hotels-in-Brea-CA,hotel,25,settled-1.1-facts,2026-10-04,0,overture-places@2026-09-23.1,cdla-permissive-2.0
ov:34170ce7-260b-47c1-b832-dfd8d5560f49,Beverly Hills Marriott,https://journeyed.org/hotel/beverly-hills-marriott-los-angeles-34170c/,"1150 S Beverly Dr, Los Angeles, CA 90035",Los Angeles,CA,90035,US,34.0565661,-118.3955491,+13105536561,https://www.marriott.com/en-us/hotels/laxbv-beverly-hills-marriott/overview/?scid=d2406702-e8ea-4b45-bb9b-69cddaaef03d,hotel,40.2,settled-1.1-facts,2026-10-04,5,overture-places@2026-09-23.1,cdla-permissive-2.0
ov:341b8bce-bcfd-4b88-8f6e-24eec260cc95,Courtyard by Marriott Palmdale,https://journeyed.org/hotel/courtyard-by-marriott-palmdale-palmdale-341b8b/,"530 W Rancho Vista Blvd, Palmdale, CA 93551",Palmdale,CA,93551,US,34.6003091,-118.1392266,+16619474100,https://www.marriott.com/en-us/hotels/wjfcy-courtyard-palmdale/overview/?scid=d2406702-e8ea-4b45-bb9b-69cddaaef03d,hotel,26.5,settled-1.1-facts,2026-10-04,0,overture-places@2026-09-23.1,cdla-permissive-2.0
ov:345cceb7-338d-4a02-9f02-99fac01c04d0,Miller Hotel,https://journeyed.org/hotel/miller-hotel-bell-gardens-345cce/,"6308 Eastern Ave #1644, Bell Gardens, CA 90201",Bell Gardens,CA,90201,US,33.9771247,-118.1631904,+13235620091,https://miller-hotel.hub.biz,hotel,40.1,settled-1.1-facts,2026-10-04,2,overture-places@2026-09-23.1,cdla-permissive-2.0
ov:34675c4e-87e6-4a75-8f9f-8360d808d6ea,Marriott Hotel,https://journeyed.org/hotel/marriott-hotel-cypress-34675c/,"4381 Myra Ave, Cypress, CA 90630-4131",Cypress,CA,90630-4131,US,33.8148,-118.056255,+17142096586,http://www.marriott.com/default.mi,hotel,39.7,settled-1.1-facts,2026-10-04,1,overture-places@2026-09-23.1,cdla-permissive-2.0
ov:346e1b80-82ef-4c14-9ed1-17e1568e6936,Holiday Inn Express and Suites Pasadena - Los Angeles,https://journeyed.org/hotel/holiday-inn-express-and-suites-pasadena-los-angeles-pasadena-346e1b/,"3500 E Colorado Blvd, Pasadena, CA 91107-3809",Pasadena,CA,91107-3809,US,34.1454226,-118.0781812,+16267921363,https://www.ihg.com/holidayinnexpress/hotels/us/en/pasadena/jpdca/hoteldetail?cm_mmc=FacebookMaps-_-EX-_-US-_-JPDCA,hotel,38.1,settled-1.1-facts,2026-10-04,1,overture-places@2026-09-23.1,cdla-permissive-2.0
ov:349b0e21-7876-486d-b62f-d9af7d4ab380,Holiday Inn Express & Suites Anaheim Resort Area,https://journeyed.org/hotel/holiday-inn-express-and-suites-anaheim-resort-area-anaheim-349b0e/,"1411 S Manchester Ave, Anaheim, CA 92802-2905",Anaheim,CA,92802-2905,US,33.8120881,-117.9129372,+17148442801,https://www.ihg.com/holidayinnexpress/hotels/us/en/anaheim/laxar/hoteldetail?cm_mmc=FacebookMaps-_-EX-_-US-_-LAXAR,hotel,40.9,settled-1.1-facts,2026-10-04,9,overture-places@2026-09-23.1,cdla-permissive-2.0
ov:34ace063-3e32-41ac-b45c-b9154fb3de96,Hampton Inn & Suites Irvine-Orange County Airport,https://journeyed.org/hotel/hampton-inn-and-suites-irvine-orange-county-airport-irvine-34ace0/,"2192 Dupont Dr, Irvine, CA 92612",Irvine,CA,92612,US,33.6750767,-117.8586452,+19497481060,http://irvineorangecountyairport.hamptonbyhilton.com/,hotel,40.6,settled-1.1-facts,2026-10-04,1,overture-places@2026-09-23.1,cdla-permissive-2.0
ov:3505aa7e-9951-4fd5-ad9f-d5d3b44e195a,Town House Motel,https://journeyed.org/hotel/town-house-motel-lancaster-3505aa/,"44125 Sierra Hwy, Lancaster, CA 93534",Lancaster,CA,93534,US,34.6849503,-118.1348163,+16619421195,http://www.townhouselancaster.com/,hotel,26.5,settled-1.1-facts,2026-10-04,0,overture-places@2026-09-23.1,cdla-permissive-2.0
ov:35485806-cbc2-4e8d-ba21-19e06e9f015d,Signal Motel Movies Air Cond,https://journeyed.org/hotel/signal-motel-movies-air-cond-los-angeles-354858/,"11316 S Figueroa St, Los Angeles, CA 90061",Los Angeles,CA,90061,US,33.9314635,-118.2824028,+13237552247,http://flysleepdrive.com,motel,37.4,settled-1.1-facts,2026-10-04,0,overture-places@2026-09-23.1,cdla-permissive-2.0
ov:356106b9-052f-4b50-bc70-50c7c0f22681,Peacock Suites,https://journeyed.org/hotel/peacock-suites-anaheim-356106/,"1745 S Anaheim Blvd, Anaheim, CA 92805",Anaheim,CA,92805,US,33.804728,-117.9071209,+17145358255,https://www.extraholidays.com/anaheim-california/peacock-suites?Identifier=psearch&hotelid=95798&utm_medium=referral&utm_source=facebook.com-local&utm_campaign=yext&utm_content=peacocksuites,hotel,40.2,settled-1.1-facts,2026-10-04,9,overture-places@2026-09-23.1,cdla-permissive-2.0
ov:35683940-c2d3-4c2a-9b8a-f5ac53a90fd1,Crystal Palace Inn,https://journeyed.org/hotel/crystal-palace-inn-maywood-356839/,"3800 Slauson Ave, Maywood, CA 90270",Maywood,CA,90270,US,33.9880147,-118.1965433,+13235387959,,inn,25.8,settled-1.1-facts,2026-10-04,0,overture-places@2026-09-23.1,cdla-permissive-2.0
ov:35853eca-58ba-4102-b389-0bea04c9aeea,DoubleTree by Hilton Buena Park,https://journeyed.org/hotel/doubletree-by-hilton-buena-park-buena-park-35853e/,"7000 Beach Blvd, Buena Park, CA 90620",Buena Park,CA,90620,US,33.8575025,-117.996973,+17145227000,https://www.hilton.com/en/hotels/laxbndt-doubletree-buena-park/?SEO_id=BING-AMER-DT-LAXBNDT&y_source=1_MzU5NjU4MTgtNDgzLWxvY2F0aW9uLndlYnNpdGU%3D,resort,40.1,settled-1.1-facts,2026-10-04,2,overture-places@2026-09-23.1,cdla-permissive-2.0
ov:360fac57-5ec6-4262-bab5-54392babb805,Easy 8 Motel,https://journeyed.org/hotel/easy-8-motel-bellflower-360fac/,"8762 Artesia Blvd, Bellflower, CA 90706",Bellflower,CA,90706,US,33.8743898,-118.1448969,+15626335903,,motel,27.2,settled-1.1-facts,2026-10-04,1,overture-places@2026-09-23.1,cdla-permissive-2.0
ov:36169663-1916-4be0-8ffe-53d0646e4abd,Hotel Angeleno,https://journeyed.org/hotel/hotel-angeleno-los-angeles-361696/,"170 N Church Ln, Los Angeles, CA 90049",Los Angeles,CA,90049,US,34.0736865,-118.468187,+13104766411,http://www.hotelangeleno.com/,hotel,45.7,settled-1.1-facts,2026-10-04,13,overture-places@2026-09-23.1,cdla-permissive-2.0
ov:36276b29-0e12-4c8d-a153-398b423e4bcd,Holiday Inn,https://journeyed.org/hotel/holiday-inn-los-angeles-36276b/,"423 mayberry Avenue, Los Angeles, CA 90007",Los Angeles,CA,90007,US,34.029581,-118.284457,+13235597219,http://www.holidayinn.com,hotel,40.7,settled-1.1-facts,2026-10-04,8,overture-places@2026-09-23.1,cdla-permissive-2.0
ov:3631ba9f-bbb2-4f6e-ae4b-b0c33a09a17e,Mount Baldy Lodge and Restaurant,https://journeyed.org/hotel/mount-baldy-lodge-and-restaurant-mt-baldy-3631ba/,"6777 Mt Baldy Rd, Mt Baldy, CA 91759-9000",Mt Baldy,CA,91759-9000,US,34.2378868,-117.6577745,,,hotel,4.9,settled-1.1-facts,2026-10-04,0,overture-places@2026-09-23.1,cdla-permissive-2.0
ov:3647ebee-a4f7-4741-b9a3-e58fe8202565,Budget Inn of Santa Fe Springs,https://journeyed.org/hotel/budget-inn-of-santa-fe-springs-santa-fe-springs-3647eb/,"13420 Firestone Blvd, Santa Fe Springs, CA 90670",Santa Fe Springs,CA,90670,US,33.8919617,-118.0460519,+15629212500,http://budgetinn.com/,motel,38.5,settled-1.1-facts,2026-10-04,1,overture-places@2026-09-23.1,cdla-permissive-2.0
ov:36753863-cdcf-48f5-a80a-762c65a80758,Mshaari's Casa 🌴,https://journeyed.org/hotel/mshaaris-casa-bel-air-367538/,"501 Bel Air Rd, Bel Air, CA 90077",Bel Air,CA,90077,US,34.086032,-118.441855,+18008881800,http://california.com,resort,39.8,settled-1.1-facts,2026-10-04,3,overture-places@2026-09-23.1,cdla-permissive-2.0
ov:3695aab3-c876-44d7-9e9b-87831bc31aaa,Dixie Orange County Hotel,https://journeyed.org/hotel/dixie-orange-county-hotel-stanton-3695aa/,"11632 Beach Blvd, Stanton, CA 90680",Stanton,CA,90680,US,33.7935026,-117.9927643,+17148917688,http://www.dixieorangecountyhotel.com/,hotel,37.7,settled-1.1-facts,2026-10-04,0,overture-places@2026-09-23.1,cdla-permissive-2.0
ov:36a1599e-d2bd-4a21-8f63-c8f8af149174,Town House Artesia,https://journeyed.org/hotel/town-house-artesia-bellflower-36a159/,"8626 Artesia Blvd, Bellflower, CA 90706-6124",Bellflower,CA,90706-6124,US,33.874334,-118.147519,+15626346999,,hotel,27,settled-1.1-facts,2026-10-04,1,overture-places@2026-09-23.1,cdla-permissive-2.0
ov:36e5ceda-a4a7-4b87-9ae2-9765ae1de2b9,Lotus By Hotel Inn,https://journeyed.org/hotel/lotus-by-hotel-inn-ontario-36e5ce/,"724 S San Antonio Ave, Ontario, CA 91762",Ontario,CA,91762,US,34.0560977,-117.6614031,+19099887969,,motel,28.3,settled-1.1-facts,2026-10-04,1,overture-places@2026-09-23.1,cdla-permissive-2.0
ov:370f67b2-90a1-420b-974a-0b3769aeab74,Unik Motel,https://journeyed.org/hotel/unik-motel-harbor-city-370f67/,"1404 CA-1, Harbor City, CA 90710",Harbor City,CA,90710,US,33.7892657,-118.3013829,+14243058668,https://www.unikmotel.info,motel,46.2,settled-1.1-facts,2026-10-04,14,overture-places@2026-09-23.1,cdla-permissive-2.0
ov:371b3c18-6bcf-4ccc-afec-94bf52284ba4,Shutters on the Beach,https://journeyed.org/hotel/shutters-on-the-beach-santa-monica-371b3c/,"1 Pico Blvd, Santa Monica, CA 90405",Santa Monica,CA,90405,US,34.0069571,-118.4917894,+13104580030,http://www.shuttersonthebeach.com/,beach_resort,74.9,settled-1.1-facts,2026-10-04,58,overture-places@2026-09-23.1,cdla-permissive-2.0
ov:373f49a0-e27b-408f-a5b5-3ccf5b6aae0e,Mountain Inn,https://journeyed.org/hotel/mountain-inn-ontario-373f49/,"2289 S Mountain Ave, Ontario, CA 91762",Ontario,CA,91762,US,34.0321077,-117.6673729,+19093911708,http://www.mountaininn.com,hotel,38.7,settled-1.1-facts,2026-10-04,0,overture-places@2026-09-23.1,cdla-permissive-2.0
ov:3741edfe-7ad7-456b-b846-26bae8bb45a5,Hotel Beverly Terrace - Beverly Hills / West Hollywood,https://journeyed.org/hotel/hotel-beverly-terrace-beverly-hills-west-hollywood-beverly-hills-3741ed/,"469 N Doheny Dr, Beverly Hills, CA 90210",Beverly Hills,CA,90210,US,34.0803311,-118.3899969,+13102748141,http://www.hotelbeverlyterrace.com/,hotel,60,settled-1.1-facts,2026-10-04,49,overture-places@2026-09-23.1,cdla-permissive-2.0
ov:3755c105-c7a0-477d-9976-816c34a88f6e,Little Caesars Motel,https://journeyed.org/hotel/little-caesars-motel-los-angeles-3755c1/,"4330 S Broadway, Los Angeles, CA 90037-2710",Los Angeles,CA,90037-2710,US,34.00489,-118.277957,+13238469600,http://little-caesars-motel.poi.place,motel,40.2,settled-1.1-facts,2026-10-04,5,overture-places@2026-09-23.1,cdla-permissive-2.0
ov:378ceb90-b4d7-42cc-baec-b62ed994da07,Relais in LA,https://journeyed.org/hotel/relais-in-la-los-angeles-378ceb/,"6744 W 86th Pl, Los Angeles, CA 90045-3713",Los Angeles,CA,90045-3713,US,33.95909,-118.408281,+13107299432,https://www.relaisinla.com,hotel,40.8,settled-1.1-facts,2026-10-04,6,overture-places@2026-09-23.1,cdla-permissive-2.0
ov:379182db-0f99-4f7b-ae1e-41d15abb6619,The Edgewater,https://journeyed.org/hotel/the-edgewater-avalon-379182/,"415 Crescent Ave, Avalon, CA 90704",Avalon,CA,90704,US,33.3436009,-118.3256998,+13105108474,http://www.TheEdgewater-Hotel.com/,hotel,26.5,settled-1.1-facts,2026-10-04,0,overture-places@2026-09-23.1,cdla-permissive-2.0
ov:3792f7d9-ba86-4936-a572-0df3b67ed109,Comfort Inn and Suites Huntington Beach,https://journeyed.org/hotel/comfort-inn-and-suites-huntington-beach-huntington-beach-3792f7/,"16301 Beach Blvd, Huntington Beach, CA 92647",Huntington Beach,CA,92647,US,33.7259118,-117.9899367,+17148411812,https://www.choicehotels.com/california/huntington-beach/comfort-inn-hotels/ca102?pmf=yext&mc=llyxyxpx,hotel,38.2,settled-1.1-facts,2026-10-04,0,overture-places@2026-09-23.1,cdla-permissive-2.0
ov:37a4700e-d0a1-4d94-8244-d0f01ed78b1d,Comfort Inn - Airport,https://journeyed.org/hotel/comfort-inn-airport-lawndale-37a470/,"14814 Hawthorne Blvd, Lawndale, CA 90260",Lawndale,CA,90260,US,33.8968097,-118.3516135,+13106765020,http://www.comfortinn.com,hotel,38.3,settled-1.1-facts,2026-10-04,4,overture-places@2026-09-23.1,cdla-permissive-2.0
ov:37b0d259-2743-4a9a-8403-4943e829d00f,Marriott,https://journeyed.org/hotel/marriott-long-beach-37b0d2/,"4700 Airport Plaza Drive, Long Beach, CA 90815",Long Beach,CA,90815,US,33.8113775,-118.1367154,+15624255210,https://www.marriott.com/en-us/hotels/lgblb-long-beach-marriott/overview/?scid=d2406702-e8ea-4b45-bb9b-69cddaaef03d,hotel,40,settled-1.1-facts,2026-10-04,1,overture-places@2026-09-23.1,cdla-permissive-2.0
ov:37c73ba2-7df9-45f9-93e4-ad85467bb630,Cal Mar Hotel Suites,https://journeyed.org/hotel/cal-mar-hotel-suites-santa-monica-37c73b/,"220 California Ave, Santa Monica, CA 90403",Santa Monica,CA,90403,US,34.0193652,-118.5009964,+13103955555,http://www.calmarhotel.com,hotel,69.8,settled-1.1-facts,2026-10-04,40,overture-places@2026-09-23.1,cdla-permissive-2.0
ov:37e28ea2-ff07-48f5-94b1-65afa83c370b,Hampton Inn Long Beach Airport,https://journeyed.org/hotel/hampton-inn-long-beach-airport-long-beach-37e28e/,"3771 N Lakewood Blvd, Long Beach, CA 90808",Long Beach,CA,90808,US,33.8274365,-118.1434515,+15624250012,https://www.hilton.com/en/hotels/lgbaphx-hampton-long-beach-airport/,hotel,40.2,settled-1.1-facts,2026-10-04,1,overture-places@2026-09-23.1,cdla-permissive-2.0
ov:37e90fe7-90d2-4350-a062-991dcaff5e75,The Fairmont Miramar Hotel Santa Monica,https://journeyed.org/hotel/the-fairmont-miramar-hotel-santa-monica-santa-monica-37e90f/,"101 Wilshire Blvd, Santa Monica, CA 90401-1106",Santa Monica,CA,90401-1106,US,34.014514,-118.497926,+13105767777,https://www.fairmont-miramar.com/,lodging,79.7,settled-1.1-facts,2026-10-04,55,overture-places@2026-09-23.1,cdla-permissive-2.0
ov:37eb022b-454f-4d85-9de1-1bca763a0ddf,Quality Inn Burbank Airport,https://journeyed.org/hotel/quality-inn-burbank-airport-burbank-37eb02/,"2255 N Buena Vista St, Burbank, CA 91504",Burbank,CA,91504,US,34.1975766,-118.33843,+18182374525,https://www.choicehotels.com/california/burbank/quality-inn-hotels/ca595?pmf=yext&mc=llyxyxpx,hotel,39.7,settled-1.1-facts,2026-10-04,1,overture-places@2026-09-23.1,cdla-permissive-2.0
ov:37febcac-b689-49d5-891f-956d1da28f78,TownePlace Suites,https://journeyed.org/hotel/towneplace-suites-anaheim-37febc/,"1730 South State College Boulevard, Anaheim, CA 92806",Anaheim,CA,92806,US,33.8048742,-117.888745,+17149399700,https://www.marriott.com/en-us/hotels/snats-towneplace-suites-anaheim-maingate-near-angel-stadium/overview/?scid=d2406702-e8ea-4b45-bb9b-69cddaaef03d,hotel,40.7,settled-1.1-facts,2026-10-04,9,overture-places@2026-09-23.1,cdla-permissive-2.0
ov:381c4868-4c63-479e-8720-dff416f0d61b,Quality Inn,https://journeyed.org/hotel/quality-inn-monrovia-381c48/,"1125 E Huntington Dr, Monrovia, CA 91016-3717",Monrovia,CA,91016-3717,US,34.139806,-117.98079,,,lodging,17.9,settled-1.1-facts,2026-10-04,1,overture-places@2026-09-23.1,cdla-permissive-2.0
ov:381d600b-00a4-4d87-924a-809e46314746,Cinema Motel,https://journeyed.org/hotel/cinema-motel-los-angeles-381d60/,"6242 Sepulveda Blvd, Los Angeles, CA 91411",Los Angeles,CA,91411,US,34.1842227,-118.4659226,+18187861719,https://cinema-motel.business.site,motel,40,settled-1.1-facts,2026-10-04,1,overture-places@2026-09-23.1,cdla-permissive-2.0
ov:382360a9-7d4b-45ec-acb5-23502141d7a2,Marylin Hotel,https://journeyed.org/hotel/marylin-hotel-san-pedro-382360/,"989 W 13th St, San Pedro, CA 90731-3905",San Pedro,CA,90731-3905,US,33.732295,-118.298645,+13102210270,https://www.hotels.com/de1400093/hotels-san-pedro-california,hotel,29.2,settled-1.1-facts,2026-10-04,2,overture-places@2026-09-23.1,cdla-permissive-2.0
ov:382f9fd0-11f1-4775-9238-f5c8b19fa42b,Travelodge by Wyndham Commerce Los Angeles Area,https://journeyed.org/hotel/travelodge-by-wyndham-commerce-los-angeles-area-commerce-382f9f/,"7810 Telegraph Rd, Commerce, CA 90040",Commerce,CA,90040,US,33.9735852,-118.1226136,+15623678599,https://www.wyndhamhotels.com/en-ca/travelodge/commerce-california/travelodge-commerce-la-area/overview,motel,53.6,settled-1.1-facts,2026-10-04,31,overture-places@2026-09-23.1,cdla-permissive-2.0
ov:3839c86c-b22f-4aa9-ba32-4022942f3766,AC Hotels,https://journeyed.org/hotel/ac-hotels-irvine-3839c8/,"3309 Michelson Drive, Irvine, CA 92612",Irvine,CA,92612,US,33.6721977,-117.8444978,+19494718710,https://www.marriott.com/en-us/hotels/snaai-ac-hotel-irvine/overview/?scid=d2406702-e8ea-4b45-bb9b-69cddaaef03d,hotel,39.4,settled-1.1-facts,2026-10-04,1,overture-places@2026-09-23.1,cdla-permissive-2.0
ov:384d4a64-3cd6-45a1-90af-a89718f73e15,Super 8,https://journeyed.org/hotel/super-8-los-angeles-384d4a/,"1341 Sunset Blvd, Los Angeles, CA 90026",Los Angeles,CA,90026,US,34.0727839,-118.2509756,+12132502233,https://www.super8losangeles.com/,hotel,55.3,settled-1.1-facts,2026-10-04,42,overture-places@2026-09-23.1,cdla-permissive-2.0
ov:386540c0-767a-4116-99bf-11052d1f5c46,Buena Vista Inn,https://journeyed.org/hotel/buena-vista-inn-anaheim-386540/,"328 N Stanton Ave, Anaheim, CA 92801",Anaheim,CA,92801,US,33.8355047,-117.9931223,+17142290101,https://www.hotelstrasser.com,motel,40.4,settled-1.1-facts,2026-10-04,2,overture-places@2026-09-23.1,cdla-permissive-2.0
ov:38d21b62-64b8-487f-8d2a-d1be882b3a29,Star Motel,https://journeyed.org/hotel/star-motel-norwalk-38d21b/,"11871 Firestone Blvd, Norwalk, CA 90650",Norwalk,CA,90650,US,33.911861,-118.0797749,+15628631668,https://www.thestarmotel.com,motel,41,settled-1.1-facts,2026-10-04,1,overture-places@2026-09-23.1,cdla-permissive-2.0
ov:38d989e3-8001-47c8-a988-fbd3a93e79fc,Ramada Plaza Hawthorne/LAX,https://journeyed.org/hotel/ramada-plaza-hawthorne-lax-hawthorne-38d989/,"5250 W El Segundo Blvd, Hawthorne, CA 90250",Hawthorne,CA,90250,US,33.916082,-118.37214,+13105369800,https://www.wyndhamhotels.com/ramada/hawthorne-california/ramada-plaza-hotel-lax-el-segundo/overview,hotel,37.7,settled-1.1-facts,2026-10-04,4,overture-places@2026-09-23.1,cdla-permissive-2.0
ov:38e5546d-010b-4213-83e9-a86165dc985f,Fairfield by Marriott Inn & Suites Moorpark Ventura County,https://journeyed.org/hotel/fairfield-by-marriott-inn-and-suites-moorpark-ventura-county-moorpark-38e554/,"14350 White Sage Rd, Moorpark, CA 93021",Moorpark,CA,93021,US,34.2828931,-118.8609285,+18053272000,https://www.marriott.com/en-us/hotels/oxrvm-fairfield-inn-and-suites-moorpark-ventura-county/overview/?scid=d2406702-e8ea-4b45-bb9b-69cddaaef03d,hotel,29.7,settled-1.1-facts,2026-10-04,0,overture-places@2026-09-23.1,cdla-permissive-2.0
ov:38f0c4e8-0422-489d-826f-7e4d97e85633,Regency Inn,https://journeyed.org/hotel/regency-inn-los-angeles-38f0c4/,"2378 Colorado Blvd, Los Angeles, CA 90041",Los Angeles,CA,90041,US,34.1397977,-118.2185202,+13232578168,http://regencyinneaglerock.com/,inn,53.4,settled-1.1-facts,2026-10-04,26,overture-places@2026-09-23.1,cdla-permissive-2.0
ov:3926cecb-ec6e-4df2-809c-747f2eda7083,Budget Hotel,https://journeyed.org/hotel/budget-hotel-gardena-3926ce/,"14508 S Western Ave, Gardena, CA 90249",Gardena,CA,90249,US,33.8998207,-118.3087634,+13107197119,http://budgethotel.placeweb.site,motel,39.2,settled-1.1-facts,2026-10-04,2,overture-places@2026-09-23.1,cdla-permissive-2.0
ov:39345d34-b54a-4615-aed9-d3faa50e2860,Knights Inn,https://journeyed.org/hotel/knights-inn-palmdale-39345d/,"130 E Palmdale Blvd, Palmdale, CA 93550-4513",Palmdale,CA,93550-4513,US,34.5787311,-118.1289006,+16612731400,https://www.redlion.com,hotel,26.5,settled-1.1-facts,2026-10-04,0,overture-places@2026-09-23.1,cdla-permissive-2.0
ov:39365cc8-973d-44f0-8820-5ffba044e1ad,Imperial 17th Motel,https://journeyed.org/hotel/imperial-17th-motel-santa-ana-39365c/,"1920 W 17th St, Santa Ana, CA 92706-2321",Santa Ana,CA,92706-2321,US,33.759637,-117.895611,+17145471906,,motel,27.6,settled-1.1-facts,2026-10-04,4,overture-places@2026-09-23.1,cdla-permissive-2.0
ov:394b9f35-d8bc-41bd-a592-a5c692fccf5a,Venice on the Beach Hotel,https://journeyed.org/hotel/venice-on-the-beach-hotel-los-angeles-394b9f/,"2819 Ocean Front Walk, Los Angeles, CA 90291",Los Angeles,CA,90291,US,33.9803225,-118.4676652,+13104290234,http://www.veniceonthebeachhotel.com/,hotel,65.7,settled-1.1-facts,2026-10-04,45,overture-places@2026-09-23.1,cdla-permissive-2.0
ov:395536df-fe20-4f7d-862e-d68c4fdb3547,Hilton Garden Inn Los Angeles Marina Del Rey,https://journeyed.org/hotel/hilton-garden-inn-los-angeles-marina-del-rey-marina-del-rey-395536/,"4200 Admiralty Way, Marina del Rey, CA 90292-5422",Marina del Rey,CA,90292-5422,US,33.9835633,-118.4575889,+13103012000,https://hilton-garden-inn-los-angeles-marina-del-rey.otels.online,hotel,40.5,settled-1.1-facts,2026-10-04,10,overture-places@2026-09-23.1,cdla-permissive-2.0
ov:3960188a-1a1c-4cbb-a43d-45f97daaba22,Vagabond Inn – Sylmar,https://journeyed.org/hotel/vagabond-inn-sylmar-sylmar-396018/,"12775 Encinitas Ave, Sylmar, CA 91342-3517",Sylmar,CA,91342-3517,US,34.301673,-118.476836,+18186504600,http://www.vagabondinn.com,lodging,29.3,settled-1.1-facts,2026-10-04,0,overture-places@2026-09-23.1,cdla-permissive-2.0
ov:396d240a-24b7-4ef5-8b2a-94f3c7cd47fa,Knights Inn Anaheim,https://journeyed.org/hotel/knights-inn-anaheim-anaheim-396d24/,"414 W Ball Rd, Anaheim, CA 92805-6051",Anaheim,CA,92805-6051,US,33.817649,-117.913497,,https://knightsinnanaheim.com,lodging,30.8,settled-1.1-facts,2026-10-04,9,overture-places@2026-09-23.1,cdla-permissive-2.0
ov:397bf146-30f7-405c-9224-b3ffc07ff13f,Bellflower Travel Inn,https://journeyed.org/hotel/bellflower-travel-inn-bellflower-397bf1/,"16400 Lakewood Blvd, Bellflower, CA 90706",Bellflower,CA,90706,US,33.8849732,-118.1423544,+15629209656,http://www.bellflowertravelinn.com,motel,39.3,settled-1.1-facts,2026-10-04,1,overture-places@2026-09-23.1,cdla-permissive-2.0
ov:398ed3c9-2ee3-4e50-9762-594d8c8e2a79,Chinese Inn,https://journeyed.org/hotel/chinese-inn-simi-valley-398ed3/,"4431 Cochran St, Simi Valley, CA 93063-3065",Simi Valley,CA,93063-3065,US,34.2791106,-118.7080552,,,lodging,5.4,settled-1.1-facts,2026-10-04,0,overture-places@2026-09-23.1,cdla-permissive-2.0
ov:39a29d48-b0f9-459c-945b-6480f81b2b5c,1 Hotel,https://journeyed.org/hotel/1-hotel-west-hollywood-39a29d/,"8490 W Sunset Blvd, West Hollywood, CA 90069-1912",West Hollywood,CA,90069-1912,US,34.0943429,-118.37549,+13104241600,https://www.1hotels.com/west-hollywood/,hotel,79.8,settled-1.1-facts,2026-10-04,120,overture-places@2026-09-23.1,cdla-permissive-2.0
ov:39aa3b46-f442-4e4a-90fc-c3d8d85923cd,El Terado Terrace,https://journeyed.org/hotel/el-terado-terrace-avalon-39aa3b/,"230 Marilla Ave, Avalon, CA 90704",Avalon,CA,90704,US,33.3443408,-118.3294809,+13105100831,http://www.elterado.com/,hotel,41,settled-1.1-facts,2026-10-04,0,overture-places@2026-09-23.1,cdla-permissive-2.0
ov:39b1b227-a3cd-42ea-97cc-d1998a4462ef,Century Wilshire Hotel,https://journeyed.org/hotel/century-wilshire-hotel-los-angeles-39b1b2/,"10776 Wilshire Blvd, Los Angeles, CA 90024",Los Angeles,CA,90024,US,34.0597009,-118.4387753,+13104744506,http://www.centurywilshirehotel.com,hotel,40.7,settled-1.1-facts,2026-10-04,5,overture-places@2026-09-23.1,cdla-permissive-2.0
ov:39dd2424-cb7d-4388-992a-57919d109ffd,Vagabond Inn Hacienda Heights,https://journeyed.org/hotel/vagabond-inn-hacienda-heights-hacienda-heights-39dd24/,"1239 S Hacienda Blvd, Hacienda Heights, CA 91745",Hacienda Heights,CA,91745,US,34.0081099,-117.964509,+16268206888,http://www.vagabondinn.com/california/vagabond-inn-hacienda-heights.aspx,hotel,40.3,settled-1.1-facts,2026-10-04,1,overture-places@2026-09-23.1,cdla-permissive-2.0
ov:39e33c60-da9c-4293-8404-1987d0430058,SpringHill Suites by Marriott Irvine John Wayne Airport/Orange County,https://journeyed.org/hotel/springhill-suites-by-marriott-irvine-john-wayne-airport-orange-county-39e33c/,"17601 Fitch, Irvine, CA 92614",Irvine,CA,92614,US,33.6963157,-117.8591716,+19497570500,https://www.marriott.com/en-us/hotels/snaap-springhill-suites-irvine-john-wayne-airport-orange-county/overview/?scid=d2406702-e8ea-4b45-bb9b-69cddaaef03d,hotel,39.2,settled-1.1-facts,2026-10-04,1,overture-places@2026-09-23.1,cdla-permissive-2.0
ov:39e3bda8-8631-4629-b1a1-4ab634dac117,Grand Inn,https://journeyed.org/hotel/grand-inn-fullerton-39e3bd/,"1000 S Euclid St, Fullerton, CA 92832",Fullerton,CA,92832,US,33.8609712,-117.9416351,+17148717200,http://www.grandinn.net/,hotel,49.7,settled-1.1-facts,2026-10-04,7,overture-places@2026-09-23.1,cdla-permissive-2.0
ov:39f97ac6-0984-48f9-82c9-4e25e87a9979,hotel cali,https://journeyed.org/hotel/hotel-cali-placentia-39f97a/,"710 W Kimberly Ave, Placentia, CA 92870",Placentia,CA,92870,US,33.8625269,-117.8806308,,,hotel,15.6,settled-1.1-facts,2026-10-04,0,overture-places@2026-09-23.1,cdla-permissive-2.0
ov:3a05e655-c711-4700-8450-3251169eedcc,GreenTree Inn and Suites,https://journeyed.org/hotel/greentree-inn-and-suites-alhambra-3a05e6/,"2499 W Main St, Alhambra, CA 91801",Alhambra,CA,91801,US,34.0953525,-118.150829,+16262848498,http://hotelplusportal.com,hotel,39.4,settled-1.1-facts,2026-10-04,1,overture-places@2026-09-23.1,cdla-permissive-2.0
ov:3a3dc744-4e9f-48e6-8edd-b0a358bdd500,Unity Hotel,https://journeyed.org/hotel/unity-hotel-long-beach-3a3dc7/,"1063 E Anaheim St, Long Beach, CA 90813-3628",Long Beach,CA,90813-3628,US,33.782877,-118.179304,+15626121990,,hotel,28,settled-1.1-facts,2026-10-04,3,overture-places@2026-09-23.1,cdla-permissive-2.0
ov:3a5fceb0-716f-42c2-8f1f-89a2b5e96b14,Pacific View Palace,https://journeyed.org/hotel/pacific-view-palace-los-angeles-3a5fce/,"7342 Pacific View Dr, Los Angeles, CA 90068-2044",Los Angeles,CA,90068-2044,US,34.121316,-118.353702,+13237431118,https://www.pacificviewapthomes.com/,hotel,39.9,settled-1.1-facts,2026-10-04,6,overture-places@2026-09-23.1,cdla-permissive-2.0
ov:3a602e5b-ee34-4309-b67b-e15869065af2,Spiral Staircase,https://journeyed.org/hotel/spiral-staircase-topanga-3a602e/,"128 Old Topanga Canyon Rd, Topanga, CA 90290",Topanga,CA,90290,US,34.0902233,-118.6048464,+13104553370,http://innoftheseventhray.com/,inn,34.9,settled-1.1-facts,2026-10-04,0,overture-places@2026-09-23.1,cdla-permissive-2.0
ov:3a72335d-7f13-489a-94fb-1bc1a432e5c5,Hotel Pacific Manhattan Beach,https://journeyed.org/hotel/hotel-pacific-manhattan-beach-manhattan-beach-3a7233/,"850 N Sepulveda Blvd, Manhattan Beach, CA 90266",Manhattan Beach,CA,90266,US,33.884581,-118.3957837,+13103181020,https://hotelpacificinmanhattanbeach.com/,hotel,64.2,settled-1.1-facts,2026-10-04,35,overture-places@2026-09-23.1,cdla-permissive-2.0
ov:3a759462-b5ad-491a-9677-1727660be40c,Anaheim Lodge,https://journeyed.org/hotel/anaheim-lodge-anaheim-3a7594/,"837 S Beach Blvd, Anaheim, CA 92804-3932",Anaheim,CA,92804-3932,US,33.819468,-117.993901,+17149528615,https://anaheimlodge.com,motel,38.9,settled-1.1-facts,2026-10-04,1,overture-places@2026-09-23.1,cdla-permissive-2.0
ov:3a770e69-3cad-4f25-ab8e-c8ddbfe88c0d,The Shay,https://journeyed.org/hotel/the-shay-culver-city-3a770e/,"8801 Washington Blvd, Culver City, CA 90232",Culver City,CA,90232,US,34.028085,-118.387243,+14243616700,http://www.theshayhotel.com/,hotel,40.4,settled-1.1-facts,2026-10-04,1,overture-places@2026-09-23.1,cdla-permissive-2.0
ov:3a7d1dd0-80be-4c4d-9208-e24da1481809,Elan Hotel,https://journeyed.org/hotel/elan-hotel-los-angeles-3a7d1d/,"8435 Beverly Blvd, Los Angeles, CA 90048",Los Angeles,CA,90048,US,34.0762367,-118.3744622,+13236586663,https://www.elanhotel.com/,hotel,70,settled-1.1-facts,2026-10-04,71,overture-places@2026-09-23.1,cdla-permissive-2.0
ov:3a904b74-390f-4f62-9163-9b7240f9118e,Economy Inn,https://journeyed.org/hotel/economy-inn-ontario-3a904b/,"2301 S Euclid Ave, Ontario, CA 91762",Ontario,CA,91762,US,34.031987,-117.650139,+19099863556,https://economy-inn-ca-17.hub.biz/,motel,38,settled-1.1-facts,2026-10-04,0,overture-places@2026-09-23.1,cdla-permissive-2.0
ov:3a9276e8-16c6-47d2-b431-2b612e96b11a,Studio 6 Rosemead- Ca – Pasadena,https://journeyed.org/hotel/studio-6-rosemead-ca-pasadena-rosemead-3a9276/,"3327 Del Mar Ave, Rosemead, CA 91770",Rosemead,CA,91770,US,34.0688637,-118.0995384,+16265727180,,resort,26.7,settled-1.1-facts,2026-10-04,0,overture-places@2026-09-23.1,cdla-permissive-2.0
ov:3aa032e3-05da-45f7-90da-838ad412107f,Hotel del Flores,https://journeyed.org/hotel/hotel-del-flores-beverly-hills-3aa032/,"409 N Crescent Dr, Beverly Hills, CA 90210",Beverly Hills,CA,90210,US,34.0714311,-118.4002951,+13102745115,http://www.hoteldelflores.com,hotel,50.8,settled-1.1-facts,2026-10-04,13,overture-places@2026-09-23.1,cdla-permissive-2.0
ov:3aacd47b-aa2d-4c40-b908-ede1befd22b5,Holiday Inn Express & Suites Chatsworth By Ihg,https://journeyed.org/hotel/holiday-inn-express-and-suites-chatsworth-by-ihg-chatsworth-3aacd4/,"21340 Devonshire St, Chatsworth, CA 91311-2320",Chatsworth,CA,91311-2320,US,34.256631,-118.596464,+18189985289,https://www.ihg.com,hotel,32.3,settled-1.1-facts,2026-10-04,0,overture-places@2026-09-23.1,cdla-permissive-2.0
ov:3ae0900f-02c0-47c7-b169-d1f417275c6b,The Jeremy West Hollywood,https://journeyed.org/hotel/the-jeremy-west-hollywood-west-hollywood-3ae090/,"8490 W Sunset Blvd, West Hollywood, CA 90069",West Hollywood,CA,90069,US,34.0940124,-118.3758633,+14242811890,https://www.jeremyhotel.com,hotel,40.9,settled-1.1-facts,2026-10-04,7,overture-places@2026-09-23.1,cdla-permissive-2.0
ov:3b04ffd7-42d0-4fa2-9b85-a9fa466165ca,Residence Inn,https://journeyed.org/hotel/residence-inn-pasadena-3b04ff/,"21 West Walnut Street, Pasadena, CA 91103",Pasadena,CA,91103,US,34.150267,-118.150842,+16262049220,https://www.marriott.com/en-us/hotels/laxro-residence-inn-los-angeles-pasadena-old-town/overview/?scid=d2406702-e8ea-4b45-bb9b-69cddaaef03d,hotel,40.8,settled-1.1-facts,2026-10-04,3,overture-places@2026-09-23.1,cdla-permissive-2.0
ov:3b06b39c-8aff-4aac-8f6c-ab0393e19995,Villa Luna Motel,https://journeyed.org/hotel/villa-luna-motel-south-gate-3b06b3/,"10250 Atlantic Ave, South Gate, CA 90280",South Gate,CA,90280,US,33.9378834,-118.1817774,+13235696257,,motel,25.6,settled-1.1-facts,2026-10-04,0,overture-places@2026-09-23.1,cdla-permissive-2.0
ov:3b498683-1886-4dae-adfe-106a4bb43c47,Aristocrat Motel,https://journeyed.org/hotel/aristocrat-motel-baldwin-park-3b4986/,"13109 Garvey Ave, Baldwin Park, CA 91706",Baldwin Park,CA,91706,US,34.0672896,-117.9883361,+16269601195,http://aristocratmotel.com,motel,37.2,settled-1.1-facts,2026-10-04,0,overture-places@2026-09-23.1,cdla-permissive-2.0
ov:3b53d0d2-3334-42f1-af11-17eb54f71ddc,Element by Marriott Irvine,https://journeyed.org/hotel/element-by-marriott-irvine-irvine-3b53d0/,"17662 Armstrong Ave, Irvine, CA 92614",Irvine,CA,92614,US,33.6896441,-117.8518271,+19497498337,https://www.marriott.com/en-us/hotels/snaei-element-irvine/overview/?scid=d2406702-e8ea-4b45-bb9b-69cddaaef03d,lodging,39.4,settled-1.1-facts,2026-10-04,1,overture-places@2026-09-23.1,cdla-permissive-2.0
ov:3b843f5f-7b60-4159-b285-fdd22b423ca9,Starlight Inn Canoga Park,https://journeyed.org/hotel/starlight-inn-canoga-park-los-angeles-3b843f/,"7435 Winnetka Ave, Los Angeles, CA 91306",Los Angeles,CA,91306,US,34.2053327,-118.5712932,+18183419700,https://www.starlightinncanogaparkca.com/,hotel,65.8,settled-1.1-facts,2026-10-04,7,overture-places@2026-09-23.1,cdla-permissive-2.0
ov:3b9041c3-7c75-4363-a828-62ca375791a0,"The Jordan San Gabriel, Curio Collection By Hilton",https://journeyed.org/hotel/the-jordan-san-gabriel-curio-collection-by-hilton-san-gabriel-3b9041/,"111 W Valley Blvd, San Gabriel, CA 91776-3722",San Gabriel,CA,91776-3722,US,34.080155,-118.100144,+18004458667,https://www.hilton.com,hotel,39.4,settled-1.1-facts,2026-10-04,2,overture-places@2026-09-23.1,cdla-permissive-2.0
ov:3b9ef550-c1ff-48f2-a5e9-0b82a76933ca,Hilton Garden Inn Valencia Six Flags,https://journeyed.org/hotel/hilton-garden-inn-valencia-six-flags-valencia-3b9ef5/,"27710 The Old Rd, Valencia, CA 91355",Valencia,CA,91355,US,34.424184,-118.5850232,+16612548800,http://hiltongardeninn3.hilton.com/,hotel,40.4,settled-1.1-facts,2026-10-04,2,overture-places@2026-09-23.1,cdla-permissive-2.0
ov:3bbaeb64-7659-4f96-be64-5d4b8a3fa154,MyStayLA,https://journeyed.org/hotel/mystayla-los-angeles-3bbaeb/,"1512 Crenshaw Blvd, Los Angeles, CA 90019",Los Angeles,CA,90019,US,34.0454048,-118.3278586,+12135728839,https://mystayla.thelosangeleshotels.com/en/,hotel,59,settled-1.1-facts,2026-10-04,19,overture-places@2026-09-23.1,cdla-permissive-2.0
ov:3bde667e-8594-4952-a926-d691197577b1,Viceroy Hotels & Resorts,https://journeyed.org/hotel/viceroy-hotels-and-resorts-west-hollywood-3bde66/,"750 N San Vicente Blvd, West Hollywood, CA 90069-5617",West Hollywood,CA,90069-5617,US,34.0837887,-118.3832123,+13239303700,http://www.viceroyhotelsandresorts.com/,hotel,40.6,settled-1.1-facts,2026-10-04,9,overture-places@2026-09-23.1,cdla-permissive-2.0
ov:3c0069ce-2ce7-41db-a59e-f29d440c1830,Extended Stay America,https://journeyed.org/hotel/extended-stay-america-anaheim-3c0069/,"1742 S Clementine St, Anaheim, CA 92802",Anaheim,CA,92802,US,33.8047433,-117.9088279,+17145029988,http://dms.netmng.com/si/cm/tracking/dgtrackingredirect.aspx?siclientid=2918&sisearchengine=1524&siredirect=http:%2f%2fwww.extendedstayamerica.com%2fhotels%2fca%2forange-county%2fanaheim&siproduct=2838_bus,lodging,40.4,settled-1.1-facts,2026-10-04,10,overture-places@2026-09-23.1,cdla-permissive-2.0
ov:3c1271c1-4209-42a3-a704-e567e87a23ab,Hotel Lexen,https://journeyed.org/hotel/hotel-lexen-santa-clarita-3c1271/,"24219 Railroad Ave, Santa Clarita, CA 91321",Santa Clarita,CA,91321,US,34.3772026,-118.5256929,+16615057500,http://Www.lexenboutique.com/,hotel,80.8,settled-1.1-facts,2026-10-04,0,overture-places@2026-09-23.1,cdla-permissive-2.0
ov:3c22a2b4-dd0c-45ba-958f-df799f1a0f17,La Puente Motel,https://journeyed.org/hotel/la-puente-motel-la-puente-3c22a2/,"1039 N Hacienda Blvd, La Puente, CA 91744",La Puente,CA,91744,US,34.0381955,-117.9505455,+16263302662,http://shell.com,motel,39.3,settled-1.1-facts,2026-10-04,1,overture-places@2026-09-23.1,cdla-permissive-2.0
ov:3c3c2c8f-c7f6-49f6-9180-031c4e7e6981,Crown Inn MOTEL,https://journeyed.org/hotel/crown-inn-motel-los-angeles-3c3c2c/,"4763 S Broadway, Los Angeles, CA 90037",Los Angeles,CA,90037,US,33.9997234,-118.2784392,+13232322011,,hotel,28.1,settled-1.1-facts,2026-10-04,4,overture-places@2026-09-23.1,cdla-permissive-2.0
ov:3c63135b-11fd-4ec4-953d-5ffcd69eccdd,Islander Motel,https://journeyed.org/hotel/islander-motel-wilmington-3c6313/,"1130 W Pacific Coast Hwy, Wilmington, CA 90744-2426",Wilmington,CA,90744-2426,US,33.7900926,-118.277248,+13108350291,https://www.islandermotel.net,motel,36.9,settled-1.1-facts,2026-10-04,0,overture-places@2026-09-23.1,cdla-permissive-2.0
ov:3cb39d3f-275f-4405-af42-69d1378472ef,St Marks Hotel,https://journeyed.org/hotel/st-marks-hotel-los-angeles-3cb39d/,"611 E 5th St, Los Angeles, CA 90013-2109",Los Angeles,CA,90013-2109,US,34.043434,-118.2422,+12136146882,http://www.skidrow.org/buildings/st-marks-hotel,hotel,40.4,settled-1.1-facts,2026-10-04,11,overture-places@2026-09-23.1,cdla-permissive-2.0
ov:3cc6eca9-4723-4d70-9ece-5872435a94a7,Courtyard By Marriott,https://journeyed.org/hotel/courtyard-by-marriott-torrance-3cc6ec/,"2633 Sepulveda Boulevard, Torrance, CA 90505",Torrance,CA,90505,US,33.8233655,-118.3320903,+13105338000,https://www.marriott.com/hotels/travel/laxto-courtyard-los-angeles-torrance-palos-verdes/?scid=45f93f1b-bd77-45c9-8dab-83b6a417f6fe&y_source=1_NjUwMDc3LTgzMS1sb2NhdGlvbi53ZWJzaXRl,hotel,39.8,settled-1.1-facts,2026-10-04,2,overture-places@2026-09-23.1,cdla-permissive-2.0
ov:3cce81db-b5e4-4e91-8f79-d26fb7e9213e,Holly Crest Hotel,https://journeyed.org/hotel/holly-crest-hotel-inglewood-3cce81/,"4027 W Century Blvd, Inglewood, CA 90304",Inglewood,CA,90304,US,33.945679,-118.3449944,+13106738612,http://www.hollycrestinglewood.com,hostel,60.6,settled-1.1-facts,2026-10-04,54,overture-places@2026-09-23.1,cdla-permissive-2.0
ov:3cde1f18-0575-4e3c-9143-1a01ed7328ab,Howard Johnson,https://journeyed.org/hotel/howard-johnson-fullerton-3cde1f/,"222 W Houston Ave, Fullerton, CA 92832",Fullerton,CA,92832,US,33.8546504,-117.9257074,+16575779518,https://www.wyndhamhotels.com/hojo/fullerton-california/howard-johnson-fullerton-anaheim-hotel-and-conference-center/overview,hotel,59.2,settled-1.1-facts,2026-10-04,39,overture-places@2026-09-23.1,cdla-permissive-2.0
ov:3d0646df-ed82-4434-a8ca-250b96be76bb,Esplanade BnB,https://journeyed.org/hotel/esplanade-bnb-redondo-beach-3d0646/,"530 Esplanade, Redondo Beach, CA 90277-4017",Redondo Beach,CA,90277-4017,US,33.833664,-118.389281,+13105437577,,bed_and_breakfast,29.1,settled-1.1-facts,2026-10-04,3,overture-places@2026-09-23.1,cdla-permissive-2.0
ov:3d572371-b69b-4a21-9a93-7182a29bda68,Venice/Marina Beachfront Bungalow,https://journeyed.org/hotel/venice-marina-beachfront-bungalow-marina-del-rey-3d5723/,"3215 Ocean Front Walk, Marina del Rey, CA 90292-5135",Marina del Rey,CA,90292-5135,US,33.97826,-118.46597,+18185918522,http://venicebeachfront.com,bed_and_breakfast,41.2,settled-1.1-facts,2026-10-04,10,overture-places@2026-09-23.1,cdla-permissive-2.0
ov:3d6e0604-db03-4870-bd4c-5cb20067af47,Motel Trella,https://journeyed.org/hotel/motel-trella-montclair-3d6e06/,"4200 Mission Blvd, Montclair, CA 91763-6015",Montclair,CA,91763-6015,US,34.056954,-117.713246,,,lodging,16.5,settled-1.1-facts,2026-10-04,0,overture-places@2026-09-23.1,cdla-permissive-2.0
ov:3d74ce26-290d-46b5-9ed7-7f033e665d88,The Hills Inn Eagle Rock,https://journeyed.org/hotel/the-hills-inn-eagle-rock-los-angeles-3d74ce/,"2300 Colorado Blvd, Los Angeles, CA 90041",Los Angeles,CA,90041,US,34.1391382,-118.2167379,+13232561199,https://www.thehillsinneaglerockla.com/,hotel,63,settled-1.1-facts,2026-10-04,47,overture-places@2026-09-23.1,cdla-permissive-2.0
ov:3d89de46-91f8-4eef-a81a-0b3f33fe6be2,Royale Inn,https://journeyed.org/hotel/royale-inn-rosemead-3d89de/,"2618 San Gabriel Blvd, Rosemead, CA 91770",Rosemead,CA,91770,US,34.0595377,-118.0903526,+16263070880,http://royaleinn.com,motel,38,settled-1.1-facts,2026-10-04,0,overture-places@2026-09-23.1,cdla-permissive-2.0
ov:3da07f27-1501-4de5-94e9-8e754432db69,Warner Center Marriott Woodland Hills,https://journeyed.org/hotel/warner-center-marriott-woodland-hills-woodland-hills-3da07f/,"21850 Oxnard St, Woodland Hills, CA 91367",Woodland Hills,CA,91367,US,34.1784126,-118.6036058,+18188874800,https://www.marriott.com/en-us/hotels/laxwc-warner-center-marriott-woodland-hills/overview/?scid=d2406702-e8ea-4b45-bb9b-69cddaaef03d,hotel,40.4,settled-1.1-facts,2026-10-04,1,overture-places@2026-09-23.1,cdla-permissive-2.0
ov:3da437bf-edd2-42a7-a5df-199bbb835286,Hyatt Regency Los Angeles,https://journeyed.org/hotel/hyatt-regency-los-angeles-los-angeles-3da437/,"711 S Hope St, Los Angeles, CA 90017-3803",Los Angeles,CA,90017-3803,US,34.047945,-118.25818,,https://hyatt-regency-los-angeles-international-airport-hotel.booked.net,lodging,31.1,settled-1.1-facts,2026-10-04,15,overture-places@2026-09-23.1,cdla-permissive-2.0
ov:3dddeb97-2fd8-4508-8101-783b90311cea,Angelus Inn,https://journeyed.org/hotel/angelus-inn-los-angeles-3dddeb/,"518 San Julian St Apt.201, Los Angeles, CA 90013",Los Angeles,CA,90013,US,34.044091,-118.2452571,+12132299662,https://locator.lacounty.gov/lac/Location/3179640/angelus-inn,hotel,40.7,settled-1.1-facts,2026-10-04,12,overture-places@2026-09-23.1,cdla-permissive-2.0
ov:3e1e66b3-7091-478e-8943-8ea7c340c917,Americas Best Value Inn,https://journeyed.org/hotel/americas-best-value-inn-pico-rivera-3e1e66/,"7222 Rosemead Blvd, Pico Rivera, CA 90660",Pico Rivera,CA,90660,US,33.9796463,-118.09919,+15623681243,http://www.americasbestvalueinn.com/,inn,37.6,settled-1.1-facts,2026-10-04,0,overture-places@2026-09-23.1,cdla-permissive-2.0
ov:3e38bf5f-5b39-49b6-8f5e-259aa982eb20,Omni Los Angeles Hotel,https://journeyed.org/hotel/omni-los-angeles-hotel-los-angeles-3e38bf/,"251 S Olive St, Los Angeles, CA 90012",Los Angeles,CA,90012,US,34.0525523,-118.2505659,+12136173300,https://www.omnihotels.com/hotels/los-angeles-california-plaza,hotel,41,settled-1.1-facts,2026-10-04,13,overture-places@2026-09-23.1,cdla-permissive-2.0
ov:3e4e6e7b-df3c-4fcc-842b-1b302198a889,Aster,https://journeyed.org/hotel/aster-los-angeles-3e4e6e/,"802 E Jefferson Blvd, Los Angeles, CA 90011-2529",Los Angeles,CA,90011-2529,US,34.014143,-118.26364,+13238544567,http://aster.global,motel,39.4,settled-1.1-facts,2026-10-04,5,overture-places@2026-09-23.1,cdla-permissive-2.0
ov:3e63bd00-2e4c-4082-8f0a-1749ae4e8365,Americas Best Value Inn Los Angeles,https://journeyed.org/hotel/americas-best-value-inn-los-angeles-los-angeles-3e63bd/,"250 Silver Lake Blvd, Los Angeles, CA 90004-3651",Los Angeles,CA,90004-3651,US,34.075951,-118.285126,,,hotel,17.9,settled-1.1-facts,2026-10-04,8,overture-places@2026-09-23.1,cdla-permissive-2.0
ov:3e65b473-483e-4918-8f14-df9533f3271b,Westin,https://journeyed.org/hotel/westin-anaheim-3e65b4/,"1030 West Katella Avenue, Anaheim, CA 92802",Anaheim,CA,92802,US,33.8024957,-117.9223812,+16572799786,http://www.westinanaheim.com/,resort,41.2,settled-1.1-facts,2026-10-04,9,overture-places@2026-09-23.1,cdla-permissive-2.0
ov:3e734cac-6a75-4f7c-a5eb-cc3c19ed14fc,Vincentes,https://journeyed.org/hotel/vincentes-avalon-3e734c/,"136-146 Marilla Ave, Avalon, CA 90704",Avalon,CA,90704,US,33.3448285,-118.327443,+13105101115,http://www.catalina.com,hotel,26.5,settled-1.1-facts,2026-10-04,0,overture-places@2026-09-23.1,cdla-permissive-2.0
ov:3e9842eb-429c-4b83-bc3e-45779abb6b24,Hotel Burbank,https://journeyed.org/hotel/hotel-burbank-burbank-3e9842/,"150 E Angeleno Ave, Burbank, CA 91502",Burbank,CA,91502,US,34.1791568,-118.3077412,+18188414770,https://oso.co/locations/hotel-burbank/,hotel,55.8,settled-1.1-facts,2026-10-04,7,overture-places@2026-09-23.1,cdla-permissive-2.0
ov:3eeeb8dc-fac9-4ce7-8894-4185c1661793,La Bonita Motel,https://journeyed.org/hotel/la-bonita-motel-el-monte-3eeeb8/,"10407 Garvey Ave, El Monte, CA 91733",El Monte,CA,91733,US,34.0628754,-118.044695,+16264480886,http://www.labonitaelmonte.com,motel,40,settled-1.1-facts,2026-10-04,1,overture-places@2026-09-23.1,cdla-permissive-2.0
ov:3efdbd3b-bb03-4a93-a4e3-09b46da785da,Crown City Suites,https://journeyed.org/hotel/crown-city-suites-pasadena-3efdbd/,"600 S Lake Ave, Pasadena, CA 91106-3955",Pasadena,CA,91106-3955,US,34.135597,-118.131554,+16262282615,,hotel,28.2,settled-1.1-facts,2026-10-04,3,overture-places@2026-09-23.1,cdla-permissive-2.0
ov:3f14d659-2ca5-460f-876b-5114d1dd00d6,Garden Inn San Gabriel,https://journeyed.org/hotel/garden-inn-san-gabriel-san-gabriel-3f14d6/,"5318 Rosemead Blvd, San Gabriel, CA 91776-2211",San Gabriel,CA,91776-2211,US,34.0962869,-118.0730712,+16262858866,https://gardeninnsangabriel.com/,motel,53,settled-1.1-facts,2026-10-04,32,overture-places@2026-09-23.1,cdla-permissive-2.0
ov:3f164b79-f2cf-496b-9c64-838fc56d25a0,Courtyard by Marriott Long Beach Downtown,https://journeyed.org/hotel/courtyard-by-marriott-long-beach-downtown-long-beach-3f164b/,"500 E 1st St, Long Beach, CA 90802",Long Beach,CA,90802,US,33.7678479,-118.1861865,+15624358511,https://www.marriott.com/en-us/hotels/lgbcy-courtyard-long-beach-downtown/overview/?scid=d2406702-e8ea-4b45-bb9b-69cddaaef03d,hotel,41,settled-1.1-facts,2026-10-04,3,overture-places@2026-09-23.1,cdla-permissive-2.0
ov:3f6db059-44c9-494b-8e2e-10b753edf013,Budget Inn,https://journeyed.org/hotel/budget-inn-el-monte-3f6db0/,"10038 Valley Blvd, El Monte, CA 91731-1702",El Monte,CA,91731-1702,US,34.077996,-118.051737,+16265757997,http://www.budgetinn.com,hotel,40.2,settled-1.1-facts,2026-10-04,1,overture-places@2026-09-23.1,cdla-permissive-2.0
ov:3fa56abb-f842-46ed-b25f-5a860ddb7de3,Joyland Motel,https://journeyed.org/hotel/joyland-motel-long-beach-3fa56a/,"6268 Long Beach Blvd, Long Beach, CA 90805",Long Beach,CA,90805,US,33.8685724,-118.2008905,+15624223724,http://flamingomotel.com,hotel,38,settled-1.1-facts,2026-10-04,0,overture-places@2026-09-23.1,cdla-permissive-2.0
ov:3fa5eebf-6323-4dfe-ad55-0540abb6264d,Royal Inn Motel,https://journeyed.org/hotel/royal-inn-motel-compton-3fa5ee/,"1408 N Long Beach Blvd, Compton, CA 90221",Compton,CA,90221,US,33.9056555,-118.2084885,+13106352900,http://www.royalinncompton.com/,motel,39.6,settled-1.1-facts,2026-10-04,1,overture-places@2026-09-23.1,cdla-permissive-2.0
ov:3fc36ca2-c787-47d7-8d2e-58663d356dc8,T Bird Motel,https://journeyed.org/hotel/t-bird-motel-lancaster-3fc36c/,"42233 Sierra Hwy, Lancaster, CA 93535-5328",Lancaster,CA,93535-5328,US,34.6501322,-118.1294831,+16619489428,https://www.tbirdmotorinn.com,motel,26.5,settled-1.1-facts,2026-10-04,0,overture-places@2026-09-23.1,cdla-permissive-2.0
ov:3fc8efbc-c762-4e73-85e8-02f596dc98ca,Slumber Inn Motel,https://journeyed.org/hotel/slumber-inn-motel-long-beach-3fc8ef/,"1770 Pine Ave, Long Beach, CA 90813-1824",Long Beach,CA,90813-1824,US,33.789279,-118.192071,+15625992673,http://www.slumber-inn.com,hotel,39.4,settled-1.1-facts,2026-10-04,2,overture-places@2026-09-23.1,cdla-permissive-2.0
ov:3ff6a7bd-7062-4373-b9fb-8afb3f41e78e,Element,https://journeyed.org/hotel/element-palmdale-3ff6a7/,"39325 Trade Center Drive, Palmdale, CA 93551",Palmdale,CA,93551,US,34.5953588,-118.1432152,+16612241200,https://www.marriott.com/en-us/hotels/wjfel-element-palmdale/overview/,hotel,26.5,settled-1.1-facts,2026-10-04,0,overture-places@2026-09-23.1,cdla-permissive-2.0
ov:3ff8f63a-d300-4b8b-ad67-93a098dda5a3,Inn at Marina del Rey,https://journeyed.org/hotel/inn-at-marina-del-rey-marina-del-rey-3ff8f6/,"737 Washington Blvd, Marina del Rey, CA 90292",Marina del Rey,CA,90292,US,33.9874139,-118.4538511,+18008218277,http://www.pacificahotels.com/innatmarinadelrey/?chebs=local-innatmarinadelrey,hotel,40.4,settled-1.1-facts,2026-10-04,9,overture-places@2026-09-23.1,cdla-permissive-2.0
ov:40451183-bcee-40b3-b859-b7cc3929dbf1,"Motel 6 Anaheim Hills, Ca",https://journeyed.org/hotel/motel-6-anaheim-hills-ca-anaheim-404511/,"5710 E La Palma Ave, Anaheim, CA 92807-2230",Anaheim,CA,92807-2230,US,33.858465,-117.789647,+17149270476,https://www.motel6.com,motel,32.4,settled-1.1-facts,2026-10-04,0,overture-places@2026-09-23.1,cdla-permissive-2.0
ov:407f116d-fc74-4a00-a8e2-bf0f4fd1fc8d,Sunset 8 Motel,https://journeyed.org/hotel/sunset-8-motel-los-angeles-407f11/,"6516 W Sunset Blvd, Los Angeles, CA 90028-7202",Los Angeles,CA,90028-7202,US,34.097572,-118.332179,+13234695051,,hotel,29.2,settled-1.1-facts,2026-10-04,11,overture-places@2026-09-23.1,cdla-permissive-2.0
ov:4089c626-30e8-40c1-85ba-38ddad174133,Hotel Hermosa,https://journeyed.org/hotel/hotel-hermosa-hermosa-beach-4089c6/,"2515 Pacific Coast Hwy, Hermosa Beach, CA 90254-2754",Hermosa Beach,CA,90254-2754,US,33.87245,-118.3955896,+13103186000,https://bit.ly/hotelhermosa-fb,hotel,40.5,settled-1.1-facts,2026-10-04,6,overture-places@2026-09-23.1,cdla-permissive-2.0
ov:408a31e9-0582-4958-89e1-a988f56e8420,Leo's Motel,https://journeyed.org/hotel/leos-motel-lomita-408a31/,"1879 Lomita Blvd, Lomita, CA 90717",Lomita,CA,90717,US,33.7989832,-118.3115164,+13103260445,http://www.mapleelementary.org,motel,36.8,settled-1.1-facts,2026-10-04,0,overture-places@2026-09-23.1,cdla-permissive-2.0
ov:409ce7d2-2746-468c-95bb-f105eeed35ae,Mirror Motel,https://journeyed.org/hotel/mirror-motel-los-angeles-409ce7/,"1904 E 113th St, Los Angeles, CA 90059",Los Angeles,CA,90059,US,33.9323359,-118.2386667,+13234579066,https://www.losangeles-besthotels.com/en/property/hotel-los-angeles-236.html#overview,motel,42.3,settled-1.1-facts,2026-10-04,5,overture-places@2026-09-23.1,cdla-permissive-2.0
ov:40b49bf1-ba4f-4c65-9d55-100d4a2a5bec,Motel 6 Anaheim Convention Center,https://journeyed.org/hotel/motel-6-anaheim-convention-center-anaheim-40b49b/,"2145 S Harbor Blvd, Anaheim, CA 92802",Anaheim,CA,92802,US,33.794421,-117.9160502,+17149270484,https://www.motel6anaheim.com/,motel,40.7,settled-1.1-facts,2026-10-04,9,overture-places@2026-09-23.1,cdla-permissive-2.0
ov:40c975af-ae40-404d-97ee-4598b3489ead,Gardens Hotel,https://journeyed.org/hotel/gardens-hotel-los-angeles-40c975/,"4541 Whittier Blvd, Los Angeles, CA 90022",Los Angeles,CA,90022,US,34.0231612,-118.1695009,+13232664346,http://gardenshotelinn.com,motel,39,settled-1.1-facts,2026-10-04,1,overture-places@2026-09-23.1,cdla-permissive-2.0
ov:4101d169-3cfd-4662-ad30-6736d462e850,Long Beach Days Inn,https://journeyed.org/hotel/long-beach-days-inn-long-beach-4101d1/,"5950 Long Beach Blvd, Long Beach, CA 90805-2173",Long Beach,CA,90805-2173,US,33.8646317,-118.1994977,+15624239898,https://www.wyndhamhotels.com,hotel,37.6,settled-1.1-facts,2026-10-04,0,overture-places@2026-09-23.1,cdla-permissive-2.0
ov:4106b80a-516d-49e7-9d8d-03e770a5dde6,Anchor Inn Motel,https://journeyed.org/hotel/anchor-inn-motel-anaheim-4106b8/,"1538 E Lincoln Ave, Anaheim, CA 92805-2219",Anaheim,CA,92805-2219,US,33.839439,-117.895889,+16196461347,https://www.anchorinnmotelnc.com,motel,38.1,settled-1.1-facts,2026-10-04,6,overture-places@2026-09-23.1,cdla-permissive-2.0
ov:41072bdd-aec7-4a1d-8b61-61bcade904f3,Sonesta ES Suites Torrance Redondo Beach,https://journeyed.org/hotel/sonesta-es-suites-torrance-redondo-beach-torrance-41072b/,"19901 Prairie Ave, Torrance, CA 90503",Torrance,CA,90503,US,33.8508736,-118.3461009,+13103718525,https://www.sonesta.com/sonesta-es-suites/ca/torrance/sonesta-es-suites-torrance-redondo-beach,hotel,40,settled-1.1-facts,2026-10-04,2,overture-places@2026-09-23.1,cdla-permissive-2.0
ov:41447978-8906-471f-b4d6-b82f34fcc013,Days Inn by Wyndham Downey,https://journeyed.org/hotel/days-inn-by-wyndham-downey-downey-414479/,"11102 Lakewood Blvd, Downey, CA 90241",Downey,CA,90241,US,33.9360677,-118.1231548,+15622878488,https://www.wyndhamhotels.com/days-inn/downey-california/days-inn-downey/overview?CID=LC%3ADI%3A%3AFACEBOOK%3ARIO%3ARegional%3A09377,hotel,40.8,settled-1.1-facts,2026-10-04,18,overture-places@2026-09-23.1,cdla-permissive-2.0
ov:4194a881-a8f0-4e0a-91db-57675edf57da,Hyatt Place Pasadena,https://journeyed.org/hotel/hyatt-place-pasadena-pasadena-4194a8/,"399 E Green St, Pasadena, CA 91101",Pasadena,CA,91101,US,34.144798,-118.1419273,+16267889108,https://www.hyatt.com/en-US/hotel/california/hyatt-place-pasadena/laczp,hotel,41.1,settled-1.1-facts,2026-10-04,3,overture-places@2026-09-23.1,cdla-permissive-2.0
ov:41a0f707-9f9e-4566-9a9c-00f59e0857fa,Cabrillo Hotel,https://journeyed.org/hotel/cabrillo-hotel-torrance-41a0f7/,"1913 Cabrillo Ave, Torrance, CA 90501-3630",Torrance,CA,90501-3630,US,33.828347,-118.314574,+13107823531,,hotel,27.3,settled-1.1-facts,2026-10-04,2,overture-places@2026-09-23.1,cdla-permissive-2.0
ov:41a2d919-e27f-43c6-a806-cf4c4006b009,The Prospect Hollywood,https://journeyed.org/hotel/the-prospect-hollywood-los-angeles-41a2d9/,"1850 N Cherokee Ave, Los Angeles, CA 90028",Los Angeles,CA,90028,US,34.1046688,-118.3346667,+13102995222,https://theprospecthollywood.com,hotel,40.9,settled-1.1-facts,2026-10-04,13,overture-places@2026-09-23.1,cdla-permissive-2.0
ov:41bc22ce-3fb6-4daa-b291-538c33262b78,Travelodge,https://journeyed.org/hotel/travelodge-long-beach-41bc22/,"80 Atlantic Ave, Long Beach, CA 90802",Long Beach,CA,90802,US,33.767798,-118.1846467,+15624352471,https://www.wyndhamhotels.com/travelodge/long-beach-california/long-beach-convention-center-travelodge/overview?CID=LC%3Afkqqcjhla7b6gbb%3A07065&iata=00093796,hotel,40.9,settled-1.1-facts,2026-10-04,12,overture-places@2026-09-23.1,cdla-permissive-2.0
ov:41cea205-55fc-4554-9a29-ca9207007a97,Hbala,https://journeyed.org/hotel/hbala-los-angeles-41cea2/,"702 Stone Canyon Rd, Los Angeles, CA 90077-2910",Los Angeles,CA,90077-2910,US,34.08639,-118.44511,+13104721211,,hotel,28.2,settled-1.1-facts,2026-10-04,3,overture-places@2026-09-23.1,cdla-permissive-2.0
ov:41d369d6-8875-4e89-b854-83979866583b,La Paloma Las Flores,https://journeyed.org/hotel/la-paloma-las-flores-avalon-41d369/,"328 Sunny Ln, Avalon, CA 90704",Avalon,CA,90704,US,33.3420073,-118.3284726,+13105100737,http://www.lapalomalasflores.com/,hotel,41,settled-1.1-facts,2026-10-04,0,overture-places@2026-09-23.1,cdla-permissive-2.0
ov:41d546c8-11c6-4b17-8ea2-0140dc93539f,AKA Beverly Hills,https://journeyed.org/hotel/aka-beverly-hills-beverly-hills-41d546/,"155 N Crescent Dr, Beverly Hills, CA 90210",Beverly Hills,CA,90210,US,34.0679122,-118.3968972,+13103851924,http://www.stayaka.com/aka-beverly-hills,hotel,65.4,settled-1.1-facts,2026-10-04,64,overture-places@2026-09-23.1,cdla-permissive-2.0
ov:420427f3-bb50-4c65-9b26-3720168df034,The California Boutique,https://journeyed.org/hotel/the-california-boutique-los-angeles-420427/,"107 S Rampart Blvd, Los Angeles, CA 90057",Los Angeles,CA,90057,US,34.0693038,-118.2772114,+13233849168,,hostel,27.8,settled-1.1-facts,2026-10-04,9,overture-places@2026-09-23.1,cdla-permissive-2.0
ov:420f9d35-8461-4241-8a9e-dfdc1a0cc775,Hampton Inn Irvine East,https://journeyed.org/hotel/hampton-inn-irvine-east-foothill-ranch-420f9d/,"27102 Towne Centre Dr, Foothill Ranch, CA 92610-2801",Foothill Ranch,CA,92610-2801,US,33.6721513,-117.657646,+19495978700,http://hamptoninn3.hilton.com/en/hotels/california/hampton-inn-irvine-east-lake-forest-LAXFHHX/index.html,hotel,37.9,settled-1.1-facts,2026-10-04,0,overture-places@2026-09-23.1,cdla-permissive-2.0
ov:42195aed-5485-462c-a405-6a3fe278ea9d,Redondo Beach Inn,https://journeyed.org/hotel/redondo-beach-inn-gardena-42195a/,"1912 W Redondo Beach Blvd, Gardena, CA 90247",Gardena,CA,90247,US,33.8873797,-118.3119684,+13105381488,https://www.redondobeachinn.com/,motel,39.8,settled-1.1-facts,2026-10-04,1,overture-places@2026-09-23.1,cdla-permissive-2.0
ov:4227044c-705a-4a96-9b4b-9e06813a5481,Colonial Hotel,https://journeyed.org/hotel/colonial-hotel-hawthorne-422704/,"4220 W El Segundo Blvd, Hawthorne, CA 90250-4518",Hawthorne,CA,90250-4518,US,33.916085,-118.34868,+13103551178,https://colonialinntheglen.com,hotel,39.6,settled-1.1-facts,2026-10-04,8,overture-places@2026-09-23.1,cdla-permissive-2.0
ov:4291fdf5-15e6-4128-9fd2-0da4f3d8f012,Home2 Suites by Hilton Los Angeles Montebello,https://journeyed.org/hotel/home2-suites-by-hilton-los-angeles-montebello-montebello-4291fd/,"988 Bella Verde Dr, Montebello, CA 90640",Montebello,CA,90640,US,34.0300545,-118.1301275,+13236214111,https://www.hilton.com/en/hotels/lgbmoht-home2-suites-los-angeles-montebello/,hotel,39.3,settled-1.1-facts,2026-10-04,2,overture-places@2026-09-23.1,cdla-permissive-2.0
ov:42dea0c4-c24e-444b-9c4e-ee8be262cc84,Calamigos Ranch Resort & Spa,https://journeyed.org/hotel/calamigos-ranch-resort-and-spa-malibu-42dea0/,"327 Latigo Canyon Road, Malibu, California, USA 90265, Malibu, CA",Malibu,CA,,US,34.09261,-118.81746,,https://www.lhw.com/hotel/Calamigos-Ranch-Resort-and-Spa-Malibu-United-States,hotel,25.9,settled-1.1-facts,2026-10-04,0,overture-places@2026-09-23.1,cdla-permissive-2.0
ov:42e5043f-84d0-4582-bcee-d0fa1a4b17e7,Lucky Motel,https://journeyed.org/hotel/lucky-motel-fullerton-42e504/,"1031 W Commonwealth Ave, Fullerton, CA 92833",Fullerton,CA,92833,US,33.870344,-117.9428579,+17144410623,http://luckymotel1.placeweb.site,motel,40.3,settled-1.1-facts,2026-10-04,1,overture-places@2026-09-23.1,cdla-permissive-2.0
ov:4301b294-c768-4dc4-ae38-a282f4a7e2d7,Econo Lodge Carson near StubHub Center,https://journeyed.org/hotel/econo-lodge-carson-near-stubhub-center-carson-4301b2/,"1325 E Carson St, Carson, CA 90745",Carson,CA,90745,US,33.8320923,-118.2496872,+13108308044,http://www.econolodgecarsonstubhubcenter.com/,hotel,41.3,settled-1.1-facts,2026-10-04,1,overture-places@2026-09-23.1,cdla-permissive-2.0
ov:43233483-ff06-4f29-bcca-7f778d881203,Campus JAX - Newport Beach,https://journeyed.org/hotel/campus-jax-newport-beach-newport-beach-432334/,"3950 Campus Dr, Newport Beach, CA 92660-2206",Newport Beach,CA,92660-2206,US,33.66499,-117.87182,+19492616270,,hotel,28.7,settled-1.1-facts,2026-10-04,2,overture-places@2026-09-23.1,cdla-permissive-2.0
ov:432e0187-76b7-466e-a0f6-9945717f3abc,Motel 6,https://journeyed.org/hotel/motel-6-orange-432e01/,"2920 W Chapman Ave, Orange, CA 92868-1726",Orange,CA,92868-1726,US,33.7867787,-117.8837995,+17146342441,https://www.motel6.com/en/motels.CA.ORANGE.1004.html,hotel,40.1,settled-1.1-facts,2026-10-04,9,overture-places@2026-09-23.1,cdla-permissive-2.0
ov:433d5bbc-479d-4414-824c-ca4f86642ce3,Vagabond Inn Long Beach,https://journeyed.org/hotel/vagabond-inn-long-beach-long-beach-433d5b/,"150 Alamitos Ave, Long Beach, CA 90802",Long Beach,CA,90802,US,33.768248,-118.1819802,+15624357621,http://www.vagabondinn.com/california/vagabond-inn-long-beach.aspx,hotel,40.6,settled-1.1-facts,2026-10-04,3,overture-places@2026-09-23.1,cdla-permissive-2.0
ov:4381941d-ae2d-48b4-b0d8-e1df4fc17582,Relax Inn Motel,https://journeyed.org/hotel/relax-inn-motel-los-angeles-438194/,"1269 S La Brea Ave, Los Angeles, CA 90019",Los Angeles,CA,90019,US,34.0514213,-118.3447929,+13239393772,http://www.hotelrelaxinn.com/index.html,motel,40.9,settled-1.1-facts,2026-10-04,3,overture-places@2026-09-23.1,cdla-permissive-2.0
ov:4385aa3d-fe0f-40d4-a047-49c7538b1670,L'Ermitage Beverly Hills,https://journeyed.org/hotel/lermitage-beverly-hills-beverly-hills-4385aa/,"9291 Burton Wy, Beverly Hills, CA 90210",Beverly Hills,CA,90210,US,34.0726045,-118.3953847,+18778314284,https://www.lermitagebeverlyhills.com/?utm_source=facebook&utm_medium=organic&utm_campaign=facebook_listing,hotel,65,settled-1.1-facts,2026-10-04,71,overture-places@2026-09-23.1,cdla-permissive-2.0
ov:438cc7bf-d7d6-4b42-b7b2-3c4d32bca24c,Best Western Plus Raffles Inn & Suites,https://journeyed.org/hotel/best-western-plus-raffles-inn-and-suites-anaheim-438cc7/,"2040 S Harbor Blvd, Anaheim, CA 92802",Anaheim,CA,92802,US,33.7977053,-117.9147687,+17147506100,https://www.bestwestern.com/en_US/book/hotel-rooms.05551.html?iata=00171890&ssob=BLBWI0003G&cid=BLBWI0003G%3Ayext%3Awebsite%3A05551,hotel,40.9,settled-1.1-facts,2026-10-04,9,overture-places@2026-09-23.1,cdla-permissive-2.0
ov:4390f31c-d76e-4a4c-b560-e2781b3718ee,The Metric Hotel,https://journeyed.org/hotel/the-metric-hotel-los-angeles-4390f3/,"285 Lucas Ave, Los Angeles, CA 90026",Los Angeles,CA,90026,US,34.0586713,-118.2615686,+12134336700,http://www.metrichotel.com/,hotel,40.2,settled-1.1-facts,2026-10-04,13,overture-places@2026-09-23.1,cdla-permissive-2.0
ov:43abe6e4-a231-4948-bf47-300983b0beb4,Motel 6,https://journeyed.org/hotel/motel-6-garden-grove-43abe6/,"12091 Trask Ave, Garden Grove, CA 92843",Garden Grove,CA,92843,US,33.7674253,-117.9193419,+17149270477,http://www.motel6.com/,motel,39,settled-1.1-facts,2026-10-04,2,overture-places@2026-09-23.1,cdla-permissive-2.0
ov:43f40094-5a9c-43e6-bcce-b58fab93ce0e,Travelodge by Wyndham Sunset Beach Oceanfront,https://journeyed.org/hotel/travelodge-by-wyndham-sunset-beach-oceanfront-huntington-beach-43f400/,"17205 CA-1, Huntington Beach, CA 90742",Huntington Beach,CA,90742,US,33.7123389,-118.0640504,+17144214451,https://www.wyndhamhotels.com/en-ca/travelodge/sunset-beach-california/travelodge-sunset-huntington-beach-ocean-front/overview,hotel,41.6,settled-1.1-facts,2026-10-04,12,overture-places@2026-09-23.1,cdla-permissive-2.0
ov:43f45888-6fe2-4104-882c-1d895464a8b1,Boyd Hotel,https://journeyed.org/hotel/boyd-hotel-los-angeles-43f458/,"224 Boyd St, Los Angeles, CA 90013",Los Angeles,CA,90013,US,34.0472578,-118.244579,+12136212693,http://skidrow.org,hotel,40.7,settled-1.1-facts,2026-10-04,12,overture-places@2026-09-23.1,cdla-permissive-2.0
ov:4441a270-048e-4097-8ed7-f14a19559b88,Rainbow Inn,https://journeyed.org/hotel/rainbow-inn-anaheim-4441a2/,"831 S Beach Blvd, Anaheim, CA 92804",Anaheim,CA,92804,US,33.819856,-117.9936892,+17149956800,http://www.anaheimrainbowinn.com,motel,58.4,settled-1.1-facts,2026-10-04,33,overture-places@2026-09-23.1,cdla-permissive-2.0
ov:44761eb7-9c54-41a0-a1d5-ea5a2e0be5bb,Wagon Wheel Motel,https://journeyed.org/hotel/wagon-wheel-motel-lynwood-44761e/,"11167 Atlantic Ave, Lynwood, CA 90262",Lynwood,CA,90262,US,33.9259712,-118.1857086,+13106321561,http://www.wagonwheel66cuba.com,motel,36.7,settled-1.1-facts,2026-10-04,0,overture-places@2026-09-23.1,cdla-permissive-2.0
ov:447c0b02-0bd4-4ce4-bd2f-3c806b5ce348,Sunrise Inn,https://journeyed.org/hotel/sunrise-inn-south-gate-447c0b/,"2735 Firestone Blvd, South Gate, CA 90280-2708",South Gate,CA,90280-2708,US,33.9562628,-118.2234925,,https://sunriseinnak.com,lodging,13.5,settled-1.1-facts,2026-10-04,0,overture-places@2026-09-23.1,cdla-permissive-2.0
ov:4493e40a-1ddc-4574-92ac-e3ec450a9e0b,Hollywood Park Motel,https://journeyed.org/hotel/hollywood-park-motel-inglewood-4493e4/,"823-825 Prairie Ave, Inglewood, CA 90301",Inglewood,CA,90301,US,33.9532167,-118.3443189,+13106731912,http://www.hollywoodparkotb.com,motel,41,settled-1.1-facts,2026-10-04,11,overture-places@2026-09-23.1,cdla-permissive-2.0
ov:44963717-a1a1-429b-9751-d8959eb2129e,Hilgard Homes,https://journeyed.org/hotel/hilgard-homes-los-angeles-449637/,"870 Hilgard Ave, Los Angeles, CA 90024",Los Angeles,CA,90024,US,34.0647129,-118.4405697,+13108193393,http://www.hilgardhomes.com/,resort,41.2,settled-1.1-facts,2026-10-04,6,overture-places@2026-09-23.1,cdla-permissive-2.0
ov:44b78737-1298-4788-8610-359516bf4aae,Hi Rise Motel,https://journeyed.org/hotel/hi-rise-motel-lynwood-44b787/,"12411 Long Beach Blvd, Lynwood, CA 90262",Lynwood,CA,90262,US,33.9143971,-118.2093984,+13106046048,,motel,27.3,settled-1.1-facts,2026-10-04,1,overture-places@2026-09-23.1,cdla-permissive-2.0
ov:44bd166b-84e7-492e-a451-03e9aadba54b,Studio Lodge Hotel,https://journeyed.org/hotel/studio-lodge-hotel-north-hollywood-44bd16/,"11254 Vanowen St, North Hollywood, CA 91605-6319",North Hollywood,CA,91605-6319,US,34.1936389,-118.3767477,+18187602735,,lodge,28.1,settled-1.1-facts,2026-10-04,2,overture-places@2026-09-23.1,cdla-permissive-2.0
ov:44ce8cd3-9fe4-4089-be5d-5d0d8d908e46,GuestHouse Pico Rivera Downey,https://journeyed.org/hotel/guesthouse-pico-rivera-downey-pico-rivera-44ce8c/,"8455 Telegraph Rd, Pico Rivera, CA 90660",Pico Rivera,CA,90660,US,33.962719,-118.1115112,+15623645002,,resort,27,settled-1.1-facts,2026-10-04,1,overture-places@2026-09-23.1,cdla-permissive-2.0
ov:44e51930-aaca-4040-b301-dc0ec552f0d3,Hotel Salina Long Beach,https://journeyed.org/hotel/hotel-salina-long-beach-long-beach-44e519/,"3826 Long Beach Blvd, Long Beach, CA 90807-3312",Long Beach,CA,90807-3312,US,33.82755,-118.188953,+15624273547,http://hotelsalinalongbeach.com/index.html,hotel,38.1,settled-1.1-facts,2026-10-04,1,overture-places@2026-09-23.1,cdla-permissive-2.0
ov:44e66bd7-fe38-4d91-9d3a-3d3a8edc0bb1,Chase Suite Hotel Brea,https://journeyed.org/hotel/chase-suite-hotel-brea-brea-44e66b/,"3100 E Imperial Hwy, Brea, CA 92821",Brea,CA,92821,US,33.9106411,-117.8551512,+17145793200,https://www.chasehotelbrea.com/?utm_source=facebook&utm_medium=organic&utm_campaign=facebook_listing,hotel,72.7,settled-1.1-facts,2026-10-04,18,overture-places@2026-09-23.1,cdla-permissive-2.0
ov:4507f32d-0613-4c76-9cc7-20b9d0d669cf,Embassy Suites By Hilton Brea North Orange County,https://journeyed.org/hotel/embassy-suites-by-hilton-brea-north-orange-county-brea-4507f3/,"900 E Birch St, Brea, CA 92821",Brea,CA,92821,US,33.9173798,-117.8876245,+17149906000,http://www.embassysuitesbrea.com/,hotel,35.5,settled-1.1-facts,2026-10-04,0,overture-places@2026-09-23.1,cdla-permissive-2.0
ov:4519e824-70ef-4d80-8ae5-3693e9d2cc57,Level Los Angeles - Hollywood,https://journeyed.org/hotel/level-los-angeles-hollywood-los-angeles-4519e8/,"6933 Santa Monica Blvd, Los Angeles, CA 90038",Los Angeles,CA,90038,US,34.090716,-118.340824,+12133400126,https://stayinglevel.com/destinations/los-angeles/hollywood/,resort,74.3,settled-1.1-facts,2026-10-04,75,overture-places@2026-09-23.1,cdla-permissive-2.0
ov:452a0eaf-45df-4828-b26c-622aab0e9c89,tuscan inn hotel,https://journeyed.org/hotel/tuscan-inn-hotel-santa-monica-452a0e/,"2700 Neilson Way, Santa Monica, CA 90405",Santa Monica,CA,90405,US,33.9999669,-118.4828853,,,hotel,18.4,settled-1.1-facts,2026-10-04,8,overture-places@2026-09-23.1,cdla-permissive-2.0
ov:454bcc79-6071-4b88-9086-1c622021999a,Catalina Canyon Inn,https://journeyed.org/hotel/catalina-canyon-inn-avalon-454bcc/,"888 Country Club Dr, Avalon, CA 90704",Avalon,CA,90704,US,33.3403851,-118.3324219,+13105100325,http://www.catalinacanyoninn.com/,resort,55.6,settled-1.1-facts,2026-10-04,0,overture-places@2026-09-23.1,cdla-permissive-2.0
ov:455aa617-db8f-4b80-abad-2331333a9632,Geneva Motel,https://journeyed.org/hotel/geneva-motel-inglewood-455aa6/,"321 W Manchester Blvd, Inglewood, CA 90301",Inglewood,CA,90301,US,33.9619101,-118.3605735,+13106779171,http://genevainnlax.com/,motel,69.7,settled-1.1-facts,2026-10-04,58,overture-places@2026-09-23.1,cdla-permissive-2.0
ov:45664b57-85d8-4086-b6c2-4f113a7cf5a2,Deluxe Motel,https://journeyed.org/hotel/deluxe-motel-pomona-45664b/,"915 W Holt Ave, Pomona, CA 91768",Pomona,CA,91768,US,34.0625468,-117.7654327,+19097668855,http://www.deluxe.com,motel,40.1,settled-1.1-facts,2026-10-04,1,overture-places@2026-09-23.1,cdla-permissive-2.0
ov:45709348-97fe-4864-8e47-7e8b4cc731dc,Long Beach Guest House,https://journeyed.org/hotel/long-beach-guest-house-long-beach-457093/,"3048 E 1st St, Long Beach, CA 90803",Long Beach,CA,90803,US,33.763088,-118.156712,+15624815210,,hotel,28,settled-1.1-facts,2026-10-04,3,overture-places@2026-09-23.1,cdla-permissive-2.0
ov:4592525c-af8c-4840-a25f-316761c2c53d,Atlas motel,https://journeyed.org/hotel/atlas-motel-los-angeles-459252/,"7322 S Western Ave, Los Angeles, CA 90047",Los Angeles,CA,90047,US,33.9730381,-118.308801,+13239718257,,motel,26.6,settled-1.1-facts,2026-10-04,2,overture-places@2026-09-23.1,cdla-permissive-2.0
ov:4597c34d-d0f0-495e-aade-f549d15e5552,The Blvd Hotel & Suites,https://journeyed.org/hotel/the-blvd-hotel-and-suites-los-angeles-4597c3/,"2010 N Highland Ave, Los Angeles, CA 90068",Los Angeles,CA,90068,US,34.1069845,-118.3372074,+13238744300,http://www.blvdhollywood.com,hotel,40.9,settled-1.1-facts,2026-10-04,13,overture-places@2026-09-23.1,cdla-permissive-2.0
ov:4599b712-083d-47fd-ae9b-1d757413f869,Acacia Inn,https://journeyed.org/hotel/acacia-inn-inglewood-4599b7/,"4307 W Imperial Hwy, Inglewood, CA 90304",Inglewood,CA,90304,US,33.9312633,-118.3508903,,,hotel,18.4,settled-1.1-facts,2026-10-04,11,overture-places@2026-09-23.1,cdla-permissive-2.0
ov:45b3d2e8-2ccf-45cb-9a28-90b63a1f755f,"Motel 6 Lomita, Ca",https://journeyed.org/hotel/motel-6-lomita-ca-lomita-45b3d2/,"2237 Pacific Coast Hwy, Lomita, CA 90717-2504",Lomita,CA,90717-2504,US,33.7898657,-118.3209424,+13105134680,https://www.motel6.com,motel,36.3,settled-1.1-facts,2026-10-04,0,overture-places@2026-09-23.1,cdla-permissive-2.0
ov:45ea7008-63e1-4bfe-b7cc-199346c7fbbb,Small Luxury Hotels,https://journeyed.org/hotel/small-luxury-hotels-beverly-hills-45ea70/,"337 S Robertson Blvd, Beverly Hills, CA 90211-3646",Beverly Hills,CA,90211-3646,US,34.060923,-118.38372,+13106595050,,hotel,28.3,settled-1.1-facts,2026-10-04,6,overture-places@2026-09-23.1,cdla-permissive-2.0
ov:45f266d5-6412-448f-b5ac-cad9a04b270e,Life Is Good in Los Angeles,https://journeyed.org/hotel/life-is-good-in-los-angeles-sherman-oaks-45f266/,"15216 Hartsook St, Sherman Oaks, CA 91403-1101",Sherman Oaks,CA,91403-1101,US,34.1637015,-118.4646638,+18887571926,http://www.lifeisgood-bnb.com/,bed_and_breakfast,49.3,settled-1.1-facts,2026-10-04,18,overture-places@2026-09-23.1,cdla-permissive-2.0
ov:45f9d5b5-1c09-4f0c-8c33-0c3d663c0ebc,Knott's Hotel,https://journeyed.org/hotel/knotts-hotel-buena-park-45f9d5/,"7675 Crescent Ave, Buena Park, CA 90620",Buena Park,CA,90620,US,33.84011,-117.9990328,+17149951111,http://www.knottshotel.com/,hotel,41.1,settled-1.1-facts,2026-10-04,2,overture-places@2026-09-23.1,cdla-permissive-2.0
ov:45ff917f-39e5-4ece-81c2-74d421dcdb81,Stanton Inn & Suites,https://journeyed.org/hotel/stanton-inn-and-suites-stanton-45ff91/,"7161 Katella Ave, Stanton, CA 90680",Stanton,CA,90680,US,33.80315,-118.008,+17149470958,http://www.stantoninnsuites.com/,resort,37.9,settled-1.1-facts,2026-10-04,1,overture-places@2026-09-23.1,cdla-permissive-2.0
ov:4637d3fd-bfb7-496a-9793-7f86f635b1a3,Palm Inn Motel,https://journeyed.org/hotel/palm-inn-motel-montclair-4637d3/,"4118 Mission Blvd, Montclair, CA 91763",Montclair,CA,91763,US,34.0566903,-117.7151115,+19096281221,https://welcome-inn-motel.business.site,motel,38.3,settled-1.1-facts,2026-10-04,0,overture-places@2026-09-23.1,cdla-permissive-2.0
ov:46510cb8-3e78-4544-b52b-2da25b731576,The Carlton Hotel,https://journeyed.org/hotel/the-carlton-hotel-los-angeles-46510c/,"534 Wall St, Los Angeles, CA 90013",Los Angeles,CA,90013,US,34.043921,-118.2463109,+12135632634,,hotel,29.1,settled-1.1-facts,2026-10-04,12,overture-places@2026-09-23.1,cdla-permissive-2.0
ov:465f0849-7679-4173-8364-0a5eea799350,Le Blanc Inn and Suites,https://journeyed.org/hotel/le-blanc-inn-and-suites-el-monte-465f08/,"11652 Garvey Ave, El Monte, CA 91732-3308",El Monte,CA,91732-3308,US,34.0624752,-118.0246826,+16264486228,https://www.leblancinnelmonte.com/,hotel,73.8,settled-1.1-facts,2026-10-04,44,overture-places@2026-09-23.1,cdla-permissive-2.0
ov:467b8b0d-d0e6-4d2e-859e-128261ba5ab1,Epic Hotel,https://journeyed.org/hotel/epic-hotel-pico-rivera-467b8b/,"4335 Rosemead Blvd, Pico Rivera, CA 90660",Pico Rivera,CA,90660,US,34.0114802,-118.0810898,+15628423055,http://www.epichotelpicorivera.com,hotel,67.9,settled-1.1-facts,2026-10-04,46,overture-places@2026-09-23.1,cdla-permissive-2.0
ov:468fea45-e98a-4acb-acb2-435a5ca3ee49,The James Hollywood,https://journeyed.org/hotel/the-james-hollywood-los-angeles-468fea/,"Los Angeles, CA",Los Angeles,CA,,US,34.1041352,-118.3343654,+18339741830,http://www.commodorehollywood.com/,hotel,55.4,settled-1.1-facts,2026-10-04,34,overture-places@2026-09-23.1,cdla-permissive-2.0
ov:4691a7e1-ee29-42ac-9666-4a0a9ae391aa,LA Crystal Hotel,https://journeyed.org/hotel/la-crystal-hotel-compton-4691a7/,"123 E Artesia Blvd, Compton, CA 90220",Compton,CA,90220,US,33.8751121,-118.2208168,+13107642008,http://lacrystalhotel.com/,hotel,39.4,settled-1.1-facts,2026-10-04,1,overture-places@2026-09-23.1,cdla-permissive-2.0
ov:469a50b1-701a-41b7-a826-bf56310d732f,Hyatt Regency Valencia,https://journeyed.org/hotel/hyatt-regency-valencia-valencia-469a50/,"24500 Town Center Dr, Valencia, CA 91355-1322",Valencia,CA,91355-1322,US,34.4176464,-118.5631012,+16617991234,http://valencia.hyatt.com/,hotel,40.5,settled-1.1-facts,2026-10-04,2,overture-places@2026-09-23.1,cdla-permissive-2.0
ov:46af6f98-348d-40b4-a848-420902493f06,Motel Rocks,https://journeyed.org/hotel/motel-rocks-los-angeles-46af6f/,"860 S Los Angeles St, Los Angeles, CA 90014-3300",Los Angeles,CA,90014-3300,US,34.04085,-118.25367,+12134889420,http://www.motelrocks.com,hotel,40.7,settled-1.1-facts,2026-10-04,14,overture-places@2026-09-23.1,cdla-permissive-2.0
ov:46c29109-83f3-461b-899e-b73f30b93e8d,TownePlace Suites Thousand Oaks Agoura Hills,https://journeyed.org/hotel/towneplace-suites-thousand-oaks-agoura-hills-agoura-hills-46c291/,"29505 Agoura Rd, Agoura Hills, CA 91301",Agoura Hills,CA,91301,US,34.1456723,-118.7679313,+17472632348,https://www.marriott.com/en-us/hotels/oxrah-towneplace-suites-thousand-oaks-agoura-hills/overview/?scid=d2406702-e8ea-4b45-bb9b-69cddaaef03d,hotel,38.2,settled-1.1-facts,2026-10-04,0,overture-places@2026-09-23.1,cdla-permissive-2.0
ov:46c2da47-5922-4b10-9f41-76f637ca6735,Redondo Inn and Suites,https://journeyed.org/hotel/redondo-inn-and-suites-redondo-beach-46c2da/,"711 S Pacific Coast Hwy, Redondo Beach, CA 90277",Redondo Beach,CA,90277,US,33.8300144,-118.3854906,+13105401888,http://www.redondoinn.com/,hotel,64.6,settled-1.1-facts,2026-10-04,27,overture-places@2026-09-23.1,cdla-permissive-2.0
ov:4737159b-96f1-4bae-a778-82457c984714,Home2 Suites by Hilton Azusa,https://journeyed.org/hotel/home2-suites-by-hilton-azusa-azusa-473715/,"229 S Azusa Ave, Azusa, CA 91702",Azusa,CA,91702,US,34.1186006,-117.9085744,+16262392015,https://www.hilton.com/en/hotels/laxazht-home2-suites-azusa/,hotel,39.9,settled-1.1-facts,2026-10-04,1,overture-places@2026-09-23.1,cdla-permissive-2.0
ov:474a2b48-c2b3-4a70-94de-a360bfd84613,Hampton Inn & Suites Porter Ranch Los Angeles,https://journeyed.org/hotel/hampton-inn-and-suites-porter-ranch-los-angeles-porter-ranch-474a2b/,"20150 Rinaldi Street, Porter Ranch, CA 91326",Porter Ranch,CA,91326,US,34.2744889,-118.5742558,+17477990455,https://www.hilton.com/en/hotels/lgbprhx-hampton-suites-porter-ranch-los-angeles/?SEO_id=BING-AMER-HX-LGBPRHX&y_source=1_OTgxMzcxMjEtNDgzLWxvY2F0aW9uLndlYnNpdGU%3D,resort,30.2,settled-1.1-facts,2026-10-04,0,overture-places@2026-09-23.1,cdla-permissive-2.0
ov:47506492-bad3-4083-ab62-cf9acfbaca07,Randolph Hotel,https://journeyed.org/hotel/randolph-hotel-huntington-park-475064/,"2680 Randolph St, Huntington Park, CA 90255",Huntington Park,CA,90255,US,33.9849941,-118.2228224,+13235883033,,motel,23.6,settled-1.1-facts,2026-10-04,0,overture-places@2026-09-23.1,cdla-permissive-2.0
ov:4752171b-9e6c-4e57-9f22-dd8af8484877,Howard Johnson by Wyndham Reseda Hotel & Suites,https://journeyed.org/hotel/howard-johnson-by-wyndham-reseda-hotel-and-suites-reseda-475217/,"7432 Reseda Blvd, Reseda, CA 91335",Reseda,CA,91335,US,34.2055846,-118.5354992,+18183440324,https://www.wyndhamhotels.com/hojo/reseda-california/howard-johnson-inn-and-suites-reseda/overview?CID=LC:HJ::BING:RIO:National:01759&iata=00093796,resort,34.3,settled-1.1-facts,2026-10-04,0,overture-places@2026-09-23.1,cdla-permissive-2.0
ov:4761d0f9-21e2-41c0-939d-e836c6aa845b,Cambria Hotel,https://journeyed.org/hotel/cambria-hotel-el-segundo-4761d0/,"199 Continental Blvd, El Segundo, CA 90245",El Segundo,CA,90245,US,33.9174698,-118.3927205,+13109650555,https://www.cambrialax.com/,hotel,78.3,settled-1.1-facts,2026-10-04,51,overture-places@2026-09-23.1,cdla-permissive-2.0
ov:47923483-2b9f-4826-bd0b-a2600d677359,State Motel,https://journeyed.org/hotel/state-motel-long-beach-479234/,"550 W Pacific Coast Hwy, Long Beach, CA 90806",Long Beach,CA,90806,US,33.7896651,-118.199147,+15624367582,,motel,27.6,settled-1.1-facts,2026-10-04,2,overture-places@2026-09-23.1,cdla-permissive-2.0
ov:47fbde6a-2644-49d9-908b-c0ea9f9424c7,BUDGET INN & SUITES OF SANTA ANA,https://journeyed.org/hotel/budget-inn-and-suites-of-santa-ana-santa-ana-47fbde/,"1108 N Harbor Blvd, Santa Ana, CA 92703",Santa Ana,CA,92703,US,33.7545964,-117.9205937,+17145541177,http://www.budgetinnsantaana.com,hotel,38.4,settled-1.1-facts,2026-10-04,0,overture-places@2026-09-23.1,cdla-permissive-2.0
ov:480fc4bc-f0c2-41dc-b074-9084c4c9a591,Topanga Canyon Inn Bed and Breakfast,https://journeyed.org/hotel/topanga-canyon-inn-bed-and-breakfast-topanga-480fc4/,"20310 Callon Dr, Topanga, CA 90290",Topanga,CA,90290,US,34.1145715,-118.5786581,+13106001325,http://www.TopangaCanyonInn.com/,bed_and_breakfast,54.8,settled-1.1-facts,2026-10-04,10,overture-places@2026-09-23.1,cdla-permissive-2.0
ov:481227d1-f14e-416d-9477-c60109a9504c,Days Inn by Wyndham Los Angeles LAX/Redondo/Manhattan Beach,https://journeyed.org/hotel/days-inn-by-wyndham-los-angeles-lax-redondo-manhattan-beach-lawndale-481227/,"15636 Hawthorne Blvd, Lawndale, CA 90260",Lawndale,CA,90260,US,33.8885845,-118.3520592,+13106767378,http://www.daysinnsouthbay.com/,hotel,66.7,settled-1.1-facts,2026-10-04,63,overture-places@2026-09-23.1,cdla-permissive-2.0
ov:48368750-bd5b-4bf6-ba43-0191aa3c3f51,"Holiday Inn Diamond Bar - Pomona, an IHG Hotel",https://journeyed.org/hotel/holiday-inn-diamond-bar-pomona-an-ihg-hotel-diamond-bar-483687/,"21725 Gateway Center Dr, Diamond Bar, CA 91765",Diamond Bar,CA,91765,US,34.001001,-117.833665,+19098605440,https://www.ihg.com/holidayinn/hotels/us/en/diamond-bar/laxdb/hoteldetail?cm_mmc=FacebookMaps-_-HI-_-US-_-LAXDB,hotel,32.5,settled-1.1-facts,2026-10-04,0,overture-places@2026-09-23.1,cdla-permissive-2.0
ov:484069d8-3e8f-4f3d-83b2-0e54ed8dad9c,Best Inn Hollywood,https://journeyed.org/hotel/best-inn-hollywood-los-angeles-484069/,"1822 N Cahuenga Blvd, Los Angeles, CA 90028",Los Angeles,CA,90028,US,34.1046054,-118.3298152,+13234672252,http://www.bestinnhollywood.net,motel,41.1,settled-1.1-facts,2026-10-04,12,overture-places@2026-09-23.1,cdla-permissive-2.0
ov:4843b06a-11c2-4ff9-ada3-c3a9055a1cf3,Budget Inn,https://journeyed.org/hotel/budget-inn-whittier-4843b0/,"14030 Whittier Blvd, Whittier, CA 90605",Whittier,CA,90605,US,33.957374,-118.0233673,+15626964615,http://www.budgetinn.com,inn,39.4,settled-1.1-facts,2026-10-04,1,overture-places@2026-09-23.1,cdla-permissive-2.0
ov:48490221-41db-49df-88f5-8713d9f75df5,Mt. Gleason Motorlodge,https://journeyed.org/hotel/mt-gleason-motorlodge-los-angeles-484902/,"7927 Foothill Blvd, Los Angeles, CA 91040",Los Angeles,CA,91040,US,34.2600133,-118.3055949,+18183527112,https://www.gleasonmotorlodge.com/en-us,motel,33.8,settled-1.1-facts,2026-10-04,0,overture-places@2026-09-23.1,cdla-permissive-2.0
ov:4849f3da-7f4f-4cfa-915c-5035b0b62d34,Comfort Inn,https://journeyed.org/hotel/comfort-inn-anaheim-4849f3/,"1251 N Harbor Blvd, Anaheim, CA 92801",Anaheim,CA,92801,US,33.8526501,-117.9247296,+17146356461,http://www.comfortinn.com,hotel,39.5,settled-1.1-facts,2026-10-04,3,overture-places@2026-09-23.1,cdla-permissive-2.0
ov:48779cad-2607-4c72-9b4c-6b9c7832e41a,Colonial Pool & Spa Motel,https://journeyed.org/hotel/colonial-pool-and-spa-motel-long-beach-48779c/,"802 Pacific Coast Hwy, Long Beach, CA 90806",Long Beach,CA,90806,US,33.7896956,-118.1826455,+15625918327,http://www.colonialmotellongbeach.com,motel,39.2,settled-1.1-facts,2026-10-04,3,overture-places@2026-09-23.1,cdla-permissive-2.0
ov:487d3c2d-f7af-4ac0-8620-9d7d084e7f96,Panama Hotel,https://journeyed.org/hotel/panama-hotel-los-angeles-487d3c/,"403 E 5th St, Los Angeles, CA 90013",Los Angeles,CA,90013,US,34.0445891,-118.2447938,+12132299657,http://panamahotel.com,hotel,40.7,settled-1.1-facts,2026-10-04,12,overture-places@2026-09-23.1,cdla-permissive-2.0
ov:488d779d-c3b0-4ed5-8a9a-1fc5e553deb3,Stars Inn,https://journeyed.org/hotel/stars-inn-los-angeles-488d77/,"10269 Santa Monica Blvd, Los Angeles, CA 90067",Los Angeles,CA,90067,US,34.0599535,-118.4211758,+13105563076,http://www.motelbeverlyhillshollywoodla.info,motel,40.8,settled-1.1-facts,2026-10-04,5,overture-places@2026-09-23.1,cdla-permissive-2.0
ov:4893493e-74a9-43c2-9c7a-2ca4329ecdb1,Hampton Inn & Suites M,https://journeyed.org/hotel/hampton-inn-and-suites-m-irvine-489349/,"42 Corporate Park, Irvine, CA 92606-3101",Irvine,CA,92606-3101,US,33.6892,-117.82698,,,hotel,16,settled-1.1-facts,2026-10-04,1,overture-places@2026-09-23.1,cdla-permissive-2.0
ov:48e0a2d9-6cd8-44aa-882a-79221129f072,Sea View Inn at the Beach,https://journeyed.org/hotel/sea-view-inn-at-the-beach-manhattan-beach-48e0a2/,"3400 Highland Ave, Manhattan Beach, CA 90266-3341",Manhattan Beach,CA,90266-3341,US,33.8992371,-118.4169773,+13105451504,http://theseaviewinn.com/,hotel,64.1,settled-1.1-facts,2026-10-04,31,overture-places@2026-09-23.1,cdla-permissive-2.0
ov:48ec3919-5882-490e-96e3-1a8a3cf4b4d3,Alpine Inn,https://journeyed.org/hotel/alpine-inn-anaheim-48ec39/,"715 W Katella Ave, Anaheim, CA 92802",Anaheim,CA,92802,US,33.8036789,-117.9176295,+17145352186,http://www.alpineinnanaheim.com/,motel,41,settled-1.1-facts,2026-10-04,10,overture-places@2026-09-23.1,cdla-permissive-2.0
ov:49086cc4-fb1c-45dd-92c4-d8484faefb84,M Motel,https://journeyed.org/hotel/m-motel-el-monte-49086c/,"10024 Valley Blvd, El Monte, CA 91731",El Monte,CA,91731,US,34.0783914,-118.0520501,+16264444321,https://m-motel-el-monte-ca-us.booked.net,motel,40.1,settled-1.1-facts,2026-10-04,1,overture-places@2026-09-23.1,cdla-permissive-2.0
ov:4935a514-94b2-4084-8fc5-43eb567a7fa6,DoubleTree by Hilton Hotel Torrance - South Bay,https://journeyed.org/hotel/doubletree-by-hilton-hotel-torrance-south-bay-torrance-4935a5/,"21333 Hawthorne Blvd, Torrance, CA 90503",Torrance,CA,90503,US,33.8346552,-118.3545327,+13105400500,http://doubletree3.hilton.com/,hotel,40.3,settled-1.1-facts,2026-10-04,2,overture-places@2026-09-23.1,cdla-permissive-2.0
ov:49574ecb-c756-4586-9df8-76260d53b4f0,"Hartford Hotel, BW Signature Collection",https://journeyed.org/hotel/hartford-hotel-bw-signature-collection-rosemead-49574e/,"8832 Glendon Wy, Rosemead, CA 91770",Rosemead,CA,91770,US,34.0736529,-118.0755401,+16266566191,https://www.bestwestern.com/en_US/book/hotel-rooms.05755.html?iata=00171890&ssob=BLBWI0003G&cid=BLBWI0003G%3Ayext%3Awebsite%3A05755,hotel,38.1,settled-1.1-facts,2026-10-04,0,overture-places@2026-09-23.1,cdla-permissive-2.0
ov:49617a8d-a4b0-4466-99d5-a732a0ea1687,Chariot Inn,https://journeyed.org/hotel/chariot-inn-glendale-49617a/,"1118 E Colorado St, Glendale, CA 91205",Glendale,CA,91205,US,34.1424443,-118.2410102,+18185079600,http://www.chariotinn.com/,motel,69.9,settled-1.1-facts,2026-10-04,60,overture-places@2026-09-23.1,cdla-permissive-2.0
ov:498536da-c617-463b-87a4-daf7abd9d505,Courtyard By Marriott,https://journeyed.org/hotel/courtyard-by-marriott-long-beach-498536/,"3841 N. Lakewood Boulevard, Long Beach, CA 90808",Long Beach,CA,90808,US,33.8283692,-118.1438171,+15624295803,https://www.marriott.com/en-us/hotels/lgbcl-courtyard-long-beach-airport/overview/?scid=d2406702-e8ea-4b45-bb9b-69cddaaef03d,hotel,40.2,settled-1.1-facts,2026-10-04,1,overture-places@2026-09-23.1,cdla-permissive-2.0
ov:498cd93a-94ab-4659-907d-53862745d449,Chateau Elysee,https://journeyed.org/hotel/chateau-elysee-los-angeles-498cd9/,"5930 Franklin Ave, Los Angeles, CA 90028",Los Angeles,CA,90028,US,34.1046689,-118.3192265,,http://www.chateau-elysee.com/contact#!,hotel,30.8,settled-1.1-facts,2026-10-04,10,overture-places@2026-09-23.1,cdla-permissive-2.0
ov:49b214b5-3bba-47e7-a2a9-2d2a1bb303b3,Vagabond Inn Costa Mesa,https://journeyed.org/hotel/vagabond-inn-costa-mesa-costa-mesa-49b214/,"3205 Harbor Blvd, Costa Mesa, CA 92626",Costa Mesa,CA,92626,US,33.6875707,-117.9214294,+17145578360,http://www.vagabondinn.com/california/vagabond-inn-costa-mesa.aspx,hotel,38.5,settled-1.1-facts,2026-10-04,1,overture-places@2026-09-23.1,cdla-permissive-2.0
ov:49c0a102-dbf3-45a8-a219-642e9b9a74e7,Bay Shores Peninsula Hotel,https://journeyed.org/hotel/bay-shores-peninsula-hotel-newport-beach-49c0a1/,"1800 W Balboa Blvd, Newport Beach, CA 92663",Newport Beach,CA,92663,US,33.6078691,-117.92503,+19496753463,https://www.bayshoreshotel.com/,hotel,79.3,settled-1.1-facts,2026-10-04,21,overture-places@2026-09-23.1,cdla-permissive-2.0
ov:49e527d7-8a8a-44ac-a9e6-6029b482110e,Motel 6,https://journeyed.org/hotel/motel-6-los-angeles-49e527/,"1738 Whitley Ave, Los Angeles, CA 90028-4809",Los Angeles,CA,90028-4809,US,34.1028267,-118.3330968,+13238438400,http://www.motel6hollywood.com/,motel,40.9,settled-1.1-facts,2026-10-04,13,overture-places@2026-09-23.1,cdla-permissive-2.0
ov:4a027ffd-6ac6-41c6-84bd-1692d8048e89,California Hotels,https://journeyed.org/hotel/california-hotels-montclair-4a027f/,"5436 Arrow Hwy, Montclair, CA 91763-1602",Montclair,CA,91763-1602,US,34.092812,-117.686342,+19099497637,,hotel,25.5,settled-1.1-facts,2026-10-04,0,overture-places@2026-09-23.1,cdla-permissive-2.0
ov:4a0b8047-aa5a-4fb3-b47a-7a75b6d29af3,Travel King Motel,https://journeyed.org/hotel/travel-king-motel-bellflower-4a0b80/,"8805 Artesia Blvd, Bellflower, CA 90706",Bellflower,CA,90706,US,33.8755821,-118.1447464,,,motel,17.3,settled-1.1-facts,2026-10-04,1,overture-places@2026-09-23.1,cdla-permissive-2.0
ov:4a5ef301-34b1-456e-a689-7e0f41babb6f,Libra Hotel,https://journeyed.org/hotel/libra-hotel-los-angeles-4a5ef3/,"3909 W 6th St, Los Angeles, CA 90020",Los Angeles,CA,90020,US,34.0636,-118.3082689,+12132726618,https://www.librahotella.com,hotel,46,settled-1.1-facts,2026-10-04,25,overture-places@2026-09-23.1,cdla-permissive-2.0
ov:4a7aa7af-3391-4b26-9ed8-c7a959c08bca,West Covina Country Hills Estates,https://journeyed.org/hotel/west-covina-country-hills-estates-baldwin-park-4a7aa7/,"13470 Dalewood St, Baldwin Park, CA 91706-5834",Baldwin Park,CA,91706-5834,US,34.065775,-117.980409,+16269604802,,hotel,26.2,settled-1.1-facts,2026-10-04,0,overture-places@2026-09-23.1,cdla-permissive-2.0
ov:4ab0587d-114e-45c0-a86c-5952bf14026b,Seahorse Inn Manhattan Beach - Lax,https://journeyed.org/hotel/seahorse-inn-manhattan-beach-lax-manhattan-beach-4ab058/,"233 N Sepulveda Blvd, Manhattan Beach, CA 90266-6801",Manhattan Beach,CA,90266-6801,US,33.880824,-118.396393,+13103767951,https://www.seahorseinnla.com,hotel,54.6,settled-1.1-facts,2026-10-04,24,overture-places@2026-09-23.1,cdla-permissive-2.0
ov:4ab288ef-7a06-4f4a-84be-a1416e3ce13e,Courtyard By Mariott Mrna Dl R,https://journeyed.org/hotel/courtyard-by-mariott-mrna-dl-r-marina-del-rey-4ab288/,"13480 Maxella Ave, Marina del Rey, CA 90292-5620",Marina del Rey,CA,90292-5620,US,33.985147,-118.441101,,,lodging,18.8,settled-1.1-facts,2026-10-04,9,overture-places@2026-09-23.1,cdla-permissive-2.0
ov:4aca89ee-2997-4d54-bf3b-b7cebbd7d3ee,Ramada Plaza,https://journeyed.org/hotel/ramada-plaza-garden-grove-4aca89/,"10022 Garden Grove Blvd, Garden Grove, CA 92844",Garden Grove,CA,92844,US,33.7736288,-117.9580522,+17145341818,https://www.wyndhamhotels.com/ramada/garden-grove-california/ramada-plaza-hotel-garden-grove/overview?CID=LC%3ARA%3A%3AFACEBOOK%3ARIO%3ARegional%3A00987,hotel,59.9,settled-1.1-facts,2026-10-04,57,overture-places@2026-09-23.1,cdla-permissive-2.0
ov:4ad15150-7cb0-48d1-a487-09a78c3d62db,Diamond Inn,https://journeyed.org/hotel/diamond-inn-inglewood-4ad151/,"3735 W Imperial Hwy, Inglewood, CA 90303",Inglewood,CA,90303,US,33.9310799,-118.3382743,+13106741278,http://www.diamondinnlax.com,motel,40.1,settled-1.1-facts,2026-10-04,11,overture-places@2026-09-23.1,cdla-permissive-2.0
ov:4aecf33c-d0dd-41e2-8cd5-454a69528014,West Coast Trocchio Californian Lodge,https://journeyed.org/hotel/west-coast-trocchio-californian-lodge-laguna-hills-4aecf3/,"25012 Del Monte St, Laguna Hills, CA 92653-5664",Laguna Hills,CA,92653-5664,US,33.5862842,-117.692759,,,hotel,13.5,settled-1.1-facts,2026-10-04,0,overture-places@2026-09-23.1,cdla-permissive-2.0
ov:4b03c022-ba07-42b2-a961-13145be7ccc5,Cloud 9 Motel,https://journeyed.org/hotel/cloud-9-motel-pico-rivera-4b03c0/,"9245 Telegraph Rd, Pico Rivera, CA 90660",Pico Rivera,CA,90660,US,33.9577773,-118.105002,+15629495286,http://www.cloud9motelpicorivera.com,motel,38.7,settled-1.1-facts,2026-10-04,1,overture-places@2026-09-23.1,cdla-permissive-2.0
ov:4b0f3e59-9e38-4a1e-b948-5dd765c3e4f2,Doryman's Inn,https://journeyed.org/hotel/dorymans-inn-newport-beach-4b0f3e/,"2102 W Oceanfront, Newport Beach, CA 92663-4327",Newport Beach,CA,92663-4327,US,33.6084162,-117.9286775,+19496757300,http://www.dorymansinn.com/photo-gallery.htm,bed_and_breakfast,40.6,settled-1.1-facts,2026-10-04,1,overture-places@2026-09-23.1,cdla-permissive-2.0
ov:4b74e081-1e3a-4792-b854-76647dc83d02,Economy Inn - Burbank Airport,https://journeyed.org/hotel/economy-inn-burbank-airport-los-angeles-4b74e0/,"8365 Lehigh Ave, Los Angeles, CA 91352",Los Angeles,CA,91352,US,34.22277,-118.3668859,+18185042671,http://www.economyinnsunvalley.us,motel,68.2,settled-1.1-facts,2026-10-04,16,overture-places@2026-09-23.1,cdla-permissive-2.0
ov:4babcd68-b27d-4e0d-88c3-c90a8d52dfd6,Jesus Saves Hostel,https://journeyed.org/hotel/jesus-saves-hostel-los-angeles-4babcd/,"1167 W 39th Pl, Los Angeles, CA 90037-1556",Los Angeles,CA,90037-1556,US,34.0142204,-118.2972208,+13235721086,http://jesussaveshostel.com/,hostel,40.7,settled-1.1-facts,2026-10-04,5,overture-places@2026-09-23.1,cdla-permissive-2.0
ov:4bf6dc15-8667-4e8a-918f-ca6ace4ae0ff,Motel 6,https://journeyed.org/hotel/motel-6-los-angeles-4bf6dc/,"354 W 9th St, Los Angeles, CA 90015",Los Angeles,CA,90015,US,34.043723,-118.258219,+13109352772,https://www.motel6.com/en/home/motels.ca.los-angeles.8853.html,hotel,40.8,settled-1.1-facts,2026-10-04,16,overture-places@2026-09-23.1,cdla-permissive-2.0
ov:4bfbf935-5527-4bb0-823d-aa2b823e42e3,Hawthorne Plaza Inn,https://journeyed.org/hotel/hawthorne-plaza-inn-hawthorne-4bfbf9/,"12043 Hawthorne Blvd, Hawthorne, CA 90250",Hawthorne,CA,90250,US,33.9228589,-118.3529504,+13109733432,http://hawthorneplazainn.com,hotel,53.9,settled-1.1-facts,2026-10-04,65,overture-places@2026-09-23.1,cdla-permissive-2.0
ov:4c1b3bf7-d289-47d7-b651-545a30989f79,Disney's Grand Californian Hotel & Spa,https://journeyed.org/hotel/disneys-grand-californian-hotel-and-spa-anaheim-4c1b3b/,"1600 S Disneyland Dr, Anaheim, CA 92802-2317",Anaheim,CA,92802-2317,US,33.8078677,-117.9228028,+17146352300,https://disneyland.disney.go.com/hotels/grand-californian-hotel/?CMP=OKC-334222_FB_DLR_resort_disneysgrandcalifornianhotelspa_NA,hotel,40.8,settled-1.1-facts,2026-10-04,10,overture-places@2026-09-23.1,cdla-permissive-2.0
ov:4c4baf2c-e093-45be-ac94-0fab1ad44f10,Days Inn by Wyndham Anaheim Near the Park,https://journeyed.org/hotel/days-inn-by-wyndham-anaheim-near-the-park-anaheim-4c4baf/,"727 S Beach Blvd, Anaheim, CA 92804",Anaheim,CA,92804,US,33.8211831,-117.993419,+17142200100,http://www.daysinn.com,hotel,39.1,settled-1.1-facts,2026-10-04,1,overture-places@2026-09-23.1,cdla-permissive-2.0
ov:4c4db97a-9dd3-4115-80bb-8979165d87df,Haystack Motel,https://journeyed.org/hotel/haystack-motel-long-beach-4c4db9/,"4675 Long Beach Blvd, Long Beach, CA 90805",Long Beach,CA,90805,US,33.8425997,-118.1925703,,,motel,15.5,settled-1.1-facts,2026-10-04,1,overture-places@2026-09-23.1,cdla-permissive-2.0
ov:4ca2c4d7-5aae-440c-bf08-2f3f904565de,PALMS COURTYARD INN,https://journeyed.org/hotel/palms-courtyard-inn-westminster-4ca2c4/,"5921 Westminster Blvd, Westminster, CA 92683",Westminster,CA,92683,US,33.759289,-118.025475,+17148957099,http://palmscourtyardinn.com/,resort,38.1,settled-1.1-facts,2026-10-04,0,overture-places@2026-09-23.1,cdla-permissive-2.0
ov:4ca2fecc-48ba-4f7a-9529-2f350e1abcd5,Balboa Beach Front,https://journeyed.org/hotel/balboa-beach-front-newport-beach-4ca2fe/,"400 E Oceanfront, Newport Beach, CA 92661-0203",Newport Beach,CA,92661-0203,US,33.6016654,-117.9018533,+18006253100,http://balboabeachfront.com,hotel,38.6,settled-1.1-facts,2026-10-04,1,overture-places@2026-09-23.1,cdla-permissive-2.0
ov:4cafaf26-13de-4d1b-893a-ca4b215b9adf,Value Inn Bellflower,https://journeyed.org/hotel/value-inn-bellflower-bellflower-4cafaf/,"10410 Alondra Blvd, Bellflower, CA 90706",Bellflower,CA,90706,US,33.887996,-118.1132229,+15629255585,http://www.valueinnbellflowerca.com/,motel,55.4,settled-1.1-facts,2026-10-04,24,overture-places@2026-09-23.1,cdla-permissive-2.0
ov:4ce2ffe1-6e43-4430-a32e-6f84538fb66f,Wellfit Malibu,https://journeyed.org/hotel/wellfit-malibu-malibu-4ce2ff/,"327 Latigo Canyon Rd, Malibu, CA 90265",Malibu,CA,90265,US,34.0937729,-118.8185043,+18187061660,http://www.wellfitmalibu.com/,resort,36,settled-1.1-facts,2026-10-04,0,overture-places@2026-09-23.1,cdla-permissive-2.0
ov:4d016769-d5a9-4ef7-85cf-499af4106092,La Marquise,https://journeyed.org/hotel/la-marquise-los-angeles-4d0167/,"535 S Gramercy Pl, Los Angeles, CA 90020",Los Angeles,CA,90020,US,34.0643623,-118.3131071,+12134870706,http://lamarquise.com,hotel,40.8,settled-1.1-facts,2026-10-04,4,overture-places@2026-09-23.1,cdla-permissive-2.0
ov:4d04375d-872c-425e-b400-1930c2537302,Travel Inn,https://journeyed.org/hotel/travel-inn-los-angeles-4d0437/,"8525 Sepulveda Blvd, Los Angeles, CA 91343",Los Angeles,CA,91343,US,34.225051,-118.4683678,+18188945721,https://www.northhillstravelinn.com/en-us,motel,37.1,settled-1.1-facts,2026-10-04,0,overture-places@2026-09-23.1,cdla-permissive-2.0
ov:4d154772-ea47-4e34-915f-2424fba0d10a,Royal Game Resort,https://journeyed.org/hotel/royal-game-resort-inglewood-4d1547/,"4200 W Century Blvd Suite RGR, Inglewood, CA 90304",Inglewood,CA,90304,US,33.9452508,-118.3488326,+13106745885,http://WWW.ROYALGAMERESORT.COM/,resort,40.9,settled-1.1-facts,2026-10-04,11,overture-places@2026-09-23.1,cdla-permissive-2.0
ov:4d1b03e6-ef7d-4575-b7d6-83f2b4acc903,Hotel Gilbert,https://journeyed.org/hotel/hotel-gilbert-los-angeles-4d1b03/,"1550 Wilcox Ave, Los Angeles, CA 90028-7309",Los Angeles,CA,90028-7309,US,34.099301,-118.330704,+13234653141,,hotel,29.4,settled-1.1-facts,2026-10-04,11,overture-places@2026-09-23.1,cdla-permissive-2.0
ov:4d3a0dba-9207-474a-bf58-af7e5259c772,Embassy Suites by Hilton Arcadia Pasadena Area,https://journeyed.org/hotel/embassy-suites-by-hilton-arcadia-pasadena-area-arcadia-4d3a0d/,"211 E Huntington Dr, Arcadia, CA 91006",Arcadia,CA,91006,US,34.1411569,-118.0245568,+16264458525,http://www.embassysuitesarcadia.com/,hotel,40,settled-1.1-facts,2026-10-04,2,overture-places@2026-09-23.1,cdla-permissive-2.0
ov:4d44850d-e976-41a9-8c65-24f7aa6d0549,The Harp Inn,https://journeyed.org/hotel/the-harp-inn-costa-mesa-4d4485/,"Costa Mesa, CA",Costa Mesa,CA,,US,33.6634882,-117.9024651,+19496468855,https://www.harpinn.com,hotel,24.9,settled-1.1-facts,2026-10-04,2,overture-places@2026-09-23.1,cdla-permissive-2.0
ov:4d50adf9-13fd-4246-9cc6-8ae850e533b6,Hotel 39 Westminster,https://journeyed.org/hotel/hotel-39-westminster-westminster-4d50ad/,"15559 Beach Blvd, Westminster, CA 92683",Westminster,CA,92683,US,33.7363085,-117.9899533,+17148955584,http://www.hotel39westminster.com/,hotel,73.2,settled-1.1-facts,2026-10-04,58,overture-places@2026-09-23.1,cdla-permissive-2.0
ov:4d5c6e5f-f289-4103-9914-a1634a59964d,Chino Motel,https://journeyed.org/hotel/chino-motel-chino-4d5c6e/,"11885 Central Ave, Chino, CA 91710",Chino,CA,91710,US,34.0374524,-117.6891498,+19095919505,http://www.chinomotel.com,motel,53.5,settled-1.1-facts,2026-10-04,1,overture-places@2026-09-23.1,cdla-permissive-2.0
ov:4d798798-ebab-467e-a86f-5abb0521c327,Hotel Seville,https://journeyed.org/hotel/hotel-seville-ontario-4d7987/,"2441 S Euclid Ave, Ontario, CA 91762",Ontario,CA,91762,US,34.0291753,-117.6499566,+19099837721,http://www.hotelsevilleontario.com/,motel,66.8,settled-1.1-facts,2026-10-04,1,overture-places@2026-09-23.1,cdla-permissive-2.0
ov:4d7f5d66-6235-422c-8a01-db9e51fd9d40,SpringHill Suites,https://journeyed.org/hotel/springhill-suites-downey-4d7f5d/,"9066 Firestone Boulevard, Downey, CA 90241",Downey,CA,90241,US,33.9346087,-118.1223593,+15629999975,https://www.marriott.com/hotels/travel/laxsd-springhill-suites-by-marriott-los-angeles-downey/?scid=5d6c9ba8-fdb3-45cd-90d4-fc3cbfe3681c&y_source=1_MjU2NDQ0OTEtNTU5LWxvY2F0aW9uLndlYnNpdGU%3D,hotel,40.6,settled-1.1-facts,2026-10-04,1,overture-places@2026-09-23.1,cdla-permissive-2.0
ov:4d891a7c-21fc-418a-98f0-7feff2cdae75,Hyatt Regency Newport Beach,https://journeyed.org/hotel/hyatt-regency-newport-beach-newport-beach-4d891a/,"1107 Jamboree Rd, Newport Beach, CA 92660",Newport Beach,CA,92660,US,33.617443,-117.8891585,+19497291234,https://www.hyatt.com/en-US/hotel/california/hyatt-regency-newport-beach/newpo?src=vanity_hyattregencynewportbeach.com,resort,38,settled-1.1-facts,2026-10-04,0,overture-places@2026-09-23.1,cdla-permissive-2.0
ov:4d98b8df-529d-47c3-a428-a8d94ad23875,Orange Drive Hostel,https://journeyed.org/hotel/orange-drive-hostel-los-angeles-4d98b8/,"1764 N Orange Dr, Los Angeles, CA 90028",Los Angeles,CA,90028,US,34.1035074,-118.3415385,+13238500350,http://www.orangedrivehostel.com/,hostel,60.7,settled-1.1-facts,2026-10-04,55,overture-places@2026-09-23.1,cdla-permissive-2.0
ov:4d9ca4a4-f5e7-4a3b-aecf-ccc78be42fd2,Best Western Newport Beach Inn,https://journeyed.org/hotel/best-western-newport-beach-inn-newport-beach-4d9ca4/,"6208 W Coast Hwy, Newport Beach, CA 92663-1924",Newport Beach,CA,92663-1924,US,33.626835,-117.949171,,https://bwnewportbeachinn.com,lodging,17.9,settled-1.1-facts,2026-10-04,1,overture-places@2026-09-23.1,cdla-permissive-2.0
ov:4d9e80b6-467c-4ba0-a2b9-a34e2653289b,Hyland Inn Van Nuys,https://journeyed.org/hotel/hyland-inn-van-nuys-los-angeles-4d9e80/,"7041 Sepulveda Blvd, Los Angeles, CA 91405",Los Angeles,CA,91405,US,34.1986481,-118.466345,+18187812780,http://www.magnusonhotels.com/hyland-motel-van-nuys,inn,39.5,settled-1.1-facts,2026-10-04,1,overture-places@2026-09-23.1,cdla-permissive-2.0
ov:4db683c7-1489-4ae4-a024-71dddc729aab,Howard Johnson Express Inn Huntington Beach,https://journeyed.org/hotel/howard-johnson-express-inn-huntington-beach-huntington-beach-4db683/,"17251 Beach Blvd, Huntington Beach, CA 92647",Huntington Beach,CA,92647,US,33.7119729,-117.9895939,+17143750250,http://www.hojo.com/hotels/california/huntington-beach/howard-johnson-express-inn-huntington-beach/hotel-overview?WID=LC:HJ:20150901:Rio:Local&iata=00065402&iata=00065402,hotel,39,settled-1.1-facts,2026-10-04,1,overture-places@2026-09-23.1,cdla-permissive-2.0
ov:4dccdfff-3cd7-4ce4-bc69-c1ac7d7e3c8b,Comfort Inn,https://journeyed.org/hotel/comfort-inn-los-angeles-4dccdf/,"321 N Vermont Ave, Los Angeles, CA 90004-3510",Los Angeles,CA,90004-3510,US,34.0771173,-118.2921043,+13236650344,http://www.comfortinn.com,hotel,39.5,settled-1.1-facts,2026-10-04,6,overture-places@2026-09-23.1,cdla-permissive-2.0
ov:4dceb3a4-1dc1-41ed-aecd-e7e398f7d9b8,Sai Park Motel,https://journeyed.org/hotel/sai-park-motel-lancaster-4dceb3/,"West Avenue I, Lancaster, CA, United States -, Lancaster, CA 93534",Lancaster,CA,93534,US,34.7040724,-118.1577542,+12096210624,https://www.oyorooms.com/us/249866,motel,21.6,settled-1.1-facts,2026-10-04,0,overture-places@2026-09-23.1,cdla-permissive-2.0
ov:4e2c1253-7173-4d1b-bd19-3cb3e231ba6f,The French Estate,https://journeyed.org/hotel/the-french-estate-orange-4e2c12/,"248 S Batavia St, Orange, CA 92868",Orange,CA,92868,US,33.78485,-117.8623367,+17149975038,http://thefrenchestate.com/,bed_and_breakfast,45.3,settled-1.1-facts,2026-10-04,7,overture-places@2026-09-23.1,cdla-permissive-2.0
ov:4e340ca0-778e-4abd-bc8f-baefe333458a,W Los Angeles - West Beverly Hills,https://journeyed.org/hotel/w-los-angeles-west-beverly-hills-los-angeles-4e340c/,"930 Hilgard Ave, Los Angeles, CA 90024",Los Angeles,CA,90024,US,34.0632501,-118.441034,+13102088765,https://www.marriott.com/en-us/hotels/laxwb-w-los-angeles-west-beverly-hills/overview/?scid=d2406702-e8ea-4b45-bb9b-69cddaaef03d,hotel,41.1,settled-1.1-facts,2026-10-04,6,overture-places@2026-09-23.1,cdla-permissive-2.0
ov:4e3597ab-4893-436f-bfc0-2d2623658a33,Oak Park Motel,https://journeyed.org/hotel/oak-park-motel-monrovia-4e3597/,"925 E Huntington Dr, Monrovia, CA 91016",Monrovia,CA,91016,US,34.1397459,-117.9851524,+16263581148,http://www.oakparkmotelmonrovia.com/,motel,39.8,settled-1.1-facts,2026-10-04,1,overture-places@2026-09-23.1,cdla-permissive-2.0
ov:4e43f560-1f3f-47af-87cd-b5f7d393bb9f,Red Roof Inn Santa Ana,https://journeyed.org/hotel/red-roof-inn-santa-ana-santa-ana-4e43f5/,"2600 N Main St, Santa Ana, CA 92705",Santa Ana,CA,92705,US,33.7714841,-117.8676698,+17145420311,https://www.redroof.com/property/ca/santa-ana/RRI226,hotel,39.3,settled-1.1-facts,2026-10-04,6,overture-places@2026-09-23.1,cdla-permissive-2.0
ov:4e4e5079-f69a-43da-8472-4ee960e18ada,Best Western Plus Suites Hotel - LAX Airport LA Stadium,https://journeyed.org/hotel/best-western-plus-suites-hotel-lax-airport-la-stadium-inglewood-4e4e50/,"5005 W Century Blvd, Inglewood, CA 90304",Inglewood,CA,90304,US,33.9457186,-118.3657604,+13106777733,https://www.bestwestern.com/en_US/book/hotel-rooms.05517.html?iata=00171890&ssob=BLBWI0003G&cid=BLBWI0003G%3Ayext%3Awebsite%3A05517,hotel,39.9,settled-1.1-facts,2026-10-04,11,overture-places@2026-09-23.1,cdla-permissive-2.0
ov:4e62c3e5-54a3-4b11-ba03-e7023d2b16de,Travelodge by Wyndham Costa Mesa Newport Beach Hacienda,https://journeyed.org/hotel/travelodge-by-wyndham-costa-mesa-newport-beach-hacienda-costa-mesa-4e62c3/,"1951 Newport Blvd, Costa Mesa, CA 92627",Costa Mesa,CA,92627,US,33.6456026,-117.9157867,+19494780751,https://www.wyndhamhotels.com/travelodge,hotel,39.3,settled-1.1-facts,2026-10-04,1,overture-places@2026-09-23.1,cdla-permissive-2.0
ov:4ebbacf9-2884-437d-9ef9-88d552163afd,Oceana Santa Monica,https://journeyed.org/hotel/oceana-santa-monica-santa-monica-4ebbac/,"849 Ocean Ave, Santa Monica, CA 90403",Santa Monica,CA,90403,US,34.0212735,-118.506169,+13103930486,http://www.hoteloceanasantamonica.com/,hotel,54.7,settled-1.1-facts,2026-10-04,30,overture-places@2026-09-23.1,cdla-permissive-2.0
ov:4ec7d929-a3a2-4c2c-b1d9-93d3a48d5543,Villa Motel,https://journeyed.org/hotel/villa-motel-stanton-4ec7d9/,"11672 Beach Blvd, Stanton, CA 90680",Stanton,CA,90680,US,33.793056,-117.9925061,+15165843018,http://www.yelp.com/biz/stanton-villa-motel-stanton,motel,26.1,settled-1.1-facts,2026-10-04,0,overture-places@2026-09-23.1,cdla-permissive-2.0
ov:4ef52df5-1f95-4924-acbe-9bc310c87f7f,Holiday Inn Express,https://journeyed.org/hotel/holiday-inn-express-simi-valley-4ef52d/,"2550 Erringer Rd, Simi Valley, CA 93065",Simi Valley,CA,93065,US,34.2808897,-118.7607766,+18055846006,https://www.ihg.com/holidayinnexpress/hotels/us/en/simi-valley/laxsv/hoteldetail?cm_mmc=FacebookMaps-_-EX-_-US-_-LAXSV,hotel,28.3,settled-1.1-facts,2026-10-04,0,overture-places@2026-09-23.1,cdla-permissive-2.0
ov:4f04f171-03b2-4e51-aa25-aba05cdc9754,Nubell Motel,https://journeyed.org/hotel/nubell-motel-bell-4f04f1/,"4808 Florence Ave, Bell, CA 90201",Bell,CA,90201,US,33.9692029,-118.1818146,+13237711778,,motel,27.1,settled-1.1-facts,2026-10-04,1,overture-places@2026-09-23.1,cdla-permissive-2.0
ov:4f06f81a-f281-402b-a786-21c47c0b118a,Roxy Hotel,https://journeyed.org/hotel/roxy-hotel-los-angeles-4f06f8/,"1655 N Western Ave, Los Angeles, CA 90027",Los Angeles,CA,90027,US,34.1007003,-118.3096325,+13234633106,http://www.roxyhotelhollywood.com,motel,54.6,settled-1.1-facts,2026-10-04,57,overture-places@2026-09-23.1,cdla-permissive-2.0
ov:4f096feb-2fe7-4891-9797-ec2f9f8db7ca,Hollywood Le Bon Hotel,https://journeyed.org/hotel/hollywood-le-bon-hotel-los-angeles-4f096f/,"1610 Argyle Ave, Los Angeles, CA 90028",Los Angeles,CA,90028,US,34.1002,-118.325171,+13234653266,http://www.hollywoodlebonhotel.com/,resort,41.3,settled-1.1-facts,2026-10-04,10,overture-places@2026-09-23.1,cdla-permissive-2.0
ov:4f19f98c-a66e-4565-843c-6eae2d9c05a8,westdrift Manhattan Beach,https://journeyed.org/hotel/westdrift-manhattan-beach-manhattan-beach-4f19f9/,"1400 Parkview Ave, Manhattan Beach, CA 90266-3714",Manhattan Beach,CA,90266-3714,US,33.90011,-118.388187,+13105467511,http://westdrift.com,hotel,67.9,settled-1.1-facts,2026-10-04,35,overture-places@2026-09-23.1,cdla-permissive-2.0
ov:4f365edc-7562-4c81-8131-1ff091e338cf,Pixar Place Hotel,https://journeyed.org/hotel/pixar-place-hotel-anaheim-4f365e/,"1717 S Disneyland Dr, Anaheim, CA 92802-2308",Anaheim,CA,92802-2308,US,33.8062645,-117.9245066,+17149566425,https://disneyland.disney.go.com/hotels/pixar-place-hotel/,hotel,40.8,settled-1.1-facts,2026-10-04,10,overture-places@2026-09-23.1,cdla-permissive-2.0
ov:4f3bb592-b151-4186-8cb4-99b92025f51f,Hilton Pasadena,https://journeyed.org/hotel/hilton-pasadena-pasadena-4f3bb5/,"168 S Los Robles Ave, Pasadena, CA 91101-2430",Pasadena,CA,91101-2430,US,34.14277,-118.14078,+16265771000,https://www.hilton.com/en/hotels/pasphhf-hilton-pasadena/,hotel,40.9,settled-1.1-facts,2026-10-04,3,overture-places@2026-09-23.1,cdla-permissive-2.0
ov:4f563144-e530-4a4d-800c-8fadee85b515,Extended Stay America,https://journeyed.org/hotel/extended-stay-america-huntington-beach-4f5631/,"5050 Skylab Rd, Huntington Beach, CA 92647-2056",Huntington Beach,CA,92647-2056,US,33.7478377,-118.0408996,+17147994887,http://dms.netmng.com/si/cm/tracking/dgtrackingredirect.aspx?siclientid=2918&sisearchengine=1524&siredirect=http:%2f%2fwww.extendedstayamerica.com%2fhotels%2fca%2forange-county%2fhuntington-beach&siproduct=2541_bus,lodging,36.6,settled-1.1-facts,2026-10-04,0,overture-places@2026-09-23.1,cdla-permissive-2.0
ov:4f63481c-f60a-4f02-b826-e68fdb033f78,Hotel India,https://journeyed.org/hotel/hotel-india-azusa-4f6348/,"16100 E Foothill Blvd, Azusa, CA 91702-2855",Azusa,CA,91702-2855,US,34.13275,-117.9305,+16266102253,http://www.hotelindiamussoorie.com/,hotel,39.3,settled-1.1-facts,2026-10-04,1,overture-places@2026-09-23.1,cdla-permissive-2.0
ov:4f7747c0-50a0-46dc-a140-8fa8ccaf0619,Best Western Plus Orange County Airport North,https://journeyed.org/hotel/best-western-plus-orange-county-airport-north-santa-ana-4f7747/,"2700 Hotel Terrace, Santa Ana, CA 92705",Santa Ana,CA,92705,US,33.7110793,-117.8538099,+17144328888,https://www.bestwestern.com/en_US/book/hotel-rooms.05556.html?iata=00171890&ssob=BLBWI0003G&cid=BLBWI0003G%3Ayext%3Awebsite%3A05556,hotel,37.6,settled-1.1-facts,2026-10-04,1,overture-places@2026-09-23.1,cdla-permissive-2.0
ov:4f874d48-02cf-4c9c-9104-cb85cba3afe3,The Haro Hotel,https://journeyed.org/hotel/the-haro-hotel-santa-ana-4f874d/,"4007 Stardust Way, Santa Ana, CA 90733",Santa Ana,CA,90733,US,33.760882,-117.8613281,+14079568005,,hotel,28.3,settled-1.1-facts,2026-10-04,5,overture-places@2026-09-23.1,cdla-permissive-2.0
ov:4f8a5051-96c5-4fab-ae61-e2bf9c9f387d,Sunburst Spa And Suites,https://journeyed.org/hotel/sunburst-spa-and-suites-culver-city-4f8a50/,"3900 Sepulveda Blvd, Culver City, CA 90230",Culver City,CA,90230,US,34.0111725,-118.4158225,+13103987523,http://www.sunburstculvercity.com/,hotel,39.5,settled-1.1-facts,2026-10-04,4,overture-places@2026-09-23.1,cdla-permissive-2.0
ov:4fa96716-13f3-4ffa-8a1c-5b5852ff4416,Key Inn and Suites,https://journeyed.org/hotel/key-inn-and-suites-tustin-4fa967/,"1611 El Camino Real, Tustin, CA 92780",Tustin,CA,92780,US,33.7333336,-117.81345,+17148323220,https://www.keyinntustin.com,hotel,39.8,settled-1.1-facts,2026-10-04,1,overture-places@2026-09-23.1,cdla-permissive-2.0
ov:4faa5843-19d7-48c5-8ba0-f4a1ddd9388b,La Crescenta Motel,https://journeyed.org/hotel/la-crescenta-motel-la-canada-flintridge-4faa58/,"2413 Foothill Blvd, La Canada Flintridge, CA 91214",La Canada Flintridge,CA,91214,US,34.2194792,-118.2318673,+18182481294,http://ca-motels-review.com,motel,33.9,settled-1.1-facts,2026-10-04,0,overture-places@2026-09-23.1,cdla-permissive-2.0
ov:4fb6b778-6e9b-4780-908c-7eabb9080e67,Simone Hotel,https://journeyed.org/hotel/simone-hotel-los-angeles-4fb6b7/,"520 San Julian St, Los Angeles, CA 90013-1513",Los Angeles,CA,90013-1513,US,34.0439548,-118.2453597,+12136225049,http://www.srohousing.org,hotel,40.7,settled-1.1-facts,2026-10-04,12,overture-places@2026-09-23.1,cdla-permissive-2.0
ov:4feded73-4c83-4ad6-86d2-54c54e2b8785,Fairfield by Marriott Anaheim Resort,https://journeyed.org/hotel/fairfield-by-marriott-anaheim-resort-anaheim-4feded/,"1460 S Harbor Blvd, Anaheim, CA 92802",Anaheim,CA,92802,US,33.8114544,-117.9136473,+17147726777,https://www.marriott.com/en-us/hotels/laxoc-fairfield-anaheim-resort/overview/?scid=d2406702-e8ea-4b45-bb9b-69cddaaef03d,hotel,40.9,settled-1.1-facts,2026-10-04,9,overture-places@2026-09-23.1,cdla-permissive-2.0
ov:507eaf98-d5c2-4ae2-812a-2a3145985034,Luxe Sunset Boulevard Hotel,https://journeyed.org/hotel/luxe-sunset-boulevard-hotel-los-angeles-507eaf/,"11461 Sunset Blvd, Los Angeles, CA 90049",Los Angeles,CA,90049,US,34.0724544,-118.4685477,+13104766571,http://www.luxehotels.com/sunset,hotel,40.8,settled-1.1-facts,2026-10-04,4,overture-places@2026-09-23.1,cdla-permissive-2.0
ov:509df24b-8524-4ed0-9b80-f530435768d6,Best Western Diamond Bar Hotel & Suites,https://journeyed.org/hotel/best-western-diamond-bar-hotel-and-suites-diamond-bar-509df2/,"259 Gentle Springs Ln, Diamond Bar, CA 91765",Diamond Bar,CA,91765,US,34.0207467,-117.8127017,+19098603700,https://www.bestwestern.com/en_US/book/hotel-rooms.05514.html?iata=00171890&ssob=BLBWI0003G&cid=BLBWI0003G%3Ayext%3Awebsite%3A05514,hotel,35.1,settled-1.1-facts,2026-10-04,0,overture-places@2026-09-23.1,cdla-permissive-2.0
ov:50c3bb02-d89f-4f1e-ba03-6553ee586d69,Broadlind Hotel,https://journeyed.org/hotel/broadlind-hotel-long-beach-50c3bb/,"149 Linden Ave, Long Beach, CA 90802-4966",Long Beach,CA,90802-4966,US,33.7690526,-118.1864942,+18337829522,https://www.broadlindhotel.com/,hotel,70.2,settled-1.1-facts,2026-10-04,15,overture-places@2026-09-23.1,cdla-permissive-2.0
ov:50c4415a-57a5-4034-95cd-3da9914abad5,Morrison Hotel,https://journeyed.org/hotel/morrison-hotel-los-angeles-50c441/,"1246 S Hope St, Los Angeles, CA 90015",Los Angeles,CA,90015,US,34.039631,-118.265155,+12137486442,https://www.morrisonhotelgallery.com/new.aspx,hotel,41.1,settled-1.1-facts,2026-10-04,16,overture-places@2026-09-23.1,cdla-permissive-2.0
ov:50c57454-8ea3-49f1-8f81-9afd0a739e89,The Haas Building,https://journeyed.org/hotel/the-haas-building-los-angeles-50c574/,"219 W 7th St, Los Angeles, CA 90014",Los Angeles,CA,90014,US,34.045154,-118.252918,+12138911063,http://thehaasbldg.com/,hotel,46,settled-1.1-facts,2026-10-04,17,overture-places@2026-09-23.1,cdla-permissive-2.0
ov:50cd0346-8055-438f-b569-8e1b5eecec9d,Bamby's Motel,https://journeyed.org/hotel/bambys-motel-commerce-50cd03/,"2192 S Atlantic Blvd, Commerce, CA 90040-1340",Commerce,CA,90040-1340,US,34.0061209,-118.1626691,+13232698352,https://brossoft.ca,motel,29,settled-1.1-facts,2026-10-04,1,overture-places@2026-09-23.1,cdla-permissive-2.0
ov:5118b983-1d6b-4428-bff6-48ddcba93dbc,The Infamous Tropicana Motel Hollywood,https://journeyed.org/hotel/the-infamous-tropicana-motel-hollywood-west-hollywood-5118b9/,"8585 Santa Monica Blvd, West Hollywood, CA 90069-4120",West Hollywood,CA,90069-4120,US,34.0886588,-118.3786757,,,hotel,19,settled-1.1-facts,2026-10-04,9,overture-places@2026-09-23.1,cdla-permissive-2.0
ov:51236aa1-1636-4686-9a0d-6ba2e4db1664,Bayside Hotel,https://journeyed.org/hotel/bayside-hotel-santa-monica-51236a/,"2001 Ocean Ave, Santa Monica, CA 90405",Santa Monica,CA,90405,US,34.0062075,-118.4896794,+13103966000,http://baysidehotel.com/santa-monica-local-attractions/,hotel,60.2,settled-1.1-facts,2026-10-04,39,overture-places@2026-09-23.1,cdla-permissive-2.0
ov:5123db74-4128-4fd6-b8cd-f4928e9ee3fc,Chateau Marmont,https://journeyed.org/hotel/chateau-marmont-los-angeles-5123db/,"8221 Sunset Blvd, Los Angeles, CA 90046",Los Angeles,CA,90046,US,34.0981944,-118.3684371,+13236561010,http://www.chateaumarmont.com,hotel,40.9,settled-1.1-facts,2026-10-04,11,overture-places@2026-09-23.1,cdla-permissive-2.0
ov:512bea13-499c-414c-bf75-ffde9aac0346,The Belmont Shore Inn,https://journeyed.org/hotel/the-belmont-shore-inn-long-beach-512bea/,"3946 E Ocean Blvd, Long Beach, CA 90803-2817",Long Beach,CA,90803-2817,US,33.7599176,-118.1468587,+15624346236,https://www.thebelmontshoreinn.com/,inn,60,settled-1.1-facts,2026-10-04,39,overture-places@2026-09-23.1,cdla-permissive-2.0
ov:51652f23-2837-4cd4-b9d8-188bc34607b0,Alexandria Motel,https://journeyed.org/hotel/alexandria-motel-los-angeles-51652f/,"300 S Alexandria Ave, Los Angeles, CA 90020",Los Angeles,CA,90020,US,34.0688068,-118.2977989,+12133856015,https://alexandria-lodge-motel.hotelsearchusa.com,motel,40.5,settled-1.1-facts,2026-10-04,3,overture-places@2026-09-23.1,cdla-permissive-2.0
ov:51683097-2b40-446a-9336-d08361fbb99a,Days Inn,https://journeyed.org/hotel/days-inn-glendale-516830/,"450 Pioneer Dr, Glendale, CA 91203",Glendale,CA,91203,US,34.154858,-118.2637169,+18189560202,https://www.wyndhamhotels.com/days-inn/glendale-california/days-inn-glendale-los-angeles/overview?CID=LC%3ADI%3A%3AFACEBOOK%3ARIO%3ARegional%3A04174,hotel,39.9,settled-1.1-facts,2026-10-04,1,overture-places@2026-09-23.1,cdla-permissive-2.0
ov:5170d5de-55f9-44a6-ae50-fccae904f483,Homewood Suites by Hilton Los Angeles International Airport,https://journeyed.org/hotel/homewood-suites-by-hilton-los-angeles-international-airport-los-5170d5/,"6151 W Century Blvd, Los Angeles, CA 90045",Los Angeles,CA,90045,US,33.9461828,-118.3928398,+13102153300,http://www.homewoodsuiteslax.com/,hotel,40.1,settled-1.1-facts,2026-10-04,5,overture-places@2026-09-23.1,cdla-permissive-2.0
ov:51bb3984-cea9-44ad-9cbe-2e15ba4436b2,Central Inn Motel,https://journeyed.org/hotel/central-inn-motel-los-angeles-51bb39/,"4074 S Central Ave, Los Angeles, CA 90011",Los Angeles,CA,90011,US,34.0093491,-118.2562222,+13232334200,http://centralmotel.com,motel,38.7,settled-1.1-facts,2026-10-04,5,overture-places@2026-09-23.1,cdla-permissive-2.0
ov:51dabd7a-9c05-40d7-89f4-8b6c3b570ee1,Americas Best Value Inn Hollywood Los Angeles,https://journeyed.org/hotel/americas-best-value-inn-hollywood-los-angeles-los-angeles-51dabd/,"5265 W Sunset Blvd, Los Angeles, CA 90027-5716",Los Angeles,CA,90027-5716,US,34.098388,-118.3048324,+13234668521,http://www.americasbestvalueinn.com/bestv.cfm?idp=899,hotel,39.7,settled-1.1-facts,2026-10-04,7,overture-places@2026-09-23.1,cdla-permissive-2.0
ov:52125166-08c3-475a-8184-2aadb021bed1,Sunset Plaza,https://journeyed.org/hotel/sunset-plaza-los-angeles-521251/,"4343 Sunset Blvd, Los Angeles, CA 90029",Los Angeles,CA,90029,US,34.0954692,-118.2830461,+13236680695,https://www.sunsetplazahotel.com/en,resort,40.2,settled-1.1-facts,2026-10-04,8,overture-places@2026-09-23.1,cdla-permissive-2.0
ov:52188ebd-78b4-400e-adb4-44326c59ae96,Vista Motel,https://journeyed.org/hotel/vista-motel-culver-city-52188e/,"4900 Sepulveda Blvd, Culver City, CA 90230",Culver City,CA,90230,US,34.000341,-118.401576,+13103902014,https://www.vistamotelculvercity.com,motel,39.3,settled-1.1-facts,2026-10-04,5,overture-places@2026-09-23.1,cdla-permissive-2.0
ov:52290011-656f-4eb5-9f5c-495f8b7ee51b,Southland Motel,https://journeyed.org/hotel/southland-motel-south-gate-522900/,"9111 Long Beach Blvd, South Gate, CA 90280-2811",South Gate,CA,90280-2811,US,33.9530604,-118.2191819,+13235697195,,motel,23.8,settled-1.1-facts,2026-10-04,0,overture-places@2026-09-23.1,cdla-permissive-2.0
ov:524c475a-0c83-4d7f-8395-d940fbcf035a,Capri Suites Anaheim,https://journeyed.org/hotel/capri-suites-anaheim-anaheim-524c47/,"2141 S Harbor Blvd, Anaheim, CA 92802",Anaheim,CA,92802,US,33.7946853,-117.9157694,+17144952400,https://www.caprianaheim.com/,hotel,40.7,settled-1.1-facts,2026-10-04,9,overture-places@2026-09-23.1,cdla-permissive-2.0
ov:527e67a7-0181-4d7c-888d-ff92e400f4e8,Hyatt Centric The Pike Long Beach,https://journeyed.org/hotel/hyatt-centric-the-pike-long-beach-long-beach-527e67/,"285 Bay St, Long Beach, CA 90802",Long Beach,CA,90802,US,33.7649082,-118.1948161,+15624321234,https://www.hyatt.com/en-US/hotel/california/hyatt-centric-the-pike-long-beach/lgbrp,hotel,41.1,settled-1.1-facts,2026-10-04,3,overture-places@2026-09-23.1,cdla-permissive-2.0
ov:52992b13-8139-42eb-b62f-2ab0d13105d6,MoonliteInnRedond Beach,https://journeyed.org/hotel/moonliteinnredond-beach-redondo-beach-52992b/,"625 S Pacific Coast Hwy, Redondo Beach, CA 90277-4222",Redondo Beach,CA,90277-4222,US,33.8311691,-118.3851911,+13105409378,http://moonliteinnredondobeach.com/,hotel,40.4,settled-1.1-facts,2026-10-04,3,overture-places@2026-09-23.1,cdla-permissive-2.0
ov:529e8476-0e63-4d7f-a9e0-10efb59cb1d4,Best Western Plus West Covina Inn,https://journeyed.org/hotel/best-western-plus-west-covina-inn-west-covina-529e84/,"3275 E Garvey Ave N, West Covina, CA 91791",West Covina,CA,91791,US,34.0726477,-117.8746514,+16269151611,https://www.bestwestern.com/en_US/book/hotel-rooms.05473.html?iata=00171890&ssob=BLBWI0003G&cid=BLBWI0003G%3Ayext%3Awebsite%3A05473,hotel,39.5,settled-1.1-facts,2026-10-04,1,overture-places@2026-09-23.1,cdla-permissive-2.0
ov:52c7685b-111d-430f-9ab6-5b52ff827fac,El Rancho Motel,https://journeyed.org/hotel/el-rancho-motel-los-angeles-52c768/,"2217 Firestone Blvd, Los Angeles, CA 90002-1547",Los Angeles,CA,90002-1547,US,33.95904,-118.2324,+13235853819,http://elranchomotel.com,hotel,34.8,settled-1.1-facts,2026-10-04,0,overture-places@2026-09-23.1,cdla-permissive-2.0
ov:52c82802-ab71-4c37-926d-caf907476c3f,Eden Roc Inn & Suites,https://journeyed.org/hotel/eden-roc-inn-and-suites-anaheim-52c828/,"1830 S West St, Anaheim, CA 92802",Anaheim,CA,92802,US,33.8021092,-117.9237616,+17146638700,https://www.edenrocanaheim.com/,hotel,60.6,settled-1.1-facts,2026-10-04,60,overture-places@2026-09-23.1,cdla-permissive-2.0
ov:52d82755-3b32-43e0-bd87-62929fe208a3,Sleep Atocha,https://journeyed.org/hotel/sleep-atocha-fountain-valley-52d827/,"18120 Brookhurst St, Fountain Valley, CA 92708-6727",Fountain Valley,CA,92708-6727,US,33.70021,-117.9531,+17149633484,http://www.sleepnatocha.com/,hotel,40.6,settled-1.1-facts,2026-10-04,1,overture-places@2026-09-23.1,cdla-permissive-2.0
ov:52f92a6b-c7c8-4fa1-8c28-e7106e9d558c,Native Hotel,https://journeyed.org/hotel/native-hotel-malibu-52f92a/,"28920 Pacific Coast Hwy, Malibu, CA 90265-3905",Malibu,CA,90265-3905,US,34.020785,-118.8014998,,https://www.thenativehotel.com,lodging,20.6,settled-1.1-facts,2026-10-04,0,overture-places@2026-09-23.1,cdla-permissive-2.0
ov:53124360-6443-48e1-84e3-f663390cebf9,Regency Inn And Suites,https://journeyed.org/hotel/regency-inn-and-suites-baldwin-park-531243/,"14624 Dalewood St, Baldwin Park, CA 91706-6010",Baldwin Park,CA,91706-6010,US,34.0694018,-117.959126,+16269394317,http://www.regencyinnblythe.com,inn,39.7,settled-1.1-facts,2026-10-04,1,overture-places@2026-09-23.1,cdla-permissive-2.0
ov:53448fc3-a27b-4f54-88e0-6f8b3e1959a7,Lincoln Park Motel,https://journeyed.org/hotel/lincoln-park-motel-los-angeles-53448f/,"2101 Parkside Ave, Los Angeles, CA 90031",Los Angeles,CA,90031,US,34.0694355,-118.200633,+13232253101,http://www.lincolnparkmotel.com,motel,38.1,settled-1.1-facts,2026-10-04,4,overture-places@2026-09-23.1,cdla-permissive-2.0
ov:5350d934-d062-4d9b-95af-70a874493a7c,Highland Park Motel,https://journeyed.org/hotel/highland-park-motel-los-angeles-5350d9/,"4855 York Blvd, Los Angeles, CA 90042",Los Angeles,CA,90042,US,34.1220922,-118.2093907,+13232588444,http://www.highlandermotel.com/hotel-overview.html,motel,37.3,settled-1.1-facts,2026-10-04,0,overture-places@2026-09-23.1,cdla-permissive-2.0
ov:5354c9fc-4aac-4977-8802-87bf8bbec12a,Mi Casa Motel,https://journeyed.org/hotel/mi-casa-motel-lynwood-5354c9/,"12711 Atlantic Ave, Lynwood, CA 90262",Lynwood,CA,90262,US,33.9065482,-118.1936646,+13102196002,,motel,26.7,settled-1.1-facts,2026-10-04,0,overture-places@2026-09-23.1,cdla-permissive-2.0
ov:535cc811-605d-4404-ab02-61491304db7c,Ambassador Motel,https://journeyed.org/hotel/ambassador-motel-los-angeles-535cc8/,"7617 S Figueroa St, Los Angeles, CA 90003",Los Angeles,CA,90003,US,33.9700897,-118.2830584,+13237512417,http://www.ambassador-motel.com,hotel,36.9,settled-1.1-facts,2026-10-04,0,overture-places@2026-09-23.1,cdla-permissive-2.0
ov:535ec97a-64c4-4caf-bfef-f84105f253f0,Sleepy Dancers,https://journeyed.org/hotel/sleepy-dancers-north-hollywood-535ec9/,"6112 Bonner Ave, North Hollywood, CA 91606-4918",North Hollywood,CA,91606-4918,US,34.181585,-118.373907,+18183916702,http://www.sleepydancers.com/,hotel,39.7,settled-1.1-facts,2026-10-04,2,overture-places@2026-09-23.1,cdla-permissive-2.0
ov:535f7e0d-a123-4931-b8c1-0c7e5ea5f7ce,Gardena Terrace Inn,https://journeyed.org/hotel/gardena-terrace-inn-gardena-535f7e/,"15902 S Western Ave, Gardena, CA 90247",Gardena,CA,90247,US,33.886181,-118.3089868,+13107566463,http://www.gardenaterrace.com/,motel,40.1,settled-1.1-facts,2026-10-04,1,overture-places@2026-09-23.1,cdla-permissive-2.0
ov:536d2eda-7e6f-4397-b033-fc4f8cba45bf,USC Hotel,https://journeyed.org/hotel/usc-hotel-los-angeles-536d2e/,"3540 S Figueroa St, Los Angeles, CA 90007",Los Angeles,CA,90007,US,34.0192435,-118.2814068,+12137484141,http://uschotel.usc.edu/,hotel,84.7,settled-1.1-facts,2026-10-04,72,overture-places@2026-09-23.1,cdla-permissive-2.0
ov:536fb97f-dc90-4bc4-92e5-74ab0be7f002,Canterbury Suites,https://journeyed.org/hotel/canterbury-suites-los-angeles-536fb9/,"1746 N Cherokee Ave, Los Angeles, CA 90028",Los Angeles,CA,90028,US,34.1029979,-118.3342423,+13102474564,https://thecanterburysuites.com,hotel,40.9,settled-1.1-facts,2026-10-04,13,overture-places@2026-09-23.1,cdla-permissive-2.0
ov:53714dda-86c5-43dc-bb90-38a78359ed13,The Pierside Santa Monica,https://journeyed.org/hotel/the-pierside-santa-monica-santa-monica-53714d/,"120 Colorado Ave, Santa Monica, CA 90401",Santa Monica,CA,90401,US,34.0117628,-118.4943402,+13104510676,https://www.thepiersidehotel.com/,hotel,75.1,settled-1.1-facts,2026-10-04,76,overture-places@2026-09-23.1,cdla-permissive-2.0
ov:539328ca-0e9d-4e05-9d16-cb3957efeec2,Red Lion Hotel Anaheim Resort,https://journeyed.org/hotel/red-lion-hotel-anaheim-resort-anaheim-539328/,"1850 S Harbor Blvd, Anaheim, CA 92802-3510",Anaheim,CA,92802-3510,US,33.801961,-117.914677,,https://www.redlion.com,hotel,31,settled-1.1-facts,2026-10-04,9,overture-places@2026-09-23.1,cdla-permissive-2.0
ov:53bd428a-3f9c-450a-8f75-4679771c08a4,Inn at Laguna Beach,https://journeyed.org/hotel/inn-at-laguna-beach-laguna-beach-53bd42/,"211 N Coast Hwy, Laguna Beach, CA 92651-1820",Laguna Beach,CA,92651-1820,US,33.543109,-117.787025,+19494979722,http://www.innatlagunabeach.com,hotel,29.8,settled-1.1-facts,2026-10-04,0,overture-places@2026-09-23.1,cdla-permissive-2.0
ov:53e2efec-0da6-4986-b063-80405ef55fb2,LYFE INN and SUITES,https://journeyed.org/hotel/lyfe-inn-and-suites-los-angeles-53e2ef/,"9417 San Fernando Rd, Los Angeles, CA 91352",Los Angeles,CA,91352,US,34.2403945,-118.3950453,+18187686600,http://www.emersoninn1.hotelringingbell.com,hotel,36.3,settled-1.1-facts,2026-10-04,0,overture-places@2026-09-23.1,cdla-permissive-2.0
ov:53e8b3a8-95aa-4c16-9ad5-c1e18001eee5,Four Points by Sheraton Los Angeles International Airport,https://journeyed.org/hotel/four-points-by-sheraton-los-angeles-international-airport-los-angeles-53e8b3/,"9750 Airport Blvd, Los Angeles, CA 90045",Los Angeles,CA,90045,US,33.947898,-118.385169,+13106454600,https://www.marriott.com/en-us/hotels/laxfp-four-points-los-angeles-international-airport/overview/?scid=ba372e19-3116-406f-8c8c-cd1679a20d2d,resort,39.7,settled-1.1-facts,2026-10-04,8,overture-places@2026-09-23.1,cdla-permissive-2.0
ov:53f0ed4d-622a-4236-bf14-d360df6e5a13,Blue Lantern Beach House,https://journeyed.org/hotel/blue-lantern-beach-house-dana-point-53f0ed/,"34091 Street of the Blue Lantern, Dana Point, CA 92629",Dana Point,CA,92629,US,33.4677437,-117.7056213,+19498877754,,inn,14.8,settled-1.1-facts,2026-10-04,0,overture-places@2026-09-23.1,cdla-permissive-2.0
ov:53f17e5c-584b-4c77-ba9a-873678f5c594,Morada Inn & Suites,https://journeyed.org/hotel/morada-inn-and-suites-garden-grove-53f17e/,"8062 Garden Grove Blvd, Garden Grove, CA 92844",Garden Grove,CA,92844,US,33.7733746,-117.9911866,+17148983500,https://moradainn.com/,motel,39.8,settled-1.1-facts,2026-10-04,1,overture-places@2026-09-23.1,cdla-permissive-2.0
ov:54112d6a-2d3a-46f0-87c4-e6722d120ace,So Cal,https://journeyed.org/hotel/so-cal-anaheim-54112d/,"400 W Disney Way, Anaheim, CA 92802-2906",Anaheim,CA,92802-2906,US,33.8064228,-117.9119361,+18006368026,http://welcometosocal.com/,hotel,40.5,settled-1.1-facts,2026-10-04,10,overture-places@2026-09-23.1,cdla-permissive-2.0
ov:5412d186-1551-49c0-84d8-334631458a1c,SpringHill Suites,https://journeyed.org/hotel/springhill-suites-santa-clarita-5412d1/,"27505 Wayne Mills Place, Santa Clarita, CA 91355",Santa Clarita,CA,91355,US,34.4208578,-118.58133,+16614810011,https://www.marriott.com/en-us/hotels/laxsv-springhill-suites-valencia/overview/?scid=d2406702-e8ea-4b45-bb9b-69cddaaef03d,hotel,40.1,settled-1.1-facts,2026-10-04,2,overture-places@2026-09-23.1,cdla-permissive-2.0
ov:543e4abd-cc42-4b9e-a38e-a937abfb469c,Best Western Plus Midtown Hotel,https://journeyed.org/hotel/best-western-plus-midtown-hotel-los-angeles-543e4a/,"603 S New Hampshire Ave, Los Angeles, CA 90005",Los Angeles,CA,90005,US,34.0634484,-118.2932779,+12133854444,https://www.bestwestern.com/en_US/book/hotel-rooms.05724.html?iata=00171890&ssob=BLBWI0003G&cid=BLBWI0003G%3Ayext%3Awebsite%3A05724,hotel,40.4,settled-1.1-facts,2026-10-04,3,overture-places@2026-09-23.1,cdla-permissive-2.0
ov:544268fd-4674-4c3b-a7d9-c65ea02295e6,Hotel Mariposa Los Angeles,https://journeyed.org/hotel/hotel-mariposa-los-angeles-los-angeles-544268/,"12828 West Riverside Dr, Los Angeles, CA 91607",Los Angeles,CA,91607,US,34.1574744,-118.4127563,+18182100800,https://www.hotelmariposala.com/,hotel,68.9,settled-1.1-facts,2026-10-04,29,overture-places@2026-09-23.1,cdla-permissive-2.0
ov:54642f84-de11-40f2-bf54-18a277ece51d,Village Motel,https://journeyed.org/hotel/village-motel-santa-monica-54642f/,"2624 Santa Monica Blvd, Santa Monica, CA 90404",Santa Monica,CA,90404,US,34.0336829,-118.4734643,,,motel,17.9,settled-1.1-facts,2026-10-04,5,overture-places@2026-09-23.1,cdla-permissive-2.0
ov:54686407-b984-403a-99ae-b63eec2d57b4,Hyland Hotel,https://journeyed.org/hotel/hyland-hotel-lawndale-546864/,"15308 Inglewood Ave, Lawndale, CA 90260-1945",Lawndale,CA,90260-1945,US,33.89221,-118.36107,+13106794988,https://hylandhotelak.com/,hotel,37.4,settled-1.1-facts,2026-10-04,4,overture-places@2026-09-23.1,cdla-permissive-2.0
ov:547c7da2-e039-422e-ac5a-48508ef6975c,Vagabond Inn Glendale,https://journeyed.org/hotel/vagabond-inn-glendale-glendale-547c7d/,"120 W Colorado St, Glendale, CA 91204",Glendale,CA,91204,US,34.1424058,-118.2559925,+18182401700,https://www.vagabondinn.com/vagabond-inn-glendale,hotel,40.6,settled-1.1-facts,2026-10-04,1,overture-places@2026-09-23.1,cdla-permissive-2.0
ov:54bf48b4-fed8-4c0d-8ad1-6f14c832dafd,Heritage Inn,https://journeyed.org/hotel/heritage-inn-pomona-54bf48/,"130 E Holt Ave, Pomona, CA 91767-5424",Pomona,CA,91767-5424,US,34.0620832,-117.7494956,+19096295296,https://www.stayhihotels.com/property/scottish-inns-unadilla-ga,hotel,40.8,settled-1.1-facts,2026-10-04,1,overture-places@2026-09-23.1,cdla-permissive-2.0
ov:54cbd039-9c8e-4cb9-bede-7256f480e8a9,Courtyard by Marriott Irvine Spectrum,https://journeyed.org/hotel/courtyard-by-marriott-irvine-spectrum-irvine-54cbd0/,"7955 Irvine Center Dr, Irvine, CA 92618",Irvine,CA,92618,US,33.6559044,-117.7478505,+19494531033,https://www.marriott.com/en-us/hotels/snasi-courtyard-irvine-spectrum/overview/?scid=d2406702-e8ea-4b45-bb9b-69cddaaef03d,hotel,40.7,settled-1.1-facts,2026-10-04,1,overture-places@2026-09-23.1,cdla-permissive-2.0
ov:54d6f0f0-1ba0-4384-8a2e-7bca826ee087,The Audemar Hotel,https://journeyed.org/hotel/the-audemar-hotel-los-angeles-54d6f0/,"820 S Spring St, Los Angeles, CA 90014-2904",Los Angeles,CA,90014-2904,US,34.042508,-118.253934,+18187329070,http://www.theaudemar.com,hotel,60.3,settled-1.1-facts,2026-10-04,33,overture-places@2026-09-23.1,cdla-permissive-2.0
ov:54e29c3a-404f-44a2-b146-950016f04f6c,Residence Inn,https://journeyed.org/hotel/residence-inn-irvine-54e29c/,"10 Morgan, Irvine, CA 92618",Irvine,CA,92618,US,33.6529458,-117.7139531,+19493803000,https://www.marriott.com/en-us/hotels/snair-residence-inn-irvine-spectrum/overview/?scid=d2406702-e8ea-4b45-bb9b-69cddaaef03d,hotel,39,settled-1.1-facts,2026-10-04,2,overture-places@2026-09-23.1,cdla-permissive-2.0
ov:54ee6ba6-29bc-4fa1-959e-eaab06d57868,Starlite motel,https://journeyed.org/hotel/starlite-motel-stanton-54ee6b/,"11740 Beach Blvd, Stanton, CA 90680",Stanton,CA,90680,US,33.7923936,-117.9922307,,,motel,16.2,settled-1.1-facts,2026-10-04,0,overture-places@2026-09-23.1,cdla-permissive-2.0
ov:552555cf-3c77-4bbc-b06c-2b27ec4b158c,Little Saigon Inn,https://journeyed.org/hotel/little-saigon-inn-garden-grove-552555/,"14052 Brookhurst St, Garden Grove, CA 92843",Garden Grove,CA,92843,US,33.758359,-117.9546681,+17146364890,http://littlesaigoninn.com/,motel,39.6,settled-1.1-facts,2026-10-04,2,overture-places@2026-09-23.1,cdla-permissive-2.0
ov:552c97f1-5b94-4ff0-9e10-0486c5bcac3c,Hyatt Centric Delfina Santa Monica,https://journeyed.org/hotel/hyatt-centric-delfina-santa-monica-santa-monica-552c97/,"530 Pico Blvd, Santa Monica, CA 90405-1223",Santa Monica,CA,90405-1223,US,34.0102496,-118.4854278,+13103999344,https://www.hyatt.com,hotel,40.4,settled-1.1-facts,2026-10-04,8,overture-places@2026-09-23.1,cdla-permissive-2.0
ov:556d8796-1861-4f5a-842d-6e072c391a50,Marrriot Hotel,https://journeyed.org/hotel/marrriot-hotel-san-juan-capistrano-556d87/,"33711 Camino Capistrano, San Juan Capistrano, CA 92675-4817",San Juan Capistrano,CA,92675-4817,US,33.4727785,-117.6756306,,https://marriothotels.com,lodging,16.5,settled-1.1-facts,2026-10-04,0,overture-places@2026-09-23.1,cdla-permissive-2.0
ov:55728a5a-e986-49c2-a1c4-ebd7e4ab5f99,Sheraton-Universal City,https://journeyed.org/hotel/sheraton-universal-city-los-angeles-55728a/,"1021 W 69th St, Los Angeles, CA 90044-5235",Los Angeles,CA,90044-5235,US,33.97707,-118.29265,+18187545822,,hotel,26,settled-1.1-facts,2026-10-04,2,overture-places@2026-09-23.1,cdla-permissive-2.0
ov:5573701a-47c9-4c2f-9092-5821dc895478,Four Points By Sheraton,https://journeyed.org/hotel/four-points-by-sheraton-anaheim-557370/,"1221 South Harbor Boulevard, Anaheim, CA 92805",Anaheim,CA,92805,US,33.817565,-117.916264,+17147580900,https://www.marriott.com/hotels/travel/snafp-four-points-anaheim/?y_source=1_OTM1NDc2My00NDAtbG9jYXRpb24ud2Vic2l0ZQ%3D%3D,hotel,41,settled-1.1-facts,2026-10-04,9,overture-places@2026-09-23.1,cdla-permissive-2.0
ov:5579cf8f-00b0-402d-a0d6-48aebb3d10a0,Tropico Motel,https://journeyed.org/hotel/tropico-motel-glendale-5579cf/,"401 W Chevy Chase Dr, Glendale, CA 91204-2204",Glendale,CA,91204-2204,US,34.13377,-118.260912,+18182425098,https://www.tropicomotel-glendale.us,motel,64,settled-1.1-facts,2026-10-04,30,overture-places@2026-09-23.1,cdla-permissive-2.0
ov:557ec5d4-6038-410f-bc2b-bc4f9c054c76,Melrose Hostel,https://journeyed.org/hotel/melrose-hostel-los-angeles-557ec5/,"646 N Western Ave, Los Angeles, CA 90004",Los Angeles,CA,90004,US,34.0830158,-118.3089965,+12133825600,http://www.melrosehostel.com,hostel,39.3,settled-1.1-facts,2026-10-04,8,overture-places@2026-09-23.1,cdla-permissive-2.0
ov:55d032ae-8cc9-4113-afe0-d7fdd9ee7f97,Lakewood Inn,https://journeyed.org/hotel/lakewood-inn-lakewood-55d032/,"11727 E Carson St, Lakewood, CA 90715",Lakewood,CA,90715,US,33.8319367,-118.0831997,+15624024200,http://www.hawaiiangardenshotel.com,motel,38,settled-1.1-facts,2026-10-04,0,overture-places@2026-09-23.1,cdla-permissive-2.0
ov:55dc6d22-d0f4-4744-8bb1-ae68aabd178b,Sky Suites America,https://journeyed.org/hotel/sky-suites-america-calabasas-55dc6d/,"26901 Agoura Rd Ste 280, Calabasas, CA 91301",Calabasas,CA,91301,US,34.1389657,-118.7120464,+19185742000,https://www.skysuitesamerica.com/,hotel,35.6,settled-1.1-facts,2026-10-04,0,overture-places@2026-09-23.1,cdla-permissive-2.0
ov:55dfe8a7-6a35-4af0-8a73-b1e41e2d1b28,Hotel Behjou,https://journeyed.org/hotel/hotel-behjou-los-angeles-55dfe8/,"155 W Temple St, Los Angeles, CA 90012-6112",Los Angeles,CA,90012-6112,US,34.05461,-118.24207,,,hotel,19.3,settled-1.1-facts,2026-10-04,11,overture-places@2026-09-23.1,cdla-permissive-2.0
ov:55e02fe2-bf2e-4961-962f-d7cbc2a91a22,Hollywood VIP Hotel,https://journeyed.org/hotel/hollywood-vip-hotel-los-angeles-55e02f/,"1770 Orchid Ave, Los Angeles, CA 90028",Los Angeles,CA,90028,US,34.1035814,-118.3397049,+13239621788,http://www.hollywoodlibertyhotel.com,hotel,41.3,settled-1.1-facts,2026-10-04,15,overture-places@2026-09-23.1,cdla-permissive-2.0
ov:55eb8370-c14b-405f-b7d7-59ee4b3a50bb,The Cove Hotel,https://journeyed.org/hotel/the-cove-hotel-long-beach-55eb83/,"200 E Willow St, Long Beach, CA 90806",Long Beach,CA,90806,US,33.8039786,-118.1907419,+15624267611,https://covelongbeach.com/,hotel,37.8,settled-1.1-facts,2026-10-04,1,overture-places@2026-09-23.1,cdla-permissive-2.0
ov:55f10a91-aa58-4dd6-b3d6-09295b800fee,Americas Best Value Inn,https://journeyed.org/hotel/americas-best-value-inn-westlake-village-55f10a/,"2393 Townsgate Rd Ste 100, Westlake Village, CA 91361",Westlake Village,CA,91361,US,34.1613462,-118.8341156,+18055577300,http://americasbestvalueinn.com,hotel,40.5,settled-1.1-facts,2026-10-04,1,overture-places@2026-09-23.1,cdla-permissive-2.0
ov:55fdcb05-ba66-4690-a159-b9c192d1d340,Travel Inn Motel,https://journeyed.org/hotel/travel-inn-motel-los-angeles-55fdcb/,"7410 S Vermont Ave, Los Angeles, CA 90044",Los Angeles,CA,90044,US,33.9723721,-118.2913411,+13237783117,http://www.travelinnlosangeles.com/contact.htm,motel,37.2,settled-1.1-facts,2026-10-04,2,overture-places@2026-09-23.1,cdla-permissive-2.0
ov:5609c913-cddc-4143-9b89-9ae665f7e347,New Vermont Motel,https://journeyed.org/hotel/new-vermont-motel-los-angeles-5609c9/,"1717 Vermont Ave, Los Angeles, CA 90006",Los Angeles,CA,90006,US,34.0422968,-118.2917158,+13237301578,http://losangeleshotels.worldweb.com,motel,39.5,settled-1.1-facts,2026-10-04,9,overture-places@2026-09-23.1,cdla-permissive-2.0
ov:561b79c4-5754-428c-afc7-450f1cd55140,Pacifica Motel,https://journeyed.org/hotel/pacifica-motel-long-beach-561b79/,"228 W Willow St, Long Beach, CA 90806",Long Beach,CA,90806,US,33.8040759,-118.1944335,+15624279960,http://pacifica-motel-228-w-willow-st.hotels-long-beach-ca.com/en,motel,37.8,settled-1.1-facts,2026-10-04,1,overture-places@2026-09-23.1,cdla-permissive-2.0
ov:561cb43a-47d1-422e-9d72-a6b6f7d3bd12,"Motel 6 Hacienda Heights, Ca - Los Angeles",https://journeyed.org/hotel/motel-6-hacienda-heights-ca-los-angeles-hacienda-heights-561cb4/,"1154 7th Ave, Hacienda Heights, CA 91745-1926",Hacienda Heights,CA,91745-1926,US,34.017944,-117.987859,+16269689462,https://www.motel6.com,motel,39,settled-1.1-facts,2026-10-04,1,overture-places@2026-09-23.1,cdla-permissive-2.0
ov:562ca180-98c5-4ed9-8e14-922d52380915,Welcome Inn,https://journeyed.org/hotel/welcome-inn-inglewood-562ca1/,"11125 Prairie Ave, Inglewood, CA 90303",Inglewood,CA,90303,US,33.9339966,-118.3443199,+13104196220,,motel,28.8,settled-1.1-facts,2026-10-04,12,overture-places@2026-09-23.1,cdla-permissive-2.0
ov:566e7697-c11f-454f-993c-272eeb327cd6,Baymont by Wyndham,https://journeyed.org/hotel/baymont-by-wyndham-monterey-park-566e76/,"434 Potrero Grande Dr, Monterey Park, CA 91755",Monterey Park,CA,91755,US,34.0350847,-118.1172897,+13236140603,https://www.wyndhamhotels.com/baymont/monterey-park-california/baymont-by-wyndham-monterey-park/overview,hotel,58.9,settled-1.1-facts,2026-10-04,31,overture-places@2026-09-23.1,cdla-permissive-2.0
ov:567d9902-f63a-4312-98c4-e18367676039,Olympia Hotel,https://journeyed.org/hotel/olympia-hotel-los-angeles-567d99/,"1201 E 7th St, Los Angeles, CA 90021-1505",Los Angeles,CA,90021-1505,US,34.037692,-118.241953,+12138921049,https://www.getaroom.com,hotel,40,settled-1.1-facts,2026-10-04,11,overture-places@2026-09-23.1,cdla-permissive-2.0
ov:5693a15b-63a9-44d0-bbfc-034367b61e65,Americana Motel,https://journeyed.org/hotel/americana-motel-anaheim-5693a1/,"130 S Beach Blvd, Anaheim, CA 92804-1803",Anaheim,CA,92804-1803,US,33.830326,-117.992787,+17148281830,,hotel,28.3,settled-1.1-facts,2026-10-04,1,overture-places@2026-09-23.1,cdla-permissive-2.0
ov:56946b3b-4535-445e-a5c1-481b144aa7c2,citizenM Los Angeles Downtown,https://journeyed.org/hotel/citizenm-los-angeles-downtown-los-angeles-56946b/,"361 S Spring St, Los Angeles, CA 90013",Los Angeles,CA,90013,US,34.0490363,-118.2483433,+12133378658,https://www.citizenm.com/hotels/united-states/los-angeles/los-angeles-downtown-hotel?utm_source=Facebook&utm_medium=Yext&y_source=1_NDkyNzM5MTUtNTU5LWxvY2F0aW9uLndlYnNpdGU%3D,hotel,41.1,settled-1.1-facts,2026-10-04,12,overture-places@2026-09-23.1,cdla-permissive-2.0
ov:569f372c-8044-4239-b006-83d51dd4496f,Glendale Express Hotel,https://journeyed.org/hotel/glendale-express-hotel-glendale-569f37/,"450 W Pioneer Dr, Glendale, CA 91203",Glendale,CA,91203,US,34.1549756,-118.2636473,+17476092222,http://www.glendaleexpresshotel.com/,hotel,73.9,settled-1.1-facts,2026-10-04,38,overture-places@2026-09-23.1,cdla-permissive-2.0
ov:56a49e20-87fa-40a7-8e89-14c1c34c62f6,Carlton Motel,https://journeyed.org/hotel/carlton-motel-long-beach-56a49e/,"4034 Long Beach Blvd, Long Beach, CA 90807-2617",Long Beach,CA,90807-2617,US,33.831918,-118.189161,+15624277803,http://www.CARLTONMOTELLB.com/,hotel,38,settled-1.1-facts,2026-10-04,1,overture-places@2026-09-23.1,cdla-permissive-2.0
ov:56acaa96-b7a2-4eba-97a6-89d052f2c1f4,Best Western Plus Commerce Hotel,https://journeyed.org/hotel/best-western-plus-commerce-hotel-commerce-56acaa/,"7272 E Gage Ave, Commerce, CA 90040",Commerce,CA,90040,US,33.9746843,-118.1262512,+15628064777,https://www.bestwestern.com/en_US/book/hotel-rooms.05734.html?iata=00171890&ssob=BLBWI0003G&cid=BLBWI0003G%3Ayext%3Awebsite%3A05734,hotel,39.3,settled-1.1-facts,2026-10-04,1,overture-places@2026-09-23.1,cdla-permissive-2.0
ov:56afebb7-44bd-4fc9-80dd-fc0c6e02aff9,Four Points By Sheraton,https://journeyed.org/hotel/four-points-by-sheraton-culver-city-56afeb/,"5990 Green Valley Circle, Culver City, CA 90230",Culver City,CA,90230,US,33.9832036,-118.3935907,+13106417740,https://www.marriott.com/en-us/hotels/laxwf-four-points-los-angeles-westside/overview/?scid=d2406702-e8ea-4b45-bb9b-69cddaaef03d,hotel,39.2,settled-1.1-facts,2026-10-04,6,overture-places@2026-09-23.1,cdla-permissive-2.0
ov:56c0e523-a421-4c09-8640-c19e8b9770f8,Club Hotel,https://journeyed.org/hotel/club-hotel-long-beach-56c0e5/,"426 Lime Ave, Long Beach, CA 90802",Long Beach,CA,90802,US,33.7723112,-118.1835789,+15629839433,,motel,29,settled-1.1-facts,2026-10-04,3,overture-places@2026-09-23.1,cdla-permissive-2.0
ov:56c595fa-d10f-47bb-8925-3ef0b69e3b66,Pacific Edge Hotel,https://journeyed.org/hotel/pacific-edge-hotel-laguna-beach-56c595/,"647 S Coast Hwy, Laguna Beach, CA 92651",Laguna Beach,CA,92651,US,33.5383205,-117.7805476,+19494948566,https://www.pacificedgehotel.com,hotel,29.4,settled-1.1-facts,2026-10-04,0,overture-places@2026-09-23.1,cdla-permissive-2.0
ov:56c75fda-aa17-4aa2-b5f1-4a8379d9339c,Deluxe Inn Hawthorne,https://journeyed.org/hotel/deluxe-inn-hawthorne-hawthorne-56c75f/,"13640 Hawthorne Blvd, Hawthorne, CA 90250",Hawthorne,CA,90250,US,33.9082089,-118.3519685,+13106441154,http://www.deluxeinnhawthorne.com/,motel,39.1,settled-1.1-facts,2026-10-04,4,overture-places@2026-09-23.1,cdla-permissive-2.0
ov:56d93996-3cbe-4bf7-9db1-3ccc2930a829,TownePlace Suites,https://journeyed.org/hotel/towneplace-suites-chino-hills-56d939/,"15881 Pomona Rincon Road, Chino Hills, CA 91709",Chino Hills,CA,91709,US,33.9651913,-117.6888696,+19094798100,https://www.marriott.com/en-us/hotels/ontch-towneplace-suites-ontario-chino-hills/overview/?scid=d2406702-e8ea-4b45-bb9b-69cddaaef03d,service_apartment,36.5,settled-1.1-facts,2026-10-04,0,overture-places@2026-09-23.1,cdla-permissive-2.0
ov:56ec7cc9-de45-4e25-b90d-d73ffa4bdfff,Americas Best Value Inn & Suites Anaheim Convention Center,https://journeyed.org/hotel/americas-best-value-inn-and-suites-anaheim-convention-center-anaheim-56ec7c/,"425 W Katella Ave, Anaheim, CA 92802",Anaheim,CA,92802,US,33.8035539,-117.9131506,+17147762815,http://www.valueinnanaheim.com/,hotel,69.9,settled-1.1-facts,2026-10-04,61,overture-places@2026-09-23.1,cdla-permissive-2.0
ov:56f8ff6a-32bb-45ab-9f5c-f4866dba9b8c,Hyatt House La University Medical Center,https://journeyed.org/hotel/hyatt-house-la-university-medical-center-los-angeles-56f8ff/,"2200 Trojan Wy, Los Angeles, CA 90033",Los Angeles,CA,90033,US,34.0642698,-118.2022565,+13239091155,https://www.hyatt.com/en-US/hotel/california/hyatt-house-la-university-medical-center/laxxu,hotel,38.5,settled-1.1-facts,2026-10-04,4,overture-places@2026-09-23.1,cdla-permissive-2.0
ov:570232d9-f6eb-4f2e-837f-66ec7aa72ca1,Balboa Inn,https://journeyed.org/hotel/balboa-inn-newport-beach-570232/,"105 Main St #B, Newport Beach, CA 92661",Newport Beach,CA,92661,US,33.6015095,-117.8998604,+19496753412,http://www.balboainn.com/,hotel,43.3,settled-1.1-facts,2026-10-04,6,overture-places@2026-09-23.1,cdla-permissive-2.0
ov:570dc4d2-a578-4c55-8e4d-17817e5f7fc8,H2O Hermosa,https://journeyed.org/hotel/h2o-hermosa-hermosa-beach-570dc4/,"1429 Hermosa Ave, Hermosa Beach, CA 90254-3540",Hermosa Beach,CA,90254-3540,US,33.8642341,-118.400827,+13104422370,http://h2ohermosa.com/,hotel,80.2,settled-1.1-facts,2026-10-04,35,overture-places@2026-09-23.1,cdla-permissive-2.0
ov:57132b65-828b-444d-af74-cd94e833b17a,Buckhorn Motel,https://journeyed.org/hotel/buckhorn-motel-mt-baldy-57132b/,"6867 Mt Baldy Rd, Mt Baldy, CA 91759",Mt Baldy,CA,91759,US,34.2383334,-117.6562476,+19099821107,http://mtbaldybuckhornlodge.com,motel,26.5,settled-1.1-facts,2026-10-04,0,overture-places@2026-09-23.1,cdla-permissive-2.0
ov:571562ad-7b10-4657-819a-29e33e73dcaf,Best Western Plus Carriage Inn,https://journeyed.org/hotel/best-western-plus-carriage-inn-van-nuys-571562/,"5525 Sepulveda Blvd, Van Nuys, CA 91411-3438",Van Nuys,CA,91411-3438,US,34.1713818,-118.4665194,+18187872300,https://www.bestwestern.com/en_US/book/hotel-rooms.05595.html?iata=00171890&ssob=BLBWI0003G&cid=BLBWI0003G%3Ayext%3Awebsite%3A05595,hotel,39.3,settled-1.1-facts,2026-10-04,2,overture-places@2026-09-23.1,cdla-permissive-2.0
ov:57460278-c217-4ed4-8ede-7e51c9e8861d,Downtown Old Torrance,https://journeyed.org/hotel/downtown-old-torrance-torrance-574602/,"Torrance, CA",Torrance,CA,,US,33.8341994,-118.3157668,+13106289990,https://tripwhat.com/USA/Torrance/Old-Town-restaurants,hotel,22.7,settled-1.1-facts,2026-10-04,2,overture-places@2026-09-23.1,cdla-permissive-2.0
ov:575dac3d-e918-4fc9-975f-bc2ed76d9144,"Jai Prabhu, Llc Dba Victory Motel Or Le",https://journeyed.org/hotel/jai-prabhu-llc-dba-victory-motel-or-le-el-monte-575dac/,"11652 Garvey Ave, El Monte, CA 91732-3308",El Monte,CA,91732-3308,US,34.0624012,-118.024706,,,lodging,18.2,settled-1.1-facts,2026-10-04,1,overture-places@2026-09-23.1,cdla-permissive-2.0
ov:5766022b-6872-4d22-85b8-7746602378ea,The Westin Resort Anaheim,https://journeyed.org/hotel/the-westin-resort-anaheim-anaheim-576602/,"1030 E Katella Ave, Anaheim, CA 92805-6617",Anaheim,CA,92805-6617,US,33.80313,-117.89537,,,hotel,18.6,settled-1.1-facts,2026-10-04,9,overture-places@2026-09-23.1,cdla-permissive-2.0
ov:57c77a24-2da2-4b1a-b24d-d29b15f2e507,Dynasty Suites,https://journeyed.org/hotel/dynasty-suites-santa-fe-springs-57c77a/,"13530 Firestone Blvd, Santa Fe Springs, CA 90670",Santa Fe Springs,CA,90670,US,33.8915899,-118.0444123,+15629218571,http://www.dynastysuites.com,hotel,38.5,settled-1.1-facts,2026-10-04,1,overture-places@2026-09-23.1,cdla-permissive-2.0
ov:57cb5237-ccf3-41a0-8e9e-e263c1b05aa5,Tuscan Garden Inn,https://journeyed.org/hotel/tuscan-garden-inn-los-angeles-57cb52/,"2200 W Olympic Blvd, Los Angeles, CA 90006",Los Angeles,CA,90006,US,34.0520247,-118.2814298,+12133854191,http://www.tuscangardeninn.com/,motel,39.9,settled-1.1-facts,2026-10-04,14,overture-places@2026-09-23.1,cdla-permissive-2.0
ov:57ce63d2-5443-49ab-abf0-868d6924bac0,Sunkist Motel,https://journeyed.org/hotel/sunkist-motel-south-el-monte-57ce63/,"9460 Garvey Ave, South El Monte, CA 91733",South El Monte,CA,91733,US,34.0624591,-118.0632395,+16265757860,,motel,27.2,settled-1.1-facts,2026-10-04,1,overture-places@2026-09-23.1,cdla-permissive-2.0
ov:57d015a6-7641-421a-a2a1-8c79606dd893,Carousel Inn & Suites,https://journeyed.org/hotel/carousel-inn-and-suites-anaheim-57d015/,"1530 S Harbor Blvd, Anaheim, CA 92802",Anaheim,CA,92802,US,33.810349,-117.91526,+17147580444,,resort,29.3,settled-1.1-facts,2026-10-04,10,overture-places@2026-09-23.1,cdla-permissive-2.0
ov:57dca4c4-1262-4862-af95-2cd36520dd79,Hampton Inn and Suites Hermosa Beach,https://journeyed.org/hotel/hampton-inn-and-suites-hermosa-beach-hermosa-beach-57dca4/,"1530 Pacific Coast Hwy, Hermosa Beach, CA 90254",Hermosa Beach,CA,90254,US,33.8661847,-118.3930357,+13103187800,https://www.hilton.com/en/locations/usa/,hotel,40.9,settled-1.1-facts,2026-10-04,4,overture-places@2026-09-23.1,cdla-permissive-2.0
ov:57e57058-02ff-4dac-bb52-7ed4445b7cc3,Days Inn,https://journeyed.org/hotel/days-inn-long-beach-57e570/,"1500 E. Pacific Coast Hwy, Long Beach, CA 90806",Long Beach,CA,90806,US,33.7897088,-118.1728726,+15625280798,https://www.wyndhamhotels.com/days-inn/long-beach-california/days-inn-long-beach-city-center/overview,hotel,38.8,settled-1.1-facts,2026-10-04,2,overture-places@2026-09-23.1,cdla-permissive-2.0
ov:580b494e-3b6c-4cd1-9bf6-6ac3de0cfeca,Ayres Hotel Laguna Woods,https://journeyed.org/hotel/ayres-hotel-laguna-woods-laguna-woods-580b49/,"24341 El Toro Rd, Laguna Woods, CA 92637",Laguna Woods,CA,92637,US,33.6103463,-117.7296593,+19495880131,http://ayreshotels.com/ayres-hotel-laguna-woods,hotel,37.2,settled-1.1-facts,2026-10-04,0,overture-places@2026-09-23.1,cdla-permissive-2.0
ov:581ac18a-8c9a-46a1-a69d-d395bc2bee8d,Wiltern motel,https://journeyed.org/hotel/wiltern-motel-long-beach-581ac1/,"934 E Via Carmelitos, Long Beach, CA 90805-7500",Long Beach,CA,90805-7500,US,33.8488793,-118.1807109,+15624223151,,hotel,25.8,settled-1.1-facts,2026-10-04,1,overture-places@2026-09-23.1,cdla-permissive-2.0
ov:58378504-3689-4e95-9942-a5b9b5e23609,Arlington Motel,https://journeyed.org/hotel/arlington-motel-long-beach-583785/,"3617 S Santa Fe Ave, Long Beach, CA 90810",Long Beach,CA,90810,US,33.8218242,-118.2156589,+15624274802,http://www.arlingtonmotelca.com,motel,38.2,settled-1.1-facts,2026-10-04,0,overture-places@2026-09-23.1,cdla-permissive-2.0
ov:586bb898-65d9-4693-a2a4-032df5b8bb08,Orange Tustin Inn,https://journeyed.org/hotel/orange-tustin-inn-orange-586bb8/,"639 S Tustin St, Orange, CA 92866",Orange,CA,92866,US,33.7781059,-117.8351288,+17147717460,http://www.orangetustininn.com/,motel,69,settled-1.1-facts,2026-10-04,23,overture-places@2026-09-23.1,cdla-permissive-2.0
ov:587e66bd-3662-4d8b-9192-21df8dacd215,San Vicente Place,https://journeyed.org/hotel/san-vicente-place-los-angeles-587e66/,"5023 S San Vicente Blvd, Los Angeles, CA 90019",Los Angeles,CA,90019,US,34.0509838,-118.34544,+13238473842,,bed_and_breakfast,29.2,settled-1.1-facts,2026-10-04,3,overture-places@2026-09-23.1,cdla-permissive-2.0
ov:58814280-5457-474c-baae-b1b165b06187,Level Los Angeles - Downtown Flower,https://journeyed.org/hotel/level-los-angeles-downtown-flower-los-angeles-588142/,"1201 S Hope St, Los Angeles, CA 90015",Los Angeles,CA,90015,US,34.04064,-118.26475,+12133400126,https://www.stayinglevel.com/destinations/los-angeles/downtown-flower/,hotel,46,settled-1.1-facts,2026-10-04,21,overture-places@2026-09-23.1,cdla-permissive-2.0
ov:588b3db1-9b4a-4f15-a2af-6df18dde8ed5,Extended Stay America,https://journeyed.org/hotel/extended-stay-america-torrance-588b3d/,"3995 W Carson St, Torrance, CA 90503",Torrance,CA,90503,US,33.8325295,-118.3561053,+13105430048,https://www.extendedstayamerica.com/,hotel,40.1,settled-1.1-facts,2026-10-04,2,overture-places@2026-09-23.1,cdla-permissive-2.0
ov:58904ecf-dc6a-4b7a-804e-603de63d4e69,MainStay Suites Orange County John Wayne Airport,https://journeyed.org/hotel/mainstay-suites-orange-county-john-wayne-airport-santa-ana-58904e/,"2701 Hotel Terrace Dr, Santa Ana, CA 92705",Santa Ana,CA,92705,US,33.710739,-117.853149,+17149579200,https://www.choicehotels.com/california/santa-ana/mainstay-hotels/ca701?mc=llbillpx&pmf=local,resort,37.6,settled-1.1-facts,2026-10-04,1,overture-places@2026-09-23.1,cdla-permissive-2.0
ov:58b227a3-7305-4c6a-8b52-1fc5f4dc4bf2,Panorama Motel,https://journeyed.org/hotel/panorama-motel-van-nuys-58b227/,"8209 Sepulveda Blvd, Van Nuys, CA 91402",Van Nuys,CA,91402,US,34.219799,-118.4679911,+18187864434,http://www.panoramamotel-vn.us,motel,37.7,settled-1.1-facts,2026-10-04,0,overture-places@2026-09-23.1,cdla-permissive-2.0
ov:58c3b4c8-6aaa-4781-9258-279b10cea460,"Safari Inn, a Coast Hotel",https://journeyed.org/hotel/safari-inn-a-coast-hotel-burbank-58c3b4/,"1911 West Olive Ave, Burbank, CA 91506",Burbank,CA,91506,US,34.165734,-118.325205,+18188458586,https://www.coasthotels.com,hotel,39.7,settled-1.1-facts,2026-10-04,3,overture-places@2026-09-23.1,cdla-permissive-2.0
ov:58d2622a-3f93-45f1-8b00-2a440f8cd689,Knights Inn Claremont,https://journeyed.org/hotel/knights-inn-claremont-claremont-58d262/,"721 S Indian Hill Blvd, Claremont, CA 91711",Claremont,CA,91711,US,34.0826416,-117.7206039,+19096262431,https://www.knightsinn.com/Claremont-CA,hotel,37.6,settled-1.1-facts,2026-10-04,0,overture-places@2026-09-23.1,cdla-permissive-2.0
ov:58d4b4ee-6cc2-4cbd-b44e-99db437ed392,La Quinta Inn & Suites,https://journeyed.org/hotel/la-quinta-inn-and-suites-irvine-58d4b4/,"14972 Sand Canyon Ave, Irvine, CA 92618",Irvine,CA,92618,US,33.6757864,-117.7584626,+19495510909,http://www.laquintairvinespectrum.com/?cid=local_663,hotel,38.5,settled-1.1-facts,2026-10-04,1,overture-places@2026-09-23.1,cdla-permissive-2.0
ov:58e9c19c-ce63-445b-b16d-4d810a44ea91,Del Sol Inn,https://journeyed.org/hotel/del-sol-inn-anaheim-58e9c1/,"1604 S Harbor Blvd, Anaheim, CA 92802",Anaheim,CA,92802,US,33.8084875,-117.9138083,+17142343411,https://www.delsolinn.com/?utm_source=facebook&utm_medium=organic&utm_campaign=facebook_listing,hotel,69.9,settled-1.1-facts,2026-10-04,78,overture-places@2026-09-23.1,cdla-permissive-2.0
ov:58f1b1ff-5839-4108-8598-89d0291c0bd0,Anchor Inn Motel,https://journeyed.org/hotel/anchor-inn-motel-norwalk-58f1b1/,"11632 Imperial Hwy, Norwalk, CA 90650-2816",Norwalk,CA,90650-2816,US,33.9166034,-118.0853375,,https://www.anchorinnmotelnc.com,lodging,30.8,settled-1.1-facts,2026-10-04,1,overture-places@2026-09-23.1,cdla-permissive-2.0
ov:58f52ec5-fad3-4d1b-9123-e6f354b648c2,Paradise Lodge,https://journeyed.org/hotel/paradise-lodge-los-angeles-58f52e/,"20128 Roscoe Blvd, Los Angeles, CA 91306",Los Angeles,CA,91306,US,34.219639,-118.571952,+18183417200,http://www.paradise-lodge.net,motel,35.4,settled-1.1-facts,2026-10-04,0,overture-places@2026-09-23.1,cdla-permissive-2.0
ov:5923ce55-a387-4015-974d-1159cbbd033e,Fairfield by Marriott Inn & Suites Tustin Orange County,https://journeyed.org/hotel/fairfield-by-marriott-inn-and-suites-tustin-orange-county-tustin-5923ce/,"15011 Newport Ave, Tustin, CA 92780",Tustin,CA,92780,US,33.7253658,-117.8344578,+17142589900,https://www.marriott.com/en-us/hotels/snatf-fairfield-inn-and-suites-tustin-orange-county/overview/?scid=d2406702-e8ea-4b45-bb9b-69cddaaef03d,hotel,39.2,settled-1.1-facts,2026-10-04,1,overture-places@2026-09-23.1,cdla-permissive-2.0
ov:5923fc85-0bad-4a0f-844a-17eee85a8607,Hilton Waterfront Beach Resort A California Limited Company,https://journeyed.org/hotel/hilton-waterfront-beach-resort-a-california-limited-company-5923fc/,"21100 Pacific Coast Hwy, Huntington Beach, CA 92648-5307",Huntington Beach,CA,92648-5307,US,33.6533452,-117.9942132,+17148458409,https://linktr.ee/waterfrontbeachresort,lodging,40.6,settled-1.1-facts,2026-10-04,1,overture-places@2026-09-23.1,cdla-permissive-2.0
ov:595a9be7-34bc-4e46-9ee4-c583b5b00593,Oak Tree Inn,https://journeyed.org/hotel/oak-tree-inn-los-angeles-595a9b/,"17448 Ventura Blvd, Los Angeles, CA 91316",Los Angeles,CA,91316,US,34.1611567,-118.5135089,+18182089278,http://tokyoprincessinn.com,hotel,35.8,settled-1.1-facts,2026-10-04,0,overture-places@2026-09-23.1,cdla-permissive-2.0
ov:595c9749-24f0-49af-9398-d470800f0f60,Best Western Harbour Inn and Suites,https://journeyed.org/hotel/best-western-harbour-inn-and-suites-sunset-beach-595c97/,"16912 Pacific Coast Hwy, Sunset Beach, CA 90742-2098",Sunset Beach,CA,90742-2098,US,33.7164182,-118.0682404,+15625924770,https://www.bestwestern.com/en_US/book/hotel-rooms.05672.html?iata=00171890&ssob=BLBWI0003G&cid=BLBWI0003G%3Ayext%3Awebsite%3A05672,hotel,37.3,settled-1.1-facts,2026-10-04,0,overture-places@2026-09-23.1,cdla-permissive-2.0
ov:59a14f6a-6085-4d88-9acb-1f86402ec9c4,The M Malibu,https://journeyed.org/hotel/the-m-malibu-malibu-59a14f/,"22541 CA-1, Malibu, CA 90265",Malibu,CA,90265,US,34.0398398,-118.6659196,+13104566169,http://www.themmalibu.com,hotel,60,settled-1.1-facts,2026-10-04,6,overture-places@2026-09-23.1,cdla-permissive-2.0
ov:59b31b69-6680-4f37-8704-7c850ee06cb1,Kings Lodge Motel,https://journeyed.org/hotel/kings-lodge-motel-monterey-park-59b31b/,"340 S Garfield Ave, Monterey Park, CA 91754",Monterey Park,CA,91754,US,34.0583524,-118.1229638,+16265720404,http://kingslodgemotel.com/,motel,40.6,settled-1.1-facts,2026-10-04,1,overture-places@2026-09-23.1,cdla-permissive-2.0
ov:59e64c8b-e04d-4ebf-b353-a8933f50a5b9,The Westin Los Angeles Airport,https://journeyed.org/hotel/the-westin-los-angeles-airport-los-angeles-59e64c/,"5400 West Century Boulevard, Los Angeles, CA 90045",Los Angeles,CA,90045,US,33.9447774,-118.3738099,+13102165858,https://www.marriott.com/en-us/hotels/laxwi-the-westin-los-angeles-airport/overview/?scid=d2406702-e8ea-4b45-bb9b-69cddaaef03d,hotel,39.3,settled-1.1-facts,2026-10-04,10,overture-places@2026-09-23.1,cdla-permissive-2.0
ov:5a402d28-9dbd-4adb-8e3b-00133bb804cc,San Vicente,https://journeyed.org/hotel/san-vicente-los-angeles-5a402d/,"11440 San Vicente Blvd, Los Angeles, CA 90049-6242",Los Angeles,CA,90049-6242,US,34.05174,-118.460356,+13108264054,,hotel,28.6,settled-1.1-facts,2026-10-04,4,overture-places@2026-09-23.1,cdla-permissive-2.0
ov:5a58dafa-af1b-4c7b-94d8-a8e19a3144a6,Alhambra Hotel,https://journeyed.org/hotel/alhambra-hotel-alhambra-5a58da/,"2221 W Commonwealth Ave, Alhambra, CA 91803",Alhambra,CA,91803,US,34.0881765,-118.1495322,+16263000003,http://www.magnusonhotels.com/alhambra-hotel,hotel,39.5,settled-1.1-facts,2026-10-04,1,overture-places@2026-09-23.1,cdla-permissive-2.0
ov:5a9822b1-fa7c-48d3-b585-2cfe2e028e20,DoubleTree by Hilton,https://journeyed.org/hotel/doubletree-by-hilton-santa-ana-5a9822/,"7 Hutton Centre Dr, Santa Ana, CA 92707",Santa Ana,CA,92707,US,33.6970544,-117.8647734,+17147512400,https://www.hilton.com/en/hotels/snafmdt-doubletree-club-hotel-orange-county-airport/,hotel,39.2,settled-1.1-facts,2026-10-04,1,overture-places@2026-09-23.1,cdla-permissive-2.0
ov:5a9d89c4-5353-431a-98cb-233e69e428da,Ramada Plaza,https://journeyed.org/hotel/ramada-plaza-west-hollywood-5a9d89/,"8585 Santa Monica Blvd, West Hollywood, CA 90069",West Hollywood,CA,90069,US,34.0886544,-118.3786835,+13107344746,https://www.wyndhamhotels.com/ramada/west-hollywood-california/ramada-plaza-hotel-suites-west-hollywood-beverly-hills/overview?CID=LC%3ARA%3A%3AFACEBOOK%3ARIO%3ARegional%3A00320,hotel,60,settled-1.1-facts,2026-10-04,67,overture-places@2026-09-23.1,cdla-permissive-2.0
ov:5aa6cd01-06d4-4f6d-8aa7-fb5ed65a3fe2,The Dart Hotel,https://journeyed.org/hotel/the-dart-hotel-los-angeles-5aa6cd/,"820 S Spring St, Los Angeles, CA 90014-2904",Los Angeles,CA,90014-2904,US,34.0425,-118.253922,+13104354053,http://www.thedarthotel.com/,hotel,40.9,settled-1.1-facts,2026-10-04,14,overture-places@2026-09-23.1,cdla-permissive-2.0
ov:5aa9e900-8edc-4637-bba9-9d7baa4de324,Sonesta Simply Suites Anaheim,https://journeyed.org/hotel/sonesta-simply-suites-anaheim-garden-grove-5aa9e9/,"12901 Garden Grove Blvd, Garden Grove, CA 92843",Garden Grove,CA,92843,US,33.7752457,-117.9074505,+17145394200,https://www.sonesta.com/sonesta-simply-suites/ca/garden-grove/sonesta-simply-suites-anaheim/,resort,38.6,settled-1.1-facts,2026-10-04,8,overture-places@2026-09-23.1,cdla-permissive-2.0
ov:5aaa6065-d9ac-4508-8342-93a2df8d9dda,Super Inn,https://journeyed.org/hotel/super-inn-pomona-5aaa60/,"975 W Holt Ave, Pomona, CA 91768-3409",Pomona,CA,91768-3409,US,34.0622973,-117.7664445,+19096228305,https://expedia.com,motel,28.4,settled-1.1-facts,2026-10-04,1,overture-places@2026-09-23.1,cdla-permissive-2.0
ov:5ab48d7e-254a-4533-b0ef-1856f6f9d61b,Country Inn Motel,https://journeyed.org/hotel/country-inn-motel-montclair-5ab48d/,"5610 Holt Blvd, Montclair, CA 91763",Montclair,CA,91763,US,34.0634722,-117.6827899,+19096701300,https://country-inn-motel-montclair.edan.io,motel,38.5,settled-1.1-facts,2026-10-04,1,overture-places@2026-09-23.1,cdla-permissive-2.0
ov:5ab7fcbf-be5b-43f7-b2dd-a7787fbcd3ea,Budget Inn San Gabriel,https://journeyed.org/hotel/budget-inn-san-gabriel-san-gabriel-5ab7fc/,"1924 S San Gabriel Blvd, San Gabriel, CA 91776",San Gabriel,CA,91776,US,34.0740788,-118.0903903,+16262800401,http://www.budgetinn.com,inn,38.4,settled-1.1-facts,2026-10-04,0,overture-places@2026-09-23.1,cdla-permissive-2.0
ov:5ac0008f-7f80-4e9a-971e-646ff2008a22,InterContinental Hotels,https://journeyed.org/hotel/intercontinental-hotels-torrance-5ac000/,"19800 S Vermont Ave, Torrance, CA 90502-1126",Torrance,CA,90502-1126,US,33.850758,-118.289444,+13106192570,,hotel,26.6,settled-1.1-facts,2026-10-04,0,overture-places@2026-09-23.1,cdla-permissive-2.0
ov:5ad2ca39-6534-4e5c-be9b-6c9170e54663,Copacabana Inn,https://journeyed.org/hotel/copacabana-inn-los-angeles-5ad2ca/,"5304 S Figueroa St, Los Angeles, CA 90037-3728",Los Angeles,CA,90037-3728,US,33.993946,-118.282432,+13232341844,,motel,27.7,settled-1.1-facts,2026-10-04,3,overture-places@2026-09-23.1,cdla-permissive-2.0
ov:5aee3554-0860-4250-bf90-30e68cd1f17f,Boutique 444 Nirvana,https://journeyed.org/hotel/boutique-444-nirvana-los-angeles-5aee35/,"1775 N Orange Dr, Los Angeles, CA 90028-4321",Los Angeles,CA,90028-4321,US,34.103772,-118.342111,+13108711626,http://www.1775orangedrive.com,hotel,41.3,settled-1.1-facts,2026-10-04,15,overture-places@2026-09-23.1,cdla-permissive-2.0
ov:5af4a141-f4dd-4089-ab51-7107437681a6,Motel 6 Glendale- Ca – Pasadena Burbank Los Angeles,https://journeyed.org/hotel/motel-6-glendale-ca-pasadena-burbank-los-angeles-glendale-5af4a1/,"1523 E Colorado St, Glendale, CA 91205",Glendale,CA,91205,US,34.1427681,-118.2304022,+18182437126,,resort,28.3,settled-1.1-facts,2026-10-04,1,overture-places@2026-09-23.1,cdla-permissive-2.0
ov:5b03df71-43b9-4d27-a30c-98a7c0c06254,Vector Travel,https://journeyed.org/hotel/vector-travel-los-angeles-5b03df/,"515 S Flower St, Los Angeles, CA 90071-2201",Los Angeles,CA,90071-2201,US,34.05134,-118.25661,+18887603387,https://vectorstays.com,hotel,60.5,settled-1.1-facts,2026-10-04,27,overture-places@2026-09-23.1,cdla-permissive-2.0
ov:5b1d92b5-ad05-4c81-9f5e-bb1d1d972d36,Great Wolf Lodge | Southern California,https://journeyed.org/hotel/great-wolf-lodge-southern-california-garden-grove-5b1d92/,"12681 S Harbor Blvd, Garden Grove, CA 92840",Garden Grove,CA,92840,US,33.7796423,-117.9156911,+18889609653,https://www.greatwolf.com/southern-california,resort,68.4,settled-1.1-facts,2026-10-04,54,overture-places@2026-09-23.1,cdla-permissive-2.0
ov:5b3be490-bfd1-4665-ac6b-b7e9bb44a926,Extended Stay America - Los Angeles - Carson,https://journeyed.org/hotel/extended-stay-america-los-angeles-carson-carson-5b3be4/,"401 E Albertoni St, Carson, CA 90746-1424",Carson,CA,90746-1424,US,33.8719804,-118.2691072,+13103232080,https://www.extendedstayamerica.com,lodging,39.1,settled-1.1-facts,2026-10-04,1,overture-places@2026-09-23.1,cdla-permissive-2.0
ov:5b42c831-631f-45f9-8285-52d73bd3e0a5,Hidden Lakes Resort & Spa,https://journeyed.org/hotel/hidden-lakes-resort-and-spa-fullerton-5b42c8/,"513 Lazy Creek Cir, Fullerton, CA 92831-1880",Fullerton,CA,92831-1880,US,33.887436,-117.918407,+19495843724,,hotel,27.8,settled-1.1-facts,2026-10-04,1,overture-places@2026-09-23.1,cdla-permissive-2.0
ov:5b5c322e-b7dc-4f78-b458-b41d0d37b664,Homewood Suites,https://journeyed.org/hotel/homewood-suites-lancaster-5b5c32/,"2320 W Double Play Way, Lancaster, CA 93536",Lancaster,CA,93536,US,34.7012783,-118.1722397,+16617238040,https://www.hilton.com/en/homewood/,hotel,26.5,settled-1.1-facts,2026-10-04,0,overture-places@2026-09-23.1,cdla-permissive-2.0
ov:5b5eedda-fdc1-4e0f-8d97-75ddf40c0e25,Banana Bungalow Hollywood Hotel & Hostel,https://journeyed.org/hotel/banana-bungalow-hollywood-hotel-and-hostel-hollywood-5b5eed/,"5920 Hollywood Blvd, Hollywood, CA 90028",Hollywood,CA,90028,US,34.1015086,-118.3188754,+13234692500,http://www.bananabungalows.com/hollywood/,hostel,40.8,settled-1.1-facts,2026-10-04,11,overture-places@2026-09-23.1,cdla-permissive-2.0
ov:5b6bd835-aef4-4a45-9187-541bab5d1ad2,Residence Inn by Marriott Los Angeles LAX/Century Boulevard,https://journeyed.org/hotel/residence-inn-by-marriott-los-angeles-lax-century-boulevard-los-5b6bd8/,"5933 W Century Blvd, Los Angeles, CA 90045",Los Angeles,CA,90045,US,33.9459233,-118.3873951,+13105687700,https://www.marriott.com/en-us/hotels/laxax-residence-inn-los-angeles-lax-century-boulevard/overview/?scid=d2406702-e8ea-4b45-bb9b-69cddaaef03d,hotel,39.7,settled-1.1-facts,2026-10-04,7,overture-places@2026-09-23.1,cdla-permissive-2.0
ov:5bbbb5e7-8a52-4cd6-814c-eaa1c9a622f9,Crown Motel,https://journeyed.org/hotel/crown-motel-anaheim-5bbbb5/,"1136 N La Palma Park Way, Anaheim, CA 92801",Anaheim,CA,92801,US,33.848986,-117.921597,+17145352477,,hotel,27.5,settled-1.1-facts,2026-10-04,3,overture-places@2026-09-23.1,cdla-permissive-2.0
ov:5bcc95d5-be03-4b3f-abd1-3681b3eeb2ad,Super 8,https://journeyed.org/hotel/super-8-santa-clarita-5bcc95/,"17901 Sierra Hwy, Santa Clarita, CA 91351-3024",Santa Clarita,CA,91351-3024,US,34.4255487,-118.4492716,+16612521722,http://www.super8santaclarita.com/,motel,32.4,settled-1.1-facts,2026-10-04,0,overture-places@2026-09-23.1,cdla-permissive-2.0
ov:5bcd5756-39f6-4bb1-8d9c-b13fe37f6a51,Patio Motel,https://journeyed.org/hotel/patio-motel-gardena-5bcd57/,"13815 S Normandie Ave, Gardena, CA 90249-2611",Gardena,CA,90249-2611,US,33.905897,-118.300761,+13103278000,http://www.patiohotelgardena.com,motel,38.9,settled-1.1-facts,2026-10-04,2,overture-places@2026-09-23.1,cdla-permissive-2.0
ov:5bdc4df2-958b-4de5-856f-badac187ad43,Rose Brand Sun Valley,https://journeyed.org/hotel/rose-brand-sun-valley-los-angeles-5bdc4d/,"11440 Sheldon St, Los Angeles, CA 91352-1121",Los Angeles,CA,91352-1121,US,34.248976,-118.380272,+18182538140,,hotel,24.5,settled-1.1-facts,2026-10-04,0,overture-places@2026-09-23.1,cdla-permissive-2.0
ov:5bde98f0-c541-4f73-b71c-59a68a91c88f,Days Inn & Suites Fullerton,https://journeyed.org/hotel/days-inn-and-suites-fullerton-fullerton-5bde98/,"333 E Imperial Hwy, Fullerton, CA 92835-1011",Fullerton,CA,92835-1011,US,33.9179786,-117.9280668,+17144595743,https://www.wyndhamhotels.com/days-inn/fullerton-california/days-inn-and-suites-fullerton/overview?CID=LC%3ADI%3A%3AFACEBOOK%3ARIO%3ARegional%3A45522,hotel,56,settled-1.1-facts,2026-10-04,35,overture-places@2026-09-23.1,cdla-permissive-2.0
ov:5bf0f132-ecf6-4ea4-b062-a46e0018a7b6,The Marriott - Marina del Rey,https://journeyed.org/hotel/the-marriott-marina-del-rey-marina-del-rey-5bf0f1/,"13480 Maxella Ave, Marina del Rey, CA 90292-5620",Marina del Rey,CA,90292-5620,US,33.9849399,-118.4409928,,https://www.marriott.com/hotels/travel/laxmb-marina-del-rey-marriott,hotel,18.9,settled-1.1-facts,2026-10-04,9,overture-places@2026-09-23.1,cdla-permissive-2.0
ov:5bf3d654-047f-4b43-a09a-bf26bbe01227,Paradise Inn and Suites,https://journeyed.org/hotel/paradise-inn-and-suites-los-angeles-5bf3d6/,"11750 W Washington Blvd, Los Angeles, CA 90066-5918",Los Angeles,CA,90066-5918,US,33.9990426,-118.4186155,+13103904044,http://www.paradiseinnsuites.com,hotel,39.1,settled-1.1-facts,2026-10-04,5,overture-places@2026-09-23.1,cdla-permissive-2.0
ov:5c83308d-d654-4f25-929f-f6e1c64462c3,Royla Motel Pomona,https://journeyed.org/hotel/royla-motel-pomona-pomona-5c8330/,"1111 W Holt Ave, Pomona, CA 91768-3430",Pomona,CA,91768-3430,US,34.0624017,-117.768514,+19093970044,https://roylamotelpomona.com,motel,39.9,settled-1.1-facts,2026-10-04,1,overture-places@2026-09-23.1,cdla-permissive-2.0
ov:5c900364-1a8e-4ded-9524-079949961320,Lazy B Motel,https://journeyed.org/hotel/lazy-b-motel-los-angeles-5c9003/,"10825 S Figueroa St, Los Angeles, CA 90061",Los Angeles,CA,90061,US,33.9374715,-118.2827249,+13234180428,,motel,25.5,settled-1.1-facts,2026-10-04,0,overture-places@2026-09-23.1,cdla-permissive-2.0
ov:5ca5d943-99d1-4405-8c8f-12ce1463771f,Luxe city center Hotel,https://journeyed.org/hotel/luxe-city-center-hotel-santa-monica-5ca5d9/,"1819 Ocean Ave, Santa Monica, CA 90401-3215",Santa Monica,CA,90401-3215,US,34.00829,-118.49043,+13102607502,,hotel,29.2,settled-1.1-facts,2026-10-04,8,overture-places@2026-09-23.1,cdla-permissive-2.0
ov:5caef812-4c57-4a0c-8b3f-923c1b52b9bf,La Quinta Inn and Suites,https://journeyed.org/hotel/la-quinta-inn-and-suites-thousand-oaks-5caef8/,"1320 Newbury Rd, Thousand Oaks, CA 91320",Thousand Oaks,CA,91320,US,34.1824866,-118.9096546,+18054995910,http://www.laquintathousandoaks.com/?cid=local_2043,hotel,35.2,settled-1.1-facts,2026-10-04,0,overture-places@2026-09-23.1,cdla-permissive-2.0
ov:5cf8a267-9b2c-43db-82d5-aa45b8952091,Ellis Hotel,https://journeyed.org/hotel/ellis-hotel-los-angeles-5cf8a2/,"802 E 6th St, Los Angeles, CA 90021",Los Angeles,CA,90021,US,34.0405027,-118.2428938,+12132299665,http://ellishotel.com,lodging,40.3,settled-1.1-facts,2026-10-04,12,overture-places@2026-09-23.1,cdla-permissive-2.0
ov:5d00b8c8-93cc-4902-bbc4-c4a7fff5094a,City Express by Marriott Placentia Anaheim,https://journeyed.org/hotel/city-express-by-marriott-placentia-anaheim-placentia-5d00b8/,"118 E Orangethorpe Ave, Placentia, CA 92870",Placentia,CA,92870,US,33.8613467,-117.8720579,,https://www.marriott.com/SNAPX,hotel,26.5,settled-1.1-facts,2026-10-04,0,overture-places@2026-09-23.1,cdla-permissive-2.0
ov:5d17845d-215c-42e9-ab77-cf2159e20a91,Dawn Dee Motel And Apartments,https://journeyed.org/hotel/dawn-dee-motel-and-apartments-santa-monica-5d1784/,"2815 Santa Monica Blvd, Santa Monica, CA 90404-2409",Santa Monica,CA,90404-2409,US,34.035162,-118.472366,,,lodging,18.1,settled-1.1-facts,2026-10-04,5,overture-places@2026-09-23.1,cdla-permissive-2.0
ov:5d2c6bcf-86dd-4c2f-8491-52db07dd9dcb,Travelodge Motel Pico Rivera,https://journeyed.org/hotel/travelodge-motel-pico-rivera-pico-rivera-5d2c6b/,"7222 Rosemead Blvd, Pico Rivera, CA 90660-4010",Pico Rivera,CA,90660-4010,US,33.979595,-118.099356,+15629496648,https://www.wyndhamhotels.com,hotel,37.6,settled-1.1-facts,2026-10-04,0,overture-places@2026-09-23.1,cdla-permissive-2.0
ov:5d896d56-47b1-494f-b467-8b377d169d80,Staples Center Inn,https://journeyed.org/hotel/staples-center-inn-los-angeles-5d896d/,"946 S Bonnie Brae St, Los Angeles, CA 90006",Los Angeles,CA,90006,US,34.0510124,-118.2771086,+12137385960,http://www.staplescenterinn.com/,inn,40.3,settled-1.1-facts,2026-10-04,14,overture-places@2026-09-23.1,cdla-permissive-2.0
ov:5d9f9e09-05a9-449d-a907-78b548a3efbd,Hi View Inn & Suites,https://journeyed.org/hotel/hi-view-inn-and-suites-manhattan-beach-5d9f9e/,"100 S Sepulveda Blvd, Manhattan Beach, CA 90266-6824",Manhattan Beach,CA,90266-6824,US,33.879049,-118.395655,+13103744608,https://hiviewinn.com,hotel,54.4,settled-1.1-facts,2026-10-04,33,overture-places@2026-09-23.1,cdla-permissive-2.0
ov:5e14865c-d0b0-4580-af2a-08ec82335398,"Motel 6 Gardena, Ca",https://journeyed.org/hotel/motel-6-gardena-ca-gardena-5e1486/,"14605 Crenshaw Blvd, Gardena, CA 90249-3146",Gardena,CA,90249-3146,US,33.899171,-118.3271289,+13106752133,https://www.motel6.com,motel,39.3,settled-1.1-facts,2026-10-04,1,overture-places@2026-09-23.1,cdla-permissive-2.0
ov:5e1c6606-1f7f-481c-81a1-95e0150e1998,Courtyard By Marriott,https://journeyed.org/hotel/courtyard-by-marriott-foothill-ranch-5e1c66/,"27492 Portola Parkway, Foothill Ranch, CA 92610",Foothill Ranch,CA,92610,US,33.6697533,-117.6520685,+19499515700,http://courtyard.marriott.com/,hotel,37.7,settled-1.1-facts,2026-10-04,0,overture-places@2026-09-23.1,cdla-permissive-2.0
ov:5e3c671a-c740-4c50-8130-40c1d6f9f1ee,Best Whittier Inn,https://journeyed.org/hotel/best-whittier-inn-whittier-5e3c67/,"14226 Whittier Blvd, Whittier, CA 90605-2101",Whittier,CA,90605-2101,US,33.9561111,-118.0206225,+15626980323,http://best-whittier-inn.com/,motel,39.2,settled-1.1-facts,2026-10-04,1,overture-places@2026-09-23.1,cdla-permissive-2.0
ov:5e489ad3-afdc-4893-9332-7f315c432349,Valley Inn,https://journeyed.org/hotel/valley-inn-la-puente-5e489a/,"13010 Valley Blvd, La Puente, CA 91746",La Puente,CA,91746,US,34.0527163,-118.0022906,+16263694909,http://www.valleyinn.com,motel,37.7,settled-1.1-facts,2026-10-04,0,overture-places@2026-09-23.1,cdla-permissive-2.0
ov:5e6e1e1a-6238-42fd-b07a-1f4057e00b2e,Royal Hawaiian Motel,https://journeyed.org/hotel/royal-hawaiian-motel-los-angeles-5e6e1e/,"1632 S La Brea Ave, Los Angeles, CA 90019",Los Angeles,CA,90019,US,34.0447306,-118.3455164,+13239372049,http://www.royal-hawaiian.com,motel,40.2,settled-1.1-facts,2026-10-04,2,overture-places@2026-09-23.1,cdla-permissive-2.0
ov:5e7942fd-1274-46f2-bf3a-734357f78912,Anaheim Discovery Inn & Suites at the Park,https://journeyed.org/hotel/anaheim-discovery-inn-and-suites-at-the-park-anaheim-5e7942/,"1126 W Katella Ave, Anaheim, CA 92802",Anaheim,CA,92802,US,33.8028723,-117.9254018,+17145334505,http://anaheimdiscoveryinn.com/,hotel,60.4,settled-1.1-facts,2026-10-04,82,overture-places@2026-09-23.1,cdla-permissive-2.0
ov:5e7e33ce-7fb6-47b6-92bc-8063d1d5e58d,Harbor Inn and Suites,https://journeyed.org/hotel/harbor-inn-and-suites-garden-grove-5e7e33/,"12792 Palm St, Garden Grove, CA 92840",Garden Grove,CA,92840,US,33.7771058,-117.914702,+17145343000,https://www.wyndhamhotels.com/days-inn/garden-grove-california/days-inn-and-suites-anaheim-resort/overview?CID=LC%3ADI%3A%3AFACEBOOK%3ARIO%3ARegional%3A30911,hotel,39,settled-1.1-facts,2026-10-04,8,overture-places@2026-09-23.1,cdla-permissive-2.0
ov:5e8894db-8613-4f42-92c2-b811cc2337ed,Eagle Inn Motel,https://journeyed.org/hotel/eagle-inn-motel-los-angeles-5e8894/,"1371 N Marine Ave, Los Angeles, CA 90744",Los Angeles,CA,90744,US,33.7908389,-118.264918,+13108347523,https://eagle-inn-motel.hub.biz,motel,37,settled-1.1-facts,2026-10-04,0,overture-places@2026-09-23.1,cdla-permissive-2.0
ov:5eb79246-a7a4-4e06-918d-bf076b5c8b9f,Edward Hotel,https://journeyed.org/hotel/edward-hotel-los-angeles-5eb792/,"713 E 5th St, Los Angeles, CA 90013",Los Angeles,CA,90013,US,34.0428436,-118.2414506,+12136225688,http://kingeddysaloon.com,hotel,40.3,settled-1.1-facts,2026-10-04,11,overture-places@2026-09-23.1,cdla-permissive-2.0
ov:5f046326-7596-4930-b855-19e9522c5b46,Hyatt Place,https://journeyed.org/hotel/hyatt-place-anaheim-5f0463/,"2035 S Harbor Blvd, Anaheim, CA 92802",Anaheim,CA,92802,US,33.7981818,-117.9159299,+17147504000,http://anaheimresort.place.hyatt.com/en/hotel/home.html?src=prop_ANAZA_hp_nplk_Facebook_profile,hotel,41,settled-1.1-facts,2026-10-04,9,overture-places@2026-09-23.1,cdla-permissive-2.0
ov:5f316fb6-07cd-4b7a-9804-fd4c9ac6f6a6,Valley Inn,https://journeyed.org/hotel/valley-inn-mission-hills-5f316f/,"10621 Sepulveda Blvd, Mission Hills, CA 91345-1918",Mission Hills,CA,91345-1918,US,34.2631533,-118.4680151,+18188106676,http://www.valleyinnandconferencecenter.com/,hotel,33.4,settled-1.1-facts,2026-10-04,0,overture-places@2026-09-23.1,cdla-permissive-2.0
ov:5f461202-8d53-407a-b398-f4f4bcadb785,Alta Cienega Motel,https://journeyed.org/hotel/alta-cienega-motel-west-hollywood-5f4612/,"1005 La Cienega Blvd, West Hollywood, CA 90069",West Hollywood,CA,90069,US,34.0899455,-118.37649,+13106525797,http://www.altacienega.com,motel,40.8,settled-1.1-facts,2026-10-04,7,overture-places@2026-09-23.1,cdla-permissive-2.0
ov:5f493d3a-420f-4ebb-b314-a0ab541d9ff9,La Quinta Inn & Suites,https://journeyed.org/hotel/la-quinta-inn-and-suites-la-palma-5f493d/,"3 Centerpointe Dr, La Palma, CA 90623",La Palma,CA,90623,US,33.8604156,-118.0314265,+17146701400,http://www.laquintaorangecountybuenapark.com/?cid=local_919,hotel,39.5,settled-1.1-facts,2026-10-04,2,overture-places@2026-09-23.1,cdla-permissive-2.0
ov:5f944497-cb65-4ceb-9bb6-faa836e1ce40,Cambria Hotel Los Angeles Downtown,https://journeyed.org/hotel/cambria-hotel-los-angeles-downtown-los-angeles-5f9444/,"419 S Spring St, Los Angeles, CA 90013",Los Angeles,CA,90013,US,34.048617,-118.248984,+18582774305,https://www.choicehotels.com/california/los-angeles/cambria-hotels/cac39,resort,41.1,settled-1.1-facts,2026-10-04,12,overture-places@2026-09-23.1,cdla-permissive-2.0
ov:5f958c14-bb90-4972-90d4-1e6f6ef3d08a,Lemon Tree Hotel and suites,https://journeyed.org/hotel/lemon-tree-hotel-and-suites-anaheim-5f958c/,"1600 E Lincoln Ave, Anaheim, CA 92805",Anaheim,CA,92805,US,33.8396705,-117.8949739,+17147720200,http://www.lemontreehotelanaheim.com/,hotel,62.3,settled-1.1-facts,2026-10-04,46,overture-places@2026-09-23.1,cdla-permissive-2.0
ov:5f96b311-f169-4edc-a790-da897e3540e1,King Palace Inn,https://journeyed.org/hotel/king-palace-inn-los-angeles-5f96b3/,"9714 S Figueroa St, Los Angeles, CA 90003-3931",Los Angeles,CA,90003-3931,US,33.94768,-118.28243,+13237797661,https://king-palace-inn.business.site,motel,36.6,settled-1.1-facts,2026-10-04,0,overture-places@2026-09-23.1,cdla-permissive-2.0
ov:5f9988b8-009f-48c3-aa1c-5c1ce5bbed70,Kellogg West Conference Center And Hotel,https://journeyed.org/hotel/kellogg-west-conference-center-and-hotel-pomona-5f9988/,"3801 W Temple Ave  Bldg 76, Pomona, CA 91768-2557",Pomona,CA,91768-2557,US,34.0570496,-117.8201041,+19098692222,https://www.kelloggwest.com,hotel,50.2,settled-1.1-facts,2026-10-04,5,overture-places@2026-09-23.1,cdla-permissive-2.0
ov:5fbe5a12-6d3e-46a7-94cf-24da32669d7a,Staybridge Suites Long Beach Airport by IHG,https://journeyed.org/hotel/staybridge-suites-long-beach-airport-by-ihg-long-beach-5fbe5a/,"2680 N Lakewood Blvd, Long Beach, CA 90815",Long Beach,CA,90815,US,33.8045232,-118.1419086,+15625889600,https://www.ihg.com/staybridge/hotels/fr/fr/long-beach/laxik/hoteldetail,hotel,39.8,settled-1.1-facts,2026-10-04,1,overture-places@2026-09-23.1,cdla-permissive-2.0
ov:5fcbb983-f3e2-43a3-ba12-eb176064727f,Best Value Motel,https://journeyed.org/hotel/best-value-motel-norwalk-5fcbb9/,"11907 Firestone Blvd, Norwalk, CA 90650",Norwalk,CA,90650,US,33.9115809,-118.0792584,+15629915900,http://www.americasbestvalueinn.com/bestv.cfm?idp=1338&rcode=gpl,motel,40.9,settled-1.1-facts,2026-10-04,1,overture-places@2026-09-23.1,cdla-permissive-2.0
ov:5ff13efe-c7dd-443b-ba62-e9004ccbff1c,Oakwood Thousand Oaks,https://journeyed.org/hotel/oakwood-thousand-oaks-thousand-oaks-5ff13e/,"351 Hodencamp Rd, Thousand Oaks, CA 91360",Thousand Oaks,CA,91360,US,34.1827785,-118.8695199,+18002596914,http://www.oakwood.com,hotel,38.5,settled-1.1-facts,2026-10-04,0,overture-places@2026-09-23.1,cdla-permissive-2.0
ov:600317f9-e2c5-499b-9641-632d51389878,"The Hollywood Grande, Autograph Collection",https://journeyed.org/hotel/the-hollywood-grande-autograph-collection-los-angeles-600317/,"1541 Wilcox Ave, Los Angeles, CA 90028",Los Angeles,CA,90028,US,34.0988879,-118.3314282,+13239551541,http://www.thehollywoodgrande.com/,hotel,50.7,settled-1.1-facts,2026-10-04,45,overture-places@2026-09-23.1,cdla-permissive-2.0
ov:60052470-32d5-47fa-ab19-778818b1c0a9,Holiday Motel and Suites,https://journeyed.org/hotel/holiday-motel-and-suites-santa-monica-600524/,"1102 Pico Blvd, Santa Monica, CA 90405",Santa Monica,CA,90405,US,34.0140685,-118.479228,+13104509666,http://holidaymotelmorganhill.com,motel,40.3,settled-1.1-facts,2026-10-04,7,overture-places@2026-09-23.1,cdla-permissive-2.0
ov:6022d4a4-a2db-4580-b80f-ce897c07949e,Hometown Inn North Hills Los Angeles,https://journeyed.org/hotel/hometown-inn-north-hills-los-angeles-los-angeles-6022d4/,"9401 S Sepulveda Blvd, Los Angeles, CA 90045-4838",Los Angeles,CA,90045-4838,US,33.9506374,-118.3964649,+18006662691,,hotel,28.8,settled-1.1-facts,2026-10-04,5,overture-places@2026-09-23.1,cdla-permissive-2.0
ov:602da774-2fa2-4a9b-b8ba-d1e501874ad0,Encore Motel,https://journeyed.org/hotel/encore-motel-culver-city-602da7/,"13432 Washington Blvd, Culver City, CA 90292",Culver City,CA,90292,US,33.991324,-118.4457928,+13108235066,http://www.encore-motel.com,motel,40,settled-1.1-facts,2026-10-04,9,overture-places@2026-09-23.1,cdla-permissive-2.0
ov:60575252-ffe5-4d83-90bf-ca6673dd3a40,California Hotel 1140,https://journeyed.org/hotel/california-hotel-1140-los-angeles-605752/,"3345 Wilshire Blvd, Los Angeles, CA 90010-1810",Los Angeles,CA,90010-1810,US,34.061981,-118.296244,+12134800809,,hotel,29,settled-1.1-facts,2026-10-04,3,overture-places@2026-09-23.1,cdla-permissive-2.0
ov:60757a6a-d261-4fe4-815f-a94fa01cf9b4,Venice V Hotel,https://journeyed.org/hotel/venice-v-hotel-los-angeles-60757a/,"5 Westminster Ave, Los Angeles, CA 90291",Los Angeles,CA,90291,US,33.9886654,-118.4748506,+13109126488,https://www.venicevhotel.com/,hotel,40.5,settled-1.1-facts,2026-10-04,11,overture-places@2026-09-23.1,cdla-permissive-2.0
ov:60762693-00b8-4417-88b8-ca2da5752069,The Hotel At The Los Angeles Athletic Club,https://journeyed.org/hotel/the-hotel-at-the-los-angeles-athletic-club-los-angeles-607626/,"431 W 7th St, Los Angeles, CA 90014-1601",Los Angeles,CA,90014-1601,US,34.046637,-118.254798,,,lodging,19.6,settled-1.1-facts,2026-10-04,15,overture-places@2026-09-23.1,cdla-permissive-2.0
ov:6078547a-0ffe-4281-9d6d-79d8c8d1eeb8,LA Kingsley House,https://journeyed.org/hotel/la-kingsley-house-los-angeles-607854/,"1165 S Tremaine Ave, Los Angeles, CA 90019",Los Angeles,CA,90019,US,34.0537839,-118.3388686,+12139992678,http://Cafe.naver.com/lakingsley,bed_and_breakfast,40.8,settled-1.1-facts,2026-10-04,4,overture-places@2026-09-23.1,cdla-permissive-2.0
ov:60859dea-b05b-42c0-87b7-c387697b2358,The Snooty Fox Motor Inn,https://journeyed.org/hotel/the-snooty-fox-motor-inn-los-angeles-60859d/,"4120 S Western Ave, Los Angeles, CA 90062",Los Angeles,CA,90062,US,34.0092301,-118.3087024,+13232940083,http://snootyfoxmotorinn.com,motel,39.6,settled-1.1-facts,2026-10-04,3,overture-places@2026-09-23.1,cdla-permissive-2.0
ov:609b9ac0-bdc0-4f08-9341-cce9531e3b66,Courtyard By Marriott,https://journeyed.org/hotel/courtyard-by-marriott-los-angeles-609b9a/,"901 West Olympic Boulevard, Los Angeles, CA 90015",Los Angeles,CA,90015,US,34.0458554,-118.2659867,+12134439200,https://www.marriott.com/hotels/travel/laxld-courtyard-los-angeles-la-live/?y_source=1_Mjg2OTIyMC00NDAtbG9jYXRpb24ud2Vic2l0ZQ==,hotel,41.2,settled-1.1-facts,2026-10-04,16,overture-places@2026-09-23.1,cdla-permissive-2.0
ov:60e3b4c4-2c77-4d7e-8e1a-e556615f9fc1,Global Luxury Suites at Figueroa Street,https://journeyed.org/hotel/global-luxury-suites-at-figueroa-street-los-angeles-60e3b4/,"900 S Figueroa St, Los Angeles, CA 90015-1698",Los Angeles,CA,90015-1698,US,34.04604,-118.26272,+18554100065,http://www.globalluxurysuites.com/accommodation/california/los-angeles-california/global-luxury-suites-at-figueroa-street,hotel,41,settled-1.1-facts,2026-10-04,16,overture-places@2026-09-23.1,cdla-permissive-2.0
ov:60ea7f83-f568-4cc5-9ece-b6dde6122668,Fenix Hotel Hollywood,https://journeyed.org/hotel/fenix-hotel-hollywood-los-angeles-60ea7f/,"7070 Franklin Ave Ste 100, Los Angeles, CA 90028",Los Angeles,CA,90028,US,34.1038662,-118.3446024,+12137998998,https://www.fenixhollywood.com/,resort,55.7,settled-1.1-facts,2026-10-04,59,overture-places@2026-09-23.1,cdla-permissive-2.0
ov:6100888a-25ce-4538-a198-2e6e166418e6,639 LaBrea,https://journeyed.org/hotel/639-labrea-los-angeles-610088/,"639 S La Brea Ave, Los Angeles, CA 90036-2486",Los Angeles,CA,90036-2486,US,34.06376,-118.34421,+13107739518,https://www.639labrea.com/,hotel,40.7,settled-1.1-facts,2026-10-04,4,overture-places@2026-09-23.1,cdla-permissive-2.0
ov:610a9d58-d3db-4049-8663-0f26d4054e00,Super 8,https://journeyed.org/hotel/super-8-los-angeles-610a9d/,"1536 N Western Ave, Los Angeles, CA 90027-5620",Los Angeles,CA,90027-5620,US,34.0991502,-118.3091048,+13234673131,https://www.wyndhamhotels.com/super-8/hollywood-california/super-8-hollywood-la-area/overview,hotel,39.9,settled-1.1-facts,2026-10-04,10,overture-places@2026-09-23.1,cdla-permissive-2.0
ov:6115aaea-3810-4cbf-8e05-b71da963c799,Motel 6 San Pedro- Ca ? Port Of Los Angeles,https://journeyed.org/hotel/motel-6-san-pedro-ca-port-of-los-angeles-san-pedro-6115aa/,"354 W 9th St, San Pedro, CA 90731",San Pedro,CA,90731,US,33.7360299,-118.2847079,+13109352772,,resort,29.2,settled-1.1-facts,2026-10-04,2,overture-places@2026-09-23.1,cdla-permissive-2.0
ov:6120b549-f806-45a0-8514-fbf5acf33fac,Hacienda Inn and Suites,https://journeyed.org/hotel/hacienda-inn-and-suites-la-puente-6120b5/,"1125 N Hacienda Blvd, La Puente, CA 91744",La Puente,CA,91744,US,34.0404867,-117.9499882,+16263338991,http://www.nbhakta2130825.wix.com/haciendainn,motel,39,settled-1.1-facts,2026-10-04,1,overture-places@2026-09-23.1,cdla-permissive-2.0
ov:61b2db9f-6e94-45ed-9068-ca3de6056499,Hotel Saddleback,https://journeyed.org/hotel/hotel-saddleback-norwalk-61b2db/,"12500 Firestone Blvd, Norwalk, CA 90650-4329",Norwalk,CA,90650-4329,US,33.9035575,-118.0658197,+15628680991,http://www.hotelsaddleback.com/,hotel,68.9,settled-1.1-facts,2026-10-04,54,overture-places@2026-09-23.1,cdla-permissive-2.0
ov:61b9ee8f-3b4a-4687-b07e-c96e9f8ac7d4,Monarch Bay Private Beach Club,https://journeyed.org/hotel/monarch-bay-private-beach-club-dana-point-61b9ee/,"1 Monarch Beach Resort, Dana Point, CA 92629-4085",Dana Point,CA,92629-4085,US,33.4825525,-117.7254321,+19492343330,http://www.monarchbayclub.com/,hotel,26.5,settled-1.1-facts,2026-10-04,0,overture-places@2026-09-23.1,cdla-permissive-2.0
ov:61c21392-a148-4d55-a509-4ce9f7542577,Comfort Inn,https://journeyed.org/hotel/comfort-inn-long-beach-61c213/,"1133 Atlantic Ave, Long Beach, CA 90813",Long Beach,CA,90813,US,33.781671,-118.18551,+15625908858,http://www.comfortinn.com,lodging,40.1,settled-1.1-facts,2026-10-04,2,overture-places@2026-09-23.1,cdla-permissive-2.0
ov:6208eaf3-01b7-455d-805d-52b114affc28,Bronco Motor Inn,https://journeyed.org/hotel/bronco-motor-inn-compton-6208ea/,"1011 S Atlantic Dr, Compton, CA 90221",Compton,CA,90221,US,33.887996,-118.1930148,+13106312348,https://bronco-motor-inn.hub.biz,motel,38.5,settled-1.1-facts,2026-10-04,1,overture-places@2026-09-23.1,cdla-permissive-2.0
ov:62208fe8-870f-4ae1-b2a1-e4f2d99177e9,Radisson Hotel at Los Angeles Airport,https://journeyed.org/hotel/radisson-hotel-at-los-angeles-airport-los-angeles-62208f/,"6225 W Century Blvd, Los Angeles, CA 90045-5311",Los Angeles,CA,90045-5311,US,33.9457068,-118.3948121,+13106709000,http://www.radisson.com,hotel,40.3,settled-1.1-facts,2026-10-04,5,overture-places@2026-09-23.1,cdla-permissive-2.0
ov:6252c205-5014-4bcd-9531-e6ff6105ff3c,Milenium Biltmore,https://journeyed.org/hotel/milenium-biltmore-los-angeles-6252c2/,"S Citrus Ave, Los Angeles, CA 90036",Los Angeles,CA,90036,US,34.06174,-118.33936,+12136121555,,hotel,24.2,settled-1.1-facts,2026-10-04,5,overture-places@2026-09-23.1,cdla-permissive-2.0
ov:6268aefd-abce-46f7-bbb3-cc8ea480d8d2,Parkside Inn,https://journeyed.org/hotel/parkside-inn-long-beach-6268ae/,"611 W Pacific Coast Hwy, Long Beach, CA 90806",Long Beach,CA,90806,US,33.7899922,-118.1997315,+15622181516,,inn,27.5,settled-1.1-facts,2026-10-04,2,overture-places@2026-09-23.1,cdla-permissive-2.0
ov:62b04604-0f0b-49da-a020-ce30f1ecd7f2,Residence Inn by Marriott at Anaheim Resort/Convention Center,https://journeyed.org/hotel/residence-inn-by-marriott-at-anaheim-resort-convention-center-anaheim-62b046/,"640 W Katella Ave, Anaheim, CA 92802",Anaheim,CA,92802,US,33.8027492,-117.9172093,+17147827500,https://www.marriott.com/hotels/travel/snaar-residence-inn-at-anaheim-resort-convention-center/?y_source=1_Mzg5MDM4Ny00NDAtbG9jYXRpb24ud2Vic2l0ZQ%3D%3D,hotel,41.1,settled-1.1-facts,2026-10-04,9,overture-places@2026-09-23.1,cdla-permissive-2.0
ov:62c7820d-f0e1-463f-9756-0f233602b05a,Extended Stay America - Orange County - Brea,https://journeyed.org/hotel/extended-stay-america-orange-county-brea-brea-62c782/,"3050 E Imperial Hwy, Brea, CA 92821-6717",Brea,CA,92821-6717,US,33.910426,-117.85626,+17145282500,https://www.extendedstayamerica.com,lodging,34,settled-1.1-facts,2026-10-04,0,overture-places@2026-09-23.1,cdla-permissive-2.0
ov:62f15179-1252-4524-ab91-d3869036a132,Comfort Inn,https://journeyed.org/hotel/comfort-inn-brea-62f151/,"101 W Imperial Hwy, Brea, CA 92821-7902",Brea,CA,92821-7902,US,33.91712,-117.90081,+17145292606,https://www.choicehotels.com/new-brunswick/edmundston/comfort-inn-hotels/cn240?mc=llrscncn&pmf=canada,hotel,36.1,settled-1.1-facts,2026-10-04,0,overture-places@2026-09-23.1,cdla-permissive-2.0
ov:62f27ac6-125a-4e4a-b779-f5fea5e30bce,Howard Johnson,https://journeyed.org/hotel/howard-johnson-torrance-62f27a/,"3673 Torrance Blvd, Torrance, CA 90503",Torrance,CA,90503,US,33.8380478,-118.3513751,+13103165570,https://www.wyndhamhotels.com/hojo/torrance-california/howard-johnson-torrance/overview,hotel,55.2,settled-1.1-facts,2026-10-04,24,overture-places@2026-09-23.1,cdla-permissive-2.0
ov:62f30032-b74b-419f-9c34-8b37eb89f516,Renaissance Los Angeles Airport Hotel,https://journeyed.org/hotel/renaissance-los-angeles-airport-hotel-los-angeles-62f300/,"9620 Airport Boulevard, Los Angeles, CA 90045",Los Angeles,CA,90045,US,33.9490674,-118.3853404,+13103372800,http://www.renhotels.com/,hotel,39.8,settled-1.1-facts,2026-10-04,8,overture-places@2026-09-23.1,cdla-permissive-2.0
ov:637a17d6-9d6c-4ce3-83e7-f1d581d9904d,Over The Strip,https://journeyed.org/hotel/over-the-strip-west-hollywood-637a17/,"9015 W Sunset Blvd, West Hollywood, CA 90069",West Hollywood,CA,90069,US,34.090857,-118.387935,,http://www.overthestrip.com/,hotel,29.9,settled-1.1-facts,2026-10-04,7,overture-places@2026-09-23.1,cdla-permissive-2.0
ov:638a42b0-e0be-4849-9c13-0711100709a4,Alexandria Hotel Spring Los Angeles Ca,https://journeyed.org/hotel/alexandria-hotel-spring-los-angeles-ca-mission-viejo-638a42/,"Mission Viejo, CA",Mission Viejo,CA,,US,33.6277844,-117.6781838,+19493593688,,hotel,22.9,settled-1.1-facts,2026-10-04,1,overture-places@2026-09-23.1,cdla-permissive-2.0
ov:6394874e-5724-414e-be2e-c8a2df14262a,"The Hoxton, Downtown LA",https://journeyed.org/hotel/the-hoxton-downtown-la-los-angeles-639487/,"1060 S Broadway, Los Angeles, CA 90015",Los Angeles,CA,90015,US,34.0397469,-118.2585383,+12137255900,https://thehoxton.com/fr/california/downtown-la/hotels,hotel,40.7,settled-1.1-facts,2026-10-04,17,overture-places@2026-09-23.1,cdla-permissive-2.0
ov:63a4f1a7-3a30-4e2f-bdd9-4553fc9d23cc,TownePlace Suites by Marriott Monrovia,https://journeyed.org/hotel/towneplace-suites-by-marriott-monrovia-monrovia-63a4f1/,"102 W Huntington Dr, Monrovia, CA 91016",Monrovia,CA,91016,US,34.1402161,-118.0010337,+16262563300,,hotel,29,settled-1.1-facts,2026-10-04,1,overture-places@2026-09-23.1,cdla-permissive-2.0
ov:63d54398-f38f-45d8-8ce4-492df5152953,Malibu Broad Beach House,https://journeyed.org/hotel/malibu-broad-beach-house-malibu-63d543/,"Sea Level Dr, Malibu, CA 90265",Malibu,CA,90265,US,34.0353681,-118.8564757,+13104302522,,hotel,12.7,settled-1.1-facts,2026-10-04,0,overture-places@2026-09-23.1,cdla-permissive-2.0
ov:641cc9ab-4879-4b90-9386-47e5230428ee,Motel 6,https://journeyed.org/hotel/motel-6-artesia-641cc9/,"16905 Pioneer Blvd, Artesia, CA 90701",Artesia,CA,90701,US,33.8771502,-118.0841695,+15623636251,http://www.motel6.com/,motel,38.6,settled-1.1-facts,2026-10-04,2,overture-places@2026-09-23.1,cdla-permissive-2.0
ov:64324afe-828b-4517-9f34-d55f1028a421,Sunshine Suites at The Piero,https://journeyed.org/hotel/sunshine-suites-at-the-piero-los-angeles-64324a/,"609 St Paul Ave Apt 608, Los Angeles, CA 90017",Los Angeles,CA,90017,US,34.05312,-118.260704,+18583566580,http://www.sunshineholidayresorts.com,hotel,40.7,settled-1.1-facts,2026-10-04,13,overture-places@2026-09-23.1,cdla-permissive-2.0
ov:6439fa92-9f47-4e7f-9678-32eb19ccdcfa,Whittier Travel Inn,https://journeyed.org/hotel/whittier-travel-inn-whittier-6439fa/,"11140 Whittier Blvd, Whittier, CA 90606",Whittier,CA,90606,US,33.9867215,-118.0597775,+15626927218,http://www.whittiertravelinn-ca.us,motel,63.2,settled-1.1-facts,2026-10-04,28,overture-places@2026-09-23.1,cdla-permissive-2.0
ov:643e05af-a7d8-4981-83b9-9b4b723efab6,Century Inn,https://journeyed.org/hotel/century-inn-inglewood-643e05/,"4849 W Century Blvd, Inglewood, CA 90304",Inglewood,CA,90304,US,33.9456484,-118.3632175,+13106777500,http://www.centuryinn.com,motel,40.1,settled-1.1-facts,2026-10-04,11,overture-places@2026-09-23.1,cdla-permissive-2.0
ov:64736504-0995-401a-8b8d-59bd71e7fb24,Hyatt Regency Irvine,https://journeyed.org/hotel/hyatt-regency-irvine-irvine-647365/,"17900 Jamboree Rd, Irvine, CA 92614",Irvine,CA,92614,US,33.6777675,-117.8403923,+19497511234,https://bookr.bio/hyattregencyirvine,hotel,39.1,settled-1.1-facts,2026-10-04,1,overture-places@2026-09-23.1,cdla-permissive-2.0
ov:647c0b0f-a560-4fd8-876e-a74fe98493c5,Kings Inn Anaheim at The Park & Convention Center,https://journeyed.org/hotel/kings-inn-anaheim-at-the-park-and-convention-center-anaheim-647c0b/,"415 W Katella Ave, Anaheim, CA 92802-3607",Anaheim,CA,92802-3607,US,33.8043734,-117.9129063,+17147786900,https://kingsinnanaheim.com/?utm_source=Facebook&utm_medium=Facebook&utm_campaign=Facebook,hotel,60.1,settled-1.1-facts,2026-10-04,77,overture-places@2026-09-23.1,cdla-permissive-2.0
ov:647ff894-1e1c-429d-9dce-a0f76a1d26a5,Sandpiper Motel,https://journeyed.org/hotel/sandpiper-motel-costa-mesa-647ff8/,"1967 Newport Blvd, Costa Mesa, CA 92627",Costa Mesa,CA,92627,US,33.6463499,-117.9149666,+19496459137,http://www.sandpipermotelcostamesa.us,motel,63.7,settled-1.1-facts,2026-10-04,21,overture-places@2026-09-23.1,cdla-permissive-2.0
ov:64875f89-aaa5-404a-8e2b-87f28fac169b,Travelodge by Wyndham Culver City,https://journeyed.org/hotel/travelodge-by-wyndham-culver-city-culver-city-64875f/,"11180 Washington Pl, Culver City, CA 90232",Culver City,CA,90232,US,34.00904,-118.413187,+13108535707,https://www.wyndhamhotels.com/en-ca/travelodge/culver-city-california/travelodge-culver-city/overview,motel,44.4,settled-1.1-facts,2026-10-04,19,overture-places@2026-09-23.1,cdla-permissive-2.0
ov:64ddc737-660c-430c-a659-5c9acbe2d0f5,Royal Inn,https://journeyed.org/hotel/royal-inn-los-angeles-64ddc7/,"4260 Vermont Ave, Los Angeles, CA 90037",Los Angeles,CA,90037,US,34.0060176,-118.2913874,+13234768250,,motel,28.9,settled-1.1-facts,2026-10-04,5,overture-places@2026-09-23.1,cdla-permissive-2.0
ov:64e21f05-0dd2-4327-9388-277e5b459a4a,Orbit Hotel,https://journeyed.org/hotel/orbit-hotel-los-angeles-64e21f/,"7950 Melrose Ave, Los Angeles, CA 90046-7117",Los Angeles,CA,90046-7117,US,34.0835176,-118.3629234,,https://www.hotelorbit.in,lodging,30.5,settled-1.1-facts,2026-10-04,8,overture-places@2026-09-23.1,cdla-permissive-2.0
ov:64f64b7f-7982-4294-aa36-11bcfd35cb28,Extended Stay America,https://journeyed.org/hotel/extended-stay-america-lake-forest-64f64b/,"20251 Lake Forest Dr, Lake Forest, CA 92630",Lake Forest,CA,92630,US,33.6679238,-117.6624608,+19495981898,https://www.extendedstayamerica.com/,hotel,38.5,settled-1.1-facts,2026-10-04,1,overture-places@2026-09-23.1,cdla-permissive-2.0
ov:65110b6f-3bb4-42bb-a885-ebb7211aa8bf,Best Host Inn,https://journeyed.org/hotel/best-host-inn-buena-park-65110b/,"8530 Beach Blvd, Buena Park, CA 90620-3956",Buena Park,CA,90620-3956,US,33.8391169,-117.9944918,+17148283592,http://www.besthostinnbuenapark.com/,hotel,40.8,settled-1.1-facts,2026-10-04,2,overture-places@2026-09-23.1,cdla-permissive-2.0
ov:65126f38-11f8-476b-bc8f-14ceef7cee9f,Marriott,https://journeyed.org/hotel/marriott-hawthorne-65126f/,"2301 W 120th St, Hawthorne, CA 90250-3319",Hawthorne,CA,90250-3319,US,33.924377,-118.320568,+13236004150,http://www.marriott.com/default.mi,hotel,40.7,settled-1.1-facts,2026-10-04,5,overture-places@2026-09-23.1,cdla-permissive-2.0
ov:6515fc2d-9e10-4cff-94d4-59d411fb4304,Sovereign Hotel,https://journeyed.org/hotel/sovereign-hotel-santa-monica-6515fc/,"205 Washington Ave, Santa Monica, CA 90403",Santa Monica,CA,90403,US,34.0207554,-118.5033226,+13104589879,http://en.wikipedia.org/wiki/index.html?curid=17469422,hotel,40.4,settled-1.1-facts,2026-10-04,4,overture-places@2026-09-23.1,cdla-permissive-2.0
ov:6542869b-51d7-4b85-ac64-caafedf28121,Topper Motel,https://journeyed.org/hotel/topper-motel-inglewood-654286/,"4331 W Century Blvd, Inglewood, CA 90304",Inglewood,CA,90304,US,33.9457128,-118.3514954,+13106710424,https://www.toppermotellax.com/,motel,40.7,settled-1.1-facts,2026-10-04,11,overture-places@2026-09-23.1,cdla-permissive-2.0
ov:65578402-f633-4d43-a813-a29fef373c31,Ayres Hotel Anaheim,https://journeyed.org/hotel/ayres-hotel-anaheim-anaheim-655784/,"2550 E Katella Ave, Anaheim, CA 92806",Anaheim,CA,92806,US,33.8056398,-117.8780466,+17146342106,http://ayreshotels.com/ayres-hotel-anaheim,hotel,41.2,settled-1.1-facts,2026-10-04,8,overture-places@2026-09-23.1,cdla-permissive-2.0
ov:6598b543-5732-4cd0-b046-d123f4acf38a,The Bungalow Huntington Beach,https://journeyed.org/hotel/the-bungalow-huntington-beach-huntington-beach-6598b5/,"21058 CA-1, Huntington Beach, CA 92648",Huntington Beach,CA,92648,US,33.6542091,-117.9966456,+17143740399,http://www.thebungalow.com/,hotel,40.8,settled-1.1-facts,2026-10-04,1,overture-places@2026-09-23.1,cdla-permissive-2.0
ov:65cf86d9-3e95-4971-9896-b612983a308c,Comfort Inn Hollywood Walk of Fame,https://journeyed.org/hotel/comfort-inn-hollywood-walk-of-fame-los-angeles-65cf86/,"7051 W Sunset Blvd, Los Angeles, CA 90028-7509",Los Angeles,CA,90028-7509,US,34.098383,-118.343201,+13234620905,https://www.choicehotels.com/comfort-inn,hotel,41,settled-1.1-facts,2026-10-04,15,overture-places@2026-09-23.1,cdla-permissive-2.0
ov:66123e3f-9aa2-4bc0-a082-cfe23ffab9e2,Anaheim Carriage Inn,https://journeyed.org/hotel/anaheim-carriage-inn-anaheim-66123e/,"2125 S Harbor Blvd, Anaheim, CA 92802-3515",Anaheim,CA,92802-3515,US,33.79506,-117.9154481,+17147401440,http://anaheimcarriagehotel.com/,hotel,79.6,settled-1.1-facts,2026-10-04,104,overture-places@2026-09-23.1,cdla-permissive-2.0
ov:6633d7ab-2c3c-4219-83a0-1872042016da,Poinsettia Gardens Apartment Motel,https://journeyed.org/hotel/poinsettia-gardens-apartment-motel-gardena-6633d7/,"13921 S Normandie Ave, Gardena, CA 90249-2613",Gardena,CA,90249-2613,US,33.904945,-118.300983,+13103245883,http://www6.mabrymanagement.com/?&kw=Home&term=Search%20Real%20Estate%20Inventory%20Management%20Software&term=Real%20Estate%20Loans&term=Contact%20Real%20Estate%20Agent&backfill=0&tdfs=1,hotel,39,settled-1.1-facts,2026-10-04,2,overture-places@2026-09-23.1,cdla-permissive-2.0
ov:6674cd2c-2092-48fa-a33f-4c3290e995f8,American Inn Motel,https://journeyed.org/hotel/american-inn-motel-south-el-monte-6674cd/,"9433 Garvey Ave, South El Monte, CA 91733-1013",South El Monte,CA,91733-1013,US,34.063132,-118.0641856,+16264428177,https://www.americaninnelmonte.com,motel,27.2,settled-1.1-facts,2026-10-04,1,overture-places@2026-09-23.1,cdla-permissive-2.0
ov:6681466c-ebdf-450d-89ed-f7dbdc86a94b,Sharyn's Place,https://journeyed.org/hotel/sharyns-place-altadena-668146/,"2137 Santa Anita Ave, Altadena, CA 91001",Altadena,CA,91001,US,34.1825364,-118.1426822,+16263905967,http://santaanitastudentliving.com/,bed_and_breakfast,38.4,settled-1.1-facts,2026-10-04,1,overture-places@2026-09-23.1,cdla-permissive-2.0
ov:66898980-672e-4602-b99f-baade3669c14,Best Western Plus Pavilions,https://journeyed.org/hotel/best-western-plus-pavilions-anaheim-668989/,"1176 W Katella Ave, Anaheim, CA 92802",Anaheim,CA,92802,US,33.8028182,-117.9274107,+17147760140,https://www.bestwestern.com/en_US/book/hotel-rooms.05002.html?iata=00171890&ssob=BLBWI0003G&cid=BLBWI0003G%3Ayext%3Awebsite%3A05002,hotel,40.9,settled-1.1-facts,2026-10-04,9,overture-places@2026-09-23.1,cdla-permissive-2.0
ov:6696018f-e9f9-48e8-9360-b1bacf5dc0e6,Sweet Dreams Bed & Breakfast,https://journeyed.org/hotel/sweet-dreams-bed-and-breakfast-sherman-oaks-669601/,"14829 Morrison St, Sherman Oaks, CA 91403",Sherman Oaks,CA,91403,US,34.1605398,-118.4562314,+18184480835,http://lasweetdreamsbnb.com,bed_and_breakfast,54.9,settled-1.1-facts,2026-10-04,24,overture-places@2026-09-23.1,cdla-permissive-2.0
ov:66bb2de5-21dc-4e60-8f63-3cb69f4e1c08,Valley Motel,https://journeyed.org/hotel/valley-motel-lancaster-66bb2d/,"42943 Sierra Hwy, Lancaster, CA 93534",Lancaster,CA,93534,US,34.6632249,-118.1320431,+16619487505,https://valleymotel.webs.com,motel,26.5,settled-1.1-facts,2026-10-04,0,overture-places@2026-09-23.1,cdla-permissive-2.0
ov:66cd56a8-b87d-4cdf-9e1d-507700d17694,Colonial Terrace Inn,https://journeyed.org/hotel/colonial-terrace-inn-sherman-oaks-66cd56/,"13440 Ventura Blvd  Ste 200, Sherman Oaks, CA 91423-6158",Sherman Oaks,CA,91423-6158,US,34.1469501,-118.4263618,+18584542188,https://thecolonialterrace.com,hotel,27.8,settled-1.1-facts,2026-10-04,2,overture-places@2026-09-23.1,cdla-permissive-2.0
ov:6701fb37-fc2e-4d22-969c-1cfdf82b6945,Olivia hotel,https://journeyed.org/hotel/olivia-hotel-beverly-hills-6701fb/,"234 S Gale Dr, Beverly Hills, CA 90211",Beverly Hills,CA,90211,US,34.0627011,-118.3737116,+13236003854,,hotel,28.4,settled-1.1-facts,2026-10-04,6,overture-places@2026-09-23.1,cdla-permissive-2.0
ov:6706795a-08f5-44fa-b193-eb741d6c07bd,"The Westin Bonaventure Hotel & Suites, Los Angeles",https://journeyed.org/hotel/the-westin-bonaventure-hotel-and-suites-los-angeles-los-angeles-670679/,"404 S Figueroa St, Los Angeles, CA 90071",Los Angeles,CA,90071,US,34.0527572,-118.2555807,+12136241000,https://www.marriott.com/en-us/hotels/laxbw-the-westin-bonaventure-hotel-and-suites-los-angeles/overview/?scid=d2406702-e8ea-4b45-bb9b-69cddaaef03d,hotel,41,settled-1.1-facts,2026-10-04,13,overture-places@2026-09-23.1,cdla-permissive-2.0
ov:672aa1e7-6479-478b-835d-c262fa9a6240,Capistrano Coast House,https://journeyed.org/hotel/capistrano-coast-house-capistrano-beach-672aa1/,"34862 Pacific Coast Hwy, Capistrano Beach, CALIFORNIA 92624",Capistrano Beach,CALIFORNIA,92624,US,33.456505,-117.66883,+19495459283,https://capistranocoasthouse.com,hotel,34.2,settled-1.1-facts,2026-10-04,0,overture-places@2026-09-23.1,cdla-permissive-2.0
ov:672c4e0a-47ae-4b7b-89d8-910503768f74,Crystalaire Lodges,https://journeyed.org/hotel/crystalaire-lodges-llano-672c4e/,"31821 Crystalaire Dr, Llano, CA 93544",Llano,CA,93544,US,34.470471,-117.84421,+16619441234,http://www.crystalairecc.com,motel,26.5,settled-1.1-facts,2026-10-04,0,overture-places@2026-09-23.1,cdla-permissive-2.0
ov:67415ab8-8ec7-461d-998a-3071d1fa7e7e,Extended Stay America - Los Angeles - Long Beach Airport,https://journeyed.org/hotel/extended-stay-america-los-angeles-long-beach-airport-long-beach-67415a/,"4105 E Willow St, Long Beach, CA 90815-1740",Long Beach,CA,90815-1740,US,33.8044032,-118.1461973,+15629894601,https://www.extendedstayamerica.com,lodging,40,settled-1.1-facts,2026-10-04,1,overture-places@2026-09-23.1,cdla-permissive-2.0
ov:674ba4eb-18e2-4e6d-aa79-22e4f8d9b723,Ambassador Hotel,https://journeyed.org/hotel/ambassador-hotel-los-angeles-674ba4/,"817 N Fries Ave, Los Angeles, CA 90744",Los Angeles,CA,90744,US,33.7803833,-118.2650575,+13109385888,http://www.theambassadorhotel.com,hotel,37.7,settled-1.1-facts,2026-10-04,1,overture-places@2026-09-23.1,cdla-permissive-2.0
ov:677ae0ea-b39f-4218-95ea-3a9934805cdc,Stargate Resort,https://journeyed.org/hotel/stargate-resort-malibu-677ae0/,"333 Moonrise Dr, Malibu, CA 90265",Malibu,CA,90265,US,34.076313,-118.6496761,+13106166771,http://Stargateresort.com/,holiday_rental_home,36.8,settled-1.1-facts,2026-10-04,0,overture-places@2026-09-23.1,cdla-permissive-2.0
ov:6792b6eb-faa5-46a8-8b41-d1c090c24c7f,American Inn Downey,https://journeyed.org/hotel/american-inn-downey-downey-6792b6/,"12644 Lakewood Blvd, Downey, CA 90242",Downey,CA,90242,US,33.9160908,-118.1381077,+15628617278,http://www.americaninndowney.com/,hotel,63.1,settled-1.1-facts,2026-10-04,33,overture-places@2026-09-23.1,cdla-permissive-2.0
ov:67af3a40-c55a-49ec-b276-5f23baf43d77,Comfort Inn Cockatoo,https://journeyed.org/hotel/comfort-inn-cockatoo-hawthorne-67af3a/,"11500 Acacia Ave, Hawthorne, CA 90250",Hawthorne,CA,90250,US,33.9298271,-118.3510898,+13109733335,https://www.choicehotels.com/california/hawthorne/comfort-inn-hotels/caa01?pmf=yext&mc=llyxyxpx,hotel,39.8,settled-1.1-facts,2026-10-04,9,overture-places@2026-09-23.1,cdla-permissive-2.0
ov:67c21367-f0d0-410d-bbc5-8f0d93c7b328,Driftwood Motel,https://journeyed.org/hotel/driftwood-motel-south-gate-67c213/,"10245 Atlantic Ave, South Gate, CA 90280",South Gate,CA,90280,US,33.9379705,-118.1823081,,,motel,15.6,settled-1.1-facts,2026-10-04,0,overture-places@2026-09-23.1,cdla-permissive-2.0
ov:67e7a489-3c4c-4b38-98b8-8635647de420,Mosaic Hotel,https://journeyed.org/hotel/mosaic-hotel-beverly-hills-67e7a4/,"125 S Spalding Dr, Beverly Hills, CA 90212",Beverly Hills,CA,90212,US,34.0661056,-118.4090324,+13102780303,http://www.mosaichotel.com/,hotel,69.9,settled-1.1-facts,2026-10-04,58,overture-places@2026-09-23.1,cdla-permissive-2.0
ov:67f81e8c-c898-45ed-b371-972bb270696e,Argonne Motel,https://journeyed.org/hotel/argonne-motel-long-beach-67f81e/,"1032 E 7th St, Long Beach, CA 90813",Long Beach,CA,90813,US,33.7751707,-118.1794174,+15624374063,,motel,28.6,settled-1.1-facts,2026-10-04,2,overture-places@2026-09-23.1,cdla-permissive-2.0
ov:684403f5-6184-4136-b48c-8301232a0cbb,Super 8 by Wyndham Los Angeles/Alhambra,https://journeyed.org/hotel/super-8-by-wyndham-los-angeles-alhambra-los-angeles-684403/,"5350 Huntington Dr S, Los Angeles, CA 90032",Los Angeles,CA,90032,US,34.089969,-118.164919,+13232252310,https://www.wyndhamhotels.com/super-8/los-angeles-california/super-8-los-angeles-alhambra/overview?CID=LC:SE::BING:RIO:National:11839&iata=00093796,hotel,38.2,settled-1.1-facts,2026-10-04,0,overture-places@2026-09-23.1,cdla-permissive-2.0
ov:688a5445-cbe8-4363-91d4-0ee73db344f5,The Tides Laguna Beach,https://journeyed.org/hotel/the-tides-laguna-beach-laguna-beach-688a54/,"460 N Coast Hwy, Laguna Beach, CA 92651",Laguna Beach,CA,92651,US,33.5450728,-117.7912919,+19494942494,http://www.tideslaguna.com/,motel,29.8,settled-1.1-facts,2026-10-04,0,overture-places@2026-09-23.1,cdla-permissive-2.0
ov:68b3ee2f-6110-4c89-9b7b-9db2fa669e96,Santa Monica Hotel,https://journeyed.org/hotel/santa-monica-hotel-santa-monica-68b3ee/,"2102 Lincoln Blvd, Santa Monica, CA 90405",Santa Monica,CA,90405,US,34.0107125,-118.4815914,+13103926806,https://www.santamonicahotel.com/?utm_source=facebook&utm_medium=organic&utm_campaign=facebook_listing,hotel,69.4,settled-1.1-facts,2026-10-04,46,overture-places@2026-09-23.1,cdla-permissive-2.0
ov:68b48cb9-2019-4c93-9095-884a3669603c,Big A Motel,https://journeyed.org/hotel/big-a-motel-orange-68b48c/,"1250 N Glassell St, Orange, CA 92867",Orange,CA,92867,US,33.8084113,-117.8534463,+17146334478,http://bigamotel.com/,motel,54.1,settled-1.1-facts,2026-10-04,28,overture-places@2026-09-23.1,cdla-permissive-2.0
ov:68b88a99-0870-439f-8fe7-d19b9ea0960d,Sepulveda Inn Motel,https://journeyed.org/hotel/sepulveda-inn-motel-los-angeles-68b88a/,"8931 Sepulveda Blvd, Los Angeles, CA 91343",Los Angeles,CA,91343,US,34.2328051,-118.4686721,+18188926432,http://www.sepulveda.com,motel,36.4,settled-1.1-facts,2026-10-04,0,overture-places@2026-09-23.1,cdla-permissive-2.0
ov:68ba28bb-3adf-4ba2-ab55-12498c5fa343,Holiday Inn Express Anaheim West,https://journeyed.org/hotel/holiday-inn-express-anaheim-west-anaheim-68ba28/,"727 S Beach Blvd, Anaheim, CA 92804",Anaheim,CA,92804,US,33.8211987,-117.9935622,+16572561119,https://www.ihg.com/holidayinnexpress/hotels/us/en/anaheim/laxan/hoteldetail?cm_mmc=FacebookMaps-_-EX-_-US-_-LAXAN,hotel,39.1,settled-1.1-facts,2026-10-04,1,overture-places@2026-09-23.1,cdla-permissive-2.0
ov:68d9f18c-e979-44e0-bbfa-acbf4312d195,4 Star Motel,https://journeyed.org/hotel/4-star-motel-los-angeles-68d9f1/,"7400 S Figueroa St, Los Angeles, CA 90003",Los Angeles,CA,90003,US,33.9725987,-118.2823369,+13237896850,http://eventseeker.com,motel,37.2,settled-1.1-facts,2026-10-04,2,overture-places@2026-09-23.1,cdla-permissive-2.0
ov:692265a9-c334-455f-8180-0072c93e36bf,La Mirage Inn - Long Beach,https://journeyed.org/hotel/la-mirage-inn-long-beach-long-beach-692265/,"701 W Pacific Coast Hwy, Long Beach, CA 90806",Long Beach,CA,90806,US,33.7900702,-118.2008355,+15625995580,https://www.lamirageinnlongbeach.com,hotel,53.7,settled-1.1-facts,2026-10-04,36,overture-places@2026-09-23.1,cdla-permissive-2.0
ov:69335b38-e976-494e-8294-55184e1e93a7,Brentwood Inn,https://journeyed.org/hotel/brentwood-inn-los-angeles-69335b/,"12200 W Sunset Blvd, Los Angeles, CA 90049-4014",Los Angeles,CA,90049-4014,US,34.058127,-118.478442,+13104000080,http://www.thebrentwood.com,motel,40.7,settled-1.1-facts,2026-10-04,3,overture-places@2026-09-23.1,cdla-permissive-2.0
ov:693eb67e-7c31-4b6e-909b-b8a86ed2cda3,Manhattan Beach Buddha House,https://journeyed.org/hotel/manhattan-beach-buddha-house-manhattan-beach-693eb6/,"405 15th St, Manhattan Beach, CA 90266-4606",Manhattan Beach,CA,90266-4606,US,33.888047,-118.410131,+13108025100,https://www.ci.manhattan-beach.ca.us,hotel,29.3,settled-1.1-facts,2026-10-04,6,overture-places@2026-09-23.1,cdla-permissive-2.0
ov:69514237-f58b-493d-b07a-7d36753aa6c3,The Stradella Court Mansion,https://journeyed.org/hotel/the-stradella-court-mansion-los-angeles-695142/,"Los Angeles, CA",Los Angeles,CA,,US,34.0937592,-118.4551086,+13105009960,http://stradella-court-mansion.los-angeles-metropolitan-area.com/en,hotel,34.2,settled-1.1-facts,2026-10-04,3,overture-places@2026-09-23.1,cdla-permissive-2.0
ov:6967fff6-687a-4c38-b01a-92ca27b122a3,Boutique 444,https://journeyed.org/hotel/boutique-444-los-angeles-6967ff/,"500 Venice Blvd, Los Angeles, CA 90291-4274",Los Angeles,CA,90291-4274,US,33.9860849,-118.4682901,+13109401500,http://www.boutique444.com,hotel,40.8,settled-1.1-facts,2026-10-04,10,overture-places@2026-09-23.1,cdla-permissive-2.0
ov:6969f8b5-73b5-4386-bbd2-c911fa8d455a,AC Hotels,https://journeyed.org/hotel/ac-hotels-el-segundo-6969f8/,"2130 East Maple Avenue, El Segundo, CA 90245",El Segundo,CA,90245,US,33.9265985,-118.3863853,+13103223333,https://www.marriott.com/en-us/hotels/laxae-ac-hotel-los-angeles-south-bay/overview/?scid=d2406702-e8ea-4b45-bb9b-69cddaaef03d,hotel,39,settled-1.1-facts,2026-10-04,5,overture-places@2026-09-23.1,cdla-permissive-2.0
ov:698ac14a-6dfc-486a-96ac-ec4b553b456a,Howard Johnson by Wyndham Buena Park,https://journeyed.org/hotel/howard-johnson-by-wyndham-buena-park-buena-park-698ac1/,"7039 Orangethorpe Ave, Buena Park, CA 90621",Buena Park,CA,90621,US,33.8594715,-118.0086656,+17148809873,https://www.wyndhamhotels.com/hojo/buena-park-california/howard-johnson-buena-park/overview?CID=LC:HJ::BING:RIO:National:09404&iata=00093796,resort,39.9,settled-1.1-facts,2026-10-04,2,overture-places@2026-09-23.1,cdla-permissive-2.0
ov:699f0370-2da7-4b89-bd8e-6a6379f9366d,Laguna Beach Inn,https://journeyed.org/hotel/laguna-beach-inn-laguna-beach-699f03/,"2020 S Coast Hwy, Laguna Beach, CA 92651-3650",Laguna Beach,CA,92651-3650,US,33.527398,-117.769116,+19494945450,https://thelagunabeachinn.com,hotel,28.6,settled-1.1-facts,2026-10-04,0,overture-places@2026-09-23.1,cdla-permissive-2.0
ov:69a2115f-e6ff-4b82-b1bd-fd6a79da21d9,Robin Hood Motel,https://journeyed.org/hotel/robin-hood-motel-anaheim-69a211/,"913 S Beach Blvd, Anaheim, CA 92804",Anaheim,CA,92804,US,33.8185194,-117.9939978,+17145275153,https://robin-hood-motel-ca.hub.biz/,motel,38.8,settled-1.1-facts,2026-10-04,1,overture-places@2026-09-23.1,cdla-permissive-2.0
ov:69e00535-e10f-4a07-8345-c46194359edb,PodShare Los Feliz,https://journeyed.org/hotel/podshare-los-feliz-los-angeles-69e005/,"4534 Fountain Ave, Los Angeles, CA 90029",Los Angeles,CA,90029,US,34.0956112,-118.2877125,+12139737741,http://www.podshare.co,hostel,40.2,settled-1.1-facts,2026-10-04,4,overture-places@2026-09-23.1,cdla-permissive-2.0
ov:69fabb6a-ce19-47d8-a0ba-728fd664c784,The Excelsior Hotel,https://journeyed.org/hotel/the-excelsior-hotel-artesia-69fabb/,"16905 Pioneer Blvd, Artesia, CA 90701",Artesia,CA,90701,US,33.8772893,-118.0835379,+15624022202,https://www.wyndhamhotels.com/travelodge/artesia-california/travelodge-artesia/overview?CID=LC:TL::BING:RIO:National:54578&iata=00093796,hotel,38.6,settled-1.1-facts,2026-10-04,2,overture-places@2026-09-23.1,cdla-permissive-2.0
ov:6a0a42d8-5bfc-4b03-85bd-bc85faea958a,Mama Apartment Hotel,https://journeyed.org/hotel/mama-apartment-hotel-los-angeles-6a0a42/,"354 Normandie Ave, Los Angeles, CA 90020",Los Angeles,CA,90020,US,34.0674115,-118.3002532,+12132735167,http://www.mamabnbhotel.com,service_apartment,40.7,settled-1.1-facts,2026-10-04,3,overture-places@2026-09-23.1,cdla-permissive-2.0
ov:6a0bc931-8817-4097-8c85-d47e62cd9a82,Oxnard Inn Lancaster,https://journeyed.org/hotel/oxnard-inn-lancaster-lancaster-6a0bc9/,"1651 W Ave K, Lancaster, CA 93534",Lancaster,CA,93534,US,34.676205,-118.160496,,https://www.choicehotels.com/california/lancaster/comfort-inn-hotels,hotel,16.5,settled-1.1-facts,2026-10-04,0,overture-places@2026-09-23.1,cdla-permissive-2.0
ov:6a178524-ba35-4bfc-b14d-ad250a11c012,Main Motel,https://journeyed.org/hotel/main-motel-los-angeles-6a1785/,"7018 Main St, Los Angeles, CA 90003",Los Angeles,CA,90003,US,33.9755871,-118.2736534,+13239710374,,motel,25.7,settled-1.1-facts,2026-10-04,2,overture-places@2026-09-23.1,cdla-permissive-2.0
ov:6a298869-1df0-4eeb-9a45-803a9e89899e,Weingart House-Good Samaritan,https://journeyed.org/hotel/weingart-house-good-samaritan-los-angeles-6a2988/,"1254 W 6th St, Los Angeles, CA 90017-1802",Los Angeles,CA,90017-1802,US,34.055187,-118.265553,+12139772990,http://www.goodsam.org,hotel,40.2,settled-1.1-facts,2026-10-04,13,overture-places@2026-09-23.1,cdla-permissive-2.0
ov:6a642ebf-1f7a-4bdb-b719-c7f292d9ffc7,Melody Motel,https://journeyed.org/hotel/melody-motel-los-angeles-6a642e/,"5062 W Washington Blvd, Los Angeles, CA 90016",Los Angeles,CA,90016,US,34.0406901,-118.35025,+13239344575,http://melodymotorlodge.com,motel,39.8,settled-1.1-facts,2026-10-04,2,overture-places@2026-09-23.1,cdla-permissive-2.0
ov:6a88341c-3806-4f62-af85-5fe06fcc8914,Vagabond Inn - Los Angeles At Usc,https://journeyed.org/hotel/vagabond-inn-los-angeles-at-usc-los-angeles-6a8834/,"3101 S Figueroa St, Los Angeles, CA 90007-3737",Los Angeles,CA,90007-3737,US,34.024398,-118.279625,+12137461531,http://www.vagabondinn.com,hotel,40.9,settled-1.1-facts,2026-10-04,8,overture-places@2026-09-23.1,cdla-permissive-2.0
ov:6ad90b50-5338-4e44-9b3e-579999583946,Pacific Palms Resort,https://journeyed.org/hotel/pacific-palms-resort-city-of-industry-6ad90b/,"1 Industry Hills Pkwy, City of Industry, CA 91744",City of Industry,CA,91744,US,34.0206462,-117.9270115,+16268104455,https://pacificpalmsresort.com/?utm_source=local&utm_medium=organic&utm_campaign=website_link,resort,82.4,settled-1.1-facts,2026-10-04,23,overture-places@2026-09-23.1,cdla-permissive-2.0
ov:6b36851a-3219-4b83-8174-47b3cb5f2cc7,Radisson Hotel Newport Beach,https://journeyed.org/hotel/radisson-hotel-newport-beach-newport-beach-6b3685/,"4545 Macarthur Blvd, Newport Beach, CA 92660",Newport Beach,CA,92660,US,33.6680188,-117.8645398,+19498330570,,resort,29,settled-1.1-facts,2026-10-04,1,overture-places@2026-09-23.1,cdla-permissive-2.0
ov:6b60b875-19df-4107-8c2f-9f1ec3697d5a,TownePlace Suites,https://journeyed.org/hotel/towneplace-suites-lake-forest-6b60b8/,"23150 Lake Center Drive, Lake Forest, CA 92630",Lake Forest,CA,92630,US,33.6265412,-117.7162808,+19494610470,https://www.marriott.com/en-us/hotels/snatl-towneplace-suites-irvine-lake-forest/overview/?scid=d2406702-e8ea-4b45-bb9b-69cddaaef03d,lodging,38.1,settled-1.1-facts,2026-10-04,0,overture-places@2026-09-23.1,cdla-permissive-2.0
ov:6b74608f-f892-4e0e-ad6e-21e25d02811c,Hilton Los Angeles Culver City,https://journeyed.org/hotel/hilton-los-angeles-culver-city-culver-city-6b7460/,"6161 West Centinela Avenue, Culver City, CA 90230",Culver City,CA,90230,US,33.9826814,-118.3964934,+13106491776,https://www.hilton.com/en/hotels/laxwehh-hilton-los-angeles-culver-city/?SEO_id=BING-AMER-HH-LAXWEHH&y_source=1_MTkwNTY0NDktNDgzLWxvY2F0aW9uLndlYnNpdGU%3D,resort,39.5,settled-1.1-facts,2026-10-04,6,overture-places@2026-09-23.1,cdla-permissive-2.0
ov:6b7afbc7-a729-47e8-99df-ef125b19afe5,Hotel Rudra,https://journeyed.org/hotel/hotel-rudra-los-angeles-6b7afb/,"6772 Hawthorn Ave, Los Angeles, CA 90028",Los Angeles,CA,90028,US,34.1003446,-118.3378018,+13234991042,https://hotelrudrahollywood.com,hotel,46,settled-1.1-facts,2026-10-04,27,overture-places@2026-09-23.1,cdla-permissive-2.0
ov:6b7d359d-d7d7-4a22-bfbe-15417627c8f8,Hollywood Dream Suites,https://journeyed.org/hotel/hollywood-dream-suites-los-angeles-6b7d35/,"830 N Van Ness Ave, Los Angeles, CA 90038-3137",Los Angeles,CA,90038-3137,US,34.086306,-118.315455,+13234688062,http://www.hollywooddreamworld.com,hotel,39.6,settled-1.1-facts,2026-10-04,9,overture-places@2026-09-23.1,cdla-permissive-2.0
ov:6b95e20b-23d4-4665-9c1f-6eeaae1a701d,Hotels Mag,https://journeyed.org/hotel/hotels-mag-irvine-6b95e2/,"2151 Michelson Dr, Irvine, CA 92612-1330",Irvine,CA,92612-1330,US,33.677594,-117.856921,+19498612417,https://hotelsmag.com,hotel,28.8,settled-1.1-facts,2026-10-04,1,overture-places@2026-09-23.1,cdla-permissive-2.0
ov:6bd3bcc9-d9d4-468a-9ea5-3ea0fb6c024a,The Rose Hotel,https://journeyed.org/hotel/the-rose-hotel-venice-6bd3bc/,"15 Rose Ave, Venice, CA 90291-2411",Venice,CA,90291-2411,US,33.995102,-118.480076,+13104503474,http://therosehotelvenice.com,hotel,40.3,settled-1.1-facts,2026-10-04,8,overture-places@2026-09-23.1,cdla-permissive-2.0
ov:6bfa490e-8ff2-4ed2-892e-32a5942fc627,The Beachfront Inn and Suites at Dana Point,https://journeyed.org/hotel/the-beachfront-inn-and-suites-at-dana-point-dana-point-6bfa49/,"34734 Coast Hwy, Dana Point, CA 92624",Dana Point,CA,92624,US,33.4578277,-117.6709742,+19492481316,http://www.beachfrontinnatdanapoint.com/,hotel,60.5,settled-1.1-facts,2026-10-04,0,overture-places@2026-09-23.1,cdla-permissive-2.0
ov:6c1b84b6-f44d-4f2e-975a-8647f39c9e60,Family Elite,https://journeyed.org/hotel/family-elite-beverly-hills-6c1b84/,"9903 Santa Monica Blvd PMB 860, Beverly Hills, CA 90212-1606",Beverly Hills,CA,90212-1606,US,34.0655709,-118.4117879,+13103838859,https://familyelite.com,guest_house,40.6,settled-1.1-facts,2026-10-04,5,overture-places@2026-09-23.1,cdla-permissive-2.0
ov:6c200af9-e68f-4a27-9c1d-340d55a042bb,Hill Top Motor Inn,https://journeyed.org/hotel/hill-top-motor-inn-los-angeles-6c200a/,"10601 S Western Ave, Los Angeles, CA 90047",Los Angeles,CA,90047,US,33.9397062,-118.3092785,+13232421166,,motel,27.2,settled-1.1-facts,2026-10-04,5,overture-places@2026-09-23.1,cdla-permissive-2.0
ov:6c2d3dcd-a81f-47ab-9de6-7ad49be79d53,Huntington Suites,https://journeyed.org/hotel/huntington-suites-huntington-beach-6c2d3d/,"7971 Yorktown Ave, Huntington Beach, CA 92648",Huntington Beach,CA,92648,US,33.6799987,-117.9895927,+17149690450,http://thehuntingtonsuites.com,hotel,38.5,settled-1.1-facts,2026-10-04,1,overture-places@2026-09-23.1,cdla-permissive-2.0
ov:6c3cf6b7-585e-4210-9b68-c9e6b1162e4b,Motel 6 Norwalk,https://journeyed.org/hotel/motel-6-norwalk-norwalk-6c3cf6/,"11734 Imperial Hwy., Norwalk, CA 90650",Norwalk,CA,90650,US,33.916691,-118.0827596,+15623636252,http://www.motel6.com/,motel,40.7,settled-1.1-facts,2026-10-04,1,overture-places@2026-09-23.1,cdla-permissive-2.0
ov:6c3ff767-6f24-4808-8cdd-42a3d578ad6e,Homewood Suites By Hilton Anaheim-main Gate Area,https://journeyed.org/hotel/homewood-suites-by-hilton-anaheim-main-gate-area-garden-grove-6c3ff7/,"12005 Harbor Blvd, Garden Grove, CA 92840-4001",Garden Grove,CA,92840-4001,US,33.788439,-117.918088,+17147401800,https://www.hilton.com,lodging,40.2,settled-1.1-facts,2026-10-04,9,overture-places@2026-09-23.1,cdla-permissive-2.0
ov:6c4fda05-ab51-4530-bc11-261a04637aef,Hotel Figueroa,https://journeyed.org/hotel/hotel-figueroa-los-angeles-6c4fda/,"939 S Figueroa St, Los Angeles, CA 90015",Los Angeles,CA,90015,US,34.0454678,-118.2638908,+12136278971,https://www.hotelfigueroa.com/,hotel,80,settled-1.1-facts,2026-10-04,103,overture-places@2026-09-23.1,cdla-permissive-2.0
ov:6c5fc05c-2b58-4fa6-92d6-1db16af3f513,Hollywood Inn Express LAX,https://journeyed.org/hotel/hollywood-inn-express-lax-inglewood-6c5fc0/,"4300 W Century Blvd, Inglewood, CA 90304",Inglewood,CA,90304,US,33.9453188,-118.3505283,+13104191011,http://www.hollywoodinnhotellax.com,motel,65,settled-1.1-facts,2026-10-04,44,overture-places@2026-09-23.1,cdla-permissive-2.0
ov:6c7b0f1b-0ebe-457f-b0fa-3d4ae69dea32,The London West Hollywood at Beverly Hills,https://journeyed.org/hotel/the-london-west-hollywood-at-beverly-hills-west-hollywood-6c7b0f/,"1020 N San Vicente Blvd, West Hollywood, CA 90069",West Hollywood,CA,90069,US,34.0899362,-118.3851862,+18444899660,https://linktr.ee/thelondonweho,hotel,40.1,settled-1.1-facts,2026-10-04,8,overture-places@2026-09-23.1,cdla-permissive-2.0
ov:6c87cf82-6a31-44cf-9677-f31bb0a82cd9,Anaheim Marriott Suites,https://journeyed.org/hotel/anaheim-marriott-suites-garden-grove-6c87cf/,"12015 Harbor Blvd, Garden Grove, CA 92840-4001",Garden Grove,CA,92840-4001,US,33.7878676,-117.91693,+17147501000,http://www.anaheimcamarriottsuites.com/,hotel,40.1,settled-1.1-facts,2026-10-04,9,overture-places@2026-09-23.1,cdla-permissive-2.0
ov:6c9c2c2c-655a-4f84-a038-5278f7747774,DoubleTree by Hilton Hotel Los Angeles - Norwalk,https://journeyed.org/hotel/doubletree-by-hilton-hotel-los-angeles-norwalk-norwalk-6c9c2c/,"13111 Sycamore Dr, Norwalk, CA 90650",Norwalk,CA,90650,US,33.9115969,-118.0706906,+15628635555,http://www.losangelesnorwalk.doubletree.com/,hotel,40.2,settled-1.1-facts,2026-10-04,1,overture-places@2026-09-23.1,cdla-permissive-2.0
ov:6cc01e2e-11cd-4f0c-bdba-8a33cfb7ce27,Ramada Inn,https://journeyed.org/hotel/ramada-inn-pasadena-6cc01e/,"3500 E Colorado Blvd, Pasadena, CA 91107-3832",Pasadena,CA,91107-3832,US,34.1453092,-118.0783007,+16267939339,https://www.wyndhamhotels.com,hotel,38.1,settled-1.1-facts,2026-10-04,1,overture-places@2026-09-23.1,cdla-permissive-2.0
ov:6cc5b14e-3d87-4d54-8d7d-b21230041191,Travelodge Sylmar CA,https://journeyed.org/hotel/travelodge-sylmar-ca-los-angeles-6cc5b1/,"14955 Roxford St, Los Angeles, CA 91342",Los Angeles,CA,91342,US,34.3229059,-118.4607546,+18186393726,http://www.travelodge.com/hotels/california/sylmar/travelodge-sylmar-ca/hotel-overview,hotel,29.2,settled-1.1-facts,2026-10-04,0,overture-places@2026-09-23.1,cdla-permissive-2.0
ov:6ce46d70-b9d1-4167-945f-ea90f8faba87,FOUND Hotel Santa Monica,https://journeyed.org/hotel/found-hotel-santa-monica-los-angeles-6ce46d/,"12311 Santa Monica Blvd, Los Angeles, CA 90025",Los Angeles,CA,90025,US,34.0395815,-118.4661868,+12139527869,http://www.foundhotels.com/cities/santa-monica,hotel,40,settled-1.1-facts,2026-10-04,5,overture-places@2026-09-23.1,cdla-permissive-2.0
ov:6d00275a-90f9-4f8c-bdcf-b148ccd0b685,Sheraton Hotel,https://journeyed.org/hotel/sheraton-hotel-los-angeles-6d0027/,"787 W 5th St, Los Angeles, CA 90071-2003",Los Angeles,CA,90071-2003,US,34.051717,-118.25523,+12132299661,,hotel,29.4,settled-1.1-facts,2026-10-04,13,overture-places@2026-09-23.1,cdla-permissive-2.0
ov:6d243d6f-f5b3-45fb-9854-b998047911d1,Carlton Motor Lodge,https://journeyed.org/hotel/carlton-motor-lodge-studio-city-6d243d/,"11811 Ventura Blvd, Studio City, CA 91604-2618",Studio City,CA,91604-2618,US,34.1422992,-118.3893571,+18187633515,http://www.carltonmotorlodge.com/,motel,40.6,settled-1.1-facts,2026-10-04,3,overture-places@2026-09-23.1,cdla-permissive-2.0
ov:6d628700-7ba8-44a2-967c-c96ee6f329eb,Star Motel,https://journeyed.org/hotel/star-motel-ontario-6d6287/,"1250 W Mission Blvd, Ontario, CA 91762",Ontario,CA,91762,US,34.0563618,-117.6736969,+19099844811,http://www.statefarm.com/,motel,39.1,settled-1.1-facts,2026-10-04,1,overture-places@2026-09-23.1,cdla-permissive-2.0
ov:6d83cd1b-17a1-48a2-8846-d1d0eba678b5,Royal Viking Motel,https://journeyed.org/hotel/royal-viking-motel-los-angeles-6d83cd/,"2025 W 3rd St, Los Angeles, CA 90057-2319",Los Angeles,CA,90057-2319,US,34.063052,-118.272198,,http://royalvikingmotel.com,hotel,29.5,settled-1.1-facts,2026-10-04,13,overture-places@2026-09-23.1,cdla-permissive-2.0
ov:6d95a9ca-f487-44cf-8720-3034e5d8e529,Pasadena Hotel & Pool,https://journeyed.org/hotel/pasadena-hotel-and-pool-pasadena-6d95a9/,"928 E Colorado Blvd, Pasadena, CA 91106",Pasadena,CA,91106,US,34.1457306,-118.1310779,+16268844150,https://www.pasadenahotel.com/,hotel,69.5,settled-1.1-facts,2026-10-04,33,overture-places@2026-09-23.1,cdla-permissive-2.0
ov:6da574d6-1baf-488c-9597-3ce2cac65723,Red Roof Inn,https://journeyed.org/hotel/red-roof-inn-san-dimas-6da574/,"204 Village Ct, San Dimas, CA 91773",San Dimas,CA,91773,US,34.1096909,-117.8222526,+19095875116,https://www.redroof.com/property/ca/san-dimas/RRI213,hotel,35.3,settled-1.1-facts,2026-10-04,0,overture-places@2026-09-23.1,cdla-permissive-2.0
ov:6da7ef81-7bf5-4f68-8386-ed9665b78a13,Starlight Inn Motel,https://journeyed.org/hotel/starlight-inn-motel-van-nuys-6da7ef/,"6945 Sepulveda Blvd, Van Nuys, CA 91405-3505",Van Nuys,CA,91405-3505,US,34.196952,-118.466533,+18189974000,http://hotelstarlightvannuys.site,hotel,39.6,settled-1.1-facts,2026-10-04,1,overture-places@2026-09-23.1,cdla-permissive-2.0
ov:6dc53493-7133-4b03-9c28-f6b89f0c9182,Extended Stay America Los Angeles Valencia,https://journeyed.org/hotel/extended-stay-america-los-angeles-valencia-stevenson-ranch-6dc534/,"24940 Pico Canyon Rd, Stevenson Ranch, CA 91381",Stevenson Ranch,CA,91381,US,34.3807415,-118.5719263,+16612551044,http://dms.netmng.com/si/cm/tracking/dgtrackingredirect.aspx?siclientid=2918&sisearchengine=1524&siredirect=http:%2f%2fwww.extendedstayamerica.com%2fhotels%2fca%2flos-angeles%2fvalencia&siproduct=2614_bus,hotel,37.8,settled-1.1-facts,2026-10-04,0,overture-places@2026-09-23.1,cdla-permissive-2.0
ov:6dc8218f-3830-488e-a1c9-e79defcce556,Pegasus Manor,https://journeyed.org/hotel/pegasus-manor-la-puente-6dc821/,"14278 Valley Blvd, La Puente, CA 91746-2930",La Puente,CA,91746-2930,US,34.0385794,-117.9802818,+16263336300,,bed_and_breakfast,27,settled-1.1-facts,2026-10-04,1,overture-places@2026-09-23.1,cdla-permissive-2.0
ov:6de68312-81ad-4a27-b010-7dbbd2a92a81,Avenue Motel,https://journeyed.org/hotel/avenue-motel-gardena-6de683/,"14914 S Western Ave, Gardena, CA 90249-3808",Gardena,CA,90249-3808,US,33.896341,-118.308937,+13103247056,http://www.avenuemotelgardena.com,motel,39.4,settled-1.1-facts,2026-10-04,2,overture-places@2026-09-23.1,cdla-permissive-2.0
ov:6dee954a-3b55-4b4b-bbb8-f13f3892cd6f,Fairfield by Marriott Inn & Suites Anaheim North/Buena Park,https://journeyed.org/hotel/fairfield-by-marriott-inn-and-suites-anaheim-north-buena-park-buena-6dee95/,"7828 Orangethorpe Ave, Buena Park, CA 90621",Buena Park,CA,90621,US,33.8585892,-117.9960662,+17146707200,https://www.marriott.com/en-us/hotels/snapk-fairfield-inn-and-suites-anaheim-north-buena-park/overview/?scid=d2406702-e8ea-4b45-bb9b-69cddaaef03d,hotel,40.2,settled-1.1-facts,2026-10-04,2,overture-places@2026-09-23.1,cdla-permissive-2.0
ov:6dffc601-6890-4024-9bfd-04e4666fb083,Crystal Inn Suites & Spas LAX,https://journeyed.org/hotel/crystal-inn-suites-and-spas-lax-inglewood-6dffc6/,"11163 S Prairie Ave, Inglewood, CA 90303",Inglewood,CA,90303,US,33.9334041,-118.3447963,+13104123888,http://crystalinnlax.com/,hotel,74.4,settled-1.1-facts,2026-10-04,73,overture-places@2026-09-23.1,cdla-permissive-2.0
ov:6e2f985e-e185-4191-9db0-40f243c641d3,Fairfield by Marriott Inn & Suites Los Angeles Rosemead,https://journeyed.org/hotel/fairfield-by-marriott-inn-and-suites-los-angeles-rosemead-rosemead-6e2f98/,"705 San Gabriel Blvd, Rosemead, CA 91770",Rosemead,CA,91770,US,34.0378711,-118.080014,+13237261111,http://www.marriott.com/hotels/travel/laxfr-fairfield-inn-and-suites-los-angeles-rosemead/,hotel,37.9,settled-1.1-facts,2026-10-04,0,overture-places@2026-09-23.1,cdla-permissive-2.0
ov:6e53320f-017e-45d0-ae77-3ad1728113c5,Travelers Inn,https://journeyed.org/hotel/travelers-inn-lawndale-6e5332/,"14808 Hawthorne Blvd, Lawndale, CA 90260-1525",Lawndale,CA,90260-1525,US,33.8972421,-118.3517191,+13106755228,https://www.travelersinnlawndalelax.com,motel,62.6,settled-1.1-facts,2026-10-04,57,overture-places@2026-09-23.1,cdla-permissive-2.0
ov:6e6b5f09-3211-4ce1-8893-754943cb37ee,Crescent Hotel Beverly Hills,https://journeyed.org/hotel/crescent-hotel-beverly-hills-beverly-hills-6e6b5f/,"403 N Crescent Dr, Beverly Hills, CA 90210",Beverly Hills,CA,90210,US,34.0712278,-118.4003154,+14242832214,http://www.crescentbh.com/,hotel,41.1,settled-1.1-facts,2026-10-04,5,overture-places@2026-09-23.1,cdla-permissive-2.0
ov:6e88a130-2e64-4875-be4d-9bcd7f4a1990,Kimpton Hotel Palomar Los Angeles Beverly Hills,https://journeyed.org/hotel/kimpton-hotel-palomar-los-angeles-beverly-hills-los-angeles-6e88a1/,"10740 Wilshire Blvd, Los Angeles, CA 90024-4493",Los Angeles,CA,90024-4493,US,34.0603002,-118.4374319,+13104758711,https://www.hotelpalomar-beverlyhills.com/,hotel,60.2,settled-1.1-facts,2026-10-04,54,overture-places@2026-09-23.1,cdla-permissive-2.0
ov:6edfa4ae-bdc8-452d-8557-c7fd471754b4,Aloha Motel,https://journeyed.org/hotel/aloha-motel-lancaster-6edfa4/,"42329 Sierra Hwy, Lancaster, CA 93535-5326",Lancaster,CA,93535-5326,US,34.6523082,-118.1297667,+16619425936,https://www.alohaoceanfrontmotel.com,motel,26.5,settled-1.1-facts,2026-10-04,0,overture-places@2026-09-23.1,cdla-permissive-2.0
ov:6ef53710-eee1-4181-8d28-5147315f0515,Golden West Hotel,https://journeyed.org/hotel/golden-west-hotel-los-angeles-6ef537/,"417 E 5th St, Los Angeles, CA 90013-1507",Los Angeles,CA,90013-1507,US,34.044645,-118.244234,,,lodging,19,settled-1.1-facts,2026-10-04,12,overture-places@2026-09-23.1,cdla-permissive-2.0
ov:6f166a3d-6e57-4af0-a2fb-1a666f0a2ad7,Downtown LA Proper Hotel,https://journeyed.org/hotel/downtown-la-proper-hotel-los-angeles-6f166a/,"1100 S Broadway, Los Angeles, CA 90015",Los Angeles,CA,90015,US,34.0393791,-118.2589843,+12138061010,https://www.properhotel.com/downtown-la/?utm_source=local-listings&utm_medium=organic&utm_campaign=local-listings,hotel,89.2,settled-1.1-facts,2026-10-04,115,overture-places@2026-09-23.1,cdla-permissive-2.0
ov:6f3193d2-6160-45d7-b977-0aafda5f19d7,American Inn,https://journeyed.org/hotel/american-inn-pomona-6f3193/,"310 E Foothill Blvd, Pomona, CA 91767-1406",Pomona,CA,91767-1406,US,34.106849,-117.744064,+19093926886,,hotel,24.4,settled-1.1-facts,2026-10-04,0,overture-places@2026-09-23.1,cdla-permissive-2.0
ov:6f36bd0f-5e94-4393-8373-acf2680d66d1,Yorkshire Apartments & Hotel,https://journeyed.org/hotel/yorkshire-apartments-and-hotel-los-angeles-6f36bd/,"710 S Broadway, Los Angeles, CA 90014",Los Angeles,CA,90014,US,34.0447789,-118.2535636,+12136120348,,hotel,29.4,settled-1.1-facts,2026-10-04,14,overture-places@2026-09-23.1,cdla-permissive-2.0
ov:6f402658-ac4f-4421-a032-8d2cddacf00b,Palm Garden Hotel,https://journeyed.org/hotel/palm-garden-hotel-thousand-oaks-6f4026/,"495 N Ventu Park Rd, Thousand Oaks, CA 91320",Thousand Oaks,CA,91320,US,34.1860624,-118.9121208,+18057164200,http://www.palmgardenhotel.com/,hotel,59.2,settled-1.1-facts,2026-10-04,0,overture-places@2026-09-23.1,cdla-permissive-2.0
ov:6f6094e8-ec4f-4646-9f6d-393a10c9416c,Sandbourne Santa Monica Hotel,https://journeyed.org/hotel/sandbourne-santa-monica-hotel-santa-monica-6f6094/,"1740 Ocean Ave, Santa Monica, CA 90401-3214",Santa Monica,CA,90401-3214,US,34.00849,-118.49241,+13103959700,http://sandbournesantamonica.com/,hotel,75,settled-1.1-facts,2026-10-04,66,overture-places@2026-09-23.1,cdla-permissive-2.0
ov:6f8ab5ff-29c8-4358-8c22-c43f3895d980,Court Yard Inn,https://journeyed.org/hotel/court-yard-inn-los-angeles-6f8ab5/,"6501 Whittier Blvd, Los Angeles, CA 90022",Los Angeles,CA,90022,US,34.0153643,-118.1322567,+13232133220,http://courtyardinnhotel.weebly.com,motel,39.7,settled-1.1-facts,2026-10-04,2,overture-places@2026-09-23.1,cdla-permissive-2.0
ov:6fa36889-9c2e-43cc-83c7-29a6b82b0774,American Inn,https://journeyed.org/hotel/american-inn-ontario-6fa368/,"755 N Euclid Ave, Ontario, CA 91762",Ontario,CA,91762,US,34.0722134,-117.6515433,+19099841775,http://www.riversideinnnsuites.com/,motel,40.8,settled-1.1-facts,2026-10-04,1,overture-places@2026-09-23.1,cdla-permissive-2.0
ov:6fb0f61e-2792-452b-80cb-0107baa8cedc,Prentice Hotel,https://journeyed.org/hotel/prentice-hotel-los-angeles-6fb0f6/,"1014 E 7th St, Los Angeles, CA 90021",Los Angeles,CA,90021,US,34.0382758,-118.2436019,+12132299635,,hotel,28.5,settled-1.1-facts,2026-10-04,12,overture-places@2026-09-23.1,cdla-permissive-2.0
ov:6fe4946c-4688-46da-bb3b-376bf98d717f,Comfort Inn & Suites Irvine Spectrum,https://journeyed.org/hotel/comfort-inn-and-suites-irvine-spectrum-lake-forest-6fe494/,"23702 Rockfield Blvd, Lake Forest, CA 92630",Lake Forest,CA,92630,US,33.628003,-117.716272,+19495281278,https://www.choicehotels.com/california/lake-forest/comfort-inn-hotels/cac63?mc=llbillpx&pmf=local,resort,38.2,settled-1.1-facts,2026-10-04,0,overture-places@2026-09-23.1,cdla-permissive-2.0
ov:6fe5ceb8-f9d4-4661-8c80-f6c3f0a4bc74,Newport Bay Inn,https://journeyed.org/hotel/newport-bay-inn-costa-mesa-6fe5ce/,"2154 Newport Blvd, Costa Mesa, CA 92627-1710",Costa Mesa,CA,92627-1710,US,33.650191,-117.909202,+19496128198,https://newportbayinncostamesa.us,motel,57.5,settled-1.1-facts,2026-10-04,19,overture-places@2026-09-23.1,cdla-permissive-2.0
ov:6fe7c92a-6fe2-43cc-a88d-bcca13a429df,Comfort Inn,https://journeyed.org/hotel/comfort-inn-pasadena-6fe7c9/,"2462 E Colorado Blvd, Pasadena, CA 91107",Pasadena,CA,91107,US,34.1458326,-118.0996456,+16264050811,https://www.choicehotels.com/california/pasadena/comfort-inn-hotels/ca424?mc=llyxyxpx,hotel,39.2,settled-1.1-facts,2026-10-04,1,overture-places@2026-09-23.1,cdla-permissive-2.0
ov:704e2ab8-a21b-45c9-aa59-1539f944be77,Bel Air Motor Hotel,https://journeyed.org/hotel/bel-air-motor-hotel-tustin-704e2a/,"140 W First St, Tustin, CA 92780",Tustin,CA,92780,US,33.7454318,-117.8244891,+17145445560,https://mejoreshoteles.net/tustin-motor-lodge,motel,41.3,settled-1.1-facts,2026-10-04,1,overture-places@2026-09-23.1,cdla-permissive-2.0
ov:70500f1e-b1bf-4398-891c-d453b80fd0e4,SpringHill Suites,https://journeyed.org/hotel/springhill-suites-placentia-70500f/,"380 S. Placentia Ave, Placentia, CA 92870",Placentia,CA,92870,US,33.8685366,-117.8803056,+16572580092,https://www.marriott.com/en-us/hotels/snasp-springhill-suites-anaheim-placentia-fullerton/overview/?scid=d2406702-e8ea-4b45-bb9b-69cddaaef03d,hotel,37.2,settled-1.1-facts,2026-10-04,0,overture-places@2026-09-23.1,cdla-permissive-2.0
ov:70693d94-120f-4238-aff2-fe0826464c8b,Palm Motor Lodge,https://journeyed.org/hotel/palm-motor-lodge-anaheim-70693d/,"1101 N Harbor Blvd, Anaheim, CA 92801",Anaheim,CA,92801,US,33.8505882,-117.9248268,,,motel,17.7,settled-1.1-facts,2026-10-04,3,overture-places@2026-09-23.1,cdla-permissive-2.0
ov:706cfd5d-1bee-442c-865e-2bc2d03d41f4,Casa Reasort,https://journeyed.org/hotel/casa-reasort-irvine-706cfd/,"84 Discovery, Irvine, CA 92618",Irvine,CA,92618,US,33.661108,-117.759722,+19495026367,http://www.casaresortsinc.com,hotel,39.6,settled-1.1-facts,2026-10-04,1,overture-places@2026-09-23.1,cdla-permissive-2.0
ov:70c38cb4-0e0e-4c72-91a8-63787d23a801,Gardena Motel,https://journeyed.org/hotel/gardena-motel-gardena-70c38c/,"14528 S Western Ave, Gardena, CA 90249-3304",Gardena,CA,90249-3304,US,33.899183,-118.308919,+13107199805,,motel,27.6,settled-1.1-facts,2026-10-04,2,overture-places@2026-09-23.1,cdla-permissive-2.0
ov:70f866ae-7811-463b-bd5a-1669bf604347,Seaport Village Inn,https://journeyed.org/hotel/seaport-village-inn-avalon-70f866/,"119 Maiden Ln, Avalon, CA 90704",Avalon,CA,90704,US,33.3456297,-118.3283207,+13105100344,http://www.seaportvillageinn.com/,hotel,41,settled-1.1-facts,2026-10-04,0,overture-places@2026-09-23.1,cdla-permissive-2.0
ov:7100e892-badd-4bba-9092-a5820ad8bb4d,Executive Suites Inn,https://journeyed.org/hotel/executive-suites-inn-westminster-7100e8/,"6732 Westminster Blvd., Westminster, CA 92683",Westminster,CA,92683,US,33.7587851,-118.011339,+17148920298,https://executive-suites-inn-westminster.booked.net,motel,39.3,settled-1.1-facts,2026-10-04,1,overture-places@2026-09-23.1,cdla-permissive-2.0
ov:711779a3-edf6-4fdd-81d6-9b601f1f670b,The Garland,https://journeyed.org/hotel/the-garland-north-hollywood-711779/,"4222 Vineland Ave, North Hollywood, CA 91602-3318",North Hollywood,CA,91602-3318,US,34.1449684,-118.3697175,+18189808000,http://www.thegarland.com/,hotel,44.9,settled-1.1-facts,2026-10-04,29,overture-places@2026-09-23.1,cdla-permissive-2.0
ov:71338d4b-9771-4290-b3ba-5706aaecdc80,Hart Hotel,https://journeyed.org/hotel/hart-hotel-los-angeles-71338d/,"508 E 4th St, Los Angeles, CA 90013-2104",Los Angeles,CA,90013-2104,US,34.04456,-118.241253,+12136220790,http://harthotels.com,hotel,40.4,settled-1.1-facts,2026-10-04,11,overture-places@2026-09-23.1,cdla-permissive-2.0
ov:71507043-ec0e-4066-88be-2ec0ed567a84,Mission Motel,https://journeyed.org/hotel/mission-motel-lynwood-715070/,"11920 Long Beach Blvd, Lynwood, CA 90262",Lynwood,CA,90262,US,33.919528,-118.2093765,+13106311802,http://www.missionmotelca.com/,motel,38.5,settled-1.1-facts,2026-10-04,1,overture-places@2026-09-23.1,cdla-permissive-2.0
ov:7150842c-97c8-42ac-bf82-b20d2a463a79,California Lodge Suites,https://journeyed.org/hotel/california-lodge-suites-irvine-715084/,"18800 MacArthur Blvd, Irvine, CA 92612-1410",Irvine,CA,92612-1410,US,33.6748565,-117.8608143,,,hotel,19.2,settled-1.1-facts,2026-10-04,1,overture-places@2026-09-23.1,cdla-permissive-2.0
ov:71771d4b-b754-4274-b212-798b853e3a7b,Vista Motel,https://journeyed.org/hotel/vista-motel-los-angeles-71771d/,"4180 City Terrace Dr, Los Angeles, CA 90063-1172",Los Angeles,CA,90063-1172,US,34.056264,-118.175809,+13232607880,,motel,25.8,settled-1.1-facts,2026-10-04,0,overture-places@2026-09-23.1,cdla-permissive-2.0
ov:718a791d-6109-47d8-bbc4-5bc9ba189064,Hollywood Celebrity Hotel,https://journeyed.org/hotel/hollywood-celebrity-hotel-los-angeles-718a79/,"1775 Orchid Ave, Los Angeles, CA 90028",Los Angeles,CA,90028,US,34.1037452,-118.3404351,+13238506464,http://www.hotelcelebrity.com/,hotel,70.4,settled-1.1-facts,2026-10-04,68,overture-places@2026-09-23.1,cdla-permissive-2.0
ov:718e3ba8-84a7-4076-8a7d-739d6d2fba7b,Florence Hotel,https://journeyed.org/hotel/florence-hotel-los-angeles-718e3b/,"310 E 5th St, Los Angeles, CA 90013-2163",Los Angeles,CA,90013-2163,US,34.044535,-118.245616,+12132299659,https://www.getaroom.com,hotel,40.7,settled-1.1-facts,2026-10-04,12,overture-places@2026-09-23.1,cdla-permissive-2.0
ov:7191e180-dff6-4421-a63a-e268c50c4c9b,Foghorn Harbor Inn,https://journeyed.org/hotel/foghorn-harbor-inn-marina-del-rey-7191e1/,"4140 Via Marina, Marina del Rey, CA 90292",Marina del Rey,CA,90292,US,33.9802276,-118.4587643,+13108234626,http://www.foghornhotel.com,hotel,50.3,settled-1.1-facts,2026-10-04,32,overture-places@2026-09-23.1,cdla-permissive-2.0
ov:71ea012a-fb15-4b87-88c7-1478a3ef30d1,Dusk Hotel Hollywood,https://journeyed.org/hotel/dusk-hotel-hollywood-los-angeles-71ea01/,"7051 Sunset Blvd, Los Angeles, CA 90028",Los Angeles,CA,90028,US,34.0983592,-118.3432322,+13233807475,http://duskhotelhollywood.com,hotel,41,settled-1.1-facts,2026-10-04,15,overture-places@2026-09-23.1,cdla-permissive-2.0
ov:71f3b749-973f-4c60-baf7-9ceb49570dd4,Knickerbocker Hotel,https://journeyed.org/hotel/knickerbocker-hotel-los-angeles-71f3b7/,"1714 Ivar Ave, Los Angeles, CA 90028-5120",Los Angeles,CA,90028-5120,US,34.102408,-118.327862,+13234628202,http://gkind.com,hotel,41.3,settled-1.1-facts,2026-10-04,12,overture-places@2026-09-23.1,cdla-permissive-2.0
ov:71fe1536-6d6b-4fde-a108-8a6203d19991,Pacifica Hotels,https://journeyed.org/hotel/pacifica-hotels-aliso-viejo-71fe15/,"39 Argonaut, Aliso Viejo, CA 92656",Aliso Viejo,CA,92656,US,33.591728,-117.724771,+18007200223,http://www.pacificahotels.com/?chebs=places-OCpacificacorp-04022014,hotel,35.2,settled-1.1-facts,2026-10-04,0,overture-places@2026-09-23.1,cdla-permissive-2.0
ov:7226b3e6-166c-40e7-8754-c59f5588c469,Rodeway Inn Hollywood,https://journeyed.org/hotel/rodeway-inn-hollywood-hollywood-7226b3/,"6826 W Sunset Blvd, Hollywood, CA 90028-7008",Hollywood,CA,90028-7008,US,34.097602,-118.339691,+13234657186,https://www.choicehotels.com,hotel,41,settled-1.1-facts,2026-10-04,14,overture-places@2026-09-23.1,cdla-permissive-2.0
ov:722df047-7101-4b8e-aab0-480e99795267,The Pacific Inn,https://journeyed.org/hotel/the-pacific-inn-seal-beach-722df0/,"600 Marina Dr, Seal Beach, CA 90740",Seal Beach,CA,90740,US,33.7447815,-118.1053899,+15624937501,http://www.thepacificinn.com/,inn,80.1,settled-1.1-facts,2026-10-04,43,overture-places@2026-09-23.1,cdla-permissive-2.0
ov:7236b8e3-9bf3-4842-aeb5-c76ae2df3d15,Full Moon Inn,https://journeyed.org/hotel/full-moon-inn-los-angeles-7236b8/,"8803 S Figueroa St, Los Angeles, CA 90003-3225",Los Angeles,CA,90003-3225,US,33.956956,-118.283055,+13237536669,,motel,25,settled-1.1-facts,2026-10-04,0,overture-places@2026-09-23.1,cdla-permissive-2.0
ov:726e9540-5643-4cb8-8a82-7f1a34c3c9ed,Best Western Norwalk Inn,https://journeyed.org/hotel/best-western-norwalk-inn-norwalk-726e95/,"10902 Firestone Blvd, Norwalk, CA 90650",Norwalk,CA,90650,US,33.9230166,-118.1015719,+15629298831,https://www.bestwestern.com/en_US/book/hotel-rooms.05402.html?iata=00171890&ssob=BLBWI0003G&cid=BLBWI0003G%3Ayext%3Awebsite%3A05402,hotel,39.5,settled-1.1-facts,2026-10-04,2,overture-places@2026-09-23.1,cdla-permissive-2.0
ov:727a9101-4c91-466e-a484-085e2d5dacf9,Best Western Plus Marina Shores Hotel,https://journeyed.org/hotel/best-western-plus-marina-shores-hotel-dana-point-727a91/,"34280 CA-1, Dana Point, CA 92629",Dana Point,CA,92629,US,33.4658233,-117.6896316,+19492481000,https://www.bestwestern.com/en_US/book/hotel-rooms.05712.html?iata=00171890&ssob=BLBWI0003G&cid=BLBWI0003G%3Ayext%3Awebsite%3A05712,hotel,26.5,settled-1.1-facts,2026-10-04,0,overture-places@2026-09-23.1,cdla-permissive-2.0
ov:728336d5-06dd-45c5-9bbe-0614bec25d64,Holiday Inn Express & Suites San Dimas,https://journeyed.org/hotel/holiday-inn-express-and-suites-san-dimas-san-dimas-728336/,"485 W Arrow Hwy, San Dimas, CA 91773",San Dimas,CA,91773,US,34.1035481,-117.8158971,+19093052323,https://www.ihg.com/holidayinnexpress/hotels/us/en/san-dimas/laxea/hoteldetail?cm_mmc=FacebookMaps-_-EX-_-US-_-LAXEA,hotel,35,settled-1.1-facts,2026-10-04,0,overture-places@2026-09-23.1,cdla-permissive-2.0
ov:728e67aa-e064-4250-9991-b259c9c25a7f,Homewood Suites,https://journeyed.org/hotel/homewood-suites-irvine-728e67/,"17370 Red Hill Ave, Irvine, CA 92614",Irvine,CA,92614,US,33.6954298,-117.8524956,+19495779200,http://homewoodsuites3.hilton.com/en/hotels/california/homewood-suites-by-hilton-irvine-john-wayne-airport-SNAJWHW/index.html,hotel,39,settled-1.1-facts,2026-10-04,1,overture-places@2026-09-23.1,cdla-permissive-2.0
ov:7298a86f-53dc-4f3b-ad9e-4cdc26fb9ca7,Caption By Hyatt,https://journeyed.org/hotel/caption-by-hyatt-los-angeles-7298a8/,"6516 W Selma Ave, Los Angeles, CA 90028",Los Angeles,CA,90028,US,34.0996092,-118.331559,+13238711234,https://www.hyatt.com/en-US/hotel/brand/caption-by-hyatt/laxte,hotel,41,settled-1.1-facts,2026-10-04,11,overture-places@2026-09-23.1,cdla-permissive-2.0
ov:729e5dc2-d2e8-4bdb-9e2f-fbbb08b8e887,The L.A. Grand Hotel Downtown,https://journeyed.org/hotel/the-l-a-grand-hotel-downtown-los-angeles-729e5d/,"333 S Figueroa St, Los Angeles, CA 90071-1001",Los Angeles,CA,90071-1001,US,34.0547068,-118.2554115,+12136171133,https://www.thelahotel.com,hotel,40.8,settled-1.1-facts,2026-10-04,13,overture-places@2026-09-23.1,cdla-permissive-2.0
ov:72aaa019-5fcb-4784-82d2-929b744d5672,Seacrest Inn,https://journeyed.org/hotel/seacrest-inn-avalon-72aaa0/,"201 Clarissa Ave, Avalon, CA 90704",Avalon,CA,90704,US,33.3421956,-118.3252571,+13105100800,https://www.seacrestinncatalina.com/contact#!,inn,36.2,settled-1.1-facts,2026-10-04,0,overture-places@2026-09-23.1,cdla-permissive-2.0
ov:72ae64d0-e8af-4c34-b767-1e178be922d0,Chester Inn Motel,https://journeyed.org/hotel/chester-inn-motel-stanton-72ae64/,"10890 Beach Blvd, Stanton, CA 90680",Stanton,CA,90680,US,33.8043118,-117.9928527,+17148287598,http://www.chesterinnmotelstanton.us,motel,61.6,settled-1.1-facts,2026-10-04,34,overture-places@2026-09-23.1,cdla-permissive-2.0
ov:72cbdd7a-6805-48ad-8f8a-67201b14b585,Tilbury Inn,https://journeyed.org/hotel/tilbury-inn-glendale-72cbdd/,"306 Lafayette St, Glendale, CA 91205",Glendale,CA,91205,US,34.1425308,-118.2317022,+18182440808,http://www.glencapri.com,hotel,40,settled-1.1-facts,2026-10-04,1,overture-places@2026-09-23.1,cdla-permissive-2.0
ov:72db206b-c70a-4941-891b-ea34af20e71f,Laguna Seacliff,https://journeyed.org/hotel/laguna-seacliff-laguna-beach-72db20/,"631 Cliff Dr, Laguna Beach, CA 92651",Laguna Beach,CA,92651,US,33.5452655,-117.7949659,+19494942068,http://www.seasidelagunainn.com,inn,29.7,settled-1.1-facts,2026-10-04,0,overture-places@2026-09-23.1,cdla-permissive-2.0
ov:72eb10b7-6d0e-488c-b9dc-ada28e2b185b,Red Roof Inn,https://journeyed.org/hotel/red-roof-inn-bellflower-72eb10/,"8730 Artesia Blvd, Bellflower, CA 90706",Bellflower,CA,90706,US,33.874333,-118.1455844,+15626337689,http://www.royaltyinnbellflower.com/,motel,38.8,settled-1.1-facts,2026-10-04,1,overture-places@2026-09-23.1,cdla-permissive-2.0
ov:730b5229-8bb2-447f-8898-606408b9f28e,Llaves Dtla Staples Center,https://journeyed.org/hotel/llaves-dtla-staples-center-los-angeles-730b52/,"504 W Olympic Blvd, Los Angeles, CA 90015",Los Angeles,CA,90015,US,34.0429251,-118.2610629,,http://www.williamwang.com/,hotel,31,settled-1.1-facts,2026-10-04,16,overture-places@2026-09-23.1,cdla-permissive-2.0
ov:7335eff4-fb6c-42fe-9ba0-ef509bca1f82,Sky Palm Motel,https://journeyed.org/hotel/sky-palm-motel-orange-7335ef/,"210 N Tustin St, Orange, CA 92867",Orange,CA,92867,US,33.7897142,-117.8360077,+17146396602,http://www.skypalmmotelca.com,motel,40.2,settled-1.1-facts,2026-10-04,5,overture-places@2026-09-23.1,cdla-permissive-2.0
ov:733769ac-e6da-4f65-8b7c-b4ee346a8480,Best Western Airport Plaza Inn,https://journeyed.org/hotel/best-western-airport-plaza-inn-los-angeles-733769/,"1730 S Centinela Ave, Los Angeles, CA 90025",Los Angeles,CA,90025,US,34.034089,-118.462078,+13105680071,http://bestwesterncalifornia.com/hotels/best-western-airport-plaza-inn,hotel,39.3,settled-1.1-facts,2026-10-04,4,overture-places@2026-09-23.1,cdla-permissive-2.0
ov:73463e92-2238-412f-b237-9712ade8a8f1,Residence Inn,https://journeyed.org/hotel/residence-inn-tustin-73463e/,"15181 Newport Avenue, Tustin, CA 92780",Tustin,CA,92780,US,33.7235222,-117.8356782,+17142589700,https://www.marriott.com/en-us/hotels/snatu-residence-inn-tustin-orange-county/overview/?scid=d2406702-e8ea-4b45-bb9b-69cddaaef03d,hotel,39,settled-1.1-facts,2026-10-04,1,overture-places@2026-09-23.1,cdla-permissive-2.0
ov:734c9a62-331f-4afa-9d07-5e1266997e4c,Inn at Venice Beach,https://journeyed.org/hotel/inn-at-venice-beach-los-angeles-734c9a/,"327 W Washington Blvd, Los Angeles, CA 90291",Los Angeles,CA,90291,US,33.9807884,-118.4641963,+13108212557,http://www.innatvenicebeach.com,hotel,60.5,settled-1.1-facts,2026-10-04,51,overture-places@2026-09-23.1,cdla-permissive-2.0
ov:73643f39-525c-432b-86a4-a92859db978a,Element,https://journeyed.org/hotel/element-anaheim-73643f/,"1600 S Clementine Street, Anaheim, CA 92802",Anaheim,CA,92802,US,33.8083854,-117.9092715,+17143267800,https://www.marriott.com/en-us/hotels/snael-element-anaheim-resort-convention-center/overview/?scid=d2406702-e8ea-4b45-bb9b-69cddaaef03d,hotel,40.4,settled-1.1-facts,2026-10-04,10,overture-places@2026-09-23.1,cdla-permissive-2.0
ov:736c243e-240d-46c5-941a-70ca8ecbf0a1,Ramada Los Angeles West,https://journeyed.org/hotel/ramada-los-angeles-west-los-angeles-736c24/,"1052 Tiverton Ave, Los Angeles, CA 90024-3015",Los Angeles,CA,90024-3015,US,34.060626,-118.442849,+13102086677,https://www.wyndhamhotels.com,hotel,40.8,settled-1.1-facts,2026-10-04,7,overture-places@2026-09-23.1,cdla-permissive-2.0
ov:73859842-6ca4-4c31-b3a8-e2dc8f0951af,Valley Motel,https://journeyed.org/hotel/valley-motel-pacoima-738598/,"10381 San Fernando Rd, Pacoima, CA 91331-2637",Pacoima,CA,91331-2637,US,34.2585802,-118.414819,+18188960607,https://www.motels.cmac.ws,motel,33.8,settled-1.1-facts,2026-10-04,0,overture-places@2026-09-23.1,cdla-permissive-2.0
ov:7445717f-f2aa-460d-ae55-440b9db6e315,Budget Host,https://journeyed.org/hotel/budget-host-los-angeles-744571/,"2050 Marengo St, Los Angeles, CA 90033",Los Angeles,CA,90033,US,34.056053,-118.20705,+13232232080,,hotel,27.3,settled-1.1-facts,2026-10-04,5,overture-places@2026-09-23.1,cdla-permissive-2.0
ov:745971b9-f652-4812-8576-eaa4e19dd7dc,Hampton Inn Irvine Spectrum Lake Forest,https://journeyed.org/hotel/hampton-inn-irvine-spectrum-lake-forest-lake-forest-745971/,"23021 Lake Center Drive B, Lake Forest, CA 92630",Lake Forest,CA,92630,US,33.6281826,-117.7180023,+19493827900,https://www.hilton.com/en/hotels/snalkhx-hampton-irvine-spectrum-lake-forest/?SEO_id=BING-AMER-HX-SNALKHX&y_source=1_MTYxMDQ1NzItNDgzLWxvY2F0aW9uLndlYnNpdGU%3D,resort,38.3,settled-1.1-facts,2026-10-04,0,overture-places@2026-09-23.1,cdla-permissive-2.0
ov:74b5ef86-0ebc-4eeb-b1e9-1d706030dd6f,Fashion Island Hotel Newport Beach,https://journeyed.org/hotel/fashion-island-hotel-newport-beach-newport-beach-74b5ef/,"690 Newport Center Dr, Newport Beach, CA 92660",Newport Beach,CA,92660,US,33.6199524,-117.8750993,+19493868361,https://www.fashionislandhotel.com,resort,36.8,settled-1.1-facts,2026-10-04,0,overture-places@2026-09-23.1,cdla-permissive-2.0
ov:74bee7f3-487b-438d-b53d-e7f3ea77aa51,Value Inn Motel,https://journeyed.org/hotel/value-inn-motel-los-angeles-74bee7/,"13211 Maclay St, Los Angeles, CA 91340",Los Angeles,CA,91340,US,34.298359,-118.4210546,+18183616049,https://www.valueinnsylmar.us,motel,54.3,settled-1.1-facts,2026-10-04,5,overture-places@2026-09-23.1,cdla-permissive-2.0
ov:74c6c9cb-7cde-4f1a-94f2-6af28acde9a3,Pikaia Lodge,https://journeyed.org/hotel/pikaia-lodge-city-of-industry-74c6c9/,"18558 Gale Ave, City of Industry, CA 91748-1392",City of Industry,CA,91748-1392,US,33.99475,-117.89952,+16265813776,http://pikaialodge.com/,hotel,35.8,settled-1.1-facts,2026-10-04,0,overture-places@2026-09-23.1,cdla-permissive-2.0
ov:74d00871-a9c9-4cc0-a8c7-ac2023c3e6e9,City Express by Marriott Manhattan Beach,https://journeyed.org/hotel/city-express-by-marriott-manhattan-beach-manhattan-beach-74d008/,"1817 North Sepulveda Boulevard, Manhattan Beach, CA 90266",Manhattan Beach,CA,90266,US,33.89181,-118.39618,,https://www.marriott.com/LAXMX,hotel,29.8,settled-1.1-facts,2026-10-04,6,overture-places@2026-09-23.1,cdla-permissive-2.0
ov:74ea3655-986c-4049-b5ea-4e45fe26ecd3,Thomas Motel,https://journeyed.org/hotel/thomas-motel-bellflower-74ea36/,"9731 Artesia Blvd #6637, Bellflower, CA 90706",Bellflower,CA,90706,US,33.8749914,-118.1264352,+15628669513,https://www.thomasmoretravel.com/Transfers/Transfers/Search,motel,40.3,settled-1.1-facts,2026-10-04,1,overture-places@2026-09-23.1,cdla-permissive-2.0
ov:74f07189-1203-46f1-a0c6-b653b6cd2a42,Pavilions Motel,https://journeyed.org/hotel/pavilions-motel-santa-monica-74f071/,"2338 Ocean Park Blvd, Santa Monica, CA 90405-5108",Santa Monica,CA,90405-5108,US,34.015893,-118.4606267,+13104504044,http://PAVILIONSMOTEL.COM/,motel,39.2,settled-1.1-facts,2026-10-04,6,overture-places@2026-09-23.1,cdla-permissive-2.0
ov:74f6f10d-5b46-4ecb-aa1f-65afcd8e08d4,Hampton Inn & Suites Buena Park,https://journeyed.org/hotel/hampton-inn-and-suites-buena-park-buena-park-74f6f1/,"7307 Artesia Blvd, Buena Park, CA 90621",Buena Park,CA,90621,US,33.8739005,-118.0057583,+17147161800,https://www.hilton.com/en/hotels/lgbbuhx-hampton-suites-buena-park/,hotel,40.6,settled-1.1-facts,2026-10-04,2,overture-places@2026-09-23.1,cdla-permissive-2.0
ov:75736fb3-af2f-4026-9202-38971ce68919,Ritz Carlton Huntington,https://journeyed.org/hotel/ritz-carlton-huntington-pasadena-75736f/,"1401 S Oak Knoll Ave, Pasadena, CA 91106-4508",Pasadena,CA,91106-4508,US,34.121306,-118.133342,+16265683900,https://www.ritzcarlton.com/,hotel,39.7,settled-1.1-facts,2026-10-04,3,overture-places@2026-09-23.1,cdla-permissive-2.0
ov:75814285-7304-4d65-ad42-fceb1240f35b,Palihouse West Hollywood,https://journeyed.org/hotel/palihouse-west-hollywood-los-angeles-758142/,"8384 W 3rd St, Los Angeles, CA 90048",Los Angeles,CA,90048,US,34.0727399,-118.3729023,+13236586600,https://www.palisociety.com/hotels/west-hollywood,hotel,74.7,settled-1.1-facts,2026-10-04,80,overture-places@2026-09-23.1,cdla-permissive-2.0
ov:75823d80-fc0c-49d3-8201-27b99622b733,Holiday Inn Express Van Nuys,https://journeyed.org/hotel/holiday-inn-express-van-nuys-van-nuys-75823d/,"8244 Orion Ave, Van Nuys, CA 91406-1344",Van Nuys,CA,91406-1344,US,34.2202589,-118.4715143,+18189895010,https://www.ihg.com/holidayinnexpress/hotels/us/en/van-nuys/laxvn/hoteldetail?cm_mmc=FacebookMaps-_-EX-_-US-_-LAXVN,hotel,37.5,settled-1.1-facts,2026-10-04,0,overture-places@2026-09-23.1,cdla-permissive-2.0
ov:758a0112-4592-4d7a-a5c0-8ce29fb80c37,Costa Mesa Marriott,https://journeyed.org/hotel/costa-mesa-marriott-costa-mesa-758a01/,"500 Anton Blvd, Costa Mesa, CA 92626",Costa Mesa,CA,92626,US,33.6907812,-117.8788054,+17149571100,https://www.marriott.com/en-us/hotels/snast-costa-mesa-marriott/overview/?scid=d2406702-e8ea-4b45-bb9b-69cddaaef03d,hotel,39.7,settled-1.1-facts,2026-10-04,1,overture-places@2026-09-23.1,cdla-permissive-2.0
ov:7594355e-9b4e-483d-8a8c-a7c4070b75b7,The Merrion Hotel Dublin,https://journeyed.org/hotel/the-merrion-hotel-dublin-los-angeles-759435/,"510 W 111th St, Los Angeles, CA 90044-4231",Los Angeles,CA,90044-4231,US,33.93431,-118.28373,+13237569268,http://www.merrionhotel.com/,hotel,37.4,settled-1.1-facts,2026-10-04,0,overture-places@2026-09-23.1,cdla-permissive-2.0
ov:75b215c4-c374-40d3-9beb-170fe3a5b5c4,Broadway Inn Motel,https://journeyed.org/hotel/broadway-inn-motel-los-angeles-75b215/,"8800 S Broadway, Los Angeles, CA 90003",Los Angeles,CA,90003,US,33.9569738,-118.2779327,+13237780266,http://213nightlife.com/broadwaybar,motel,36.2,settled-1.1-facts,2026-10-04,0,overture-places@2026-09-23.1,cdla-permissive-2.0
ov:76144413-85e3-4a58-867b-9d44a44a42bc,Kamla Hotels,https://journeyed.org/hotel/kamla-hotels-downey-761444/,"12644 Lakewood Blvd, Downey, CA 90242-4520",Downey,CA,90242-4520,US,33.91605,-118.13794,+15625518706,http://www.kamlahotels.com,hotel,38.8,settled-1.1-facts,2026-10-04,1,overture-places@2026-09-23.1,cdla-permissive-2.0
ov:762aa42d-1620-4ce1-b5bf-2abbee56c201,Plaza Hotel,https://journeyed.org/hotel/plaza-hotel-long-beach-762aa4/,"1101 Long Beach Blvd, Long Beach, CA 90813",Long Beach,CA,90813,US,33.780854,-118.189731,+15624373137,http://www.plazahotel.com,hotel,40.2,settled-1.1-facts,2026-10-04,2,overture-places@2026-09-23.1,cdla-permissive-2.0
ov:762aeb0e-0f31-4857-bb09-1e252046e607,Motel 6 Westminster,https://journeyed.org/hotel/motel-6-westminster-westminster-762aeb/,"6266 Westminster Blvd., Westminster, CA 92683",Westminster,CA,92683,US,33.7582422,-118.0194082,+17149270483,http://www.motel6.com/,motel,38.6,settled-1.1-facts,2026-10-04,1,overture-places@2026-09-23.1,cdla-permissive-2.0
ov:762cf9fc-c545-4775-ae75-022b137e0f35,Comfort Inn Santa Monica,https://journeyed.org/hotel/comfort-inn-santa-monica-santa-monica-762cf9/,"2815 Santa Monica Blvd, Santa Monica, CA 90404",Santa Monica,CA,90404,US,34.0352367,-118.4723551,+13108285517,https://www.choicehotels.com/california/santa-monica/comfort-inn-hotels/ca430?pmf=yext&mc=llyxyxpx,hotel,39.7,settled-1.1-facts,2026-10-04,5,overture-places@2026-09-23.1,cdla-permissive-2.0
ov:7647f47a-f0d4-4c25-a92f-c1d8e6eeabc7,New Star Inn,https://journeyed.org/hotel/new-star-inn-san-pedro-7647f4/,"354 W 9th St, SAN PEDRO, CA 90731",SAN PEDRO,CA,90731,US,33.736282,-118.284706,+13106845446,,motel,29.2,settled-1.1-facts,2026-10-04,2,overture-places@2026-09-23.1,cdla-permissive-2.0
ov:7665c946-cde1-465a-b94f-53a03e9bcb7d,The Senator Hotel,https://journeyed.org/hotel/the-senator-hotel-los-angeles-7665c9/,"729 S Main St, Los Angeles, CA 90014",Los Angeles,CA,90014,US,34.0435249,-118.2524605,+12136298115,http://www.senatorhotel.com,hotel,41,settled-1.1-facts,2026-10-04,14,overture-places@2026-09-23.1,cdla-permissive-2.0
ov:767572ae-969a-4d86-a503-14bb812e3d13,Stratford Hotel,https://journeyed.org/hotel/stratford-hotel-los-angeles-767572/,"2629 W 8th St, Los Angeles, CA 90057",Los Angeles,CA,90057,US,34.0577299,-118.2839164,+12133836798,http://www.hotelstratford.com,hotel,39.6,settled-1.1-facts,2026-10-04,12,overture-places@2026-09-23.1,cdla-permissive-2.0
ov:767d65f1-a0d0-4efc-a889-cd54732eec70,Driftwood Motel,https://journeyed.org/hotel/driftwood-motel-torrance-767d65/,"3960 Pacific Coast Hwy, Torrance, CA 90505",Torrance,CA,90505,US,33.8063888,-118.3554792,+13103750511,https://driftwood-motel-torrance.booked.net,motel,38.1,settled-1.1-facts,2026-10-04,1,overture-places@2026-09-23.1,cdla-permissive-2.0
ov:768512e4-4e53-43c0-a784-c04dd0556a06,LAX Stadium Inn,https://journeyed.org/hotel/lax-stadium-inn-inglewood-768512/,"4501 W Imperial Hwy, Inglewood, CA 90304-2709",Inglewood,CA,90304-2709,US,33.9311028,-118.3554133,+13106716017,https://www.laxstadiuminn.com/,hotel,39.7,settled-1.1-facts,2026-10-04,9,overture-places@2026-09-23.1,cdla-permissive-2.0
ov:76937a41-60b9-4558-baf7-4e309a909ab5,Solo Motel,https://journeyed.org/hotel/solo-motel-los-angeles-76937a/,"2217 Firestone Blvd, Los Angeles, CA 90002",Los Angeles,CA,90002,US,33.9590325,-118.2324747,+18884467656,http://solomotel.com/,motel,34.8,settled-1.1-facts,2026-10-04,0,overture-places@2026-09-23.1,cdla-permissive-2.0
ov:769d4211-f0f9-4fd5-924e-a876de123c8a,Sea Blue Hotel,https://journeyed.org/hotel/sea-blue-hotel-santa-monica-769d42/,"1670 Ocean Ave, Santa Monica, CA 90401",Santa Monica,CA,90401,US,34.0098812,-118.4934052,+13103932363,http://www.seabluehotel.com/,hotel,70.3,settled-1.1-facts,2026-10-04,43,overture-places@2026-09-23.1,cdla-permissive-2.0
ov:76a598b5-792a-4f92-8838-b5cb8e761090,Regency Inn,https://journeyed.org/hotel/regency-inn-costa-mesa-76a598/,"2544 Newport Blvd, Costa Mesa, CA 92627",Costa Mesa,CA,92627,US,33.6612197,-117.8985777,+19496502988,http://www.regencyinnsandsuites.com,motel,41,settled-1.1-facts,2026-10-04,2,overture-places@2026-09-23.1,cdla-permissive-2.0
ov:76a914bd-a161-4d1c-af41-4a6ea0fee53a,Ec Motel,https://journeyed.org/hotel/ec-motel-los-angeles-76a914/,"3501 S Western Ave, Los Angeles, CA 90018-3824",Los Angeles,CA,90018-3824,US,34.024369,-118.309079,+13237313254,http://eclamotel.com,motel,39.5,settled-1.1-facts,2026-10-04,5,overture-places@2026-09-23.1,cdla-permissive-2.0
ov:76befbb9-7b3e-4ae1-bdb0-1a4bd3170d8a,Lincoln Motel,https://journeyed.org/hotel/lincoln-motel-pasadena-76befb/,"1559 Lincoln Ave, Pasadena, CA 91103-2009",Pasadena,CA,91103-2009,US,34.1734154,-118.1601681,+16267941355,http://www.lincolnmotelpasadena.com/,motel,64.4,settled-1.1-facts,2026-10-04,23,overture-places@2026-09-23.1,cdla-permissive-2.0
ov:76f07724-6768-4260-a982-72d5fef03a13,voco Laguna Hills by IHG,https://journeyed.org/hotel/voco-laguna-hills-by-ihg-laguna-hills-76f077/,"25205 La Paz Rd, Laguna Hills, CA 92653",Laguna Hills,CA,92653,US,33.5980023,-117.678583,+19495865000,http://linktr.ee/thehillshotel,hotel,36.4,settled-1.1-facts,2026-10-04,0,overture-places@2026-09-23.1,cdla-permissive-2.0
ov:76f1d342-af99-4197-8711-ae8fc91ba294,Calabasas Inn,https://journeyed.org/hotel/calabasas-inn-calabasas-76f1d3/,"23500 Park Sorrento, Calabasas, CA 91302-4116",Calabasas,CA,91302-4116,US,34.154617,-118.6405596,+18182228870,http://www.calabasasinn.com,hotel,40.4,settled-1.1-facts,2026-10-04,0,overture-places@2026-09-23.1,cdla-permissive-2.0
ov:770acb8a-252d-4035-b087-980f87c16bed,SunCoast Park Hotel,https://journeyed.org/hotel/suncoast-park-hotel-anaheim-770acb/,"1640 S Clementine St, Anaheim, CA 92802",Anaheim,CA,92802,US,33.8077101,-117.9089131,+17145980600,https://tapestrycollection3.hilton.com/tc/suncoast-park-hotel/,hotel,40.4,settled-1.1-facts,2026-10-04,10,overture-places@2026-09-23.1,cdla-permissive-2.0
ov:771f1302-fa12-41ef-9734-3d1e6961866e,Garden Inn and Suites,https://journeyed.org/hotel/garden-inn-and-suites-glendora-771f13/,"606 W Rte 66, Glendora, CA 91740",Glendora,CA,91740,US,34.1283923,-117.8744968,+16269639361,http://www.gardeninnglendora.com,hotel,63,settled-1.1-facts,2026-10-04,7,overture-places@2026-09-23.1,cdla-permissive-2.0
ov:7734d578-5fac-47f7-bf61-f2091803a418,St. George Inn & Suites,https://journeyed.org/hotel/st-george-inn-and-suites-tarzana-7734d5/,"19454 Ventura Blvd, Tarzana, CA 91356",Tarzana,CA,91356,US,34.1722967,-118.5573337,+18183456911,https://st-george-inn-suites.hub.biz/,hotel,37.3,settled-1.1-facts,2026-10-04,0,overture-places@2026-09-23.1,cdla-permissive-2.0
ov:77573b8f-daa6-44e5-8abb-82e6aec66314,Fairfield Inn Anaheim Hills Orange County,https://journeyed.org/hotel/fairfield-inn-anaheim-hills-orange-county-anaheim-77573b/,"201 N Via Cortez, Anaheim, CA 92807",Anaheim,CA,92807,US,33.8538804,-117.7889836,+17149211100,https://www.marriott.com/en-us/hotels/laxam-fairfield-inn-anaheim-hills-orange-county/overview/?scid=d2406702-e8ea-4b45-bb9b-69cddaaef03d,hotel,32.8,settled-1.1-facts,2026-10-04,0,overture-places@2026-09-23.1,cdla-permissive-2.0
ov:77a30bc9-e969-4b9a-8bd3-0c586ba42e08,Beverly Laurel Hotel at West Hollywood,https://journeyed.org/hotel/beverly-laurel-hotel-at-west-hollywood-los-angeles-77a30b/,"8018 Beverly Blvd, Los Angeles, CA 90048",Los Angeles,CA,90048,US,34.0758217,-118.364516,+13236512441,http://beverly-laurel.hotel-rn.com/,motel,40.8,settled-1.1-facts,2026-10-04,9,overture-places@2026-09-23.1,cdla-permissive-2.0
ov:77dc996d-8ce3-437a-b877-6695017adc91,Lucky Lodge,https://journeyed.org/hotel/lucky-lodge-bellflower-77dc99/,"15602 Lakewood Blvd, Bellflower, CA 90706-4244",Bellflower,CA,90706-4244,US,33.8921774,-118.1421821,+15629208388,http://lucky-lodge.poi.place,motel,39.1,settled-1.1-facts,2026-10-04,1,overture-places@2026-09-23.1,cdla-permissive-2.0
ov:77f1149b-3d4f-4d0e-9f0b-4f86f574a09e,Baldwin Hills Motor Inn,https://journeyed.org/hotel/baldwin-hills-motor-inn-los-angeles-77f114/,"3020 S La Brea Ave, Los Angeles, CA 90016",Los Angeles,CA,90016,US,34.0266439,-118.3538973,+13237320864,http://www.baldwinhillscenter.com,motel,38.3,settled-1.1-facts,2026-10-04,0,overture-places@2026-09-23.1,cdla-permissive-2.0
ov:77f21cf5-01ed-4732-911e-e09f2e98bddc,Flamingo Inn Motel,https://journeyed.org/hotel/flamingo-inn-motel-long-beach-77f21c/,"5374 Atlantic Ave #6020, Long Beach, CA 90805",Long Beach,CA,90805,US,33.8538916,-118.1848186,+15624230850,http://www.flamingoinnmotel.com,motel,36.8,settled-1.1-facts,2026-10-04,0,overture-places@2026-09-23.1,cdla-permissive-2.0
ov:781d1eeb-b491-4acd-a804-a28dc0dfba6b,Sonesta Anaheim Resort Area,https://journeyed.org/hotel/sonesta-anaheim-resort-area-anaheim-781d1e/,"1915 S Manchester Ave, Anaheim, CA 92802",Anaheim,CA,92802,US,33.8003297,-117.9013224,+17147487777,https://www.sonesta.com/sonesta-hotels-resorts/ca/anaheim/sonesta-anaheim-resort-area,resort,39.8,settled-1.1-facts,2026-10-04,9,overture-places@2026-09-23.1,cdla-permissive-2.0
ov:782001ed-a63b-499f-b7db-9415b1b6a0d2,Rodeway Inn Near Maingate Knott's,https://journeyed.org/hotel/rodeway-inn-near-maingate-knotts-buena-park-782001/,"7930 Beach Blvd, Buena Park, CA 90620-1939",Buena Park,CA,90620-1939,US,33.847837,-117.997147,+17149946480,https://www.choicehotels.com,hotel,41,settled-1.1-facts,2026-10-04,3,overture-places@2026-09-23.1,cdla-permissive-2.0
ov:78207f98-1e4f-4fc2-b5ff-da2b28a30486,Holiday Inn Express Newport Beach,https://journeyed.org/hotel/holiday-inn-express-newport-beach-newport-beach-78207f/,"2300 West Coast Hwy, Newport Beach, CA 92663",Newport Beach,CA,92663,US,33.6192964,-117.9206126,+19497222999,https://www.ihg.com/holidayinnexpress/hotels/us/en/newport-beach/jwanb/hoteldetail?cm_mmc=FacebookMaps-_-EX-_-US-_-JWANB,hotel,40.7,settled-1.1-facts,2026-10-04,1,overture-places@2026-09-23.1,cdla-permissive-2.0
ov:782672f9-982d-497d-af1a-81b404771d21,Malibu Country Inn,https://journeyed.org/hotel/malibu-country-inn-malibu-782672/,"6506 Westward Beach Rd, Malibu, CA 90265-4147",Malibu,CA,90265-4147,US,34.016651,-118.816086,+13104579622,http://www.malibucountryinn.com/,inn,48.7,settled-1.1-facts,2026-10-04,2,overture-places@2026-09-23.1,cdla-permissive-2.0
ov:782abdd7-88d9-4cc4-9d3c-1f122e9dbd84,Holiday Inn El Monte - Los Angeles,https://journeyed.org/hotel/holiday-inn-el-monte-los-angeles-el-monte-782abd/,"9920 Valley Blvd, El Monte, CA 91731-1015",El Monte,CA,91731-1015,US,34.0793721,-118.0549812,+16264341688,https://www.ihg.com/holidayinn/hotels/us/en/el-monte/burem/hoteldetail?cm_mmc=FacebookMaps-_-HI-_-US-_-BUREM,hotel,39.9,settled-1.1-facts,2026-10-04,1,overture-places@2026-09-23.1,cdla-permissive-2.0
ov:782cfe4c-0eda-41c5-ae46-ab7b7244a5cd,Kimpton Hotel Wilshire,https://journeyed.org/hotel/kimpton-hotel-wilshire-los-angeles-782cfe/,"6317 Wilshire Blvd, Los Angeles, CA 90048",Los Angeles,CA,90048,US,34.0637359,-118.3660225,+13238526000,https://www.hotelwilshire.com/,hotel,40.3,settled-1.1-facts,2026-10-04,6,overture-places@2026-09-23.1,cdla-permissive-2.0
ov:782f619f-ca9a-4b07-98f5-eaecdba9b1ec,Charming Valley Village Guesthouse,https://journeyed.org/hotel/charming-valley-village-guesthouse-valley-village-782f61/,"5534 Alcove Ave, Valley Village, CA 91607",Valley Village,CA,91607,US,34.165783,-118.399795,+18182591054,https://valley-village-guest-house-sleeps-4-quiet-area.los-angeles-hotel.com/en,lodging,39.6,settled-1.1-facts,2026-10-04,2,overture-places@2026-09-23.1,cdla-permissive-2.0
ov:7830e070-8dd4-426a-80e7-50bd50b98aa6,Crest Motel,https://journeyed.org/hotel/crest-motel-anaheim-7830e0/,"2650 W Lincoln Ave, Anaheim, CA 92801-6312",Anaheim,CA,92801-6312,US,33.831853,-117.97851,+17145276102,http://crest-motel-corona.poi.place,motel,39.2,settled-1.1-facts,2026-10-04,1,overture-places@2026-09-23.1,cdla-permissive-2.0
ov:785d0cf2-c07b-4ad1-a10d-c4817d5c3f62,Starlight Inn South El Monte,https://journeyed.org/hotel/starlight-inn-south-el-monte-south-el-monte-785d0c/,"1220 Durfee Ave, South El Monte, CA 91733",South El Monte,CA,91733,US,34.0360359,-118.0389432,+16265758586,https://www.starlightinnsouthelmonte.com/,hotel,66.6,settled-1.1-facts,2026-10-04,40,overture-places@2026-09-23.1,cdla-permissive-2.0
ov:78b68e47-6313-4186-be54-f19d70952271,Studio Place Inn,https://journeyed.org/hotel/studio-place-inn-studio-city-78b68e/,"10740 Ventura Blvd, Studio City, CA 91604-3540",Studio City,CA,91604-3540,US,34.1382793,-118.3656837,+18187695306,,hotel,28.8,settled-1.1-facts,2026-10-04,6,overture-places@2026-09-23.1,cdla-permissive-2.0
ov:78c74403-e195-4528-a4cd-0961f3b3ecff,Hyatt Regency Century Plaza,https://journeyed.org/hotel/hyatt-regency-century-plaza-los-angeles-78c744/,"2025 Avenue Of The Stars, Los Angeles, CA 90067",Los Angeles,CA,90067,US,34.057449,-118.415885,+13102281234,http://centuryplaza.hyatt.com/en/hotel/home.html?src=agn_mls_hr_lclb_blocal_laxcp,hotel,41.4,settled-1.1-facts,2026-10-04,4,overture-places@2026-09-23.1,cdla-permissive-2.0
ov:78d630a9-a064-4fa3-9fd3-a3c8a6cf7e5e,Residence Inn,https://journeyed.org/hotel/residence-inn-la-mirada-78d630/,"14419 Firestone Boulevard, La Mirada, CA 90638",La Mirada,CA,90638,US,33.883058,-118.0240145,+17145232800,https://www.marriott.com/en-us/hotels/snalm-residence-inn-la-mirada-buena-park/overview/?scid=d2406702-e8ea-4b45-bb9b-69cddaaef03d,hotel,38.7,settled-1.1-facts,2026-10-04,1,overture-places@2026-09-23.1,cdla-permissive-2.0
ov:78e545e8-2f01-4f58-946c-971cf779f7d7,Americas Best Value Inn,https://journeyed.org/hotel/americas-best-value-inn-azusa-78e545/,"433 S Azusa Ave, Azusa, CA 91702",Azusa,CA,91702,US,34.1151445,-117.9082315,+16269694221,http://www.abviazusa.net/,motel,39.5,settled-1.1-facts,2026-10-04,1,overture-places@2026-09-23.1,cdla-permissive-2.0
ov:78e8c268-0e25-4967-9762-5d61d2a27cd2,Holiday Inn Palmdale,https://journeyed.org/hotel/holiday-inn-palmdale-palmdale-78e8c2/,"38630 5th St W, Palmdale, CA 93551",Palmdale,CA,93551,US,34.5844097,-118.1378661,+16619478055,https://www.holidayinn.com/hotels/us/en/find-hotels/hotel/list?fromRedirect=true&qSrt=sBR&qDest=Palmdale%2C+CA%2C+United+States&setPMCookies=true&dp=true&gclid=CjwKCAiAnZCdBhBmEiwA8nDQxa7r-s8TMnnT1f4uK5m8bjFRB9NsyklKSkOXgJTxGy-m-BkMQb03JRoCqTAQAvD_BwE&cm_mmc=PDSEA-_-G_F-AMER_FS-USA_H-AMER_HS-USA_HI_BRI_EXM_HOTEL-PDLCA&srb_u=1,hotel,26.5,settled-1.1-facts,2026-10-04,0,overture-places@2026-09-23.1,cdla-permissive-2.0
ov:792ee65a-8465-4621-a787-7f05d5b21ab5,Capri Laguna,https://journeyed.org/hotel/capri-laguna-laguna-beach-792ee6/,"1441 S Coast Hwy, Laguna Beach, CA 92651",Laguna Beach,CA,92651,US,33.5313419,-117.7747321,+19494946533,https://www.caprilaguna.com/default,resort,28.9,settled-1.1-facts,2026-10-04,0,overture-places@2026-09-23.1,cdla-permissive-2.0
ov:794d1608-fb51-437e-bc83-fb1ccd9d6ab1,Fairfield,https://journeyed.org/hotel/fairfield-mission-viejo-794d16/,"26328 Oso Parkway, Mission Viejo, CA 92691",Mission Viejo,CA,92691,US,33.5790733,-117.6704837,+19495827100,https://www.marriott.com/en-us/hotels/snavo-fairfield-inn-mission-viejo-orange-county/overview/?scid=d2406702-e8ea-4b45-bb9b-69cddaaef03d,hotel,34.3,settled-1.1-facts,2026-10-04,0,overture-places@2026-09-23.1,cdla-permissive-2.0
ov:795346c9-441e-4eea-92b2-cb078e249004,Hyatt House At Anaheim Resort/convention Center,https://journeyed.org/hotel/hyatt-house-at-anaheim-resort-convention-center-anaheim-795346/,"1800 S Harbor Blvd, Anaheim, CA 92802-3510",Anaheim,CA,92802-3510,US,33.802979,-117.914769,+17149711800,https://www.hyatt.com,hotel,40.9,settled-1.1-facts,2026-10-04,9,overture-places@2026-09-23.1,cdla-permissive-2.0
ov:795356e5-79ac-4fe8-9e95-b9cf01dc3b91,Holiday Inn Express & Suites Hermosa Beach by IHG,https://journeyed.org/hotel/holiday-inn-express-and-suites-hermosa-beach-by-ihg-hermosa-beach-795356/,"125 Pacific Coast Hwy, Hermosa Beach, CA 90254",Hermosa Beach,CA,90254,US,33.8553995,-118.3907265,+13107989898,https://www.ihg.com/holidayinnexpress/hotels/us/en/hermosa-beach/laxhr/hoteldetail?cm_mmc=FacebookMaps-_-EX-_-US-_-LAXHR,hotel,40.3,settled-1.1-facts,2026-10-04,3,overture-places@2026-09-23.1,cdla-permissive-2.0
ov:799d849d-fbc3-43a7-b805-6ae33a63be33,Beverly Plaza Hotel,https://journeyed.org/hotel/beverly-plaza-hotel-los-angeles-799d84/,"8384 W 3rd St, Los Angeles, CA 90048-4311",Los Angeles,CA,90048-4311,US,34.0727939,-118.3729642,,,lodging,19.1,settled-1.1-facts,2026-10-04,10,overture-places@2026-09-23.1,cdla-permissive-2.0
ov:79c02eea-55c1-41ad-95e1-43dba433fb36,Vagabond Inn San Pedro,https://journeyed.org/hotel/vagabond-inn-san-pedro-san-pedro-79c02e/,"215 S Gaffey St, San Pedro, CA 90731-2431",San Pedro,CA,90731-2431,US,33.742015,-118.2927047,+13108318911,http://www.vagabondinn-san-pedro-california-hotel.com/,hotel,40.8,settled-1.1-facts,2026-10-04,2,overture-places@2026-09-23.1,cdla-permissive-2.0
ov:79c9add0-1fc9-4659-8778-8be792e1deb3,Blvd Hotel,https://journeyed.org/hotel/blvd-hotel-costa-mesa-79c9ad/,"2430 Newport Blvd, Costa Mesa, CA 92627-1316",Costa Mesa,CA,92627-1316,US,33.657631,-117.901464,,https://blvdcostamesa.com,lodging,30.9,settled-1.1-facts,2026-10-04,2,overture-places@2026-09-23.1,cdla-permissive-2.0
ov:79d4449b-ee4d-4e72-8cb5-9734733f7b23,Hampton Inn and Suites,https://journeyed.org/hotel/hampton-inn-and-suites-los-angeles-79d444/,"5638 Sepulveda Blvd, Los Angeles, CA 91411",Los Angeles,CA,91411,US,34.1732601,-118.4658014,+18187852211,https://www.hilton.com/en/hotels/laxvnhx-hampton-suites-los-angeles-sherman-oaks/,hotel,39.5,settled-1.1-facts,2026-10-04,2,overture-places@2026-09-23.1,cdla-permissive-2.0
ov:79e65413-c7dc-4ed3-9f09-2794cbded818,Hyland Inn Brea,https://journeyed.org/hotel/hyland-inn-brea-brea-79e654/,"727 S Brea Blvd, Brea, CA 92821",Brea,CA,92821,US,33.9089213,-117.9047531,+17149906867,http://www.hylandinnbrea.com,motel,37,settled-1.1-facts,2026-10-04,0,overture-places@2026-09-23.1,cdla-permissive-2.0
ov:7a090953-3cce-4691-91a6-deed88555eb2,Crazy 8 Motel,https://journeyed.org/hotel/crazy-8-motel-orange-7a0909/,"1300 E Katella Ave, Orange, CA 92867",Orange,CA,92867,US,33.8089613,-117.8396099,+17146392500,http://www.crazy8.com/,motel,39,settled-1.1-facts,2026-10-04,5,overture-places@2026-09-23.1,cdla-permissive-2.0
ov:7a29a704-152d-473f-b6b2-70cf45e9e4b9,Embassy Suites by Hilton Santa Ana Orange County Airport,https://journeyed.org/hotel/embassy-suites-by-hilton-santa-ana-orange-county-airport-santa-ana-7a29a7/,"1325 E Dyer Rd, Santa Ana, CA 92705",Santa Ana,CA,92705,US,33.7092919,-117.853863,+17142413800,http://www.embassysuitessantaana.com/,hotel,37.8,settled-1.1-facts,2026-10-04,1,overture-places@2026-09-23.1,cdla-permissive-2.0
ov:7a3d52ee-c5fc-4fe0-bd41-e595ddb954f3,The Lew House,https://journeyed.org/hotel/the-lew-house-los-angeles-7a3d52/,"1456 Sunset Plaza Dr, Los Angeles, CA 90069-1342",Los Angeles,CA,90069-1342,US,34.096459,-118.381844,+13102830702,,hotel,28.7,settled-1.1-facts,2026-10-04,6,overture-places@2026-09-23.1,cdla-permissive-2.0
ov:7a55a0ba-6eb0-4014-a93b-3ee5eb1808e2,Best Inn Montebello,https://journeyed.org/hotel/best-inn-montebello-montebello-7a55a0/,"525 Washington Blvd, Montebello, CA 90640",Montebello,CA,90640,US,33.9927332,-118.1146316,+13237268222,http://www.americasbestinn.com,motel,39.1,settled-1.1-facts,2026-10-04,1,overture-places@2026-09-23.1,cdla-permissive-2.0
ov:7a6c699b-3be7-462b-9040-32b56b14a79d,Best Western Airpark Hotel,https://journeyed.org/hotel/best-western-airpark-hotel-inglewood-7a6c69/,"640 W Manchester Blvd, Inglewood, CA 90301",Inglewood,CA,90301,US,33.9614749,-118.367706,+13106777378,https://www.bestwestern.com/en_US/book/hotel-rooms.05459.html?iata=00171890&ssob=BLBWI0003G&cid=BLBWI0003G%3Ayext%3Awebsite%3A05459,hotel,40.1,settled-1.1-facts,2026-10-04,12,overture-places@2026-09-23.1,cdla-permissive-2.0
ov:7a6fd5f5-d5f5-4efa-8d68-1ae4e9365692,Holiday Inn Express Chino Hills,https://journeyed.org/hotel/holiday-inn-express-chino-hills-chino-hills-7a6fd5/,"15851 Pomona Rincon Rd, Chino Hills, CA 91709",Chino Hills,CA,91709,US,33.9660903,-117.6896512,+19094977900,https://www.ihg.com/holidayinnexpress/hotels/us/en/chino-hills/ontch/hoteldetail,hotel,36.6,settled-1.1-facts,2026-10-04,0,overture-places@2026-09-23.1,cdla-permissive-2.0
ov:7a9f5c4f-891f-4f09-8b56-42083b595ae1,TRYP by Wyndham Panama Centro,https://journeyed.org/hotel/tryp-by-wyndham-panama-centro-irvine-7a9f5c/,"6507 Quail Hill Pkwy, Irvine, CA 92603-4231",Irvine,CA,92603-4231,US,33.65445,-117.78013,+19497251773,https://www.wyndhamhotels.com/es-xl/tryp/panama-panama/tryp-panama-centro/overview?CID=LC%3Av6v3hkulmqj2jri%3A45549&iata=00093796,hotel,38.2,settled-1.1-facts,2026-10-04,0,overture-places@2026-09-23.1,cdla-permissive-2.0
ov:7ad92625-5267-4523-81f1-85e2dc8edf21,"Xalli, Ometepe Beach Hotel",https://journeyed.org/hotel/xalli-ometepe-beach-hotel-downey-7ad926/,"12058 Lakewood Blvd, Downey, CA 90242-2659",Downey,CA,90242-2659,US,33.92662,-118.13028,+15628033474,http://www.xallihotel.com/,hotel,40,settled-1.1-facts,2026-10-04,1,overture-places@2026-09-23.1,cdla-permissive-2.0
ov:7ae4b902-0a50-4124-9f07-cb9b86fb110e,Hotel Antonio,https://journeyed.org/hotel/hotel-antonio-los-angeles-7ae4b9/,"229 N Soto St, Los Angeles, CA 90033-2914",Los Angeles,CA,90033-2914,US,34.045972,-118.208778,,https://www.antoniohotella.com,lodging,29,settled-1.1-facts,2026-10-04,5,overture-places@2026-09-23.1,cdla-permissive-2.0
ov:7aeb2bf9-bbdf-4b74-be4f-7e01ed37cded,Courtyard by Marriott Los Angeles Baldwin Park,https://journeyed.org/hotel/courtyard-by-marriott-los-angeles-baldwin-park-baldwin-park-7aeb2b/,"14635 Baldwin Park Towne Center, Baldwin Park, CA 91706",Baldwin Park,CA,91706,US,34.0717288,-117.9567021,+16269626000,https://www.marriott.com/en-us/hotels/laxbp-courtyard-los-angeles-baldwin-park/overview/?scid=d2406702-e8ea-4b45-bb9b-69cddaaef03d,hotel,39.9,settled-1.1-facts,2026-10-04,1,overture-places@2026-09-23.1,cdla-permissive-2.0
ov:7b01bca2-f8ee-4b44-9181-c733e8d1573a,Courtyard By Marriott,https://journeyed.org/hotel/courtyard-by-marriott-santa-ana-7b01bc/,"8 MacArthur Place, Santa Ana, CA 92707",Santa Ana,CA,92707,US,33.6992558,-117.8659279,+17146689993,https://www.marriott.com/en-us/hotels/snaog-courtyard-santa-ana-orange-county/overview/?scid=d2406702-e8ea-4b45-bb9b-69cddaaef03d,hotel,39,settled-1.1-facts,2026-10-04,1,overture-places@2026-09-23.1,cdla-permissive-2.0
ov:7b2e87cb-9c29-4a40-aff9-c2710b9caa52,Alexander Hotel,https://journeyed.org/hotel/alexander-hotel-los-angeles-7b2e87/,"731 Main St, Los Angeles, CA 90014",Los Angeles,CA,90014,US,34.0434389,-118.2522917,+16263836796,,hotel,29.3,settled-1.1-facts,2026-10-04,14,overture-places@2026-09-23.1,cdla-permissive-2.0
ov:7b5dc283-a571-4c1f-ad7b-b6e1a42583f2,Tarzana Inn,https://journeyed.org/hotel/tarzana-inn-tarzana-7b5dc2/,"19170 Ventura Blvd, Tarzana, CA 91356-3111",Tarzana,CA,91356-3111,US,34.172381,-118.5510311,+18183459410,http://tarzanainn.com/,hotel,65.9,settled-1.1-facts,2026-10-04,14,overture-places@2026-09-23.1,cdla-permissive-2.0
ov:7ba77e0e-74d8-41d4-9259-a365373cc9ca,Capistrano Surfside Inn,https://journeyed.org/hotel/capistrano-surfside-inn-dana-point-7ba77e/,"Dana Point, CA",Dana Point,CA,,US,33.4589237,-117.6727929,+19492407681,http://www.capistranosurfsideinn.com/,hotel,21.6,settled-1.1-facts,2026-10-04,0,overture-places@2026-09-23.1,cdla-permissive-2.0
ov:7bb727db-8e34-4d48-bbbf-17285e624a49,Candlewood Suites Lax Hawthorne By Ihg,https://journeyed.org/hotel/candlewood-suites-lax-hawthorne-by-ihg-hawthorne-7bb727/,"11410 Hawthorne Blvd, Hawthorne, CA 90250-2312",Hawthorne,CA,90250-2312,US,33.930477,-118.352246,+13109733331,https://www.ihg.com,hotel,39.9,settled-1.1-facts,2026-10-04,9,overture-places@2026-09-23.1,cdla-permissive-2.0
ov:7be7967b-428f-4614-b696-cae94116364a,Kawada Hotel,https://journeyed.org/hotel/kawada-hotel-los-angeles-7be796/,"200 S Hill St, Los Angeles, CA 90012",Los Angeles,CA,90012,US,34.0528316,-118.2478642,+12136214455,http://www.kawadahotel.com/,hotel,55.4,settled-1.1-facts,2026-10-04,49,overture-places@2026-09-23.1,cdla-permissive-2.0
ov:7bf2cb22-eac5-49ba-a282-74c806ce62b1,Hotel Metropolitan Long Beach,https://journeyed.org/hotel/hotel-metropolitan-long-beach-long-beach-7bf2cb/,"505 E Broadway, Long Beach, CA 90802",Long Beach,CA,90802,US,33.7694131,-118.1861544,+15627604445,http://hotelmetropolitanlb.com/?fbclid=IwAR1uYFIfFIRqEXvE6d0R1ZmA_VxRXpMMUFHwTfW64MjDJ0ss6eQw6wrHR6A,hotel,45.9,settled-1.1-facts,2026-10-04,4,overture-places@2026-09-23.1,cdla-permissive-2.0
ov:7c0cb81b-67b4-436b-b894-ccdac9e014b9,Courtyard by Marriott Anaheim Theme Park Entrance,https://journeyed.org/hotel/courtyard-by-marriott-anaheim-theme-park-entrance-anaheim-7c0cb8/,"1420 S Harbor Blvd, Anaheim, CA 92802",Anaheim,CA,92802,US,33.8121319,-117.9139692,+17142541442,https://www.marriott.com/en-us/hotels/snadt-courtyard-anaheim-theme-park-entrance/overview/?scid=d2406702-e8ea-4b45-bb9b-69cddaaef03d,hotel,41,settled-1.1-facts,2026-10-04,9,overture-places@2026-09-23.1,cdla-permissive-2.0
ov:7c1385ab-751f-4c45-b3b7-b4c60178a2b4,Studio Plus,https://journeyed.org/hotel/studio-plus-los-angeles-7c1385/,"1015 Crocker St Ste R01, Los Angeles, CA 90021",Los Angeles,CA,90021,US,34.0417802,-118.2440799,+12137491026,http://studioplus.com,hotel,40.4,settled-1.1-facts,2026-10-04,12,overture-places@2026-09-23.1,cdla-permissive-2.0
ov:7c1799f0-1767-4e2f-aa9b-47d146d80368,Ramada,https://journeyed.org/hotel/ramada-canoga-park-7c1799/,"7132 De Soto Ave, Canoga Park, CA 91303-2208",Canoga Park,CA,91303-2208,US,34.1999039,-118.5878862,+18183469499,https://www.wyndhamhotels.com,hotel,37.9,settled-1.1-facts,2026-10-04,0,overture-places@2026-09-23.1,cdla-permissive-2.0
ov:7c19f2cd-5c09-4e15-abc3-bd02705f0d29,Huntington Beach Inn,https://journeyed.org/hotel/huntington-beach-inn-huntington-beach-7c19f2/,"800 Pacific Coast Hwy, Huntington Beach, CA 92648-5036",Huntington Beach,CA,92648-5036,US,33.659868,-118.005247,+17145367500,https://www.huntingtonbeachinn.com,hotel,65.2,settled-1.1-facts,2026-10-04,17,overture-places@2026-09-23.1,cdla-permissive-2.0
ov:7c5d3157-21ba-45df-92db-cca524f464e5,Hyatt Regency Los Angeles International Airport,https://journeyed.org/hotel/hyatt-regency-los-angeles-international-airport-los-angeles-7c5d31/,"6225 W Century Blvd, Los Angeles, CA 90045",Los Angeles,CA,90045,US,33.9460245,-118.3954562,+14247021234,https://www.hyatt.com/hyatt-regency/en-US/laxla-hyatt-regency-los-angeles-international-airport,hotel,40.3,settled-1.1-facts,2026-10-04,5,overture-places@2026-09-23.1,cdla-permissive-2.0
ov:7c682c21-8c6a-4e00-9cf0-54d7fd7610e6,Hotel Indigo Los Angeles Downtown,https://journeyed.org/hotel/hotel-indigo-los-angeles-downtown-los-angeles-7c682c/,"899 Francisco St, Los Angeles, CA 90017",Los Angeles,CA,90017,US,34.0473985,-118.2646799,+12132328800,https://www.ihg.com/hotelindigo/hotels/us/en/los-angeles/laxfs/hoteldetail?cm_mmc=FacebookMaps-_-IN-_-US-_-LAXFS,hotel,41,settled-1.1-facts,2026-10-04,16,overture-places@2026-09-23.1,cdla-permissive-2.0
ov:7c695b1e-59b1-48a5-9b9d-90d6ab2ecaa8,Hotel 414 Anaheim,https://journeyed.org/hotel/hotel-414-anaheim-anaheim-7c695b/,"414 W Ball Rd, Anaheim, CA 92805",Anaheim,CA,92805,US,33.8176781,-117.9134376,+17145332570,http://www.hotel414anaheim.com/,motel,55.4,settled-1.1-facts,2026-10-04,40,overture-places@2026-09-23.1,cdla-permissive-2.0
ov:7cb66115-f302-41c4-86bf-aba82b9b8ce8,Motel 6 Canoga Park- Ca,https://journeyed.org/hotel/motel-6-canoga-park-ca-canoga-park-7cb661/,"7132 De Soto Ave, Canoga Park, CA 91303",Canoga Park,CA,91303,US,34.2002297,-118.5884581,+18188836666,,resort,26.2,settled-1.1-facts,2026-10-04,0,overture-places@2026-09-23.1,cdla-permissive-2.0
ov:7cb6b517-47a4-4c07-b4ff-add3133244b7,Travelodge Inn and Suites by Wyndham Bell Los Angeles Area,https://journeyed.org/hotel/travelodge-inn-and-suites-by-wyndham-bell-los-angeles-area-bell-7cb6b5/,"6600 Atlantic Ave, Bell, CA 90201",Bell,CA,90201,US,33.9760758,-118.1868717,+13237718888,http://www.travelodgeinnbell.com/,hotel,72.3,settled-1.1-facts,2026-10-04,38,overture-places@2026-09-23.1,cdla-permissive-2.0
ov:7ce8de34-4aa1-4b9a-99b4-9726966dda0f,Economy Motel,https://journeyed.org/hotel/economy-motel-los-angeles-7ce8de/,"10924 S Broadway, Los Angeles, CA 90061-2022",Los Angeles,CA,90061-2022,US,33.93669,-118.277865,+13237774377,https://expedia.com,motel,25.2,settled-1.1-facts,2026-10-04,0,overture-places@2026-09-23.1,cdla-permissive-2.0
ov:7d053e91-96d1-4527-a9db-c01b16ef28a8,Airport Park View Hotel,https://journeyed.org/hotel/airport-park-view-hotel-inglewood-7d053e/,"3900 W Century Blvd, Inglewood, CA 90303-1012",Inglewood,CA,90303-1012,US,33.945137,-118.34201,,,lodging,19.7,settled-1.1-facts,2026-10-04,12,overture-places@2026-09-23.1,cdla-permissive-2.0
ov:7d06db17-04f6-4ce3-bab2-171f2fd9fb65,Extended Stay America,https://journeyed.org/hotel/extended-stay-america-burbank-7d06db/,"2200 W Empire Ave, Burbank, CA 91504-3405",Burbank,CA,91504-3405,US,34.1902088,-118.3343122,+18185670952,https://www.extendedstayamerica.com/,hotel,39.1,settled-1.1-facts,2026-10-04,2,overture-places@2026-09-23.1,cdla-permissive-2.0
ov:7d1c500d-5bc8-436e-804e-cffef590c00b,Travelodge Inn & Suites,https://journeyed.org/hotel/travelodge-inn-and-suites-anaheim-7d1c50/,"1057 W Ball Rd, Anaheim, CA 92802",Anaheim,CA,92802,US,33.8184871,-117.9233104,+17147747600,http://www.travelodgedisneyland.com/,motel,70,settled-1.1-facts,2026-10-04,62,overture-places@2026-09-23.1,cdla-permissive-2.0
ov:7d262b03-afb0-4da9-9047-58f80a23ac55,Sweet Life Guest Home,https://journeyed.org/hotel/sweet-life-guest-home-los-angeles-7d262b/,"1461 Woodbury Dr, Los Angeles, CA 90710",Los Angeles,CA,90710,US,33.814327,-118.3028832,+13103456252,,hotel,25.7,settled-1.1-facts,2026-10-04,0,overture-places@2026-09-23.1,cdla-permissive-2.0
ov:7d273ae3-ceb5-4c54-8bd2-2eee099cf069,Hotel marruecos,https://journeyed.org/hotel/hotel-marruecos-alhambra-7d273a/,"369 W Main St, Alhambra, CA 91801-3483",Alhambra,CA,91801-3483,US,34.09361,-118.13095,+16264571702,https://hotelesenmarruecos.com/,hotel,41.1,settled-1.1-facts,2026-10-04,3,overture-places@2026-09-23.1,cdla-permissive-2.0
ov:7d51309c-f1cd-4ba3-a0e2-0aef6c7cc1a8,Baltimore Hotel,https://journeyed.org/hotel/baltimore-hotel-los-angeles-7d5130/,"501 S Los Angeles St, Los Angeles, CA 90013-1419",Los Angeles,CA,90013-1419,US,34.045977,-118.247978,+12134622875,https://www.healthyhousingfoundation.net/california-locations,hotel,41,settled-1.1-facts,2026-10-04,12,overture-places@2026-09-23.1,cdla-permissive-2.0
ov:7d768ba4-f019-49b2-bbb1-20e73f49a94b,Vibe Hotel Hollywood,https://journeyed.org/hotel/vibe-hotel-hollywood-los-angeles-7d768b/,"5922 Hollywood Blvd, Los Angeles, CA 90028",Los Angeles,CA,90028,US,34.1013796,-118.3188432,+13234698600,http://www.VibeHotel.com/,hostel,40.8,settled-1.1-facts,2026-10-04,11,overture-places@2026-09-23.1,cdla-permissive-2.0
ov:7d77ab62-4c8b-4129-83f3-8091262accd7,Stuart Hotel,https://journeyed.org/hotel/stuart-hotel-los-angeles-7d77ab/,"718 S Union Ave, Los Angeles, CA 90017",Los Angeles,CA,90017,US,34.0532623,-118.2713956,+12134138100,http://www.stuarthotel-losangeles.us,hotel,54.9,settled-1.1-facts,2026-10-04,53,overture-places@2026-09-23.1,cdla-permissive-2.0
ov:7d8e89ef-080e-442c-8fa2-328010d6e04f,Royal Santa Monica Motel,https://journeyed.org/hotel/royal-santa-monica-motel-los-angeles-7d8e89/,"10811 Santa Monica Blvd, Los Angeles, CA 90025",Los Angeles,CA,90025,US,34.0504725,-118.435435,+13104753536,http://www.santamonica.com,motel,39.7,settled-1.1-facts,2026-10-04,4,overture-places@2026-09-23.1,cdla-permissive-2.0
ov:7d99994e-55e0-43dd-a174-aaccd0ab60e9,Montage Laguna Beach,https://journeyed.org/hotel/montage-laguna-beach-laguna-beach-7d9999/,"30801 Coast Hwy, Laguna Beach, CA 92651",Laguna Beach,CA,92651,US,33.5150876,-117.7572149,+18662716953,http://www.Montage.com/LagunaBeach,beach_resort,42,settled-1.1-facts,2026-10-04,0,overture-places@2026-09-23.1,cdla-permissive-2.0
ov:7da942d4-ef53-47ad-8f45-1fb3ae64a34a,Papageno Resort,https://journeyed.org/hotel/papageno-resort-laguna-beach-7da942/,"295 Broadway St, Laguna Beach, CA 92651-1806",Laguna Beach,CA,92651-1806,US,33.54418,-117.78377,+19494947414,https://www.papagenoresort.com,hotel,18.3,settled-1.1-facts,2026-10-04,0,overture-places@2026-09-23.1,cdla-permissive-2.0
ov:7ddfc4d4-8b34-4fb9-9ad3-9abc48aa917b,Plaza Inn Motel,https://journeyed.org/hotel/plaza-inn-motel-rosemead-7ddfc4/,"3029 San Gabriel Blvd, Rosemead, CA 91770",Rosemead,CA,91770,US,34.0636456,-118.090995,,https://plazainnmotelrosemead.com/,motel,52.5,settled-1.1-facts,2026-10-04,33,overture-places@2026-09-23.1,cdla-permissive-2.0
ov:7de0911e-74e1-4645-94bc-9e39c98052d4,Days Inn by Wyndham Anaheim West,https://journeyed.org/hotel/days-inn-by-wyndham-anaheim-west-anaheim-7de091/,"1030 W Ball Rd, Anaheim, CA 92802",Anaheim,CA,92802,US,33.8175657,-117.9226093,+17145200101,https://www.wyndhamhotels.com/days-inn/anaheim-california/days-inn-anaheim-west/overview?CID=LC:DI::BING:RIO:National:04175&iata=00093796,resort,41,settled-1.1-facts,2026-10-04,9,overture-places@2026-09-23.1,cdla-permissive-2.0
ov:7dea8ceb-3bf8-4f7a-8640-7cc7ca707d6c,Alsace Hotel Los Angeles,https://journeyed.org/hotel/alsace-hotel-los-angeles-los-angeles-7dea8c/,"5170 W Adams Blvd, Los Angeles, CA 90016",Los Angeles,CA,90016,US,34.0323825,-118.3550027,+14243055400,https://www.alsacehotella.com/?utm_medium=organic&utm_source=yext&utm_campaign=website,resort,38.8,settled-1.1-facts,2026-10-04,2,overture-places@2026-09-23.1,cdla-permissive-2.0
ov:7dfd26a1-72ea-4308-80be-24e5a0e35084,Courtyard by Marriott Marina del Rey,https://journeyed.org/hotel/courtyard-by-marriott-marina-del-rey-marina-del-rey-7dfd26/,"4360 Via Marina, Marina Del Rey, CA 90292",Marina Del Rey,CA,90292,US,33.9744127,-118.4577227,+13104392908,https://www.marriott.com/hotels/travel/laxci-courtyard-los-angeles-marina-del-rey-tahiti-way/?scid=5d6c9ba8-fdb3-45cd-90d4-fc3cbfe3681c&y_source=1_MTcwMjUwOTktNTU5LWxvY2F0aW9uLndlYnNpdGU%3D,hotel,40.6,settled-1.1-facts,2026-10-04,9,overture-places@2026-09-23.1,cdla-permissive-2.0
ov:7e6c2682-f0e8-4385-8d99-61ce823349a5,Pasadena Gateway Villas,https://journeyed.org/hotel/pasadena-gateway-villas-pasadena-7e6c26/,"290 N Hudson Ave, Pasadena, CA 91101",Pasadena,CA,91101,US,34.1509779,-118.1340506,+16263959701,,resort,28.9,settled-1.1-facts,2026-10-04,3,overture-places@2026-09-23.1,cdla-permissive-2.0
ov:7e751b73-d264-40d3-a043-ac1e93a64aeb,Sumner Inn,https://journeyed.org/hotel/sumner-inn-avalon-7e751b/,"317 Sumner Ave, Avalon, CA 90704",Avalon,CA,90704,US,33.3419923,-118.3279962,+13105691805,,inn,14.8,settled-1.1-facts,2026-10-04,0,overture-places@2026-09-23.1,cdla-permissive-2.0
ov:7e7c813d-5fd1-49db-8f2e-c2ab0525454e,Days Inn Of Thousand Oaks,https://journeyed.org/hotel/days-inn-of-thousand-oaks-thousand-oaks-7e7c81/,"1320 Newbury Rd, Thousand Oaks, CA 91320-3607",Thousand Oaks,CA,91320-3607,US,34.1826519,-118.9094364,+18054995910,https://www.wyndhamhotels.com,hotel,35.2,settled-1.1-facts,2026-10-04,0,overture-places@2026-09-23.1,cdla-permissive-2.0
ov:7e7e3213-e314-4676-b7db-f7baa3edac10,Madison Hotel,https://journeyed.org/hotel/madison-hotel-los-angeles-7e7e32/,"423 E 7th St, Los Angeles, CA 90014",Los Angeles,CA,90014,US,34.0417339,-118.247695,+12135828923,https://www.healthyhousingfoundation.net/california-locations/,hotel,45.5,settled-1.1-facts,2026-10-04,22,overture-places@2026-09-23.1,cdla-permissive-2.0
ov:7eeba602-37bc-408c-b26d-4f126a7ff2cd,Hampton Inn & Suites Palmdale,https://journeyed.org/hotel/hampton-inn-and-suites-palmdale-palmdale-7eeba6/,"39428 Trade Center Dr, Palmdale, CA 93551",Palmdale,CA,93551,US,34.599751,-118.1423698,+16612657400,http://hamptoninn3.hilton.com/en/hotels/california/hampton-inn-and-suites-palmdale-PDLCAHX/index.html,hotel,26.5,settled-1.1-facts,2026-10-04,0,overture-places@2026-09-23.1,cdla-permissive-2.0
ov:7ef2c990-3c1e-4c33-9c2d-b2ed9f18fae5,Best Western Plus Redondo Beach Inn,https://journeyed.org/hotel/best-western-plus-redondo-beach-inn-redondo-beach-7ef2c9/,"1850 S Pacific Coast Hwy, Redondo Beach, CA 90277",Redondo Beach,CA,90277,US,33.8166487,-118.3790131,+13105403700,https://www.bestwestern.com/en_US/book/hotel-rooms.05406.html?iata=00171890&ssob=BLBWI0003G&cid=BLBWI0003G%3Ayext%3Awebsite%3A05406,hotel,38.8,settled-1.1-facts,2026-10-04,2,overture-places@2026-09-23.1,cdla-permissive-2.0
ov:7efb9c6c-376f-434c-aed5-a14d66c12e7a,Courtyard Los Angeles Lax/el Segundo,https://journeyed.org/hotel/courtyard-los-angeles-lax-el-segundo-el-segundo-7efb9c/,"2000 E Mariposa Ave, El Segundo, CA 90245-5027",El Segundo,CA,90245-5027,US,33.923008,-118.391571,,https://courtyard-los-angeles-lax-el-segundo-hotel.booked.net,lodging,29.4,settled-1.1-facts,2026-10-04,5,overture-places@2026-09-23.1,cdla-permissive-2.0
ov:7f04636d-824a-4cdd-8701-f79d46a2a145,Holiday Inn,https://journeyed.org/hotel/holiday-inn-west-covina-7f0463/,"3223 E Garvey Ave N, West Covina, CA 91791",West Covina,CA,91791,US,34.0727378,-117.8757517,+16269668311,https://www.ihg.com/holidayinn/hotels/us/en/west-covina/laxwc/hoteldetail?cm_mmc=FacebookMaps-_-HI-_-US-_-LAXWC,hotel,39.5,settled-1.1-facts,2026-10-04,1,overture-places@2026-09-23.1,cdla-permissive-2.0
ov:7f0dd1bc-4cab-484c-a513-0f0a6888c9da,Parkside Inn Anaheim,https://journeyed.org/hotel/parkside-inn-anaheim-anaheim-7f0dd1/,"2123 W Lincoln Ave #5602, Anaheim, CA 92801",Anaheim,CA,92801,US,33.8328289,-117.9556975,+17145358446,https://www.parksideinnanaheim.com/,hotel,62.1,settled-1.1-facts,2026-10-04,48,overture-places@2026-09-23.1,cdla-permissive-2.0
ov:7f155623-dafc-4bc2-a7da-3ce8f7c205e0,Tampico Motel,https://journeyed.org/hotel/tampico-motel-pico-rivera-7f1556/,"9337 Telegraph Rd, Pico Rivera, CA 90660",Pico Rivera,CA,90660,US,33.9567078,-118.1033408,+15629497390,,motel,27,settled-1.1-facts,2026-10-04,1,overture-places@2026-09-23.1,cdla-permissive-2.0
ov:7f1dffd9-06d8-4b37-8508-13c309d1d8d0,El Rancho Motel,https://journeyed.org/hotel/el-rancho-motel-pasadena-7f1dff/,"3853 E Colorado Blvd, Pasadena, CA 91107",Pasadena,CA,91107,US,34.1475211,-118.069282,+16267950573,http://www.elranchola.com,hotel,38.7,settled-1.1-facts,2026-10-04,2,overture-places@2026-09-23.1,cdla-permissive-2.0
ov:7f4b74a8-60fb-4567-9d3d-6bffcce5d462,King Junior Hotel,https://journeyed.org/hotel/king-junior-hotel-los-angeles-7f4b74/,"1194 E 35th St, Los Angeles, CA 90011",Los Angeles,CA,90011,US,34.0118871,-118.2542823,+13232335574,http://kingjuniorhotel.placeweb.site,hotel,38.6,settled-1.1-facts,2026-10-04,5,overture-places@2026-09-23.1,cdla-permissive-2.0
ov:7f4c292e-0031-429e-be87-88a5b4f7b3bf,Vegas Motel,https://journeyed.org/hotel/vegas-motel-los-angeles-7f4c29/,"11733 S Vermont Ave, Los Angeles, CA 90044",Los Angeles,CA,90044,US,33.926928,-118.2921821,+13234180526,,motel,26.7,settled-1.1-facts,2026-10-04,0,overture-places@2026-09-23.1,cdla-permissive-2.0
ov:7f509dc1-39f4-42de-8a72-c0229c6f8163,Santa Ana Plaza Hotel,https://journeyed.org/hotel/santa-ana-plaza-hotel-santa-ana-7f509d/,"1600 E 1st St, Santa Ana, CA 92701-6317",Santa Ana,CA,92701-6317,US,33.7451894,-117.8464621,,,lodging,18.1,settled-1.1-facts,2026-10-04,2,overture-places@2026-09-23.1,cdla-permissive-2.0
ov:7f5868da-4b79-4647-bfc3-515f7f377ead,Magnolia Tree Hotel,https://journeyed.org/hotel/magnolia-tree-hotel-anaheim-7f5868/,"2176 S Harbor Blvd, Anaheim, CA 92802",Anaheim,CA,92802,US,33.7935548,-117.91454,+17147502020,http://www.magnoliatreehotel.com/,hotel,64.9,settled-1.1-facts,2026-10-04,54,overture-places@2026-09-23.1,cdla-permissive-2.0
ov:7f7913fc-cfd8-4912-99ee-344b80fc2ed4,Luxe Rodeo Drive Hotel,https://journeyed.org/hotel/luxe-rodeo-drive-hotel-beverly-hills-7f7913/,"360 N Rodeo Dr, Beverly Hills, CA 90210-5106",Beverly Hills,CA,90210-5106,US,34.069033,-118.402278,,https://luxerodeo.com,lodging,31.3,settled-1.1-facts,2026-10-04,5,overture-places@2026-09-23.1,cdla-permissive-2.0
ov:7f7c0bc1-5010-4cc9-8756-def15ea34e66,Best Western Golden Sails Hotel,https://journeyed.org/hotel/best-western-golden-sails-hotel-torrance-7f7c0b/,"23545 Crenshaw Blvd, Torrance, CA 90505-5201",Torrance,CA,90505-5201,US,33.811687,-118.328374,+15625961631,https://www.tdy-perdiem.com,hotel,26.9,settled-1.1-facts,2026-10-04,2,overture-places@2026-09-23.1,cdla-permissive-2.0
ov:7f8a1a61-c627-4a90-8e47-a6c569757d78,Sonesta Redondo Beach & Marina,https://journeyed.org/hotel/sonesta-redondo-beach-and-marina-redondo-beach-7f8a1a/,"300 N Harbor Dr #200, Redondo Beach, CA 90277",Redondo Beach,CA,90277,US,33.8454897,-118.3925431,+13103188888,https://www.sonesta.com/us/california/redondo-beach/sonesta-redondo-beach-marina,hotel,40.9,settled-1.1-facts,2026-10-04,4,overture-places@2026-09-23.1,cdla-permissive-2.0
ov:7fbc4b74-db27-4b00-ab51-0739c4e41521,Winnetka Inn,https://journeyed.org/hotel/winnetka-inn-winnetka-7fbc4b/,"20112 Saticoy St, Winnetka, CA 91306-2507",Winnetka,CA,91306-2507,US,34.208185,-118.571516,,,lodging,14.8,settled-1.1-facts,2026-10-04,0,overture-places@2026-09-23.1,cdla-permissive-2.0
ov:7fc198ca-c3de-4683-b93a-8e3ed3bed83c,Clarendon Hotel,https://journeyed.org/hotel/clarendon-hotel-huntington-park-7fc198/,"2462 Clarendon Ave, Huntington Park, CA 90255",Huntington Park,CA,90255,US,33.9834809,-118.2285145,+13238356865,http://clarendonhotelhuntingtonpark.com/,hotel,35.5,settled-1.1-facts,2026-10-04,0,overture-places@2026-09-23.1,cdla-permissive-2.0
ov:7fed65c6-27a9-4acf-a697-23b714c53f84,"Studio 6 Los Angeles, CA - Commerce",https://journeyed.org/hotel/studio-6-los-angeles-ca-commerce-commerce-7fed65/,"7701 E Slauson Ave, Commerce, CA 90040",Commerce,CA,90040,US,33.9759428,-118.125998,+13237285165,https://www.motel6.com/content/g6/en/home/motels.ca.commerce.5122.html?lid=Local_Milestone_5122&travelAgentNumber=TA001305&corporatePlusNumber=CP792N5W&utm_source=bing%20places&utm_medium=listing&utm_campaign=visit%20website,hotel,39.3,settled-1.1-facts,2026-10-04,1,overture-places@2026-09-23.1,cdla-permissive-2.0
ov:8009a4ed-98b5-4a7a-bee7-6886469be736,Arroyo del Sol Clothing Optional Bed and Breakfast,https://journeyed.org/hotel/arroyo-del-sol-clothing-optional-bed-and-breakfast-pasadena-8009a4/,"556 S Fair Oaks Ave, Pasadena, CA 91105-2656",Pasadena,CA,91105-2656,US,34.136013,-118.150218,+18662688852,http://www.ArroyoDelSol.net/,hotel,40.1,settled-1.1-facts,2026-10-04,3,overture-places@2026-09-23.1,cdla-permissive-2.0
ov:803d45bf-49d6-4688-9066-7403d75f6c7c,Abby’s Anaheimer Inn,https://journeyed.org/hotel/abbys-anaheimer-inn-anaheim-803d45/,"1201 W Katella Ave, Anaheim, CA 92802",Anaheim,CA,92802,US,33.8037801,-117.928683,+17142154515,http://www.abbysanaheimerinn.com,hotel,40.7,settled-1.1-facts,2026-10-04,8,overture-places@2026-09-23.1,cdla-permissive-2.0
ov:80424117-b865-42d6-9c02-b151aa7f41fe,Lax Airport Hotel,https://journeyed.org/hotel/lax-airport-hotel-inglewood-804241/,"107 W Juniper St, Inglewood, CA 90302",Inglewood,CA,90302,US,33.9708144,-118.3582662,+13106748821,http://labreahotel.placeweb.site,hotel,39.9,settled-1.1-facts,2026-10-04,8,overture-places@2026-09-23.1,cdla-permissive-2.0
ov:805f8812-baee-490a-8453-06d00c1fcf46,Legacy Inn & Suites,https://journeyed.org/hotel/legacy-inn-and-suites-garden-grove-805f88/,"12550 Lampson Ave, Garden Grove, CA 92840",Garden Grove,CA,92840,US,33.7815007,-117.9140775,+17147488990,http://www.legacyinngardengrove.com,hotel,44.3,settled-1.1-facts,2026-10-04,30,overture-places@2026-09-23.1,cdla-permissive-2.0
ov:80c8f075-47a8-4362-9fb3-92a332610f8d,Stile Downtown Los Angeles By Kasa,https://journeyed.org/hotel/stile-downtown-los-angeles-by-kasa-los-angeles-80c8f0/,"929 S Broadway, Los Angeles, CA 90015-1609",Los Angeles,CA,90015-1609,US,34.0420554,-118.2568548,+16504513444,https://www.kasa.com,hotel,40.7,settled-1.1-facts,2026-10-04,16,overture-places@2026-09-23.1,cdla-permissive-2.0
ov:80ca001d-17d9-4a37-b987-76d8e6428021,Sportsmen's Lodge,https://journeyed.org/hotel/sportsmens-lodge-studio-city-80ca00/,"12825 Ventura Blvd, Studio City, CA 91604",Studio City,CA,91604,US,34.1460371,-118.4120994,+18187694700,http://www.sportsmenslodge.com,hotel,40.1,settled-1.1-facts,2026-10-04,1,overture-places@2026-09-23.1,cdla-permissive-2.0
ov:811705d0-e8e5-4d1d-a62e-2d7f7fe7e702,Hill Crest Inn,https://journeyed.org/hotel/hill-crest-inn-north-hills-811705/,"9111 Sepulveda Blvd, North Hills, CA 91343-3920",North Hills,CA,91343-3920,US,34.2360697,-118.4686363,+18188949335,,motel,24.4,settled-1.1-facts,2026-10-04,0,overture-places@2026-09-23.1,cdla-permissive-2.0
ov:81420d5e-205b-49df-b267-925d718c0c2a,Hotel Europa,https://journeyed.org/hotel/hotel-europa-huntington-beach-81420d/,"7561 Center Ave Ste 46, Huntington Beach, CA 92647",Huntington Beach,CA,92647,US,33.7351034,-117.996569,+17149038898,http://www.hoteleuropahuntington.com,motel,38.9,settled-1.1-facts,2026-10-04,1,overture-places@2026-09-23.1,cdla-permissive-2.0
ov:815a815e-b138-47c5-b888-b4aea190c64f,"Cameo Beverly Hills, LXR Hotels & Resorts",https://journeyed.org/hotel/cameo-beverly-hills-lxr-hotels-and-resorts-los-angeles-815a81/,"1224 Beverwil Dr, Los Angeles, CA 90035",Los Angeles,CA,90035,US,34.0553172,-118.3985263,+13102772800,https://www.facebook.com/p/Mr-C-Miami-Coconut-Grove-100076291687801/,hotel,28.5,settled-1.1-facts,2026-10-04,5,overture-places@2026-09-23.1,cdla-permissive-2.0
ov:8163bb14-2bca-4cba-bd77-c1ad627d3a11,Hotel Pacific Garden,https://journeyed.org/hotel/hotel-pacific-garden-gardena-8163bb/,"1625 W 158th St, Gardena, CA 90247",Gardena,CA,90247,US,33.8877011,-118.3051785,+13105325200,http://www.hotelpg.com/,hotel,69.4,settled-1.1-facts,2026-10-04,40,overture-places@2026-09-23.1,cdla-permissive-2.0
ov:81aa31a1-5aab-4af3-88b2-9a5ee4fa5624,Village Inn Motel,https://journeyed.org/hotel/village-inn-motel-los-angeles-81aa31/,"7833 Lankershim Blvd, Los Angeles, CA 91605",Los Angeles,CA,91605,US,34.2131537,-118.3880882,+18187646007,http://villageinnmotel.com,motel,38.6,settled-1.1-facts,2026-10-04,1,overture-places@2026-09-23.1,cdla-permissive-2.0
ov:81b63c3a-abb9-4261-956a-545c136e5144,Glendora Motel,https://journeyed.org/hotel/glendora-motel-glendora-81b63c/,"330 W Rte 66, Glendora, CA 91740",Glendora,CA,91740,US,34.1285221,-117.8685172,+16269143211,http://glendoramotel.us/,motel,67.4,settled-1.1-facts,2026-10-04,9,overture-places@2026-09-23.1,cdla-permissive-2.0
ov:81c5bc36-7a34-4e89-b70b-3a761297db51,Fullerton Lodge,https://journeyed.org/hotel/fullerton-lodge-fullerton-81c5bc/,"815 S Harbor Blvd, Fullerton, CA 92832-3022",Fullerton,CA,92832-3022,US,33.862945,-117.924614,+17148713833,,hotel,28.9,settled-1.1-facts,2026-10-04,1,overture-places@2026-09-23.1,cdla-permissive-2.0
ov:81c65e09-5326-4675-9e37-56a1de1f96a9,"Motel 6 Whittier, CA - Los Angeles",https://journeyed.org/hotel/motel-6-whittier-ca-los-angeles-whittier-81c65e/,"8221 Pioneer Blvd, Whittier, CA 90606",Whittier,CA,90606,US,33.9695387,-118.0814007,+15626929101,https://www.motel6.com/content/g6/en/home/motels.ca.whittier.252.html?lid=Local_Milestone_252&travelAgentNumber=TA001305&corporatePlusNumber=CP792N5W&utm_source=bing%20places&utm_medium=listing&utm_campaign=visit%20website,hotel,37.3,settled-1.1-facts,2026-10-04,0,overture-places@2026-09-23.1,cdla-permissive-2.0
ov:81d6d4f8-2b08-4308-87b5-0afef114495c,Annes Motel,https://journeyed.org/hotel/annes-motel-los-angeles-81d6d4/,"1755 S La Cienega Blvd, Los Angeles, CA 90035",Los Angeles,CA,90035,US,34.0456001,-118.3768822,+13108375173,https://annes-motel.stayin.us,motel,38.6,settled-1.1-facts,2026-10-04,2,overture-places@2026-09-23.1,cdla-permissive-2.0
ov:81dda88c-0fff-498a-9906-24ce52d9967d,Luminosa Montezuma Hostel,https://journeyed.org/hotel/luminosa-montezuma-hostel-tustin-81dda8/,"17245 17th St, Tustin, CA 92780-1974",Tustin,CA,92780-1974,US,33.76013,-117.82883,+17145057777,https://www.luminosamontezumahostel.com/,hotel,40,settled-1.1-facts,2026-10-04,1,overture-places@2026-09-23.1,cdla-permissive-2.0
ov:81f1cfb9-dddf-44ec-b48c-8013de91ca64,Hyatt Regency Westlake,https://journeyed.org/hotel/hyatt-regency-westlake-westlake-village-81f1cf/,"880 S Westlake Blvd, Westlake Village, CA 91361-2905",Westlake Village,CA,91361-2905,US,34.155073,-118.8251451,+18055571234,http://westlake.regency.hyatt.com/,hotel,39.6,settled-1.1-facts,2026-10-04,1,overture-places@2026-09-23.1,cdla-permissive-2.0
ov:82382043-b0fd-4dc2-9edf-4d1d499135d2,Sonesta Simply Suites Garden Grove Anaheim,https://journeyed.org/hotel/sonesta-simply-suites-garden-grove-anaheim-garden-grove-823820/,"12901 Garden Grove Blvd., Garden Grove, CA 92843",Garden Grove,CA,92843,US,33.7741,-117.9412,,https://www.sonesta.com/sonesta-simply-suites/ca/garden-grove/sonesta-simply-suites-anaheim,hotel,31.1,settled-1.1-facts,2026-10-04,4,overture-places@2026-09-23.1,cdla-permissive-2.0
ov:8277ca2b-2190-4980-9edd-d2d197c50447,Alamo Inn and Suites,https://journeyed.org/hotel/alamo-inn-and-suites-anaheim-8277ca/,"1140 W Katella Ave, Anaheim, CA 92802-2805",Anaheim,CA,92802-2805,US,33.803119,-117.9261117,+17146358070,https://www.thealamoinn.com/?utm_source=facebook&utm_medium=organic&utm_campaign=facebook_listing,hotel,65.2,settled-1.1-facts,2026-10-04,62,overture-places@2026-09-23.1,cdla-permissive-2.0
ov:827f6449-6903-4a30-a98a-422b19a93842,Eagle Rock Motel,https://journeyed.org/hotel/eagle-rock-motel-los-angeles-827f64/,"7041 N Figueroa St, Los Angeles, CA 90042",Los Angeles,CA,90042,US,34.1303818,-118.1886934,+13232565106,http://www.eaglerockmotel.com/,motel,37.8,settled-1.1-facts,2026-10-04,1,overture-places@2026-09-23.1,cdla-permissive-2.0
ov:82b7bffc-b0c7-40e9-9128-c81675365b84,The Moment Hotel,https://journeyed.org/hotel/the-moment-hotel-los-angeles-82b7bf/,"7370 W Sunset Blvd, Los Angeles, CA 90046-3411",Los Angeles,CA,90046-3411,US,34.0976825,-118.3516182,+13238225030,http://themomenthotel.com/,hotel,74.4,settled-1.1-facts,2026-10-04,85,overture-places@2026-09-23.1,cdla-permissive-2.0
ov:82c9481c-42cf-45e7-a0f0-e8156a187bb7,Quality Inn Lomita,https://journeyed.org/hotel/quality-inn-lomita-lomita-82c948/,"2037 Pacific Coast Hwy, Lomita, CA 90717",Lomita,CA,90717,US,33.7898805,-118.3158163,+13106026073,https://www.choicehotels.com/california/lomita/quality-inn-hotels/cae98?pmf=yext&mc=llyxyxpx,hotel,36.1,settled-1.1-facts,2026-10-04,0,overture-places@2026-09-23.1,cdla-permissive-2.0
ov:82fb7903-e280-41fc-a45a-9545d2b4b0a1,Travel Plaza Inn,https://journeyed.org/hotel/travel-plaza-inn-compton-82fb79/,"1116 S Long Beach Blvd, Compton, CA 90221-4451",Compton,CA,90221-4451,US,33.8855725,-118.2058979,+13107639700,https://travelplazainn.com,hotel,39.4,settled-1.1-facts,2026-10-04,1,overture-places@2026-09-23.1,cdla-permissive-2.0
ov:8309cb43-75b9-4220-bf69-a232e2f3e51f,Van Nuys Soul,https://journeyed.org/hotel/van-nuys-soul-van-nuys-8309cb/,"14303 Sylvan St, Van Nuys, CA 91401",Van Nuys,CA,91401,US,34.1848301,-118.4445584,+16504887992,,hostel,29.4,settled-1.1-facts,2026-10-04,1,overture-places@2026-09-23.1,cdla-permissive-2.0
ov:8310ce47-7dd9-46d7-9f0a-e691b0c928e1,Town House Motel,https://journeyed.org/hotel/town-house-motel-lynwood-8310ce/,"12425 Long Beach Blvd, Lynwood, CA 90262",Lynwood,CA,90262,US,33.9142273,-118.2096072,+13106388678,http://www.thetownhousemotel.com,motel,39,settled-1.1-facts,2026-10-04,1,overture-places@2026-09-23.1,cdla-permissive-2.0
ov:83bdd7c7-fa76-4de5-abd1-d5cd0d53fc9b,South Park Hotel,https://journeyed.org/hotel/south-park-hotel-los-angeles-83bdd7/,"830 S Olive St, Los Angeles, CA 90014-3006",Los Angeles,CA,90014-3006,US,34.04429,-118.25741,+12136272800,https://www.southpark.la/,hotel,40.9,settled-1.1-facts,2026-10-04,16,overture-places@2026-09-23.1,cdla-permissive-2.0
ov:83d3a45e-741a-426c-944b-5a0578a760ac,Corona Motel,https://journeyed.org/hotel/corona-motel-north-hollywood-83d3a4/,"11727 Saticoy St, North Hollywood, CA 91605-2833",North Hollywood,CA,91605-2833,US,34.208825,-118.388822,+18187647311,,lodging,27.1,settled-1.1-facts,2026-10-04,1,overture-places@2026-09-23.1,cdla-permissive-2.0
ov:8431f491-233b-4c92-b8b5-1416807ad37d,Rio Palace Motor Inn,https://journeyed.org/hotel/rio-palace-motor-inn-los-angeles-8431f4/,"10424 S Broadway, Los Angeles, CA 90003",Los Angeles,CA,90003,US,33.9411392,-118.2778591,+13234736471,http://www.riomotorpalaceinn.com,motel,36.6,settled-1.1-facts,2026-10-04,0,overture-places@2026-09-23.1,cdla-permissive-2.0
ov:84538097-8519-46ce-86a6-fd757f36c2a3,Commonwealth Airport Inn,https://journeyed.org/hotel/commonwealth-airport-inn-buena-park-845380/,"8180 Commonwealth Ave, Buena Park, CA 90621",Buena Park,CA,90621,US,33.8696643,-117.9907435,+17142281007,http://www.commonwealthairportinn.com/,hotel,41,settled-1.1-facts,2026-10-04,2,overture-places@2026-09-23.1,cdla-permissive-2.0
ov:84ae0a34-955d-4de4-bba1-1dc34d81ff70,The Venice Beach House,https://journeyed.org/hotel/the-venice-beach-house-los-angeles-84ae0a/,"15 30th Ave, Los Angeles, CA 90291",Los Angeles,CA,90291,US,33.9799256,-118.4669778,+13108231966,https://www.venicebeachhouse.com/,bed_and_breakfast,70.5,settled-1.1-facts,2026-10-04,38,overture-places@2026-09-23.1,cdla-permissive-2.0
ov:84c3c0e1-21ca-4f20-9593-7a5998d2fe17,Atrium Hotel,https://journeyed.org/hotel/atrium-hotel-irvine-84c3c0/,"18700 MacArthur Blvd, Irvine, CA 92612",Irvine,CA,92612,US,33.6758987,-117.8604725,+19498332770,http://atriumhotel.com/,hotel,74.8,settled-1.1-facts,2026-10-04,31,overture-places@2026-09-23.1,cdla-permissive-2.0
ov:84c69b09-ed0b-4bca-abba-e75462e504a8,Park Plaza Lodge,https://journeyed.org/hotel/park-plaza-lodge-los-angeles-84c69b/,"6001 W 3rd St, Los Angeles, CA 90036-3141",Los Angeles,CA,90036-3141,US,34.070257,-118.3514259,+13239311501,http://www.parkplazalodge.com,hotel,40.9,settled-1.1-facts,2026-10-04,9,overture-places@2026-09-23.1,cdla-permissive-2.0
ov:84f6a16c-cdce-4950-9589-183600f4e0c2,Adina Apartment Hotel Darling Harbour,https://journeyed.org/hotel/adina-apartment-hotel-darling-harbour-city-of-industry-84f6a1/,"1600 S Azusa Ave, City of Industry, CA 91748-1602",City of Industry,CA,91748-1602,US,33.9936767,-117.9275267,+16269653632,https://www.adinahotels.com/en/apartments/sydney-darling-harbour/?promo_code=BOOKDIRECT&utm_source=googleplaces&utm_medium=organic&utm_campaign=googleplaces&utm_content=adina-sydney-darling-harbour&utm_term=plcid_14622289696154102665,hotel,37.7,settled-1.1-facts,2026-10-04,0,overture-places@2026-09-23.1,cdla-permissive-2.0
ov:851ab0da-8a80-4ffc-ad05-91e98b29acb7,Hyatt House Irvine/John Wayne Airport,https://journeyed.org/hotel/hyatt-house-irvine-john-wayne-airport-irvine-851ab0/,"2320 Main St, Irvine, CA 92614",Irvine,CA,92614,US,33.6833565,-117.8466459,+19499364280,http://irvinejohnwayneairport.house.hyatt.com/,hotel,39.4,settled-1.1-facts,2026-10-04,1,overture-places@2026-09-23.1,cdla-permissive-2.0
ov:851db821-a933-493b-9c16-5c7a5c17569e,Homewood Suites by Hilton Aliso Viejo - Laguna Beach,https://journeyed.org/hotel/homewood-suites-by-hilton-aliso-viejo-laguna-beach-aliso-viejo-851db8/,"110 Vantis Dr, Aliso Viejo, CA 92656",Aliso Viejo,CA,92656,US,33.580522,-117.7294224,+19494259500,https://www.hilton.com/en/hotels/snaavhw-homewood-suites-aliso-viejo-laguna-beach/,hotel,34.2,settled-1.1-facts,2026-10-04,0,overture-places@2026-09-23.1,cdla-permissive-2.0
ov:85235f19-9b94-4de9-a15f-858ec9c684f1,Hotel Fera,https://journeyed.org/hotel/hotel-fera-orange-85235f/,"100 The City Dr S, Orange, CA 92868",Orange,CA,92868,US,33.788139,-117.8918685,+17146344500,https://www.hilton.com/en/hotels/snaccdt-hotel-fera-anaheim,hotel,39.9,settled-1.1-facts,2026-10-04,9,overture-places@2026-09-23.1,cdla-permissive-2.0
ov:85259ede-a61d-4431-9afa-4153ae65af5e,Americas Best Value Inn Thousand Oaks,https://journeyed.org/hotel/americas-best-value-inn-thousand-oaks-thousand-oaks-85259e/,"2850 Camino Dos Rios, Thousand Oaks, CA 91320",Thousand Oaks,CA,91320,US,34.189774,-118.9368691,+18054992414,https://www.sonesta.com/americas-best-value-inn/ca/newbury-park/americas-best-value-inn-thousand-oaks,motel,32.7,settled-1.1-facts,2026-10-04,0,overture-places@2026-09-23.1,cdla-permissive-2.0
ov:852bbc17-5981-4967-9708-832dc7a582bc,Pride Hotel,https://journeyed.org/hotel/pride-hotel-torrance-852bbc/,"1806 Cabrillo Ave, Torrance, CA 90501-3626",Torrance,CA,90501-3626,US,33.829462,-118.313929,+13103209747,https://www.pridehotel.com,hotel,39,settled-1.1-facts,2026-10-04,2,overture-places@2026-09-23.1,cdla-permissive-2.0
ov:856162da-1f5f-4f00-a90c-8b46fa055edb,The Aqua Courtyard Suites,https://journeyed.org/hotel/the-aqua-courtyard-suites-pasadena-856162/,"1299 E Green St Ste 100, Pasadena, CA 91106",Pasadena,CA,91106,US,34.1447134,-118.1234479,+16263725477,http://www.theaquasuites.com,hotel,59.1,settled-1.1-facts,2026-10-04,14,overture-places@2026-09-23.1,cdla-permissive-2.0
ov:856ce086-07d6-4334-88a1-cffdea28bb8f,Hotel Lynwood,https://journeyed.org/hotel/hotel-lynwood-lynwood-856ce0/,"3304 Mulford Ave, Lynwood, CA 90262",Lynwood,CA,90262,US,33.9273306,-118.2102861,+13106354754,http://hotellynwood1.placeweb.site,hotel,37.8,settled-1.1-facts,2026-10-04,0,overture-places@2026-09-23.1,cdla-permissive-2.0
ov:8582da3c-a0a2-49e7-bd30-01a8e530e45d,Residence Inn,https://journeyed.org/hotel/residence-inn-marina-del-rey-8582da/,"4360 Via Marina, Marina del Rey, CA 90292",Marina del Rey,CA,90292,US,33.9745478,-118.4578035,+13104392908,https://www.marriott.com/en-us/hotels/laxma-residence-inn-marina-del-rey/overview/?scid=d2406702-e8ea-4b45-bb9b-69cddaaef03d,hotel,40.6,settled-1.1-facts,2026-10-04,9,overture-places@2026-09-23.1,cdla-permissive-2.0
ov:85d88139-ca3c-4e6b-bca9-afc2c3e5ac41,Sherman Way Biltmore,https://journeyed.org/hotel/sherman-way-biltmore-los-angeles-85d881/,"17910 Sherman Way, Los Angeles, CA 91335",Los Angeles,CA,91335,US,34.2008733,-118.5234461,+18183429624,http://skmanagement.com,hotel,34.9,settled-1.1-facts,2026-10-04,0,overture-places@2026-09-23.1,cdla-permissive-2.0
ov:85de7610-b272-46a6-9966-0eec30cfae92,Harper West Hollywood,https://journeyed.org/hotel/harper-west-hollywood-west-hollywood-85de76/,"1250 N Harper Ave, West Hollywood, CA 90046-3942",West Hollywood,CA,90046-3942,US,34.0933843,-118.368775,+13238488211,http://www.twitter.com/harperweho,hotel,29.7,settled-1.1-facts,2026-10-04,8,overture-places@2026-09-23.1,cdla-permissive-2.0
ov:8606a81f-a259-4020-94c9-9215592af768,"Dream Hollywood, by Hyatt",https://journeyed.org/hotel/dream-hollywood-by-hyatt-los-angeles-8606a8/,"6417 Selma Ave, Los Angeles, CA 90028",Los Angeles,CA,90028,US,34.099911,-118.3301363,+13238446417,https://bio.site/DreamHollywood,hotel,41.1,settled-1.1-facts,2026-10-04,11,overture-places@2026-09-23.1,cdla-permissive-2.0
ov:86370a61-9177-4653-8567-eda49805d4c3,Forty First Place - Boutique Hostel,https://journeyed.org/hotel/forty-first-place-boutique-hostel-los-angeles-86370a/,"615 W 41st Pl, Los Angeles, CA 90037",Los Angeles,CA,90037,US,34.0079978,-118.2847255,+17473023669,https://www.fortyfirstplace.com/,hostel,40.8,settled-1.1-facts,2026-10-04,5,overture-places@2026-09-23.1,cdla-permissive-2.0
ov:86a63458-aa90-4b82-a79e-0b7c103b31dc,Time Zone Hostel,https://journeyed.org/hotel/time-zone-hostel-los-angeles-86a634/,"6600 Lexington Ave, Los Angeles, CA 90038",Los Angeles,CA,90038,US,34.0923105,-118.3333999,+18666251829,https://timezonehostel.com,hostel,40.4,settled-1.1-facts,2026-10-04,11,overture-places@2026-09-23.1,cdla-permissive-2.0
ov:86aaf313-cedf-48df-8b31-558db89a1bfe,Coast Burbank Hotel,https://journeyed.org/hotel/coast-burbank-hotel-burbank-86aaf3/,"2011 West Olive Ave, Burbank, CA 91506",Burbank,CA,91506,US,34.165026,-118.32583,+18188457800,https://www.coasthotels.com,hotel,39.8,settled-1.1-facts,2026-10-04,3,overture-places@2026-09-23.1,cdla-permissive-2.0
ov:86bd34b2-e75e-4951-b967-669801f26e9c,Hollywood Inn,https://journeyed.org/hotel/hollywood-inn-glendale-86bd34/,"1722 Victory Blvd, Glendale, CA 91201",Glendale,CA,91201,US,34.1616844,-118.3011549,+18182427052,https://victory-motel-inn-glendale.booked.net,motel,39.4,settled-1.1-facts,2026-10-04,1,overture-places@2026-09-23.1,cdla-permissive-2.0
ov:86e4182e-28c4-42e1-b335-6e12d677b897,Hotel June Malibu,https://journeyed.org/hotel/hotel-june-malibu-malibu-86e418/,"28920 Pacific Coast Hwy, Malibu, CA 90265",Malibu,CA,90265,US,34.0210916,-118.8017271,+14246440517,http://www.thenativehotel.com/,hotel,30.6,settled-1.1-facts,2026-10-04,0,overture-places@2026-09-23.1,cdla-permissive-2.0
ov:86f3f4f4-269b-4b46-b55c-89768e1feb09,Hotel Le Reve Pasadena,https://journeyed.org/hotel/hotel-le-reve-pasadena-pasadena-86f3f4/,"3321 E Colorado Blvd, Pasadena, CA 91107",Pasadena,CA,91107,US,34.1464857,-118.0828617,+16267969291,http://www.hotellerevepasadena.com,hotel,72.2,settled-1.1-facts,2026-10-04,18,overture-places@2026-09-23.1,cdla-permissive-2.0
ov:87310c85-f703-4670-9795-806aa81926ea,Graziadio Executive Center,https://journeyed.org/hotel/graziadio-executive-center-malibu-87310c/,"24255 Pacific Coast Hwy, Malibu, CA 90263",Malibu,CA,90263,US,34.046684,-118.7144498,+13105061100,http://www.villagraziadio.com,hotel,57.4,settled-1.1-facts,2026-10-04,5,overture-places@2026-09-23.1,cdla-permissive-2.0
ov:8733562b-0618-440e-85ac-c414a354e279,Town House Motel,https://journeyed.org/hotel/town-house-motel-van-nuys-873356/,"6957 Sepulveda Blvd, Van Nuys, CA 91405",Van Nuys,CA,91405,US,34.1973204,-118.466611,+18187828800,http://www.townhouselancaster.com,hotel,39.6,settled-1.1-facts,2026-10-04,1,overture-places@2026-09-23.1,cdla-permissive-2.0
ov:87532bd7-c7c6-421f-ba1d-bbc7492d53f0,Courtyard by Marriott Culver City Los Angeles,https://journeyed.org/hotel/courtyard-by-marriott-culver-city-los-angeles-culver-city-87532b/,"6333 Bristol Pkwy, Culver City, CA 90230",Culver City,CA,90230,US,33.9817482,-118.3923411,+13104847000,https://www.marriott.com/en-us/hotels/laxcv-courtyard-los-angeles-westside/overview,hotel,39.2,settled-1.1-facts,2026-10-04,6,overture-places@2026-09-23.1,cdla-permissive-2.0
ov:875643d5-9296-4c08-aba6-9e430bb253f1,Stanford Hotel,https://journeyed.org/hotel/stanford-hotel-wilmington-875643/,"903 Lakme Ave, Wilmington, CA 90744-4627",Wilmington,CA,90744-4627,US,33.78157,-118.259583,+13108309682,,hotel,25.8,settled-1.1-facts,2026-10-04,1,overture-places@2026-09-23.1,cdla-permissive-2.0
ov:87637571-2cb2-4bb0-9034-15f0bc6a85ea,La 그린하우스 호스텔,https://journeyed.org/hotel/la-los-angeles-876375/,"1021 S Union Ave, Los Angeles, CA 90015-2024",Los Angeles,CA,90015-2024,US,34.048567,-118.274773,+12137039155,,hotel,28.9,settled-1.1-facts,2026-10-04,17,overture-places@2026-09-23.1,cdla-permissive-2.0
ov:8766cb14-323e-4f0b-9c11-ee44fa34c830,Grand Legacy At The Park,https://journeyed.org/hotel/grand-legacy-at-the-park-anaheim-8766cb/,"1650 S Harbor Blvd, Anaheim, CA 92802-2314",Anaheim,CA,92802-2314,US,33.80753,-117.915069,+17147720440,http://www.thefifthoc.com/,hotel,40.7,settled-1.1-facts,2026-10-04,10,overture-places@2026-09-23.1,cdla-permissive-2.0
ov:8793d5d3-11cd-4bac-846b-24bd316c7950,The Hotel Olympic,https://journeyed.org/hotel/the-hotel-olympic-los-angeles-8793d5/,"8755 W Olympic Blvd, Los Angeles, CA 90035",Los Angeles,CA,90035,US,34.0595853,-118.3827066,,,hotel,18.2,settled-1.1-facts,2026-10-04,6,overture-places@2026-09-23.1,cdla-permissive-2.0
ov:879e61a7-1ab1-443d-ad94-c4ef5077f62c,Re Tan Hotel,https://journeyed.org/hotel/re-tan-hotel-los-angeles-879e61/,"1732 Whitley Ave, Los Angeles, CA 90028-4809",Los Angeles,CA,90028-4809,US,34.102637,-118.33321,+13234629257,http://healthyhousingfoundation.net/,hotel,40.9,settled-1.1-facts,2026-10-04,13,overture-places@2026-09-23.1,cdla-permissive-2.0
ov:87af6e9f-d8b0-4144-96cb-41080ce0ece4,Motel 6 Los Angeles- Ca - Downtown,https://journeyed.org/hotel/motel-6-los-angeles-ca-downtown-los-angeles-87af6e/,"906 S Alvarado St, Los Angeles, CA 90006",Los Angeles,CA,90006,US,34.0530557,-118.2789792,+12133883138,,resort,28.4,settled-1.1-facts,2026-10-04,14,overture-places@2026-09-23.1,cdla-permissive-2.0
ov:87d2c8b3-0a22-42a6-bd0d-7bf59f554eff,Hotel Solerios,https://journeyed.org/hotel/hotel-solerios-marina-del-rey-87d2c8/,"4170 Del Rey Ave, Marina del Rey, CA 90292-5604",Marina del Rey,CA,90292-5604,US,33.98745,-118.44398,+18004633339,http://www.solerios.com/,hotel,40.4,settled-1.1-facts,2026-10-04,9,overture-places@2026-09-23.1,cdla-permissive-2.0
ov:88110aed-2b01-4abf-af67-24d9b2802ab4,Sunset West Hotel,https://journeyed.org/hotel/sunset-west-hotel-los-angeles-88110a/,"7212 W Sunset Blvd, Los Angeles, CA 90046-3406",Los Angeles,CA,90046-3406,US,34.0978914,-118.347485,+13238746700,http://saharanhotel.com/,hotel,40.8,settled-1.1-facts,2026-10-04,13,overture-places@2026-09-23.1,cdla-permissive-2.0
ov:88396385-f9b1-48d1-b904-18c62c5c3f21,Cambria Hotel,https://journeyed.org/hotel/cambria-hotel-burbank-883963/,"3501 N San Fernando Blvd, Burbank, CA 91505",Burbank,CA,91505,US,34.2054288,-118.3495082,+18183517157,http://linktr.ee/cambriaburbank,hotel,40.5,settled-1.1-facts,2026-10-04,1,overture-places@2026-09-23.1,cdla-permissive-2.0
ov:8841969d-4915-407d-b30b-e9934043e063,Cherry Motel,https://journeyed.org/hotel/cherry-motel-signal-hill-884196/,"2701 Pacific Coast Hwy, Signal Hill, CA 90755",Signal Hill,CA,90755,US,33.7899209,-118.1601199,+15624941050,http://cherrymotel.placeweb.site,motel,38.5,settled-1.1-facts,2026-10-04,1,overture-places@2026-09-23.1,cdla-permissive-2.0
ov:8864af49-c6e5-4119-9bb6-acdd4c4869e7,Royal Century Hotel,https://journeyed.org/hotel/royal-century-hotel-inglewood-8864af/,"4330 W Century Blvd, Inglewood, CA 90304",Inglewood,CA,90304,US,33.9450128,-118.3515604,+13106732400,http://rch7.com,hotel,40.7,settled-1.1-facts,2026-10-04,11,overture-places@2026-09-23.1,cdla-permissive-2.0
ov:887f9b8c-2285-456d-ba8b-2a97c36465af,UCLA Guest House,https://journeyed.org/hotel/ucla-guest-house-los-angeles-887f9b/,"330 Charles E Young Dr E, Los Angeles, CA 90095",Los Angeles,CA,90095,US,34.074535,-118.438526,+13108252923,http://www.hotels.ucla.edu,hotel,40.7,settled-1.1-facts,2026-10-04,6,overture-places@2026-09-23.1,cdla-permissive-2.0
ov:88886fb1-1972-4049-8eeb-949877e71e17,Hilton Woodland Hills,https://journeyed.org/hotel/hilton-woodland-hills-woodland-hills-88886f/,"6360 Canoga Ave, Woodland Hills, CA 91367-2501",Woodland Hills,CA,91367-2501,US,34.1861111,-118.5968401,+18185951000,https://www3.hilton.com/en/hotels/california/hilton-woodland-hills-los-angeles-BURWCHF/index.html,hotel,39.5,settled-1.1-facts,2026-10-04,1,overture-places@2026-09-23.1,cdla-permissive-2.0
ov:88a662eb-1e51-44fb-b4f1-fa9d6d25dbf0,Hilton Anaheim,https://journeyed.org/hotel/hilton-anaheim-anaheim-88a662/,"777 W Convention Way, Anaheim, CA 92802",Anaheim,CA,92802,US,33.8005608,-117.9179714,+17147504321,http://www.hiltonanaheimhotel.com/,hotel,41.2,settled-1.1-facts,2026-10-04,9,overture-places@2026-09-23.1,cdla-permissive-2.0
ov:88bb7940-24b0-40fd-8e14-4dd0dea02ec6,Rodeway Inn,https://journeyed.org/hotel/rodeway-inn-long-beach-88bb79/,"50 Atlantic Ave, Long Beach, CA 90802",Long Beach,CA,90802,US,33.7671663,-118.1846158,+15624358369,https://www.choicehotels.com/california/long-beach/rodeway-inn-hotels/ca340?mc=llyxyxpx,motel,40.9,settled-1.1-facts,2026-10-04,3,overture-places@2026-09-23.1,cdla-permissive-2.0
ov:88bdca3c-ddc6-4868-b63e-a451976f6ade,Hotel Carmel,https://journeyed.org/hotel/hotel-carmel-santa-monica-88bdca/,"201 Broadway, Santa Monica, CA 90401",Santa Monica,CA,90401,US,34.0139525,-118.4955142,+13104512469,https://hotelcarmel.com/?y_source=1_MTE4MzMzNTUtNDQwLWxvY2F0aW9uLndlYnNpdGU%3D,hotel,65.2,settled-1.1-facts,2026-10-04,31,overture-places@2026-09-23.1,cdla-permissive-2.0
ov:88c81cb8-4da8-4b51-9ff1-a63d18b6d1f9,Southern Motel,https://journeyed.org/hotel/southern-motel-south-gate-88c81c/,"9720 Long Beach Blvd, South Gate, CA 90280",South Gate,CA,90280,US,33.9471416,-118.216558,+13235671716,https://southern-motel-south-gate.booked.net,motel,36,settled-1.1-facts,2026-10-04,0,overture-places@2026-09-23.1,cdla-permissive-2.0
ov:88d1814d-d29a-4bbf-ae85-eeb2add43d04,Evergreen Inn,https://journeyed.org/hotel/evergreen-inn-covina-88d181/,"20022 E Arrow Hwy, Covina, CA 91724",Covina,CA,91724,US,34.1063913,-117.8628625,+16263318899,https://www.evergreeninncovina.com,motel,43.4,settled-1.1-facts,2026-10-04,4,overture-places@2026-09-23.1,cdla-permissive-2.0
ov:88d429c1-d430-4cbf-a6b1-83be4ba4e32b,Lark Motel,https://journeyed.org/hotel/lark-motel-compton-88d429/,"1013 S Atlantic Dr, Compton, CA 90221-4758",Compton,CA,90221-4758,US,33.887587,-118.1930711,+13106322221,https://larkmotel.com,hotel,38.5,settled-1.1-facts,2026-10-04,1,overture-places@2026-09-23.1,cdla-permissive-2.0
ov:88db19b5-1191-44c0-b182-777d6db7c0ea,Sonesta Simply Suites Orange County Airport,https://journeyed.org/hotel/sonesta-simply-suites-orange-county-airport-santa-ana-88db19/,"2600 Red Hill Ave, Santa Ana, CA 92705",Santa Ana,CA,92705,US,33.7068747,-117.8433283,+19492500404,https://www.sonesta.com/us/california/santa-ana/sonesta-simply-suites-orange-county-airport,resort,37.6,settled-1.1-facts,2026-10-04,1,overture-places@2026-09-23.1,cdla-permissive-2.0
ov:890223b7-7498-4429-87eb-35c6c409800f,Huntington Park Travel Inn,https://journeyed.org/hotel/huntington-park-travel-inn-huntington-park-890223/,"2786 E Florence Ave, Huntington Park, CA 90255-5747",Huntington Park,CA,90255-5747,US,33.9735076,-118.2202107,+13235888889,http://www.travelodge.com,hotel,35.5,settled-1.1-facts,2026-10-04,0,overture-places@2026-09-23.1,cdla-permissive-2.0
ov:891b6b1a-cdb6-44c5-b6d6-42de5d0f13fe,Residence Inn,https://journeyed.org/hotel/residence-inn-irvine-891b6b/,"2855 Main Street, Irvine, CA 92614",Irvine,CA,92614,US,33.6806412,-117.8369775,+19492612020,https://www.marriott.com/en-us/hotels/snaiv-residence-inn-irvine-john-wayne-airport-orange-county/overview/?scid=d2406702-e8ea-4b45-bb9b-69cddaaef03d,hotel,38.7,settled-1.1-facts,2026-10-04,1,overture-places@2026-09-23.1,cdla-permissive-2.0
ov:894a9991-6371-4dd5-af70-477bd01d0765,Ayres Suites Yorba Linda,https://journeyed.org/hotel/ayres-suites-yorba-linda-yorba-linda-894a99/,"22677 Oakcrest Cir, Yorba Linda, CA 92887",Yorba Linda,CA,92887,US,33.872341,-117.7411944,+17149218688,http://ayreshotels.com/ayres-suites-yorba-linda,hotel,28.6,settled-1.1-facts,2026-10-04,0,overture-places@2026-09-23.1,cdla-permissive-2.0
ov:896250a6-1ad1-410e-ab12-9f3f74045764,Del Mar Motel,https://journeyed.org/hotel/del-mar-motel-rosemead-896250/,"1605 Del Mar Ave, Rosemead, CA 91770",Rosemead,CA,91770,US,34.0485695,-118.0985699,+16262885900,https://www.delmarmotelrosemead.com,motel,38.8,settled-1.1-facts,2026-10-04,1,overture-places@2026-09-23.1,cdla-permissive-2.0
ov:8987c9a1-72aa-4261-8207-3abe00e12936,Hyatt Hotels & Resorts - Park Hyatt Los Angeles,https://journeyed.org/hotel/hyatt-hotels-and-resorts-park-hyatt-los-angeles-los-angeles-8987c9/,"2151 Avenue of the Stars, Los Angeles, CA 90067",Los Angeles,CA,90067,US,34.0541578,-118.4120829,+13102772777,http://www.intercontinentallosangeles.com/intercontinentallosangeles,hotel,41.1,settled-1.1-facts,2026-10-04,3,overture-places@2026-09-23.1,cdla-permissive-2.0
ov:89a827ad-83e0-41da-a85d-ad86092f6155,Fullerton Plaza Inn,https://journeyed.org/hotel/fullerton-plaza-inn-fullerton-89a827/,"1415 S Euclid St, Fullerton, CA 92832-3134",Fullerton,CA,92832-3134,US,33.85719,-117.9422,+17145787950,http://www.travelodge.com,hotel,39.7,settled-1.1-facts,2026-10-04,1,overture-places@2026-09-23.1,cdla-permissive-2.0
ov:89e248b4-62de-4dbe-806a-039e2faa2b71,Banana Bungalow West Hollywood Hotel & Hostel,https://journeyed.org/hotel/banana-bungalow-west-hollywood-hotel-and-hostel-los-angeles-89e248/,"603 N Fairfax Ave, Los Angeles, CA 90036",Los Angeles,CA,90036,US,34.0817706,-118.3618015,+13234692500,http://www.bananabungalows.com/,hostel,40.5,settled-1.1-facts,2026-10-04,10,overture-places@2026-09-23.1,cdla-permissive-2.0
ov:89e8c6fc-a93f-4c31-a2b2-f38a08a5f63e,Classic Motor Inn,https://journeyed.org/hotel/classic-motor-inn-los-angeles-89e8c6/,"6101 S Broadway, Los Angeles, CA 90003-1427",Los Angeles,CA,90003-1427,US,33.984027,-118.2785,+13237594055,http://classic-motor-inn.poi.place,motel,38.3,settled-1.1-facts,2026-10-04,2,overture-places@2026-09-23.1,cdla-permissive-2.0
ov:8a1720a9-85a6-4c38-bd10-42bebb7a7377,Le Méridien Pasadena Arcadia,https://journeyed.org/hotel/le-meridien-pasadena-arcadia-arcadia-8a1720/,"130 W Huntington Dr, Arcadia, CA 91007",Arcadia,CA,91007,US,34.1389641,-118.0367929,+16267776699,https://www.marriott.com/en-us/hotels/laxme-le-meridien-pasadena-arcadia/overview/?scid=d2406702-e8ea-4b45-bb9b-69cddaaef03d,hotel,41.1,settled-1.1-facts,2026-10-04,1,overture-places@2026-09-23.1,cdla-permissive-2.0
ov:8a2a9ff1-22f1-4d64-9017-82751b70a6b5,Studio 6,https://journeyed.org/hotel/studio-6-cypress-8a2a9f/,"5601 Lincoln Ave, Cypress, CA 90630",Cypress,CA,90630,US,33.8320877,-118.034991,+17149270478,http://staystudio6.com/,lodging,40.6,settled-1.1-facts,2026-10-04,2,overture-places@2026-09-23.1,cdla-permissive-2.0
ov:8a3fb1ba-b292-443f-868f-5472c1bca605,Frazier View Motel,https://journeyed.org/hotel/frazier-view-motel-frazier-park-8a3fb1/,"3237 Mt Pinos Way, Frazier Park, CA 93225",Frazier Park,CA,93225,US,34.8215927,-118.9408352,+16612895100,http://frazierviewmotel.com/,motel,26.5,settled-1.1-facts,2026-10-04,0,overture-places@2026-09-23.1,cdla-permissive-2.0
ov:8aa7cd3a-7660-45ea-8ad0-426dfacd2604,The Varden Hotel,https://journeyed.org/hotel/the-varden-hotel-long-beach-8aa7cd/,"335 Pacific Ave, Long Beach, CA 90802",Long Beach,CA,90802,US,33.7712123,-118.194014,+15624328950,http://www.thevardenhotel.com/,hotel,41.2,settled-1.1-facts,2026-10-04,3,overture-places@2026-09-23.1,cdla-permissive-2.0
ov:8ac74cca-7268-46fb-b4af-aa8b02a3d280,Los Angeles Inn and Suites,https://journeyed.org/hotel/los-angeles-inn-and-suites-los-angeles-8ac74c/,"11617 S Western Ave #5006, Los Angeles, CA 90047",Los Angeles,CA,90047,US,33.9279482,-118.3100537,+13237574535,https://www.losangelesinnlax.com,hotel,68.9,settled-1.1-facts,2026-10-04,53,overture-places@2026-09-23.1,cdla-permissive-2.0
ov:8ad71421-098c-441e-bab0-668203e2fb75,Crescent Inn,https://journeyed.org/hotel/crescent-inn-los-angeles-8ad714/,"1104 W Pacific Coast Hwy, Los Angeles, CA 90744",Los Angeles,CA,90744,US,33.7902901,-118.2764105,+13108309898,http://crescentinnca.com,motel,36.9,settled-1.1-facts,2026-10-04,0,overture-places@2026-09-23.1,cdla-permissive-2.0
ov:8ae39f59-9418-4d74-ba3e-b1965faa7d41,Ramada by Wyndham Hawthorne/LA Stadium,https://journeyed.org/hotel/ramada-by-wyndham-hawthorne-la-stadium-hawthorne-8ae39f/,"5250 W El Segundo Blvd, Hawthorne, CA 90250",Hawthorne,CA,90250,US,33.9160646,-118.3720885,+14242554745,https://www.wyndhamhotels.com/ramada/hawthorne-california/ramada-hawthorne-lax-la-stadium/overview,hotel,47.4,settled-1.1-facts,2026-10-04,26,overture-places@2026-09-23.1,cdla-permissive-2.0
ov:8aedd01d-f876-4276-8f4d-fe5a0c0668ab,Westlake Village Inn,https://journeyed.org/hotel/westlake-village-inn-westlake-village-8aedd0/,"31943 Agoura Rd, Westlake Village, CA 91361",Westlake Village,CA,91361,US,34.1486545,-118.8152865,+18188890230,http://www.westlakevillageinn.com/,hotel,60.1,settled-1.1-facts,2026-10-04,1,overture-places@2026-09-23.1,cdla-permissive-2.0
ov:8af2cbeb-fb70-45a0-b074-83637d8c4e51,City Center Motel,https://journeyed.org/hotel/city-center-motel-anaheim-8af2cb/,"610 N Anaheim Blvd, Anaheim, CA 92805",Anaheim,CA,92805,US,33.8411999,-117.9155435,+17145353788,http://ctcenterhotel.com,motel,38.6,settled-1.1-facts,2026-10-04,3,overture-places@2026-09-23.1,cdla-permissive-2.0
ov:8b05e971-619a-420c-9ddd-131b74caac3c,Vine Lodge Hotel,https://journeyed.org/hotel/vine-lodge-hotel-los-angeles-8b05e9/,"1818 Vine St, Los Angeles, CA 90028-5204",Los Angeles,CA,90028-5204,US,34.104569,-118.326396,+13234649661,https://lisashotel.weebly.com,hotel,41.2,settled-1.1-facts,2026-10-04,11,overture-places@2026-09-23.1,cdla-permissive-2.0
ov:8b17d550-b6fa-4c58-9532-3cf9a11b4311,Rodeway Inn & Suites,https://journeyed.org/hotel/rodeway-inn-and-suites-inglewood-8b17d5/,"3940 W Century Blvd, Inglewood, CA 90303",Inglewood,CA,90303,US,33.9449124,-118.3432885,+13106724570,https://www.choicehotels.com/california/inglewood/rodeway-inn-hotels/ca911?mc=llyxyxpx,motel,41.3,settled-1.1-facts,2026-10-04,12,overture-places@2026-09-23.1,cdla-permissive-2.0
ov:8b1a2db1-e008-4ec2-bcf7-3364cc081028,Sunrise Inn Gardena,https://journeyed.org/hotel/sunrise-inn-gardena-gardena-8b1a2d/,"15830 S Western Ave, Gardena, CA 90247",Gardena,CA,90247,US,33.8864223,-118.3088163,+18009477666,http://moonlightinnvermont.com,hotel,40.1,settled-1.1-facts,2026-10-04,1,overture-places@2026-09-23.1,cdla-permissive-2.0
ov:8b394344-1878-4e5a-a4c1-5654f3490591,Sonesta Simply Suites Orange County Airport,https://journeyed.org/hotel/sonesta-simply-suites-orange-county-airport-santa-ana-8b3943/,"2600 S. Red Hill Avenue, Santa Ana, CA 92705",Santa Ana,CA,92705,US,33.71294,-117.849693,,https://www.sonesta.com/sonesta-simply-suites/ca/santa-ana/sonesta-simply-suites-orange-county-airport,hotel,27.5,settled-1.1-facts,2026-10-04,1,overture-places@2026-09-23.1,cdla-permissive-2.0
ov:8b40d25c-e471-4d0e-9fa2-dcf52b35d3ac,Western Motel,https://journeyed.org/hotel/western-motel-gardena-8b40d2/,"15340 S Western Ave, Gardena, CA 90249",Gardena,CA,90249,US,33.8921664,-118.3087474,+14244441349,http://www.westernmotel.com,motel,39.8,settled-1.1-facts,2026-10-04,1,overture-places@2026-09-23.1,cdla-permissive-2.0
ov:8b4ffce1-8bf5-4b2d-ab61-2a9de1c1d290,Sunshine Motel,https://journeyed.org/hotel/sunshine-motel-long-beach-8b4ffc/,"3810 Long Beach Blvd, Long Beach, CA 90807-3312",Long Beach,CA,90807-3312,US,33.827103,-118.188825,+15624264095,,motel,26.5,settled-1.1-facts,2026-10-04,1,overture-places@2026-09-23.1,cdla-permissive-2.0
ov:8b532fc0-1efe-4215-bcf1-33d28c4e8574,Villa Brasil Motel,https://journeyed.org/hotel/villa-brasil-motel-los-angeles-8b532f/,"11740 W Washington Blvd, Los Angeles, CA 90066-5918",Los Angeles,CA,90066-5918,US,33.9992055,-118.4184212,+13108767789,https://www.villabrasilmotel.com,motel,43.9,settled-1.1-facts,2026-10-04,19,overture-places@2026-09-23.1,cdla-permissive-2.0
ov:8b6efc6c-813e-41eb-bccf-73d7fcfd8c6f,Astro Motel,https://journeyed.org/hotel/astro-motel-culver-city-8b6efc/,"3850 Sepulveda Blvd, Culver City, CA 90230",Culver City,CA,90230,US,34.0116607,-118.4158222,+13103983815,http://sterba.com,motel,39.5,settled-1.1-facts,2026-10-04,4,overture-places@2026-09-23.1,cdla-permissive-2.0
ov:8b91673d-5c0d-4675-af64-d881d76f6da0,Signature Inn,https://journeyed.org/hotel/signature-inn-anaheim-8b9167/,"2200 S Harbor Blvd, Anaheim, CA 92802-3517",Anaheim,CA,92802-3517,US,33.79271,-117.91416,+17147505211,https://www.sonesta.com/signature-inn/ca/anaheim/signature-anaheim-maingate,hotel,40.5,settled-1.1-facts,2026-10-04,9,overture-places@2026-09-23.1,cdla-permissive-2.0
ov:8b9d77c4-f941-435d-abbc-d6912c9d9c87,Anaheim Astoria Inn and Suites,https://journeyed.org/hotel/anaheim-astoria-inn-and-suites-anaheim-8b9d77/,"426 W Ball Rd, Anaheim, CA 92805",Anaheim,CA,92805,US,33.817824,-117.9137123,+17147743882,http://www.vantagehotels.com/hotel-details.cfm?idp=926&zmam=9999921&zmas=4&zmac=94&zmap=926,hotel,40.8,settled-1.1-facts,2026-10-04,9,overture-places@2026-09-23.1,cdla-permissive-2.0
ov:8ba642c1-affc-4b38-a17a-8b72b050cab1,The Mouse House,https://journeyed.org/hotel/the-mouse-house-fullerton-8ba642/,"1012 E Wilshire Ave, Fullerton, CA 92831-3858",Fullerton,CA,92831-3858,US,33.872294,-117.909105,+19494386687,http://www.mousehouseca.com/,hotel,39.7,settled-1.1-facts,2026-10-04,1,overture-places@2026-09-23.1,cdla-permissive-2.0
ov:8bb9fde9-4178-43d2-9e15-ae77ae1069f1,Exclusivo Inn and Suites,https://journeyed.org/hotel/exclusivo-inn-and-suites-lakewood-8bb9fd/,"11535 E Carson St, Lakewood, CA 90715",Lakewood,CA,90715,US,33.8316544,-118.087282,+15628600546,https://exclusivoinnandsuites.com,motel,38.2,settled-1.1-facts,2026-10-04,0,overture-places@2026-09-23.1,cdla-permissive-2.0
ov:8c2f6e34-8f5d-4a24-8007-40158d960a57,Monterey Motel,https://journeyed.org/hotel/monterey-motel-gardena-8c2f6e/,"13200 S Vermont Ave, Gardena, CA 90247-1805",Gardena,CA,90247-1805,US,33.912102,-118.291083,+13102170576,http://monterey-motel.poi.place,motel,38.3,settled-1.1-facts,2026-10-04,0,overture-places@2026-09-23.1,cdla-permissive-2.0
ov:8c331fb0-d39c-4228-a25e-5d5e5d863e42,H Hotel,https://journeyed.org/hotel/h-hotel-los-angeles-8c331f/,"3206 W 8th St, Los Angeles, CA 90005",Los Angeles,CA,90005,US,34.0577181,-118.2979662,+12133896711,http://hhotelslosangeles.com/,resort,40.7,settled-1.1-facts,2026-10-04,3,overture-places@2026-09-23.1,cdla-permissive-2.0
ov:8c48fec8-c2eb-4758-aa57-af04361fbf2e,Sahara Inn,https://journeyed.org/hotel/sahara-inn-los-angeles-8c48fe/,"323 W 40th Pl, Los Angeles, CA 90037",Los Angeles,CA,90037,US,34.0025144,-118.291892,+13232351904,https://sahara-inn-los-angeles.booked.net,motel,40.2,settled-1.1-facts,2026-10-04,4,overture-places@2026-09-23.1,cdla-permissive-2.0
ov:8c530e9c-3a3e-46d0-9cf5-a26f39147835,Los Angeles Guest Suites,https://journeyed.org/hotel/los-angeles-guest-suites-west-hollywood-8c530e/,"8711 Sherwood Dr, West Hollywood, CA 90069-5003",West Hollywood,CA,90069-5003,US,34.085005,-118.379948,+18006645663,http://www.losangelesguestsuites.com,hotel,45.3,settled-1.1-facts,2026-10-04,10,overture-places@2026-09-23.1,cdla-permissive-2.0
ov:8c625731-23db-4253-9629-cc1a17437c3b,Homewood Suites By Hilton Los Angeles Redondo Beach,https://journeyed.org/hotel/homewood-suites-by-hilton-los-angeles-redondo-beach-redondo-beach-8c6257/,"2430 Marine Ave, Redondo Beach, CA 90278-1103",Redondo Beach,CA,90278-1103,US,33.8918553,-118.3638207,+13105361209,https://www.hilton.com,lodging,37.3,settled-1.1-facts,2026-10-04,4,overture-places@2026-09-23.1,cdla-permissive-2.0
ov:8c7c26fe-54bd-445f-8743-7a97b4186d55,Disney Vacation Club at Downtown Disney District,https://journeyed.org/hotel/disney-vacation-club-at-downtown-disney-district-anaheim-8c7c26/,"1565 S Disneyland Dr, Anaheim, CA 92802-2324",Anaheim,CA,92802-2324,US,33.8071499,-117.9270813,+18885592580,https://disneyvacationclub.disney.go.com/preview-centers/california/?CMP=OKC-dlr_pl_439,hotel,40.6,settled-1.1-facts,2026-10-04,10,overture-places@2026-09-23.1,cdla-permissive-2.0
ov:8c8107d2-e571-42f2-b691-437a48e753d2,Glenridge Inn Glendale Pasadena,https://journeyed.org/hotel/glenridge-inn-glendale-pasadena-glendale-8c8107/,"1437 E Colorado St, Glendale, CA 91205-1511",Glendale,CA,91205-1511,US,34.143152,-118.232593,+18182468367,https://www.glenridgeinn.com,hotel,74.1,settled-1.1-facts,2026-10-04,40,overture-places@2026-09-23.1,cdla-permissive-2.0
ov:8c92cdab-ab33-4abd-b280-6ecdbe4b750e,Dare U Inn Motel,https://journeyed.org/hotel/dare-u-inn-motel-carson-8c92cd/,"17331 Main St, Carson, CA 90248",Carson,CA,90248,US,33.8733065,-118.2757628,+13103295488,https://dare-u-inn-ca.hub.biz,motel,39.7,settled-1.1-facts,2026-10-04,1,overture-places@2026-09-23.1,cdla-permissive-2.0
ov:8c9fc7d5-f63c-4753-85f3-7318b862859f,Clementine Hotel & Suites Anaheim,https://journeyed.org/hotel/clementine-hotel-and-suites-anaheim-anaheim-8c9fc7/,"1700 S Clementine St, Anaheim, CA 92802",Anaheim,CA,92802,US,33.8062872,-117.9091154,+17145333555,http://www.clementinehotel.com/,lodging,84,settled-1.1-facts,2026-10-04,75,overture-places@2026-09-23.1,cdla-permissive-2.0
ov:8cc0a394-54b0-4f9e-ab87-06b9b35bc498,Bel Age Hotel,https://journeyed.org/hotel/bel-age-hotel-west-hollywood-8cc0a3/,"1020 N San Vicente Blvd, West Hollywood, CA 90069-3802",West Hollywood,CA,90069-3802,US,34.089978,-118.385067,+13103587788,http://www.belagehotel.com,hotel,40.1,settled-1.1-facts,2026-10-04,8,overture-places@2026-09-23.1,cdla-permissive-2.0
ov:8cd81d8d-e3c6-486f-9bd7-314dec3c88c0,Villa Delle Stelle,https://journeyed.org/hotel/villa-delle-stelle-los-angeles-8cd81d/,"6087 Harold Way, Los Angeles, CA 90028",Los Angeles,CA,90028,US,34.0990161,-118.3217934,+13238768100,http://www.villadellestelle.com,hotel,41,settled-1.1-facts,2026-10-04,10,overture-places@2026-09-23.1,cdla-permissive-2.0
ov:8d2202b3-e0fb-4135-bf5b-278ab93b1838,Hollywood City Inn,https://journeyed.org/hotel/hollywood-city-inn-los-angeles-8d2202/,"1615 N Western Ave, Los Angeles, CA 90027",Los Angeles,CA,90027,US,34.1002939,-118.3093186,+13234692700,,resort,28.3,settled-1.1-facts,2026-10-04,10,overture-places@2026-09-23.1,cdla-permissive-2.0
ov:8d23b011-299b-44ca-a385-ffcf5a518208,Days Inn and Suites by Wyndham South Gate,https://journeyed.org/hotel/days-inn-and-suites-by-wyndham-south-gate-south-gate-8d23b0/,"8821 Garfield Ave, South Gate, CA 90280",South Gate,CA,90280,US,33.950221,-118.1656187,+15624500108,https://www.wyndhamhotels.com/days-inn/south-gate-california/days-inn-and-suites-south-gate/overview,hotel,43.9,settled-1.1-facts,2026-10-04,21,overture-places@2026-09-23.1,cdla-permissive-2.0
ov:8d73b624-337f-47a6-8eb4-92f653dc3cad,Ramada by Wyndham Marina del Rey,https://journeyed.org/hotel/ramada-by-wyndham-marina-del-rey-marina-del-rey-8d73b6/,"3130 Washington Blvd, Marina Del Rey, CA 90292",Marina Del Rey,CA,90292,US,33.989595,-118.449491,+13107739792,https://www.wyndhamhotels.com/ramada/marina-del-rey-california/ramada-marina-del-rey/overview?CID=LC:RA::BING:RIO:National:07996&iata=00093796,hotel,40.2,settled-1.1-facts,2026-10-04,8,overture-places@2026-09-23.1,cdla-permissive-2.0
ov:8d88535b-1255-42b4-82fe-d3a5069f9177,Travelodge Hotel At Lax,https://journeyed.org/hotel/travelodge-hotel-at-lax-los-angeles-8d8853/,"5547 W Century Blvd, Los Angeles, CA 90045-5913",Los Angeles,CA,90045-5913,US,33.94575,-118.377682,,https://www.travelodgelax.com,lodging,29.1,settled-1.1-facts,2026-10-04,8,overture-places@2026-09-23.1,cdla-permissive-2.0
ov:8d8f1cee-44e3-4386-a1bb-e859bb9dd15f,Tropicana Inn Motel,https://journeyed.org/hotel/tropicana-inn-motel-los-angeles-8d8f1c/,"5444 Fountain Ave, Los Angeles, CA 90029-1007",Los Angeles,CA,90029-1007,US,34.094663,-118.308307,+13234694999,,motel,28.1,settled-1.1-facts,2026-10-04,8,overture-places@2026-09-23.1,cdla-permissive-2.0
ov:8dd65159-c467-4861-90af-cb2272032153,"Inn at the Mission San Juan Capistrano, Autograph Collection",https://journeyed.org/hotel/inn-at-the-mission-san-juan-capistrano-autograph-collection-san-juan-8dd651/,"26907 Old Mission Rd, San Juan Capistrano, CA 92675",San Juan Capistrano,CA,92675,US,33.5019276,-117.6609457,+19495035700,https://www.marriott.com/en-us/hotels/snaak-inn-at-the-mission-san-juan-capistrano-autograph-collection/overview/?scid=d2406702-e8ea-4b45-bb9b-69cddaaef03d,hotel,26.5,settled-1.1-facts,2026-10-04,0,overture-places@2026-09-23.1,cdla-permissive-2.0
ov:8ded166d-9ba5-4af1-9eab-f1fefeffb1b6,Hotel Zessa,https://journeyed.org/hotel/hotel-zessa-santa-ana-8ded16/,"201 E MacArthur Blvd, Santa Ana, CA 92707-5776",Santa Ana,CA,92707-5776,US,33.7007179,-117.8662345,+17148253333,https://www.hilton.com/en/hotels/staocdt-hotel-zessa-orange-county-airport/?WT.mc_id=zAMEC0US1DT2OLS3fb4GeneralAwareness_Apr5Homepage6STAOCDT7EN8i151560,hotel,38.9,settled-1.1-facts,2026-10-04,1,overture-places@2026-09-23.1,cdla-permissive-2.0
ov:8e01319f-afdf-4962-96af-b8d4ff5d0986,Ocean Lodge Santa Monica Beach Hotel,https://journeyed.org/hotel/ocean-lodge-santa-monica-beach-hotel-santa-monica-8e0131/,"1667 Ocean Ave #1000, Santa Monica, CA 90401",Santa Monica,CA,90401,US,34.0102117,-118.4930893,+13104514146,http://www.oceanlodgehotel.com,hotel,50.8,settled-1.1-facts,2026-10-04,15,overture-places@2026-09-23.1,cdla-permissive-2.0
ov:8e4b5699-7ce6-4e47-bc08-c7438e70feba,Super 8 by Wyndham Inglewood LAX LA Airport,https://journeyed.org/hotel/super-8-by-wyndham-inglewood-lax-la-airport-inglewood-8e4b56/,"4238 W Century Blvd, Inglewood, CA 90304",Inglewood,CA,90304,US,33.9451398,-118.3496938,+13106720740,http://www.super8.com/,hotel,40.8,settled-1.1-facts,2026-10-04,11,overture-places@2026-09-23.1,cdla-permissive-2.0
ov:8e6b2c69-a1f6-4ff4-86d2-84321abb377a,Motel 6 Anaheim- Ca - Buena Park,https://journeyed.org/hotel/motel-6-anaheim-ca-buena-park-anaheim-8e6b2c/,"705 S Beach Blvd, Anaheim, CA 92804",Anaheim,CA,92804,US,33.8222729,-117.9934116,+17147614200,https://www.beachsideinnanaheim.com,resort,58.6,settled-1.1-facts,2026-10-04,46,overture-places@2026-09-23.1,cdla-permissive-2.0
ov:8e9a4fdb-ab98-496a-9ad4-be38d7ae837f,Hotel Royal,https://journeyed.org/hotel/hotel-royal-long-beach-8e9a4f/,"431 E Broadway, Long Beach, CA 90802",Long Beach,CA,90802,US,33.7695013,-118.1868724,+15622838755,https://www.hotelroyallb.com/,hotel,60.5,settled-1.1-facts,2026-10-04,12,overture-places@2026-09-23.1,cdla-permissive-2.0
ov:8eb51af1-9e6f-4534-9976-7e6ebd5802e6,Motel 6,https://journeyed.org/hotel/motel-6-santa-ana-8eb51a/,"1717 E Dyer Rd, Santa Ana, CA 92705",Santa Ana,CA,92705,US,33.708882,-117.8493389,+19493848671,http://www.motel6.com/,motel,37.7,settled-1.1-facts,2026-10-04,1,overture-places@2026-09-23.1,cdla-permissive-2.0
ov:8ec368d3-d314-44fa-8dbd-bb850073d417,Surf City Bed & Breakfast,https://journeyed.org/hotel/surf-city-bed-and-breakfast-huntington-beach-8ec368/,"15821 Sherbeck Ln, Huntington Beach, CA 92647",Huntington Beach,CA,92647,US,33.7323492,-118.010898,+17147940400,https://surfcitybedbreakfast.com/,bed_and_breakfast,38.1,settled-1.1-facts,2026-10-04,0,overture-places@2026-09-23.1,cdla-permissive-2.0
ov:8efefc5d-2ed0-4e07-9082-b7b2a6113363,Lambert Inn,https://journeyed.org/hotel/lambert-inn-whittier-8efefc/,"13318 Lambert Rd, Whittier, CA 90602",Whittier,CA,90602,US,33.9585412,-118.0385922,+15626931099,http://www.lambertinnca.com,motel,68.9,settled-1.1-facts,2026-10-04,23,overture-places@2026-09-23.1,cdla-permissive-2.0
ov:8f10941d-3d44-4808-a59e-f0b7a23f3262,Scottish Inns,https://journeyed.org/hotel/scottish-inns-long-beach-8f1094/,"5485 Atlantic Ave, Long Beach, CA 90805",Long Beach,CA,90805,US,33.855825,-118.185233,+15624286707,https://www.stayhihotels.com/property/scottish-inns-long-beach-ca/?utm_source=Bing&utm_medium=Referral&utm_campaign=Places,hotel,56,settled-1.1-facts,2026-10-04,22,overture-places@2026-09-23.1,cdla-permissive-2.0
ov:8f61b3d9-3538-4c86-8c66-fc9e6d1c0c0d,Hampton Inn Los Angeles/Arcadia/Pasadena,https://journeyed.org/hotel/hampton-inn-los-angeles-arcadia-pasadena-arcadia-8f61b3/,"311 E Huntington Dr, Arcadia, CA 91006",Arcadia,CA,91006,US,34.1412151,-118.0233443,+16265745600,https://www.marriott.com/en-us/hotels/bwrar-residence-inn-pasadena-arcadia/overview/?scid=d2406702-e8ea-4b45-bb9b-69cddaaef03d,hotel,39.9,settled-1.1-facts,2026-10-04,2,overture-places@2026-09-23.1,cdla-permissive-2.0
ov:8f6a3036-d264-45b2-a760-7e82d61d9d8a,La Vista Motel,https://journeyed.org/hotel/la-vista-motel-los-angeles-8f6a30/,"8035 Lincoln Blvd, Los Angeles, CA 90045",Los Angeles,CA,90045,US,33.9637264,-118.4229022,+13106700224,,motel,28.5,settled-1.1-facts,2026-10-04,8,overture-places@2026-09-23.1,cdla-permissive-2.0
ov:8f82ffff-a5ba-4c6f-8f3d-0e69d3ec21b4,Royalty Inn,https://journeyed.org/hotel/royalty-inn-bellflower-8f82ff/,"8730 Artesia Blvd, Bellflower, CA 90706-6331",Bellflower,CA,90706-6331,US,33.874244,-118.1456326,,,lodging,17.2,settled-1.1-facts,2026-10-04,1,overture-places@2026-09-23.1,cdla-permissive-2.0
ov:8faeb969-1128-4fcc-8ff0-71e7cb9bfbd8,Wyndham Hotel,https://journeyed.org/hotel/wyndham-hotel-costa-mesa-8faeb9/,"3350 Avenue of the Arts, Costa Mesa, CA 92626-1913",Costa Mesa,CA,92626-1913,US,33.691542,-117.880203,+18882152835,http://www.wyndhamhotelgroup.com/,hotel,39.5,settled-1.1-facts,2026-10-04,1,overture-places@2026-09-23.1,cdla-permissive-2.0
ov:8fc875f2-d292-42ce-b0a6-b209734d410e,Comfort Inn & Suites Near the Home Depot Center,https://journeyed.org/hotel/comfort-inn-and-suites-near-the-home-depot-center-gardena-8fc875/,"1390 W 186th St, Gardena, CA 90248",Gardena,CA,90248,US,33.8617923,-118.2988269,+13105328200,http://www.comfortinn.com/hotel-gardena-california-ca030,hotel,39.4,settled-1.1-facts,2026-10-04,1,overture-places@2026-09-23.1,cdla-permissive-2.0
ov:8fca841d-3c73-413e-b1c4-6e7440282c60,National Inn,https://journeyed.org/hotel/national-inn-garden-grove-8fca84/,"9797 Garden Grove Blvd, Garden Grove, CA 92844",Garden Grove,CA,92844,US,33.774369,-117.9620159,+17146365110,http://www.nationalinngardengrove.us,motel,40.1,settled-1.1-facts,2026-10-04,3,overture-places@2026-09-23.1,cdla-permissive-2.0
ov:8fd26a15-de91-49a8-9924-6a9121d0b944,Redac Gateway Hotel,https://journeyed.org/hotel/redac-gateway-hotel-torrance-8fd26a/,"20801 S Western Ave, Torrance, CA 90501",Torrance,CA,90501,US,33.841505,-118.3099164,+13102125222,http://www.redachotel.com/,hotel,72.7,settled-1.1-facts,2026-10-04,49,overture-places@2026-09-23.1,cdla-permissive-2.0
ov:8ff258a1-4b95-4f9c-a64a-78698221f189,Akua Motor Inn,https://journeyed.org/hotel/akua-motor-inn-anaheim-8ff258/,"1018 Orangethorpe Ave, Anaheim, CA 92801",Anaheim,CA,92801,US,33.8591441,-117.9082708,+17148712830,http://www.akuamotorinn.com,motel,39.3,settled-1.1-facts,2026-10-04,1,overture-places@2026-09-23.1,cdla-permissive-2.0
ov:9008ce87-d9ec-47cb-98d2-989756e25284,Rodeway Inn & Suites Pacific Coast Highway,https://journeyed.org/hotel/rodeway-inn-and-suites-pacific-coast-highway-harbor-city-9008ce/,"1665 Pacific Coast Hwy, Harbor City, CA 90710-2627",Harbor City,CA,90710-2627,US,33.7898009,-118.3066154,+13103269026,https://www.choicehotels.com/california/harbor-city/rodeway-inn-hotels/cab97?pmf=yext&mc=llyxyxpx,motel,36.3,settled-1.1-facts,2026-10-04,0,overture-places@2026-09-23.1,cdla-permissive-2.0
ov:90103287-d4fe-4f23-9c13-89c27b5b4b2a,Burba Hotel Network,https://journeyed.org/hotel/burba-hotel-network-costa-mesa-901032/,"2900 Bristol St  Ste D101, Costa Mesa, CA 92626-5939",Costa Mesa,CA,92626-5939,US,33.675308,-117.885736,+17145409300,https://www.burba.com,hotel,40,settled-1.1-facts,2026-10-04,2,overture-places@2026-09-23.1,cdla-permissive-2.0
ov:901d413b-65f7-4969-a987-b193cc031afa,Eugene Hotel,https://journeyed.org/hotel/eugene-hotel-los-angeles-901d41/,"913 E 7th St, Los Angeles, CA 90021-1407",Los Angeles,CA,90021-1407,US,34.03884,-118.24387,+12132299664,https://www.eugenehotel.com,hotel,40.2,settled-1.1-facts,2026-10-04,12,overture-places@2026-09-23.1,cdla-permissive-2.0
ov:90283fa1-c7fc-4dcd-86d7-01c83f875d15,Royal Comfort Motel Budget Host Inns,https://journeyed.org/hotel/royal-comfort-motel-budget-host-inns-inglewood-90283f/,"4230 W Century Blvd, Inglewood, CA 90304-1618",Inglewood,CA,90304-1618,US,33.945128,-118.349346,+13104198041,https://lpma.net,hotel,29.2,settled-1.1-facts,2026-10-04,11,overture-places@2026-09-23.1,cdla-permissive-2.0
ov:904648a2-8581-4dc0-95d6-0b9d2ff1b270,Motel 6,https://journeyed.org/hotel/motel-6-carson-904648/,"888 E Dominguez St, Carson, CA 90746",Carson,CA,90746,US,33.8401045,-118.2603549,+12148330889,http://www.motel6.com/,motel,40.4,settled-1.1-facts,2026-10-04,1,overture-places@2026-09-23.1,cdla-permissive-2.0
ov:90709e75-ddf7-4804-b3bd-e832580793bc,C. Allen Suites,https://journeyed.org/hotel/c-allen-suites-los-angeles-90709e/,"1111 Wilshire Blvd, Los Angeles, CA 90017-1999",Los Angeles,CA,90017-1999,US,34.05265,-118.263596,,,hotel,18.8,settled-1.1-facts,2026-10-04,14,overture-places@2026-09-23.1,cdla-permissive-2.0
ov:9073445e-5abd-4de1-9729-1f9eb954c0a1,Hilton Irvine,https://journeyed.org/hotel/hilton-irvine-irvine-907344/,"18800 MacArthur Blvd, Irvine, CA 92612",Irvine,CA,92612,US,33.6748491,-117.860942,+19498339999,http://www3.hilton.com/en/hotels/california/hilton-irvine-orange-county-airport-SNAOCHF/index.html,hotel,40.8,settled-1.1-facts,2026-10-04,1,overture-places@2026-09-23.1,cdla-permissive-2.0
ov:90c2f912-be79-424f-aa56-70ae98a659a2,"Pellican Hill Resort, New Port Beach",https://journeyed.org/hotel/pellican-hill-resort-new-port-beach-buena-park-90c2f9/,"Buena Park, CA",Buena Park,CA,,US,33.8573033,-118.0088836,+19492008602,,hotel,23.4,settled-1.1-facts,2026-10-04,2,overture-places@2026-09-23.1,cdla-permissive-2.0
ov:90d5edde-a9e4-477b-a787-aeec83f9597a,Ridgeley Suites,https://journeyed.org/hotel/ridgeley-suites-calabasas-90d5ed/,"3707 Calle Jazmin, Calabasas, CA 91302-3040",Calabasas,CA,91302-3040,US,34.136524,-118.661224,,,hotel,18.2,settled-1.1-facts,2026-10-04,0,overture-places@2026-09-23.1,cdla-permissive-2.0
ov:90dfc9bd-3f53-45ae-9619-2423edb700e8,Dream Inn,https://journeyed.org/hotel/dream-inn-inglewood-90dfc9/,"3201 W Imperial Hwy, Inglewood, CA 90303",Inglewood,CA,90303,US,33.9310696,-118.3285513,+13104120912,http://www.dreaminninglewood.com,inn,40.4,settled-1.1-facts,2026-10-04,8,overture-places@2026-09-23.1,cdla-permissive-2.0
ov:910b16fd-0cc5-41ee-86be-f398fb5e8b34,Embassy Suites Anaheim-Orange,https://journeyed.org/hotel/embassy-suites-anaheim-orange-anaheim-910b16/,"400 N State College Blvd, Anaheim, CA 92806-2916",Anaheim,CA,92806-2916,US,33.84428,-117.88867,+17149381111,https://www.hilton.com/en/hotels/snaaoes-embassy-suites-anaheim-orange/offers/disneyland-resort-offer-2000000118/,hotel,37.6,settled-1.1-facts,2026-10-04,3,overture-places@2026-09-23.1,cdla-permissive-2.0
ov:91171a97-7e10-410e-b6b2-eaeec29ab3be,Hilton,https://journeyed.org/hotel/hilton-costa-mesa-91171a/,"3050 Bristol St, Costa Mesa, CA 92626",Costa Mesa,CA,92626,US,33.6832032,-117.884356,+17145407000,https://www3.hilton.com/en/hotels/california/hilton-orange-county-costa-mesa-SNACMHH/index.html,hotel,39.9,settled-1.1-facts,2026-10-04,2,overture-places@2026-09-23.1,cdla-permissive-2.0
ov:917800a9-4e04-4668-a40b-5d3ad4f306b5,Redondo Beach Motel,https://journeyed.org/hotel/redondo-beach-motel-gardena-917800/,"1351 W Redondo Beach Blvd, Gardena, CA 90247",Gardena,CA,90247,US,33.8917947,-118.2998178,+13105388096,https://www.motelredondobeach.com,motel,40.3,settled-1.1-facts,2026-10-04,1,overture-places@2026-09-23.1,cdla-permissive-2.0
ov:91817f2c-a55b-4a19-9571-9723dfecce53,The Wave Hotel,https://journeyed.org/hotel/the-wave-hotel-manhattan-beach-91817f/,"900 N Sepulveda Blvd, Manhattan Beach, CA 90266",Manhattan Beach,CA,90266,US,33.8848888,-118.3957944,+13103186132,http://www.wavehotelmb.com,hotel,40,settled-1.1-facts,2026-10-04,6,overture-places@2026-09-23.1,cdla-permissive-2.0
ov:91af45d0-8b2c-48b2-8971-0b39e68457a7,Hotel Shirley,https://journeyed.org/hotel/hotel-shirley-sierra-madre-91af45/,"28 N Baldwin Ave, Sierra Madre, CA 91024",Sierra Madre,CA,91024,US,34.1625068,-118.0525524,,,hotel,16.9,settled-1.1-facts,2026-10-04,1,overture-places@2026-09-23.1,cdla-permissive-2.0
ov:91c39a1a-f721-46a4-afa4-2f45af51b86b,InterContinental Los Angeles Downtown by IHG,https://journeyed.org/hotel/intercontinental-los-angeles-downtown-by-ihg-los-angeles-91c39a/,"900 Wilshire Blvd, Los Angeles, CA 90017",Los Angeles,CA,90017,US,34.0497277,-118.2605577,+12136887777,https://www.ihg.com/intercontinental/hotels/us/en//los-angeles/laxhc/hoteldetail,hotel,40.8,settled-1.1-facts,2026-10-04,17,overture-places@2026-09-23.1,cdla-permissive-2.0
ov:9205a2d3-acf3-4ae4-837e-0a2c42568606,Agave Resort,https://journeyed.org/hotel/agave-resort-santa-ana-9205a2/,"2321 N Lowell Ln, Santa Ana, CA 92706-1931",Santa Ana,CA,92706-1931,US,33.76773,-117.87808,+17144976139,,lodging,27.9,settled-1.1-facts,2026-10-04,5,overture-places@2026-09-23.1,cdla-permissive-2.0
ov:923b99d0-37a7-4c46-8fac-280be58bd080,K Hotels Collection,https://journeyed.org/hotel/k-hotels-collection-los-angeles-923b99/,"10474 Santa Monica Blvd, Los Angeles, CA 90025-6929",Los Angeles,CA,90025-6929,US,34.055589,-118.426038,+18778266554,http://K-Hotels.com/,hotel,40.5,settled-1.1-facts,2026-10-04,5,overture-places@2026-09-23.1,cdla-permissive-2.0
ov:92626cdc-3514-40e7-923a-f65f16c0f28e,Budget Inn,https://journeyed.org/hotel/budget-inn-anaheim-92626c/,"1042 W Ball Rd, Anaheim, CA 92802-1804",Anaheim,CA,92802-1804,US,33.817485,-117.922718,+17145355524,https://anaheimbudgetinn.com,hotel,29.3,settled-1.1-facts,2026-10-04,9,overture-places@2026-09-23.1,cdla-permissive-2.0
ov:926d744f-44c3-4875-8b85-f0f0b17ecf22,Hotel Erwin,https://journeyed.org/hotel/hotel-erwin-venice-926d74/,"1697 Pacific Ave, Venice, CA 90291-3613",Venice,CA,90291-3613,US,33.9871993,-118.4720876,+13104521111,http://www.hotelerwin.com/,hotel,74.7,settled-1.1-facts,2026-10-04,70,overture-places@2026-09-23.1,cdla-permissive-2.0
ov:927bf2a7-84f8-4cc5-aca3-814edd446cc4,Le Meridien Beverly Hills,https://journeyed.org/hotel/le-meridien-beverly-hills-los-angeles-927bf2/,"465 S LA Cienega Blvd, Los Angeles, CA 90048",Los Angeles,CA,90048,US,34.0698021,-118.3767501,+13102470065,http://losangeles.citysearch.com/profile/map/11288311/los_angeles_ca/le_meridien_at_beverly_hills.html,hotel,40.8,settled-1.1-facts,2026-10-04,9,overture-places@2026-09-23.1,cdla-permissive-2.0
ov:92830a5d-2d42-42da-936f-daecb6767512,Palos Verdes Inn,https://journeyed.org/hotel/palos-verdes-inn-redondo-beach-92830a/,"1700 S Pacific Coast Hwy, Redondo Beach, CA 90277-5902",Redondo Beach,CA,90277-5902,US,33.8187831,-118.3827577,+13103164211,https://www.oyolasvegas.com,hotel,39.1,settled-1.1-facts,2026-10-04,2,overture-places@2026-09-23.1,cdla-permissive-2.0
ov:9285c236-fe3c-45c6-a06a-0fbe8adba78e,Bristol Motel,https://journeyed.org/hotel/bristol-motel-long-beach-9285c2/,"5541 Atlantic Ave, Long Beach, CA 90805",Long Beach,CA,90805,US,33.8569249,-118.1850995,+15624221161,http://www.bristolmotellongbeach.us,motel,60.8,settled-1.1-facts,2026-10-04,30,overture-places@2026-09-23.1,cdla-permissive-2.0
ov:92aedcec-1129-412c-9974-83a165028e9b,Hotel Indigo,https://journeyed.org/hotel/hotel-indigo-anaheim-92aedc/,"435 W Katella Ave, Anaheim, CA 92802-3607",Anaheim,CA,92802-3607,US,33.8036563,-117.913665,+17147727755,https://www.ihg.com/hotelindigo/hotels/us/en/anaheim/laxex/hoteldetail?cm_mmc=FacebookMaps-_-IN-_-US-_-LAXEX,hotel,40.8,settled-1.1-facts,2026-10-04,9,overture-places@2026-09-23.1,cdla-permissive-2.0
ov:92b38622-85f5-4007-90d0-2dc068a823c9,Grand Inn,https://journeyed.org/hotel/grand-inn-monterey-park-92b386/,"118 E Hellman Ave, Monterey Park, CA 91755",Monterey Park,CA,91755,US,34.0697258,-118.1221876,+16263071071,http://www.grandinnla.com,inn,39.5,settled-1.1-facts,2026-10-04,2,overture-places@2026-09-23.1,cdla-permissive-2.0
ov:92fb6673-5f5b-4aaf-b104-3bdf17d9a245,AC Hotel Pasadena,https://journeyed.org/hotel/ac-hotel-pasadena-pasadena-92fb66/,"19 S Madison Ave, Pasadena, CA 91101",Pasadena,CA,91101,US,34.1454336,-118.138529,+16263104420,http://www.achotelpasadena.com/,hotel,41,settled-1.1-facts,2026-10-04,3,overture-places@2026-09-23.1,cdla-permissive-2.0
ov:930b694e-3b60-4c18-b8c8-d8a415178961,Hotel Silver Lake Los Angeles,https://journeyed.org/hotel/hotel-silver-lake-los-angeles-los-angeles-930b69/,"250 Silver Lake Blvd, Los Angeles, CA 90004-3651",Los Angeles,CA,90004-3651,US,34.0759767,-118.2852016,+12136391920,http://www.hotelsilverlakela.com/,hotel,78.4,settled-1.1-facts,2026-10-04,81,overture-places@2026-09-23.1,cdla-permissive-2.0
ov:931906ad-2fed-4829-a60b-b74fed543588,Scenic Motel,https://journeyed.org/hotel/scenic-motel-el-monte-931906/,"10325 Garvey Ave, El Monte, CA 91733",El Monte,CA,91733,US,34.0632234,-118.0461591,+16264439604,http://myamericaninn.com,motel,40,settled-1.1-facts,2026-10-04,1,overture-places@2026-09-23.1,cdla-permissive-2.0
ov:931d22b0-35d3-4a1d-96e9-3143dd3e984a,Extended Stay America,https://journeyed.org/hotel/extended-stay-america-monrovia-931d22/,"930 S 5th Ave, Monrovia, CA 91016",Monrovia,CA,91016,US,34.1415115,-118.0200236,+16262566999,http://dms.netmng.com/si/cm/tracking/dgtrackingredirect.aspx?siclientid=2918&sisearchengine=1524&siredirect=http:%2f%2fwww.extendedstayamerica.com%2fhotels%2fca%2flos-angeles%2fmonrovia&siproduct=bemnv_bus,hotel,39.7,settled-1.1-facts,2026-10-04,2,overture-places@2026-09-23.1,cdla-permissive-2.0
ov:93621c8c-b2ab-48e8-a52e-cc53ce57af70,The Ritz-Carlton,https://journeyed.org/hotel/the-ritz-carlton-marina-del-rey-93621c/,"4375 Admiralty Way, Marina del Rey, CA 90292",Marina del Rey,CA,90292,US,33.9841707,-118.4506503,+13108231700,http://www.ritzcarlton.com/en/hotels/california/marina-del-rey,hotel,40.8,settled-1.1-facts,2026-10-04,9,overture-places@2026-09-23.1,cdla-permissive-2.0
ov:937d265e-b1ae-4847-bf90-02feaf1ffb70,Hostelling Internatl Los Angeles South Bay,https://journeyed.org/hotel/hostelling-internatl-los-angeles-south-bay-san-pedro-937d26/,"3601 S Gaffey St, San Pedro, CA 90731-6969",San Pedro,CA,90731-6969,US,33.7110852,-118.2937072,+13108318109,http://tecneworleans.com,hostel,38.9,settled-1.1-facts,2026-10-04,2,overture-places@2026-09-23.1,cdla-permissive-2.0
ov:93891f5f-d4a1-4cf6-818d-79360f7cb60e,Econo Lodge Inn & Suites,https://journeyed.org/hotel/econo-lodge-inn-and-suites-garden-grove-93891f/,"12091 Trask Ave, Garden Grove, CA 92843",Garden Grove,CA,92843,US,33.7671442,-117.9192999,+17145392500,,hotel,27.4,settled-1.1-facts,2026-10-04,2,overture-places@2026-09-23.1,cdla-permissive-2.0
ov:93a3691f-a678-4344-b7b2-42ac8f02255d,Hilton Los Angeles/San Gabriel,https://journeyed.org/hotel/hilton-los-angeles-san-gabriel-san-gabriel-93a369/,"225 W Valley Blvd, San Gabriel, CA 91776",San Gabriel,CA,91776,US,34.08034,-118.10217,+16262702700,http://www3.hilton.com/en/hotels/california/hilton-los-angeles-san-gabriel-LAXSGHF/index.html,hotel,39.5,settled-1.1-facts,2026-10-04,2,overture-places@2026-09-23.1,cdla-permissive-2.0
ov:93ecf63d-dcbd-4a74-a773-b5c0e23afe11,Los Feliz Lodge,https://journeyed.org/hotel/los-feliz-lodge-los-angeles-93ecf6/,"1509 N Hoover St, Los Angeles, CA 90027-5521",Los Angeles,CA,90027-5521,US,34.09852,-118.284409,+13236604150,http://www.losfelizlodge.com/,hotel,40.5,settled-1.1-facts,2026-10-04,4,overture-places@2026-09-23.1,cdla-permissive-2.0
ov:93ee4228-1b49-4c19-8132-a83e067b2a7c,Colibrí Suites Hotel Boutique,https://journeyed.org/hotel/colibri-suites-hotel-boutique-los-angeles-93ee42/,"5032 Wilshire Blvd, Los Angeles, CA 90036-4315",Los Angeles,CA,90036-4315,US,34.06201,-118.3392,+13239345601,http://www.colibrisuite.com/,hotel,40.7,settled-1.1-facts,2026-10-04,5,overture-places@2026-09-23.1,cdla-permissive-2.0
ov:942ac16f-b0cb-46d7-9b3e-08b86f26cfd3,Thomas Motel,https://journeyed.org/hotel/thomas-motel-los-angeles-942ac1/,"12659 San Fernando Rd, Los Angeles, CA 91342",Los Angeles,CA,91342,US,34.2991408,-118.4597169,+18183679118,,motel,18.1,settled-1.1-facts,2026-10-04,0,overture-places@2026-09-23.1,cdla-permissive-2.0
ov:94415dba-de86-45cc-885c-2a72cb0dd7f8,Sunset Inn,https://journeyed.org/hotel/sunset-inn-gardena-94415d/,"15824 S Western Ave, Gardena, CA 90247",Gardena,CA,90247,US,33.8866155,-118.3085856,+13103279961,http://www.sunset-inn.com,motel,40.1,settled-1.1-facts,2026-10-04,1,overture-places@2026-09-23.1,cdla-permissive-2.0
ov:946424d5-fb42-4e5a-888f-3db8fb6114bb,Tropicana Inn & Suites,https://journeyed.org/hotel/tropicana-inn-and-suites-anaheim-946424/,"1540 S Harbor Blvd, Anaheim, CA 92802",Anaheim,CA,92802,US,33.8100203,-117.9151002,+17146354082,http://www.tropicanainn-anaheim.com/,hotel,70.1,settled-1.1-facts,2026-10-04,87,overture-places@2026-09-23.1,cdla-permissive-2.0
ov:94701188-339f-4853-af75-82ecd9df0d98,Town Motel,https://journeyed.org/hotel/town-motel-gardena-947011/,"14855 S Western Ave, Gardena, CA 90249",Gardena,CA,90249,US,33.8964703,-118.3093431,+13103273577,http://www.moseleycottage.net,hotel,39.4,settled-1.1-facts,2026-10-04,2,overture-places@2026-09-23.1,cdla-permissive-2.0
ov:947c6432-18e7-4f45-91e4-40822373cd0c,Palihotel Westwood Village,https://journeyed.org/hotel/palihotel-westwood-village-los-angeles-947c64/,"1044 Tiverton Ave, Los Angeles, CA 90024",Los Angeles,CA,90024,US,34.0608737,-118.4430102,+13103401234,https://www.palisociety.com/hotels/westwood-village/,hotel,70,settled-1.1-facts,2026-10-04,54,overture-places@2026-09-23.1,cdla-permissive-2.0
ov:9481daeb-944e-4a45-89db-67b99d7a3c77,Aqua Venture Inn,https://journeyed.org/hotel/aqua-venture-inn-long-beach-9481da/,"848 E Pacific Coast Hwy, Long Beach, CA 90806-5624",Long Beach,CA,90806-5624,US,33.7896946,-118.1818704,+15625913929,http://www.aquaventureinn.com,hotel,39.2,settled-1.1-facts,2026-10-04,3,overture-places@2026-09-23.1,cdla-permissive-2.0
ov:9485aba1-2e27-4d62-95a5-f9829141c103,City Express by Marriott Santa Ana/Orange County Airport,https://journeyed.org/hotel/city-express-by-marriott-santa-ana-orange-county-airport-santa-ana-9485ab/,"2720 Hotel Terrace Dr, Santa Ana, CA 92705",Santa Ana,CA,92705,US,33.71029,-117.85395,,https://www.marriott.com/SNAXE,hotel,27.7,settled-1.1-facts,2026-10-04,1,overture-places@2026-09-23.1,cdla-permissive-2.0
ov:94929ee5-d816-4ea8-a5f7-9e4006d2a65a,Boulevard Hotel Los Angeles,https://journeyed.org/hotel/boulevard-hotel-los-angeles-studio-city-94929e/,"10730 Ventura Blvd, Studio City, CA 91604",Studio City,CA,91604,US,34.1381505,-118.3652115,+18006662691,http://www.blvdhotels.com,hotel,40.5,settled-1.1-facts,2026-10-04,6,overture-places@2026-09-23.1,cdla-permissive-2.0
ov:9492fe67-9de8-46b0-8f6a-cb0e4bb57fdd,Hampton Inn & Suites,https://journeyed.org/hotel/hampton-inn-and-suites-chino-hills-9492fe/,"3150 Chino Ave, Chino Hills, CA 91709",Chino Hills,CA,91709,US,34.012378,-117.736836,+19095912474,https://www.hilton.com/en/hotels/ciccahx-hampton-suites-chino-hills/?SEO_id=FB-AMER-HX-CICCAHX,hotel,37.5,settled-1.1-facts,2026-10-04,0,overture-places@2026-09-23.1,cdla-permissive-2.0
ov:949a3f80-f39d-4967-ae17-e586515e5371,Courtyard by Marriott Los Angeles Hacienda Heights/Orange County,https://journeyed.org/hotel/courtyard-by-marriott-los-angeles-hacienda-heights-orange-county-949a3f/,"1905 S Azusa Ave, Hacienda Heights, CA 91745",Hacienda Heights,CA,91745,US,33.9886383,-117.9334742,+16269651700,https://www.marriott.com/hotels/travel/laxhh-courtyard-los-angeles-hacienda-heights-orange-county/?scid=45f93f1b-bd77-45c9-8dab-83b6a417f6fe&y_source=1_NjUwMjQyLTgzMS1sb2NhdGlvbi53ZWJzaXRl,hotel,37.7,settled-1.1-facts,2026-10-04,0,overture-places@2026-09-23.1,cdla-permissive-2.0
ov:94a578df-b74d-4efc-b396-875108909e9a,Sunset Marquis,https://journeyed.org/hotel/sunset-marquis-west-hollywood-94a578/,"1200 Alta Loma Rd, West Hollywood, CA 90069",West Hollywood,CA,90069,US,34.0921474,-118.377603,+13106571333,http://sunsetmarquis.com/,hotel,65,settled-1.1-facts,2026-10-04,72,overture-places@2026-09-23.1,cdla-permissive-2.0
ov:94b27074-abe5-474d-822d-b191ca6f26fd,Level Los Angeles - Downtown South Olive,https://journeyed.org/hotel/level-los-angeles-downtown-south-olive-los-angeles-94b270/,"888 S Olive St, Los Angeles, CA 90014",Los Angeles,CA,90014,US,34.0439134,-118.2577842,+12138738400,http://www.stayinglevel.com/los-angeles,hotel,40.9,settled-1.1-facts,2026-10-04,16,overture-places@2026-09-23.1,cdla-permissive-2.0
ov:94c9dcd5-3e89-485b-affe-d39bd9175e0e,Best Western Holywood Hotel California Los Angeles,https://journeyed.org/hotel/best-western-holywood-hotel-california-los-angeles-los-angeles-94c9dc/,"9301 Arleta Ave, Los Angeles, CA 91331-4703",Los Angeles,CA,91331-4703,US,34.23902,-118.42334,,,hotel,14,settled-1.1-facts,2026-10-04,0,overture-places@2026-09-23.1,cdla-permissive-2.0
ov:94f77ed2-8245-4e99-8aa8-8c61293f4f2d,Colony Inn Motel,https://journeyed.org/hotel/colony-inn-motel-bellflower-94f77e/,"17903 Lakewood Blvd, Bellflower, CA 90706",Bellflower,CA,90706,US,33.8691322,-118.1428211,+15625311483,https://colony-inn-motel.allhotelscalifornia.com/en,motel,38.8,settled-1.1-facts,2026-10-04,1,overture-places@2026-09-23.1,cdla-permissive-2.0
ov:95047505-1fc7-46ca-a878-aa3bf7a81f05,La Quinta Inn,https://journeyed.org/hotel/la-quinta-inn-costa-mesa-950475/,"1515 S Coast Dr, Costa Mesa, CA 92626",Costa Mesa,CA,92626,US,33.6908317,-117.9218545,+17144269833,http://www.laquintajohnwayneairport.com/?cid=local_541,hotel,38.2,settled-1.1-facts,2026-10-04,0,overture-places@2026-09-23.1,cdla-permissive-2.0
ov:9517cbe5-4736-45ce-b46f-1291cd0ec810,Little Boy Blue Motel,https://journeyed.org/hotel/little-boy-blue-motel-anaheim-9517cb/,"416 W Katella Ave, Anaheim, CA 92802",Anaheim,CA,92802,US,33.8031822,-117.9127533,+17146352781,http://www.littleboyblueanaheim.com/,motel,40.7,settled-1.1-facts,2026-10-04,9,overture-places@2026-09-23.1,cdla-permissive-2.0
ov:95821ba0-7ee5-4a41-80ee-826c513ce19a,Best Western Woodland Hills Inn,https://journeyed.org/hotel/best-western-woodland-hills-inn-woodland-hills-95821b/,"21830 Ventura Blvd, Woodland Hills, CA 91364-1837",Woodland Hills,CA,91364-1837,US,34.1679967,-118.6032103,+18183401000,https://www.bestwestern.com/en_US/book/hotel-rooms.05663.html?iata=00171890&ssob=BLBWI0003G&cid=BLBWI0003G%3Ayext%3Awebsite%3A05663,hotel,41.2,settled-1.1-facts,2026-10-04,1,overture-places@2026-09-23.1,cdla-permissive-2.0
ov:9594c688-afa2-4e9a-9b26-f57e180a94ca,Best Western San Dimas Hotel & Suites,https://journeyed.org/hotel/best-western-san-dimas-hotel-and-suites-san-dimas-9594c6/,"501 W Bonita Ave, San Dimas, CA 91773",San Dimas,CA,91773,US,34.1072955,-117.8163615,+19095920500,https://www.bestwestern.com/en_US/book/hotel-rooms.05707.html?iata=00171890&ssob=BLBWI0003G&cid=BLBWI0003G%3Ayext%3Awebsite%3A05707,hotel,34.9,settled-1.1-facts,2026-10-04,0,overture-places@2026-09-23.1,cdla-permissive-2.0
ov:9596935a-66cc-44a4-bc61-3fc685902d45,Hotel Xilo Glendale,https://journeyed.org/hotel/hotel-xilo-glendale-glendale-959693/,"326 E Colorado St, Glendale, CA 91205",Glendale,CA,91205,US,34.1425496,-118.2513423,+18182467401,https://www.hotelxilo.com/,hotel,74.9,settled-1.1-facts,2026-10-04,59,overture-places@2026-09-23.1,cdla-permissive-2.0
ov:95aab5cb-62d0-4d65-923e-85eb48230dbd,Sheraton,https://journeyed.org/hotel/sheraton-garden-grove-95aab5/,"12221 Harbor Blvd, Garden Grove, CA 92840-4005",Garden Grove,CA,92840-4005,US,33.7859127,-117.915172,+17147038400,https://www.marriott.com/en-us/hotels/snaan-sheraton-garden-grove-anaheim-south-hotel/overview/?scid=d2406702-e8ea-4b45-bb9b-69cddaaef03d,hotel,39.9,settled-1.1-facts,2026-10-04,9,overture-places@2026-09-23.1,cdla-permissive-2.0
ov:95b42d18-0f84-4533-9e0e-f696174a8f65,Anaheim Marriott,https://journeyed.org/hotel/anaheim-marriott-anaheim-95b42d/,"700 W Convention Way, Anaheim, CA 92802-3424",Anaheim,CA,92802-3424,US,33.799045,-117.918297,+17147508000,https://www.marriott.com/en-us/hotels/laxah-anaheim-marriott/overview/?scid=d2406702-e8ea-4b45-bb9b-69cddaaef03d,hotel,41.2,settled-1.1-facts,2026-10-04,9,overture-places@2026-09-23.1,cdla-permissive-2.0
ov:95dd0ef9-6ba0-4f2c-8b03-486e05e41552,Pacific Coast Inn Redondo Beach,https://journeyed.org/hotel/pacific-coast-inn-redondo-beach-redondo-beach-95dd0e/,"716 S Pacific Coast Hwy, Redondo Beach, CA 90277",Redondo Beach,CA,90277,US,33.829456,-118.384972,+13103164314,http://www.pacificcoastinnredondobeach.com/,resort,40.2,settled-1.1-facts,2026-10-04,2,overture-places@2026-09-23.1,cdla-permissive-2.0
ov:95e0e607-f052-498b-af2c-ee40c5f2f459,Prairie Motel,https://journeyed.org/hotel/prairie-motel-hawthorne-95e0e6/,"15125 Prairie Ave, Hawthorne, CA 90260",Hawthorne,CA,90260,US,33.8938405,-118.3442254,+13106796850,http://account.samsung.com,motel,38.4,settled-1.1-facts,2026-10-04,4,overture-places@2026-09-23.1,cdla-permissive-2.0
ov:95e363d1-9878-48fd-9053-844e38d95670,Montebello Motel,https://journeyed.org/hotel/montebello-motel-montebello-95e363/,"112 W Whittier Blvd, Montebello, CA 90640",Montebello,CA,90640,US,34.0087158,-118.1012925,+13237286652,http://www.montebellomotel.com,motel,40.3,settled-1.1-facts,2026-10-04,1,overture-places@2026-09-23.1,cdla-permissive-2.0
ov:960ed432-265b-4cde-a2f0-e8bf58f40183,Travelodge by Wyndham Fairplex Pomona,https://journeyed.org/hotel/travelodge-by-wyndham-fairplex-pomona-pomona-960ed4/,"1700 Gillette Rd, Pomona, CA 91768",Pomona,CA,91768,US,34.0738391,-117.7806152,+19094171072,https://www.wyndhamhotels.com/travelodge/pomona-california/travelodge-fairplex-pomona/overview,hotel,43.2,settled-1.1-facts,2026-10-04,3,overture-places@2026-09-23.1,cdla-permissive-2.0
ov:96127b7d-37e4-4e02-9867-1ca921404ee0,Green Acre Inn,https://journeyed.org/hotel/green-acre-inn-costa-mesa-96127b/,"2292 Canyon Dr, Costa Mesa, CA 92627-3960",Costa Mesa,CA,92627-3960,US,33.6576499,-117.94021,+19492393912,http://canyonranchcostamesa.com/,hotel,38.2,settled-1.1-facts,2026-10-04,0,overture-places@2026-09-23.1,cdla-permissive-2.0
ov:9670a2f6-02b3-4101-87ea-ade7f0028acc,The James West Hollywood-Sunset,https://journeyed.org/hotel/the-james-west-hollywood-sunset-west-hollywood-9670a2/,"8490 W Sunset Blvd, West Hollywood, CA 90069-1912",West Hollywood,CA,90069-1912,US,34.0940356,-118.3758294,,http://www.jameshotels.com/west-hollywood,hotel,30.9,settled-1.1-facts,2026-10-04,7,overture-places@2026-09-23.1,cdla-permissive-2.0
ov:9699647b-365a-4dcd-b418-4eaeb9323369,Palm Motel,https://journeyed.org/hotel/palm-motel-santa-monica-969964/,"2020 14th St, Santa Monica, CA 90405",Santa Monica,CA,90405,US,34.0155433,-118.4757781,+13104523861,http://www.palmmotelsantamonica.com/,motel,40.1,settled-1.1-facts,2026-10-04,7,overture-places@2026-09-23.1,cdla-permissive-2.0
ov:96c35f5d-a717-4b5c-a7ef-d22dc02f2f0f,Cambria Hotel Calabasas - Malibu,https://journeyed.org/hotel/cambria-hotel-calabasas-malibu-calabasas-96c35f/,"26400 Rondell St, Calabasas, CA 91302",Calabasas,CA,91302,US,34.1457881,-118.6973888,+17472936777,https://linktr.ee/cambriacalabasas,hotel,36.9,settled-1.1-facts,2026-10-04,0,overture-places@2026-09-23.1,cdla-permissive-2.0
ov:96e93a86-dcad-4b89-aed6-5191cfb8d4dd,SpringHill Suites by Marriott Anaheim Theme Park / Convention Area,https://journeyed.org/hotel/springhill-suites-by-marriott-anaheim-theme-park-convention-area-96e93a/,"101 E Katella Ave, Anaheim, CA 92802",Anaheim,CA,92802,US,33.804784,-117.90591,,https://www.marriott.com/SNAAL,hotel,30.2,settled-1.1-facts,2026-10-04,9,overture-places@2026-09-23.1,cdla-permissive-2.0
ov:9752298e-7504-4e0e-8511-ae1370d491ee,Best Western Orange Plaza,https://journeyed.org/hotel/best-western-orange-plaza-orange-975229/,"1302 W Chapman Ave, Orange, CA 92868",Orange,CA,92868,US,33.7873964,-117.8663009,+17146337720,https://www.bestwestern.com/en_US/book/hotel-rooms.05630.html?iata=00171890&ssob=BLBWI0003G&cid=BLBWI0003G%3Ayext%3Awebsite%3A05630,hotel,40.1,settled-1.1-facts,2026-10-04,6,overture-places@2026-09-23.1,cdla-permissive-2.0
ov:97543663-67c8-43c5-a0e6-72b456c049b8,World Motel,https://journeyed.org/hotel/world-motel-lynwood-975436/,"11112 Long Beach Blvd, Lynwood, CA 90262-2518",Lynwood,CA,90262-2518,US,33.931585,-118.211467,+13106315755,http://www.worldmotelca.com,motel,37.5,settled-1.1-facts,2026-10-04,0,overture-places@2026-09-23.1,cdla-permissive-2.0
ov:975a9383-a0ba-4f3a-aa40-dfe6656bcd1c,Calico Motel,https://journeyed.org/hotel/calico-motel-anaheim-975a93/,"500 S Beach Blvd, Anaheim, CA 92804-1811",Anaheim,CA,92804-1811,US,33.825974,-117.992784,+17148269598,https://www.calicoanaheim.xyz,motel,39.5,settled-1.1-facts,2026-10-04,11,overture-places@2026-09-23.1,cdla-permissive-2.0
ov:975c00d8-f56f-460f-abeb-f09365aec804,Beverly Inn,https://journeyed.org/hotel/beverly-inn-los-angeles-975c00/,"7701 Beverly Blvd, Los Angeles, CA 90036",Los Angeles,CA,90036,US,34.0763639,-118.357455,+13239318108,http://www.beverlyinn.com,inn,41.1,settled-1.1-facts,2026-10-04,9,overture-places@2026-09-23.1,cdla-permissive-2.0
ov:97874aa6-267f-449a-97a2-de42edcd675a,Wilshire Serrano Motel,https://journeyed.org/hotel/wilshire-serrano-motel-los-angeles-97874a/,"736 S Serrano Ave, Los Angeles, CA 90005",Los Angeles,CA,90005,US,34.0585075,-118.3064352,+12133860244,http://www.wilshiremotel.com,motel,41.1,settled-1.1-facts,2026-10-04,3,overture-places@2026-09-23.1,cdla-permissive-2.0
ov:979f64dd-9954-4643-bb69-2378093bc2a8,Waldorf Astoria Monarch Beach,https://journeyed.org/hotel/waldorf-astoria-monarch-beach-dana-point-979f64/,"1 Monarch Beach Resort N, Dana Point, CA 92629",Dana Point,CA,92629,US,33.4821382,-117.7159134,+19492343200,https://www.waldorfastoriamonarchbeach.com/,beach_resort,50.8,settled-1.1-facts,2026-10-04,1,overture-places@2026-09-23.1,cdla-permissive-2.0
ov:97a4648b-2911-4640-80da-37596265a168,Pomona Dunes Hotel-Motel,https://journeyed.org/hotel/pomona-dunes-hotel-motel-pomona-97a464/,"1274 W 2nd St, Pomona, CA 91766",Pomona,CA,91766,US,34.0572948,-117.7669401,+19096237524,http://www.phillipsranchrealestate-ca.com,motel,40.2,settled-1.1-facts,2026-10-04,1,overture-places@2026-09-23.1,cdla-permissive-2.0
ov:97ad5fbd-47c6-4a78-921f-6903ce9dc9dd,Coast Long Beach Hotel,https://journeyed.org/hotel/coast-long-beach-hotel-long-beach-97ad5f/,"550 Elm Ave, Long Beach, CA 90802-2429",Long Beach,CA,90802-2429,US,33.7758357,-118.1875694,+15624357676,,hotel,29,settled-1.1-facts,2026-10-04,2,overture-places@2026-09-23.1,cdla-permissive-2.0
ov:97cac040-e786-4030-ae77-5bb8b749ccff,Hilton Hotel Burbank,https://journeyed.org/hotel/hilton-hotel-burbank-burbank-97cac0/,"2500 N Hollywood Way, Burbank, CA 91505-1019",Burbank,CA,91505-1019,US,34.193966,-118.347974,,http://www.hilton.com,hotel,30.4,settled-1.1-facts,2026-10-04,1,overture-places@2026-09-23.1,cdla-permissive-2.0
ov:97d3067f-f9fc-42a7-b8e1-26d4b4fdd9c2,Sonesta Select Los Angeles Torrance South Bay,https://journeyed.org/hotel/sonesta-select-los-angeles-torrance-south-bay-torrance-97d306/,"1925 W. 190th Street, Torrance, CA 90504",Torrance,CA,90504,US,33.8591,-118.312,,https://www.sonesta.com/sonesta-select/ca/torrance/sonesta-select-los-angeles-torrance-south-bay,hotel,28.7,settled-1.1-facts,2026-10-04,2,overture-places@2026-09-23.1,cdla-permissive-2.0
ov:97e59c38-dd15-43cb-bcff-ee334da2031a,The Beverly Hilton,https://journeyed.org/hotel/the-beverly-hilton-beverly-hills-97e59c/,"9876 Wilshire Blvd, Beverly Hills, CA 90210-3115",Beverly Hills,CA,90210-3115,US,34.066345,-118.413033,+13102747777,https://www.beverlyhilton.com,hotel,40.5,settled-1.1-facts,2026-10-04,6,overture-places@2026-09-23.1,cdla-permissive-2.0
ov:97f8f33d-c8b0-4414-af16-84f6e66975d5,Super 8 by Wyndham Costa Mesa/Newport Beach Area,https://journeyed.org/hotel/super-8-by-wyndham-costa-mesa-newport-beach-area-costa-mesa-97f8f3/,"2645 Harbor Blvd, Costa Mesa, CA 92626",Costa Mesa,CA,92626,US,33.6690984,-117.9193109,+17145459471,https://www.costamesainn.com,resort,74,settled-1.1-facts,2026-10-04,28,overture-places@2026-09-23.1,cdla-permissive-2.0
ov:98166c2e-3a33-458c-a96f-74d2869a5def,Granville Park Hotel,https://journeyed.org/hotel/granville-park-hotel-norwalk-98166c/,"13111 Sycamore Dr, Norwalk, CA 90650-8339",Norwalk,CA,90650-8339,US,33.911546,-118.070775,,,lodging,18.6,settled-1.1-facts,2026-10-04,1,overture-places@2026-09-23.1,cdla-permissive-2.0
ov:9822b296-73f5-4cb9-a1ee-e4faf392f2fe,Organ Hotel,https://journeyed.org/hotel/organ-hotel-los-angeles-9822b2/,"226 E 1st St, Los Angeles, CA 90012-3801",Los Angeles,CA,90012-3801,US,34.0522162,-118.2437038,+12136260718,http://en.wikipedia.org/wiki/Alan_Hotel,hotel,40.7,settled-1.1-facts,2026-10-04,13,overture-places@2026-09-23.1,cdla-permissive-2.0
ov:9831e0e7-331e-40fe-a6b8-16f3fe2a9a3c,SpringHill Suites,https://journeyed.org/hotel/springhill-suites-lancaster-9831e0/,"1811 West Avenue J-12, Lancaster, CA 93534",Lancaster,CA,93534,US,34.6789581,-118.1637384,+16617292390,https://www.marriott.com/en-us/hotels/wjfsh-springhill-suites-lancaster-palmdale/overview/?scid=d2406702-e8ea-4b45-bb9b-69cddaaef03d,hotel,26.5,settled-1.1-facts,2026-10-04,0,overture-places@2026-09-23.1,cdla-permissive-2.0
ov:9851d10a-beb6-4611-8254-f45d7cfd5484,Reno Motel,https://journeyed.org/hotel/reno-motel-los-angeles-9851d1/,"5136 Washington Blvd, Los Angeles, CA 90016",Los Angeles,CA,90016,US,34.0409072,-118.3521187,+13235797828,,motel,28.1,settled-1.1-facts,2026-10-04,2,overture-places@2026-09-23.1,cdla-permissive-2.0
ov:9855a70c-bcf4-40aa-b0cc-82b9e707e409,East West Motel,https://journeyed.org/hotel/east-west-motel-los-angeles-9855a7/,"7101 Vermont Ave, Los Angeles, CA 90044",Los Angeles,CA,90044,US,33.9752432,-118.2920224,+13237781777,,motel,25.8,settled-1.1-facts,2026-10-04,2,overture-places@2026-09-23.1,cdla-permissive-2.0
ov:9864e42e-610b-40b2-8541-e69bef6ef9b8,Hostel California,https://journeyed.org/hotel/hostel-california-venice-9864e4/,"2221 Lincoln Blvd, Venice, CA 90291-3952",Venice,CA,90291-3952,US,33.9946184,-118.4544452,+13103050250,https://www.hostelcalifornia.net,hostel,40.4,settled-1.1-facts,2026-10-04,9,overture-places@2026-09-23.1,cdla-permissive-2.0
ov:9866b755-cea1-4427-a5ad-6da5e9773a8a,Hotel Lucile,https://journeyed.org/hotel/hotel-lucile-los-angeles-9866b7/,"1629 Griffith Park Blvd, Los Angeles, CA 90026-1051",Los Angeles,CA,90026-1051,US,34.09164,-118.27792,,https://www.casetta.com/,lodging,35.6,settled-1.1-facts,2026-10-04,15,overture-places@2026-09-23.1,cdla-permissive-2.0
ov:986f2535-1170-415e-8c47-127ee3677533,Residence Inn by Marriott Los Angeles Torrance/Redondo Beach,https://journeyed.org/hotel/residence-inn-by-marriott-los-angeles-torrance-redondo-beach-torrance-986f25/,"3701 Torrance Blvd, Torrance, CA 90503",Torrance,CA,90503,US,33.8386788,-118.3518559,+13105434566,https://www.marriott.com/en-us/hotels/laxtc-residence-inn-los-angeles-torrance-redondo-beach/overview/?scid=d2406702-e8ea-4b45-bb9b-69cddaaef03d,hotel,40.6,settled-1.1-facts,2026-10-04,2,overture-places@2026-09-23.1,cdla-permissive-2.0
ov:9876da60-c6e7-4065-a929-c385e191cb3a,Mainstay Suites,https://journeyed.org/hotel/mainstay-suites-west-hollywood-9876da/,"8750 Burton Way, West Hollywood, CA 90048",West Hollywood,CA,90048,US,34.0718763,-118.3831561,+13102880902,http://www.mainstaysuites.com,hotel,41.1,settled-1.1-facts,2026-10-04,8,overture-places@2026-09-23.1,cdla-permissive-2.0
ov:98a4b0ca-f51c-4a4b-a51d-c61e4c41f05b,Motel 6,https://journeyed.org/hotel/motel-6-inglewood-98a4b0/,"5101 W Century Blvd, Inglewood, CA 90304",Inglewood,CA,90304,US,33.9459883,-118.3672041,+13104191234,https://www.motel6lax.us/,motel,54.4,settled-1.1-facts,2026-10-04,48,overture-places@2026-09-23.1,cdla-permissive-2.0
ov:98aaa8f5-6746-4396-886c-c4848ee66ddd,Oceanview Motel,https://journeyed.org/hotel/oceanview-motel-huntington-beach-98aaa8/,"16196 Pacific Coast Hwy, Huntington Beach, CA 92649",Huntington Beach,CA,92649,US,33.7272099,-118.0813043,+15625922700,http://www.oceanviewmotel-hb.com,motel,38.9,settled-1.1-facts,2026-10-04,1,overture-places@2026-09-23.1,cdla-permissive-2.0
ov:98acd433-bd72-4a9d-bd65-a12c40861b4d,Best Western Plus-Eagle Rock Inn,https://journeyed.org/hotel/best-western-plus-eagle-rock-inn-pasadena-98acd4/,"2911 E Colorado Blvd, Pasadena, CA 91107-4446",Pasadena,CA,91107-4446,US,34.14631,-118.09015,+13232567711,,hotel,27,settled-1.1-facts,2026-10-04,1,overture-places@2026-09-23.1,cdla-permissive-2.0
ov:98c26518-514b-4cd1-9c62-00c10b916604,Adams Motel,https://journeyed.org/hotel/adams-motel-los-angeles-98c265/,"4905 W Adams Blvd, Los Angeles, CA 90016",Los Angeles,CA,90016,US,34.0327871,-118.3473885,+13237312165,https://shadow.com/hotels/los-angeles-ca/adams-motel-los-angeles#!,hotel,39,settled-1.1-facts,2026-10-04,2,overture-places@2026-09-23.1,cdla-permissive-2.0
ov:98cceceb-5b02-4f95-811e-df198f774cf4,Kings Motel Inglewood,https://journeyed.org/hotel/kings-motel-inglewood-inglewood-98ccec/,"3501 W Imperial Hwy, Inglewood, CA 90303",Inglewood,CA,90303,US,33.9311023,-118.3331448,+13106742196,https://en.parkopedia.com/parking/lot/kings_motel/90303/inglewood/?vendor=here,motel,40.3,settled-1.1-facts,2026-10-04,10,overture-places@2026-09-23.1,cdla-permissive-2.0
ov:98dff6e8-a2cf-442d-aa6d-69ce1510e709,Edifice Suites,https://journeyed.org/hotel/edifice-suites-santa-monica-98dff6/,"201 Santa Monica Blvd #300, Santa Monica, CA 90401",Santa Monica,CA,90401,US,34.0151868,-118.4971601,+13105934977,http://www.edificesuites.com/,service_apartment,40.8,settled-1.1-facts,2026-10-04,11,overture-places@2026-09-23.1,cdla-permissive-2.0
ov:98fdf0f6-995d-42bc-a2f8-8ba0c244f7df,Rodeway Inn,https://journeyed.org/hotel/rodeway-inn-los-angeles-98fdf0/,"777 Vine St, Los Angeles, CA 90038",Los Angeles,CA,90038,US,34.0848744,-118.3268576,+13234635671,https://www.choicehotels.com/california/hollywood/rodeway-inn-hotels/ca245?pmf=yext&mc=llyxyxpx,inn,39.7,settled-1.1-facts,2026-10-04,9,overture-places@2026-09-23.1,cdla-permissive-2.0
ov:99424467-ce6a-4102-93e9-c56d0f9a687c,Elk Mountain Resort,https://journeyed.org/hotel/elk-mountain-resort-los-angeles-994244/,"120 N Robertson Blvd, Los Angeles, CA 90048-3108",Los Angeles,CA,90048-3108,US,34.0760538,-118.3829346,+13108558389,https://www.elkmntresort.com,lodging,41.3,settled-1.1-facts,2026-10-04,8,overture-places@2026-09-23.1,cdla-permissive-2.0
ov:99529b5e-ac6a-4c4f-8f00-cd01ebd2793c,Bright Star Motel,https://journeyed.org/hotel/bright-star-motel-ontario-99529b/,"1530 W Mission Blvd, Ontario, CA 91762",Ontario,CA,91762,US,34.0562419,-117.6796872,+19099839113,http://statefarm.com,motel,38.6,settled-1.1-facts,2026-10-04,1,overture-places@2026-09-23.1,cdla-permissive-2.0
ov:9958d861-8f6b-4a48-9c40-0aa70de7a4a6,Sheraton Fairplex Suites & Conference Center,https://journeyed.org/hotel/sheraton-fairplex-suites-and-conference-center-pomona-9958d8/,"601 W McKinley Ave, Pomona, CA 91768",Pomona,CA,91768,US,34.0796441,-117.7627295,+19096222220,https://www.marriott.com/hotels/travel/ONTSI,hotel,38.8,settled-1.1-facts,2026-10-04,1,overture-places@2026-09-23.1,cdla-permissive-2.0
ov:996f3dcc-296b-49bc-9f2a-49773061f950,Hotel Casa del Mar,https://journeyed.org/hotel/hotel-casa-del-mar-santa-monica-996f3d/,"1910 Ocean Way, Santa Monica, CA 90405",Santa Monica,CA,90405,US,34.0064168,-118.4912322,+13105815533,https://www.hotelcasadelmar.com/,hotel,40.9,settled-1.1-facts,2026-10-04,8,overture-places@2026-09-23.1,cdla-permissive-2.0
ov:99805a2a-1679-4a26-b4e7-5960d70f4bc6,Hyde Park Motel,https://journeyed.org/hotel/hyde-park-motel-los-angeles-99805a/,"6340 Crenshaw Blvd, Los Angeles, CA 90043",Los Angeles,CA,90043,US,33.9817899,-118.330641,+13237520355,http://www.hydeparkmotel-la.us,motel,63.1,settled-1.1-facts,2026-10-04,35,overture-places@2026-09-23.1,cdla-permissive-2.0
ov:999369be-c45e-4e22-97f9-1e3e09220a31,Ramada Inn Burbank Airport,https://journeyed.org/hotel/ramada-inn-burbank-airport-los-angeles-999369/,"2900 N San Fernando Rd, Los Angeles, CA 90065-1322",Los Angeles,CA,90065-1322,US,34.11167,-118.244,+18776626988,http://www.ramada.com/,hotel,38.3,settled-1.1-facts,2026-10-04,3,overture-places@2026-09-23.1,cdla-permissive-2.0
ov:99af16dd-3781-4a04-b736-32def61992cf,Ontario Motor Inn,https://journeyed.org/hotel/ontario-motor-inn-ontario-99af16/,"1522 W Mission Blvd, Ontario, CA 91762-4730",Ontario,CA,91762-4730,US,34.056517,-117.679392,+19099846789,,motel,27,settled-1.1-facts,2026-10-04,1,overture-places@2026-09-23.1,cdla-permissive-2.0
ov:99b4e147-2cd2-4302-81c9-8b4d5cf26e7f,Ricky Motel,https://journeyed.org/hotel/ricky-motel-los-angeles-99b4e1/,"2125 W Manchester Ave, Los Angeles, CA 90047-2929",Los Angeles,CA,90047-2929,US,33.96027,-118.316474,+13237585899,,motel,27.8,settled-1.1-facts,2026-10-04,6,overture-places@2026-09-23.1,cdla-permissive-2.0
ov:99b53340-b830-41de-903c-bf4db1433826,Pomona Inn Motel,https://journeyed.org/hotel/pomona-inn-motel-pomona-99b533/,"929 W Holt Ave, Pomona, CA 91768-3409",Pomona,CA,91768-3409,US,34.0625902,-117.7657722,+19096293214,https://www.pomonainn.com,motel,64.3,settled-1.1-facts,2026-10-04,4,overture-places@2026-09-23.1,cdla-permissive-2.0
ov:99d56c39-daac-4bfe-989b-5772b67374ff,Renaissance Newport Beach Hotel,https://journeyed.org/hotel/renaissance-newport-beach-hotel-newport-beach-99d56c/,"4500 MacArthur Blvd, Newport Beach, CA 92660",Newport Beach,CA,92660,US,33.6675196,-117.8624884,+19494762001,https://www.marriott.com/en-us/hotels/npbbr-renaissance-newport-beach-hotel/overview/?scid=d2406702-e8ea-4b45-bb9b-69cddaaef03d,hotel,40.5,settled-1.1-facts,2026-10-04,1,overture-places@2026-09-23.1,cdla-permissive-2.0
ov:99d8fa02-71aa-4185-ac31-31a1571cf1a1,"BLVD Hotel and Studios Universal-Hollywood, an Ascend Collection Hotel",https://journeyed.org/hotel/blvd-hotel-and-studios-universal-hollywood-an-ascend-collection-hotel-99d8fa/,"10730 Ventura Blvd, Studio City, CA 91604",Studio City,CA,91604,US,34.13838,-118.36533,+18182969332,,resort,28.9,settled-1.1-facts,2026-10-04,6,overture-places@2026-09-23.1,cdla-permissive-2.0
ov:99dbc4da-ea9e-454c-b31b-27b5a5c1b393,The Richland,https://journeyed.org/hotel/the-richland-orange-99dbc4/,"137 E Maple Ave, Orange, CA 92866",Orange,CA,92866,US,33.7899103,-117.8523427,+17149426110,https://therichland.com/,hotel,60.6,settled-1.1-facts,2026-10-04,22,overture-places@2026-09-23.1,cdla-permissive-2.0
ov:99e08c6b-b41b-49b9-b6ab-53de46ba265c,Best Western Plus Dana Point Inn By The Sea,https://journeyed.org/hotel/best-western-plus-dana-point-inn-by-the-sea-dana-point-99e08c/,"34744 Pacific Coast Hwy, Dana Point, CA 92624-1302",Dana Point,CA,92624-1302,US,33.4576957,-117.6707098,+19492400150,https://www.bestwestern.com/en_US/book/hotel-rooms.05628.html?iata=00171890&ssob=BLBWI0003G&cid=BLBWI0003G%3Ayext%3Awebsite%3A05628,hotel,26.5,settled-1.1-facts,2026-10-04,0,overture-places@2026-09-23.1,cdla-permissive-2.0
ov:99e21e09-5af8-46de-96aa-89b9e414c549,Ontario Inn & Suites,https://journeyed.org/hotel/ontario-inn-and-suites-montclair-99e21e/,"5361 Holt Blvd, Montclair, CA 91763",Montclair,CA,91763,US,34.0627563,-117.6882295,+19096253806,http://www.ontarioinn.com,motel,38,settled-1.1-facts,2026-10-04,0,overture-places@2026-09-23.1,cdla-permissive-2.0
ov:9a41be64-f11a-4b64-a864-c3e587a52f2f,Tapestry Collection by Hilton,https://journeyed.org/hotel/tapestry-collection-by-hilton-redondo-beach-9a41be/,"400 N Harbor Dr, Redondo Beach, CA 90277-2001",Redondo Beach,CA,90277-2001,US,33.8466642,-118.3932458,+13103760746,http://www.theredondo.com/,hotel,74.8,settled-1.1-facts,2026-10-04,31,overture-places@2026-09-23.1,cdla-permissive-2.0
ov:9a4436f8-2336-4692-9c7c-b5a037cea423,Hyland Inn,https://journeyed.org/hotel/hyland-inn-long-beach-9a4436/,"2471 Long Beach Blvd, Long Beach, CA 90806",Long Beach,CA,90806,US,33.8021388,-118.1895532,+15624900401,http://www.hylandinnlongbeach.com/,motel,38,settled-1.1-facts,2026-10-04,1,overture-places@2026-09-23.1,cdla-permissive-2.0
ov:9a51a335-dc81-474a-b47b-80c6c189c288,El Patio Inn,https://journeyed.org/hotel/el-patio-inn-studio-city-9a51a3/,"11466 Ventura Blvd, Studio City, CA 91604-3146",Studio City,CA,91604-3146,US,34.1394419,-118.3811075,+18185085828,http://www.elpatioinn.com/,motel,64.2,settled-1.1-facts,2026-10-04,26,overture-places@2026-09-23.1,cdla-permissive-2.0
ov:9a8534c1-e656-46b1-9c0e-5e803fc379b7,Holiday Inn Express & Suites,https://journeyed.org/hotel/holiday-inn-express-and-suites-hawaiian-gardens-9a8534/,"22434 Norwalk Blvd, Hawaiian Gardens, CA 90716",Hawaiian Gardens,CA,90716,US,33.824384,-118.0714295,+15623528888,https://www.ihg.com/holidayinnexpress/hotels/us/en/hawaiian-gardens/laxhg/hoteldetail?cm_mmc=YextLocal-_-EX-_-US-_-LAXHG,hotel,38.8,settled-1.1-facts,2026-10-04,1,overture-places@2026-09-23.1,cdla-permissive-2.0
ov:9aafc724-fa04-45c2-b00c-f068bbd168aa,The Hotel Hanford,https://journeyed.org/hotel/the-hotel-hanford-costa-mesa-9aafc7/,"3131 Bristol St, Costa Mesa, CA 92626-3037",Costa Mesa,CA,92626-3037,US,33.6843012,-117.8859207,,https://www.thehotelhanford.com,lodging,29.7,settled-1.1-facts,2026-10-04,2,overture-places@2026-09-23.1,cdla-permissive-2.0
ov:9b0cffbe-c1f1-42b8-ae9b-a94dfba5cea6,Cozy Inn Costa Mesa,https://journeyed.org/hotel/cozy-inn-costa-mesa-costa-mesa-9b0cff/,"325 W Bay St, Costa Mesa, CA 92627",Costa Mesa,CA,92627,US,33.6481421,-117.9136119,+19496502055,http://www.cozyinn.com,hotel,49.4,settled-1.1-facts,2026-10-04,6,overture-places@2026-09-23.1,cdla-permissive-2.0
ov:9b189a5d-5c7f-419c-b564-8e13dfe80dd0,Los Angeles AFB Lodging,https://journeyed.org/hotel/los-angeles-afb-lodging-san-pedro-9b189a/,"2316 S Pacific Ave, San Pedro, CA 90731-5936",San Pedro,CA,90731-5936,US,33.7224684,-118.2866954,+13106538296,,hotel,28.3,settled-1.1-facts,2026-10-04,2,overture-places@2026-09-23.1,cdla-permissive-2.0
ov:9b2ddb97-4e69-4de8-8e71-7eb2a50a6eb0,Stillwell Hotel,https://journeyed.org/hotel/stillwell-hotel-los-angeles-9b2ddb/,"838 S Grand Ave, Los Angeles, CA 90017",Los Angeles,CA,90017,US,34.0448951,-118.2587049,+12136271151,http://lahoteltravel.com/,hotel,40.9,settled-1.1-facts,2026-10-04,16,overture-places@2026-09-23.1,cdla-permissive-2.0
ov:9b4729a4-82b5-4b9b-9e5b-fd55867914f8,Sunset Suites,https://journeyed.org/hotel/sunset-suites-huntington-beach-9b4729/,"16401 Pacific Coast Hwy, Huntington Beach, CA 92649-1810",Huntington Beach,CA,92649-1810,US,33.7234761,-118.0767571,+15625922292,,hotel,26.6,settled-1.1-facts,2026-10-04,0,overture-places@2026-09-23.1,cdla-permissive-2.0
ov:9b89271d-12e2-4b95-a5d6-313c76f13d95,Ramada Sunset Beach,https://journeyed.org/hotel/ramada-sunset-beach-sunset-beach-9b8927/,"17205 Pacific Coast Hwy, Sunset Beach, CA 90742",Sunset Beach,CA,90742,US,33.712172,-118.064075,+17148402431,http://www.ramada.com,hotel,36.7,settled-1.1-facts,2026-10-04,0,overture-places@2026-09-23.1,cdla-permissive-2.0
ov:9bc19a92-7e86-453e-8a07-dad513c62e7d,Days Inn,https://journeyed.org/hotel/days-inn-inglewood-9bc19a/,"5101 W Century Blvd, Inglewood, CA 90304-1223",Inglewood,CA,90304-1223,US,33.94593,-118.36712,+13104120770,http://www.daysinn.com/,hotel,39.9,settled-1.1-facts,2026-10-04,11,overture-places@2026-09-23.1,cdla-permissive-2.0
ov:9bcb96fa-4518-4e64-a88b-af6fa55c7631,Hotel Mykonos,https://journeyed.org/hotel/hotel-mykonos-lancaster-9bcb96/,"403 W Lancaster Blvd, Lancaster, CA 93534-2539",Lancaster,CA,93534-2539,US,34.69897,-118.13541,+16619424222,https://www.mykonospanama.com/,hotel,26.5,settled-1.1-facts,2026-10-04,0,overture-places@2026-09-23.1,cdla-permissive-2.0
ov:9bd654c8-f6df-44cf-af36-92b098be85b4,La Quinta Inn & Suites LAX,https://journeyed.org/hotel/la-quinta-inn-and-suites-lax-los-angeles-9bd654/,"5249 W Century Blvd, Los Angeles, CA 90045",Los Angeles,CA,90045,US,33.94572,-118.37179,+13106452200,http://www.laquintalosangeleslaxairport.com/?cid=local_2005,resort,39.5,settled-1.1-facts,2026-10-04,12,overture-places@2026-09-23.1,cdla-permissive-2.0
ov:9bd8afc4-bb11-4c7b-934d-eb351151660e,Palm Motel,https://journeyed.org/hotel/palm-motel-los-angeles-9bd8af/,"1533 CA-1, Los Angeles, CA 90710",Los Angeles,CA,90710,US,33.7897783,-118.304139,+13103261025,http://palmmotel.homestead.com,motel,36.4,settled-1.1-facts,2026-10-04,0,overture-places@2026-09-23.1,cdla-permissive-2.0
ov:9bd9adbd-7111-4b98-b13d-9a96fd5a7a92,Holiday Inn Anaheim At Park,https://journeyed.org/hotel/holiday-inn-anaheim-at-park-arcadia-9bd9ad/,"411 E Huntington Dr Ste 305, Arcadia, CA 91006-3736",Arcadia,CA,91006-3736,US,34.1405653,-118.0212826,,,lodging,18.2,settled-1.1-facts,2026-10-04,2,overture-places@2026-09-23.1,cdla-permissive-2.0
ov:9beab0fa-4a31-4103-a8f7-dc34ce63e2b3,Goldenpark,https://journeyed.org/hotel/goldenpark-norwalk-9beab0/,"13111 Sycamore Dr, Norwalk, CA 90650-8339",Norwalk,CA,90650-8339,US,33.911505,-118.070814,+15624621010,,hotel,28.6,settled-1.1-facts,2026-10-04,1,overture-places@2026-09-23.1,cdla-permissive-2.0
ov:9c06a453-2ba4-4572-a497-2d04f6489f1b,The Malibu Bella Vista B&B,https://journeyed.org/hotel/the-malibu-bella-vista-b-and-b-calabasas-9c06a4/,"25786 Piuma Rd, Calabasas, CA 91302",Calabasas,CA,91302,US,34.0753813,-118.693403,+18186451159,http://malibubellavista.com/,bed_and_breakfast,46.9,settled-1.1-facts,2026-10-04,0,overture-places@2026-09-23.1,cdla-permissive-2.0
ov:9c2d49c7-75d6-426d-9bc1-22664d86a702,Hotel Amarano,https://journeyed.org/hotel/hotel-amarano-burbank-9c2d49/,"322 N Pass Ave, Burbank, CA 91505",Burbank,CA,91505,US,34.1559485,-118.3455067,+18188428887,http://www.HotelAmarano.com/,hotel,64.9,settled-1.1-facts,2026-10-04,53,overture-places@2026-09-23.1,cdla-permissive-2.0
ov:9c7d62bf-5c70-4515-bca2-1063cf03fdb8,King's Lodge Motel,https://journeyed.org/hotel/kings-lodge-motel-los-angeles-9c7d62/,"8618 Venice Blvd., Los Angeles, CA 90034",Los Angeles,CA,90034,US,34.0332121,-118.3807105,+13108394779,http://kings-lodge-motel-us.book.direct,motel,39.6,settled-1.1-facts,2026-10-04,1,overture-places@2026-09-23.1,cdla-permissive-2.0
ov:9c8abdb7-d3e5-41d0-b2ae-e388adb15282,Residence Inn,https://journeyed.org/hotel/residence-inn-brea-9c8abd/,"180 S. State College Blvd., Brea, CA 92821",Brea,CA,92821,US,33.9191585,-117.8818439,+17146740050,https://www.marriott.com/en-us/hotels/laxea-residence-inn-anaheim-brea/overview/?scid=d2406702-e8ea-4b45-bb9b-69cddaaef03d,hotel,35,settled-1.1-facts,2026-10-04,0,overture-places@2026-09-23.1,cdla-permissive-2.0
ov:9ceda0e9-8467-4e00-a67e-0186e62e9288,Island Ventures,https://journeyed.org/hotel/island-ventures-avalon-9ceda0/,"407 Crescent Ave, Avalon, CA 90704",Avalon,CA,90704,US,33.3436941,-118.3258465,+13105100178,http://www.snugharbor-inn.com/,hotel,26.5,settled-1.1-facts,2026-10-04,0,overture-places@2026-09-23.1,cdla-permissive-2.0
ov:9cf4b948-770a-468c-935b-dd7d037dbbd6,OYO Hotel Pomona CA - I-10 & Hwy 71,https://journeyed.org/hotel/oyo-hotel-pomona-ca-i-10-and-hwy-71-pomona-9cf4b9/,"130 E Holt Ave, Pomona, CA 91767",Pomona,CA,91767,US,34.0621099,-117.7495018,+16262448274,https://www.oyorooms.com/78799?utm_source=Bing_bp&utm_medium=listing&utm_campaign=US_POM001,resort,40.7,settled-1.1-facts,2026-10-04,1,overture-places@2026-09-23.1,cdla-permissive-2.0
ov:9d082122-301f-44fe-bee3-5873e9c6cc4e,Walls Motel Long Beach,https://journeyed.org/hotel/walls-motel-long-beach-long-beach-9d0821/,"4821 Long Beach Blvd, Long Beach, CA 90805-6933",Long Beach,CA,90805-6933,US,33.8444312,-118.1932529,+15624230620,http://www.mylongbeachmotel.com,motel,37,settled-1.1-facts,2026-10-04,1,overture-places@2026-09-23.1,cdla-permissive-2.0
ov:9d0ef01a-cf86-48eb-8660-9b5cc3e9678b,Holloway Motel,https://journeyed.org/hotel/holloway-motel-los-angeles-9d0ef0/,"8465 Santa Monica Blvd, Los Angeles, CA 90069",Los Angeles,CA,90069,US,34.0903297,-118.3755966,+18886546400,http://hollowaymotel.com,motel,40.9,settled-1.1-facts,2026-10-04,7,overture-places@2026-09-23.1,cdla-permissive-2.0
ov:9d12c82f-a3ba-48cc-b279-91b160acd644,Hotel Angelino,https://journeyed.org/hotel/hotel-angelino-los-angeles-9d12c8/,"170 S Church Ln, Los Angeles, CA 90049",Los Angeles,CA,90049,US,34.070867,-118.465238,+13108733996,,resort,28.8,settled-1.1-facts,2026-10-04,4,overture-places@2026-09-23.1,cdla-permissive-2.0
ov:9d2868eb-e72a-4be8-b2c9-9c158ed56ee4,Espana Motel,https://journeyed.org/hotel/espana-motel-norwalk-9d2868/,"11844 Firestone Blvd, Norwalk, CA 90650",Norwalk,CA,90650,US,33.9119918,-118.0806625,+15628645951,https://espana-motel-norwalk.booked.net,motel,41,settled-1.1-facts,2026-10-04,1,overture-places@2026-09-23.1,cdla-permissive-2.0
ov:9d51da20-6eab-4266-a94b-87efe5457eee,Crenshaw Inn Motel,https://journeyed.org/hotel/crenshaw-inn-motel-los-angeles-9d51da/,"6303 Crenshaw Blvd, Los Angeles, CA 90043",Los Angeles,CA,90043,US,33.9827195,-118.3311824,+13239713333,https://www.crenshawinnmotella.com,motel,38.8,settled-1.1-facts,2026-10-04,4,overture-places@2026-09-23.1,cdla-permissive-2.0
ov:9d582cb9-5046-48e7-a941-c87765c1fde4,TownePlace Suites by Marriott Los Angeles LAX/Manhattan Beach,https://journeyed.org/hotel/towneplace-suites-by-marriott-los-angeles-lax-manhattan-beach-9d582c/,"14400 Aviation Blvd, Hawthorne, CA 90250",Hawthorne,CA,90250,US,33.9004484,-118.3783078,+13107259696,https://www.marriott.com/en-us/hotels/laxht-towneplace-suites-los-angeles-lax-manhattan-beach/overview/?scid=d2406702-e8ea-4b45-bb9b-69cddaaef03d,hotel,38,settled-1.1-facts,2026-10-04,4,overture-places@2026-09-23.1,cdla-permissive-2.0
ov:9d76e603-9d03-46e7-b32f-1394bce637dd,Galaxy Inn,https://journeyed.org/hotel/galaxy-inn-culver-city-9d76e6/,"3958 Sepulveda Blvd, Culver City, CA 90230",Culver City,CA,90230,US,34.0098175,-118.4143531,+13103915279,http://www.galaxyinnla.us,motel,63.8,settled-1.1-facts,2026-10-04,33,overture-places@2026-09-23.1,cdla-permissive-2.0
ov:9da6b1bb-f15a-4b2a-b532-32e519b9b2bf,Flores Motel,https://journeyed.org/hotel/flores-motel-los-angeles-9da6b1/,"807 E Manchester Ave, Los Angeles, CA 90001",Los Angeles,CA,90001,US,33.9602659,-118.2603605,+13235892537,http://www.flysleepdrive.com,motel,35.4,settled-1.1-facts,2026-10-04,0,overture-places@2026-09-23.1,cdla-permissive-2.0
ov:9dc9203e-d68d-4124-921d-56aced8df891,La Posada Motel,https://journeyed.org/hotel/la-posada-motel-los-angeles-9dc920/,"7615 Sepulveda Blvd, Los Angeles, CA 91405",Los Angeles,CA,91405,US,34.2089761,-118.4664786,+18189948547,http://laposadamotel.placeweb.site,motel,38.7,settled-1.1-facts,2026-10-04,1,overture-places@2026-09-23.1,cdla-permissive-2.0
ov:9dd3fb25-e457-4246-bd92-88160d94bb35,Ocean Surf Inn & Suites,https://journeyed.org/hotel/ocean-surf-inn-and-suites-huntington-beach-9dd3fb/,"16555 CA-1, Huntington Beach, CA 90742",Huntington Beach,CA,90742,US,33.7215871,-118.0752808,+15625921993,http://www.oceansurfinn.com/,hotel,67.2,settled-1.1-facts,2026-10-04,41,overture-places@2026-09-23.1,cdla-permissive-2.0
ov:9ddb46c8-bc4f-4bca-99fe-ec48b0b9c51f,Best Western Airport Plaza Inn,https://journeyed.org/hotel/best-western-airport-plaza-inn-inglewood-9ddb46/,"1730 Centinela Ave, Inglewood, CA 90302",Inglewood,CA,90302,US,33.977455,-118.3693928,+13105680071,https://www.bestwestern.com/en_US/book/hotel-rooms.05463.html?iata=00171890&ssob=BLBWI0003G&cid=BLBWI0003G%3Ayext%3Awebsite%3A05463,hotel,38.9,settled-1.1-facts,2026-10-04,6,overture-places@2026-09-23.1,cdla-permissive-2.0
ov:9de07376-d235-49a7-a1be-97d2f131f8c4,Aventura Hotel,https://journeyed.org/hotel/aventura-hotel-los-angeles-9de073/,"1020 Fedora St, Los Angeles, CA 90006",Los Angeles,CA,90006,US,34.0520868,-118.297664,+12133861020,http://theaventurahotel.com/,hotel,59.7,settled-1.1-facts,2026-10-04,50,overture-places@2026-09-23.1,cdla-permissive-2.0
ov:9df5a11e-a312-4ec8-b110-193b8dc09d48,Ritz Motel,https://journeyed.org/hotel/ritz-motel-north-hollywood-9df5a1/,"6021 Lankershim Blvd, North Hollywood, CA 91606",North Hollywood,CA,91606,US,34.1800511,-118.384437,+18187697520,https://www.dandb.com/.../theritzmotel-northhollywood-ca-17936795.html,motel,39.7,settled-1.1-facts,2026-10-04,2,overture-places@2026-09-23.1,cdla-permissive-2.0
ov:9e44f7eb-c3bb-4be6-8fe1-98934fddbb69,Cimarron,https://journeyed.org/hotel/cimarron-los-angeles-9e44f7/,"3702 Cimarron St, Los Angeles, CA 90018-4341",Los Angeles,CA,90018-4341,US,34.020892,-118.315263,+13237310872,,hotel,27.3,settled-1.1-facts,2026-10-04,3,overture-places@2026-09-23.1,cdla-permissive-2.0
ov:9e666386-6d58-4e74-9166-22e9271774c0,The MoonPad,https://journeyed.org/hotel/the-moonpad-los-angeles-9e6663/,"125 S Boyle Ave, Los Angeles, CA 90033",Los Angeles,CA,90033,US,34.0464472,-118.2201086,+18186413385,http://www.themoonpad.com,hostel,39.8,settled-1.1-facts,2026-10-04,9,overture-places@2026-09-23.1,cdla-permissive-2.0
ov:9e816d1d-dd83-4c62-8408-965234134c9b,Las Palmas Hotel,https://journeyed.org/hotel/las-palmas-hotel-los-angeles-9e816d/,"1738 N Las Palmas Ave #220, Los Angeles, CA 90028",Los Angeles,CA,90028,US,34.1027213,-118.3360121,+13234649236,http://www.laspalmashollywood.com/,hotel,41,settled-1.1-facts,2026-10-04,13,overture-places@2026-09-23.1,cdla-permissive-2.0
ov:9eb6bcd3-d83f-4c5a-824b-4ac1f9b8e0dd,Gardena Towers Inn,https://journeyed.org/hotel/gardena-towers-inn-gardena-9eb6bc/,"16240 S Western Ave, Gardena, CA 90247",Gardena,CA,90247,US,33.8827705,-118.3087752,+13103230421,http://www.gardenatowersinn.hotelringingbell.com,motel,40.2,settled-1.1-facts,2026-10-04,1,overture-places@2026-09-23.1,cdla-permissive-2.0
ov:9ed31c50-a1ca-4a4f-8f27-9bb7006be4cd,Griffith Park Motel,https://journeyed.org/hotel/griffith-park-motel-glendale-9ed31c/,"1634 Victory Blvd, Glendale, CA 91201",Glendale,CA,91201,US,34.1603854,-118.2995713,+18182445071,https://www.griffithparkmotel.com,motel,39.2,settled-1.1-facts,2026-10-04,3,overture-places@2026-09-23.1,cdla-permissive-2.0
ov:9ef19085-2378-4c3f-80e0-0f842780c3ef,Ace Hotel Downtown Los Angeles,https://journeyed.org/hotel/ace-hotel-downtown-los-angeles-los-angeles-9ef190/,"929 S Broadway, Los Angeles, CA 90015",Los Angeles,CA,90015,US,34.04195,-118.256625,+12136233233,http://www.acehotel.com/losangeles,resort,40.7,settled-1.1-facts,2026-10-04,16,overture-places@2026-09-23.1,cdla-permissive-2.0
ov:9efd9930-9b5e-43a9-94b1-56e770ca7e67,Villa Inn Anaheim,https://journeyed.org/hotel/villa-inn-anaheim-anaheim-9efd99/,"733 S Beach Blvd, Anaheim, CA 92804",Anaheim,CA,92804,US,33.8209433,-117.993704,+17147613111,https://secure.rezserver.com/public/oops.html,motel,39,settled-1.1-facts,2026-10-04,1,overture-places@2026-09-23.1,cdla-permissive-2.0
ov:9f22498a-fe72-41d3-b1cb-bf08ef25e300,La Mirage Inn LAX Airport,https://journeyed.org/hotel/la-mirage-inn-lax-airport-los-angeles-9f2249/,"11711 S Western Ave, Los Angeles, CA 90047",Los Angeles,CA,90047,US,33.9272139,-118.309404,+13234180888,http://www.lamirageinnlax.com,hotel,39.7,settled-1.1-facts,2026-10-04,3,overture-places@2026-09-23.1,cdla-permissive-2.0
ov:9f265304-44e2-4919-b79e-d48f434774c0,"OYO Hotel Whittier, CA I-605",https://journeyed.org/hotel/oyo-hotel-whittier-ca-i-605-whittier-9f2653/,"11435 0, Whittier Blvd, Whittier, CA 91767",Whittier,CA,91767,US,33.9847591,-118.0555921,+16262448274,https://www.oyorooms.com/78786?utm_source=Bing_bp&utm_medium=listing&utm_campaign=US_LAG002,hotel,39.3,settled-1.1-facts,2026-10-04,1,overture-places@2026-09-23.1,cdla-permissive-2.0
ov:9f393464-ae75-4ac2-a9c9-e5f6b48a60d1,OYO USA,https://journeyed.org/hotel/oyo-usa-whittier-9f3934/,"11435 Whittier Blvd, Whittier, CA 90601-3147",Whittier,CA,90601-3147,US,33.98476,-118.05604,+16282630414,https://www.oyorooms.com/h/78786,hotel,39.3,settled-1.1-facts,2026-10-04,1,overture-places@2026-09-23.1,cdla-permissive-2.0
ov:9f3efb6d-ef9e-4e5d-9658-624c0819ea6d,City Center Hotel,https://journeyed.org/hotel/city-center-hotel-los-angeles-9f3efb/,"1135 W 7th St, Los Angeles, CA 90017",Los Angeles,CA,90017,US,34.0513923,-118.265026,+12136272581,https://www.citycenterlosangeles.info/,hotel,40.6,settled-1.1-facts,2026-10-04,17,overture-places@2026-09-23.1,cdla-permissive-2.0
ov:9f66dc5c-1d4d-44fb-a623-a106df1812a4,Pavilion Hotel,https://journeyed.org/hotel/pavilion-hotel-avalon-9f66dc/,"513 Crescent Ave, Avalon, CA 90704",Avalon,CA,90704,US,33.3431225,-118.3251565,+18558234431,https://www.visitcatalinaisland.com/lodging/avalon/pavilion-hotel,hotel,26.5,settled-1.1-facts,2026-10-04,0,overture-places@2026-09-23.1,cdla-permissive-2.0
ov:9f7e4f80-9b49-411b-a213-e4f12d1bb309,Best Western Plus Hollywood Hills Hotel,https://journeyed.org/hotel/best-western-plus-hollywood-hills-hotel-los-angeles-9f7e4f/,"6141 Franklin Ave, Los Angeles, CA 90028-5205",Los Angeles,CA,90028-5205,US,34.105405,-118.323677,,https://best-western-plus-hollywood-hills.los-angeles-hotel.com,lodging,31,settled-1.1-facts,2026-10-04,11,overture-places@2026-09-23.1,cdla-permissive-2.0
ov:9fceefb1-3875-40e7-9a3c-627993e045f7,Indian Springs Ranch,https://journeyed.org/hotel/indian-springs-ranch-sylmar-9fceef/,"14300 Little Tujunga Canyon Rd, Sylmar, CA 91342-5905",Sylmar,CA,91342-5905,US,34.322715,-118.337559,+18188906111,,hotel,17,settled-1.1-facts,2026-10-04,0,overture-places@2026-09-23.1,cdla-permissive-2.0
ov:9ff5b069-574d-4327-aa42-66b4ffaa75b3,USA Hostels Hollywood,https://journeyed.org/hotel/usa-hostels-hollywood-los-angeles-9ff5b0/,"1624 Schrader Blvd, Los Angeles, CA 90028",Los Angeles,CA,90028,US,34.1006173,-118.3321974,+13234623777,http://www.usahostels.com,hostel,41,settled-1.1-facts,2026-10-04,12,overture-places@2026-09-23.1,cdla-permissive-2.0
ov:9fffbe9e-6685-4503-a8b6-b833277cebe8,La Quinta Inn and Suites by Wyndham Anaheim,https://journeyed.org/hotel/la-quinta-inn-and-suites-by-wyndham-anaheim-anaheim-9fffbe/,"1752 S Clementine St, Anaheim, CA 92802",Anaheim,CA,92802,US,33.8043789,-117.9096396,+17146355000,http://www.laquintaanaheim.com/?cid=local_2009,hotel,40.4,settled-1.1-facts,2026-10-04,10,overture-places@2026-09-23.1,cdla-permissive-2.0
ov:a019ec50-e061-46c3-b3fd-ad9e709be952,Colorado Motel,https://journeyed.org/hotel/colorado-motel-signal-hill-a019ec/,"2865 E Pacific Coast Hwy, Signal Hill, CA 90755-1631",Signal Hill,CA,90755-1631,US,33.790255,-118.158069,+15625978645,,hotel,26.9,settled-1.1-facts,2026-10-04,1,overture-places@2026-09-23.1,cdla-permissive-2.0
ov:a0223eec-1039-41bd-b230-9e9d9bf837ab,Sunrise Motel,https://journeyed.org/hotel/sunrise-motel-los-angeles-a0223e/,"8320 S Figueroa St, Los Angeles, CA 90003",Los Angeles,CA,90003,US,33.9636418,-118.2825154,+13233051338,,motel,24.8,settled-1.1-facts,2026-10-04,0,overture-places@2026-09-23.1,cdla-permissive-2.0
ov:a05b87cf-504e-4e7a-8943-a28b2f461a70,Olympic Hotel,https://journeyed.org/hotel/olympic-hotel-los-angeles-a05b87/,"725 S Westlake Ave, Los Angeles, CA 90057-4125",Los Angeles,CA,90057-4125,US,34.05522,-118.276449,+12134136054,https://laolympichotel.com,hotel,40,settled-1.1-facts,2026-10-04,15,overture-places@2026-09-23.1,cdla-permissive-2.0
ov:a05c6b78-2e5c-4ae1-89fb-b6da2fd9380b,Vagabond Inn La Habra,https://journeyed.org/hotel/vagabond-inn-la-habra-la-habra-a05c6b/,"1015 E 3rd Ave, La Habra, CA 90631",La Habra,CA,90631,US,33.92957,-117.93397,+15626971425,http://www.vagabondinn.com/vagabond-inn-la-habra,resort,35.4,settled-1.1-facts,2026-10-04,0,overture-places@2026-09-23.1,cdla-permissive-2.0
ov:a09a4772-c2b0-4b36-b4ce-05f3ebe38ad8,Motel 6,https://journeyed.org/hotel/motel-6-simi-valley-a09a47/,"2566 Erringer Rd, Simi Valley, CA 93065",Simi Valley,CA,93065,US,34.2814232,-118.7609342,+18053624148,http://www.motel6.com/,motel,28.2,settled-1.1-facts,2026-10-04,0,overture-places@2026-09-23.1,cdla-permissive-2.0
ov:a0b5729b-501e-42c3-b4aa-48c3acd645e7,Premier Inns Thousand Oaks,https://journeyed.org/hotel/premier-inns-thousand-oaks-newbury-park-a0b572/,"2434 W Hillcrest Dr, Newbury Park, CA 91320-2222",Newbury Park,CA,91320-2222,US,34.186034,-118.928244,+18054990755,http://www.ez8motels.com/thousand-oaks-pi.htm,hotel,33.5,settled-1.1-facts,2026-10-04,0,overture-places@2026-09-23.1,cdla-permissive-2.0
ov:a10ab04a-cf26-4dd8-95e2-b2e8699966f6,Crescent Motel,https://journeyed.org/hotel/crescent-motel-south-gate-a10ab0/,"4710 Firestone Blvd, South Gate, CA 90280",South Gate,CA,90280,US,33.9519332,-118.1865775,+13235372866,http://crescentgifts.com,motel,37.9,settled-1.1-facts,2026-10-04,0,overture-places@2026-09-23.1,cdla-permissive-2.0
ov:a110929a-11bf-4c60-a064-acc8659447b4,Commerce Plaza Hotel,https://journeyed.org/hotel/commerce-plaza-hotel-commerce-a11092/,"6300 Telegraph Rd, Commerce, CA 90040-2514",Commerce,CA,90040-2514,US,33.9763187,-118.1076187,+13237283600,http://www.commerceplazahotel.com,hotel,37.7,settled-1.1-facts,2026-10-04,0,overture-places@2026-09-23.1,cdla-permissive-2.0
ov:a14e71e9-65b1-4656-ba6e-020f2a683578,Fairfield Inn & Suites by Marriott,https://journeyed.org/hotel/fairfield-inn-and-suites-by-marriott-west-covina-a14e71/,"3211 E Garvey Ave N, West Covina, CA 91791-1708",West Covina,CA,91791-1708,US,34.0730439,-117.8762769,+16266788988,https://www.marriott.com/en-us/hotels/laxfs-fairfield-inn-and-suites-los-angeles-west-covina/overview/?scid=d2406702-e8ea-4b45-bb9b-69cddaaef03d,hotel,39.6,settled-1.1-facts,2026-10-04,1,overture-places@2026-09-23.1,cdla-permissive-2.0
ov:a1571e8e-faba-40e6-bc7f-89ecf32933ef,Hollywood Hills Hotel,https://journeyed.org/hotel/hollywood-hills-hotel-los-angeles-a1571e/,"1999 N Sycamore Ave, Los Angeles, CA 90068",Los Angeles,CA,90068,US,34.1057201,-118.3420857,+18446858378,http://HOLLYWOODHILLSHOTEL.COM/,hotel,75.1,settled-1.1-facts,2026-10-04,76,overture-places@2026-09-23.1,cdla-permissive-2.0
ov:a1609170-bbc8-41a1-b42a-d68e8a76933e,The Surfrider Malibu,https://journeyed.org/hotel/the-surfrider-malibu-malibu-a16091/,"23033 Pacific Coast Hwy, Malibu, CA 90265",Malibu,CA,90265,US,34.0370629,-118.6778305,+13105266158,http://www.thesurfridermalibu.com/,hotel,70.5,settled-1.1-facts,2026-10-04,6,overture-places@2026-09-23.1,cdla-permissive-2.0
ov:a16a9cd8-0ff6-4773-916f-b2dbaf12d875,West End Hotel,https://journeyed.org/hotel/west-end-hotel-los-angeles-a16a9c/,"1538 Sawtelle Blvd, Los Angeles, CA 90025",Los Angeles,CA,90025,US,34.0474276,-118.4490602,+13104791823,http://www.westendhotel.com/,lodging,39.5,settled-1.1-facts,2026-10-04,4,overture-places@2026-09-23.1,cdla-permissive-2.0
ov:a1860e3d-4a2a-4a04-a58a-94b1c3913a8f,Downtown Motel,https://journeyed.org/hotel/downtown-motel-lancaster-a1860e/,"757 W Avenue I, Lancaster, CA 93534-1924",Lancaster,CA,93534-1924,US,34.7042197,-118.1446733,+16619483123,https://downtownduluthmotel.com,motel,26.5,settled-1.1-facts,2026-10-04,0,overture-places@2026-09-23.1,cdla-permissive-2.0
ov:a18e5257-e75c-48eb-8c6b-c1e494f258dd,Boyle Hotel – Cummings Block,https://journeyed.org/hotel/boyle-hotel-cummings-block-los-angeles-a18e52/,"1785 E 1st St, Los Angeles, CA 90033-3433",Los Angeles,CA,90033-3433,US,34.047425,-118.220197,+13232667066,http://en.wikipedia.org/wiki/Boyle_Hotel__Cummings_Block,hotel,39.9,settled-1.1-facts,2026-10-04,9,overture-places@2026-09-23.1,cdla-permissive-2.0
ov:a1a6503a-a44c-4288-b426-7f3c3e577bbe,La Bonita Inn Motel,https://journeyed.org/hotel/la-bonita-inn-motel-long-beach-a1a650/,"1626 W Esther St, Long Beach, CA 90813",Long Beach,CA,90813,US,33.7889021,-118.2144402,+15624365729,https://reservation.magnusonhotels.com/bbe/page1.aspx?pcode=M19660,motel,38.6,settled-1.1-facts,2026-10-04,1,overture-places@2026-09-23.1,cdla-permissive-2.0
ov:a1ea1cd0-628b-4d05-b6b8-53f7d5d2b97f,Union Hotel,https://journeyed.org/hotel/union-hotel-los-angeles-a1ea1c/,"705 E 9th St, Los Angeles, CA 90021-1816",Los Angeles,CA,90021-1816,US,34.037161,-118.249897,+12136275998,https://www.unionhotel.com,hotel,40.3,settled-1.1-facts,2026-10-04,14,overture-places@2026-09-23.1,cdla-permissive-2.0
ov:a20ddbc7-9c86-49d3-86de-5e59c70f86eb,Holiday Inn & Suites Monterey Park - Los Angeles,https://journeyed.org/hotel/holiday-inn-and-suites-monterey-park-los-angeles-monterey-park-a20ddb/,"400 N Atlantic Blvd, Monterey Park, CA 91754",Monterey Park,CA,91754,US,34.0663705,-118.1339954,+16268215555,https://www.ihg.com/holidayinn/hotels/us/en/monterey-park/burmp/hoteldetail?cm_mmc=YextLocal-_-HI-_-US-_-BURMP,hotel,39.9,settled-1.1-facts,2026-10-04,2,overture-places@2026-09-23.1,cdla-permissive-2.0
ov:a231c8bb-0813-4d08-bffb-7878b7b9ede3,The Angeles Hostel,https://journeyed.org/hotel/the-angeles-hostel-los-angeles-a231c8/,"5670 Wilshire Blvd, Los Angeles, CA 90036-3796",Los Angeles,CA,90036-3796,US,34.0622351,-118.3517091,+14246664313,https://theangeleshostel.com/,hostel,40.7,settled-1.1-facts,2026-10-04,5,overture-places@2026-09-23.1,cdla-permissive-2.0
ov:a25c3368-0073-4e83-b30d-68b854e1dd7d,Shade Hotel Redondo Beach,https://journeyed.org/hotel/shade-hotel-redondo-beach-redondo-beach-a25c33/,"655 N Harbor Dr, Redondo Beach, CA 90277",Redondo Beach,CA,90277,US,33.8476309,-118.395299,+13109218940,https://www.yelp.com/biz/shade-hotel-redondo-beach-redondo-beach-2,hotel,29,settled-1.1-facts,2026-10-04,4,overture-places@2026-09-23.1,cdla-permissive-2.0
ov:a25ecf7b-ad5d-4aa8-8c46-3b787ba147c4,Gramercy Place,https://journeyed.org/hotel/gramercy-place-los-angeles-a25ecf/,"1310 S Gramercy Pl, Los Angeles, CA 90019-4732",Los Angeles,CA,90019-4732,US,34.04676,-118.312642,+13237336168,https://1310gramercy.com,hostel,39.8,settled-1.1-facts,2026-10-04,5,overture-places@2026-09-23.1,cdla-permissive-2.0
ov:a263dd36-28a6-46d7-b61b-31026f2cbd98,108 Motel,https://journeyed.org/hotel/108-motel-los-angeles-a263dd/,"10721 S Broadway, Los Angeles, CA 90061-2017",Los Angeles,CA,90061-2017,US,33.938506,-118.278541,+13236969135,http://www.108motelbroadway.com,motel,36.8,settled-1.1-facts,2026-10-04,0,overture-places@2026-09-23.1,cdla-permissive-2.0
ov:a2879b0b-d79e-4631-9092-c365f0cb3f03,Extended Stay America,https://journeyed.org/hotel/extended-stay-america-san-dimas-a2879b/,"601 W. Bonita Ave., San Dimas, CA 91773",San Dimas,CA,91773,US,34.1067,-117.8178,+19093941022,https://www.extendedstayamerica.com/hotels/ca/los-angeles/san-dimas,hotel,35,settled-1.1-facts,2026-10-04,0,overture-places@2026-09-23.1,cdla-permissive-2.0
ov:a29b7ccc-1f9b-4921-b7dc-f3cc08cc724c,Anaheim Portofino Inn & Suites,https://journeyed.org/hotel/anaheim-portofino-inn-and-suites-anaheim-a29b7c/,"1831 S Harbor Blvd, Anaheim, CA 92802-3509",Anaheim,CA,92802-3509,US,33.8022676,-117.9157998,+17147827600,https://www.anaheimportofinoinnandsuites.com/,hotel,50.7,settled-1.1-facts,2026-10-04,49,overture-places@2026-09-23.1,cdla-permissive-2.0
ov:a2a11293-2632-4330-a224-41a86dc78903,Hotel St. Lauren,https://journeyed.org/hotel/hotel-st-lauren-avalon-a2a112/,"231 Beacon St, Avalon, CA 90704",Avalon,CA,90704,US,33.3427902,-118.3283439,+13105102299,https://www.hotelplanner.com/Hotels/120025/Reservations-Hotel-St-Lauren-Avalon-231-Beacon-St-90704,hotel,26.5,settled-1.1-facts,2026-10-04,0,overture-places@2026-09-23.1,cdla-permissive-2.0
ov:a2acd8a2-e0e3-450d-9c79-ffa1a0de3997,Courtyard by Marriott Los Angeles Pasadena/Old Town,https://journeyed.org/hotel/courtyard-by-marriott-los-angeles-pasadena-old-town-pasadena-a2acd8/,"180 N Fair Oaks Ave, Pasadena, CA 91103",Pasadena,CA,91103,US,34.1488913,-118.1503683,+16264037600,https://www.marriott.com/en-us/hotels/laxot-courtyard-los-angeles-pasadena-old-town/overview/,hotel,40.9,settled-1.1-facts,2026-10-04,3,overture-places@2026-09-23.1,cdla-permissive-2.0
ov:a2af3a86-5e89-4168-a023-f010178c969c,Lincoln Inn,https://journeyed.org/hotel/lincoln-inn-los-angeles-a2af3a/,"2447 Lincoln Blvd, Los Angeles, CA 90291",Los Angeles,CA,90291,US,33.9932347,-118.4516217,+13108220686,http://www.lincolninns.com,inn,40.1,settled-1.1-facts,2026-10-04,9,overture-places@2026-09-23.1,cdla-permissive-2.0
ov:a2d0a150-58b1-4a14-b3a5-e3a6c9eb526f,Jolly Roger Hotel,https://journeyed.org/hotel/jolly-roger-hotel-los-angeles-a2d0a1/,"2904 Washington Blvd, Los Angeles, CA 90291",Los Angeles,CA,90291,US,33.9887996,-118.4514595,+13108222904,http://www.jollyrogerhotelmarina.com,hotel,40.3,settled-1.1-facts,2026-10-04,9,overture-places@2026-09-23.1,cdla-permissive-2.0
ov:a2efff00-9e0c-4811-9fd7-2a36f96b3fa9,Hyatt Place Glendale,https://journeyed.org/hotel/hyatt-place-glendale-glendale-a2efff/,"225 W Wilson Ave, Glendale, CA 91203-2607",Glendale,CA,91203-2607,US,34.1482299,-118.2573443,+17472721710,http://glendalelosangeles.place.hyatt.com/,hotel,40.6,settled-1.1-facts,2026-10-04,1,overture-places@2026-09-23.1,cdla-permissive-2.0
ov:a2f12db8-4c8d-4953-981f-2addc1edffbb,Rodeway Inn Near Stubhub Center,https://journeyed.org/hotel/rodeway-inn-near-stubhub-center-gardena-a2f12d/,"15607 S Normandie Ave, Gardena, CA 90247-4015",Gardena,CA,90247-4015,US,33.889067,-118.299841,+16232077441,https://www.choicehotels.com,hotel,40.5,settled-1.1-facts,2026-10-04,1,overture-places@2026-09-23.1,cdla-permissive-2.0
ov:a33244c1-3322-41ec-8573-aaedcbcbcfa2,Empire Inn LAX,https://journeyed.org/hotel/empire-inn-lax-los-angeles-a33244/,"3220 W Florence Ave, Los Angeles, CA 90043",Los Angeles,CA,90043,US,33.9742771,-118.3289651,+13234551463,http://www.empireinnlax.com/,hotel,58.9,settled-1.1-facts,2026-10-04,35,overture-places@2026-09-23.1,cdla-permissive-2.0
ov:a33e8a2e-0aad-412d-b610-d70bd7c5f183,"Motel 6 Inglewood, Ca",https://journeyed.org/hotel/motel-6-inglewood-ca-inglewood-a33e8a/,"4123 W Century Blvd, Inglewood, CA 90304-1619",Inglewood,CA,90304-1619,US,33.945831,-118.347316,+13105134679,https://www.motel6.com,motel,41,settled-1.1-facts,2026-10-04,11,overture-places@2026-09-23.1,cdla-permissive-2.0
ov:a351d1b1-4414-4280-8b72-46ca909af73a,Comfort Inn Anaheim Resort,https://journeyed.org/hotel/comfort-inn-anaheim-resort-anaheim-a351d1/,"300 E Katella Ave, Anaheim, CA 92802",Anaheim,CA,92802,US,33.8028055,-117.9045348,+17147728713,https://www.choicehotels.com/california/anaheim/comfort-inn-hotels/ca524?pmf=yext&mc=llyxyxpx,hotel,40.1,settled-1.1-facts,2026-10-04,9,overture-places@2026-09-23.1,cdla-permissive-2.0
ov:a36b8da7-9a7d-4e9f-baad-83104f86386d,Howard Johnson,https://journeyed.org/hotel/howard-johnson-pico-rivera-a36b8d/,"9515 Whittier Blvd, Pico Rivera, CA 90660",Pico Rivera,CA,90660,US,33.9984144,-118.0753376,+15623950325,https://www.wyndhamhotels.com/hojo/pico-rivera-california/howard-johnson-inn-and-suites-pico-rivera/overview,hotel,47.6,settled-1.1-facts,2026-10-04,26,overture-places@2026-09-23.1,cdla-permissive-2.0
ov:a375ce5c-b432-4e7a-93aa-2ccd91afb4bb,Howard Johnson,https://journeyed.org/hotel/howard-johnson-pasadena-a375ce/,"1599 E Colorado Blvd, Pasadena, CA 91106",Pasadena,CA,91106,US,34.1461316,-118.1175543,+16268084500,https://www.wyndhamhotels.com/hojo/pasadena-california/howard-johnson-pasadena/overview,hotel,44.5,settled-1.1-facts,2026-10-04,14,overture-places@2026-09-23.1,cdla-permissive-2.0
ov:a389799c-e90e-4aa5-a6b1-c83b312a2959,Hollywood,https://journeyed.org/hotel/hollywood-los-angeles-a38979/,"Hollywood Blvd, Los Angeles, CA 90028",Los Angeles,CA,90028,US,34.1017322,-118.3293913,+13237857244,,hotel,24.7,settled-1.1-facts,2026-10-04,12,overture-places@2026-09-23.1,cdla-permissive-2.0
ov:a38a153c-dc27-4e8c-8156-9c2952c94385,Jerry's Motel,https://journeyed.org/hotel/jerrys-motel-los-angeles-a38a15/,"285 Lucas Ave, Los Angeles, CA 90026-6144",Los Angeles,CA,90026-6144,US,34.058759,-118.261654,+12134818181,https://jerrysmotel.com,hotel,40.2,settled-1.1-facts,2026-10-04,13,overture-places@2026-09-23.1,cdla-permissive-2.0
ov:a3ae3b68-ca1a-4f7e-ac5f-7dbaf7c50d3f,Odd Fellows of San Fernando,https://journeyed.org/hotel/odd-fellows-of-san-fernando-san-fernando-a3ae3b/,"401 N Hagar St, San Fernando, CA 91340-2323",San Fernando,CA,91340-2323,US,34.287465,-118.43768,+18188371212,https://linktr.ee/sfoddfellows?utm_source=linktree_profile_share&ltsid=3126bb1f-b609-4167-a7b0-098f1efc9503,hotel,31,settled-1.1-facts,2026-10-04,0,overture-places@2026-09-23.1,cdla-permissive-2.0
ov:a3b2aafa-355a-4540-8862-4f63119d9b42,Marriott,https://journeyed.org/hotel/marriott-anaheim-a3b2aa/,"1460 S Harbor Blvd, Anaheim, CA 92802-2311",Anaheim,CA,92802-2311,US,33.811377,-117.913766,+17149996692,http://www.marriotthotels.com,hotel,40.9,settled-1.1-facts,2026-10-04,9,overture-places@2026-09-23.1,cdla-permissive-2.0
ov:a3df3361-ae78-459a-91e7-1dce716e77dd,America's Best Value Inn,https://journeyed.org/hotel/americas-best-value-inn-westminster-a3df33/,"15171 Beach Blvd, Westminster, CA 92683-6203",Westminster,CA,92683-6203,US,33.742154,-117.990043,+17148917157,https://www.kingsinnmichigancity.com,hotel,39.8,settled-1.1-facts,2026-10-04,1,overture-places@2026-09-23.1,cdla-permissive-2.0
ov:a3ff04c6-aae8-45cd-a736-aa4d20711ca1,Angel Motel,https://journeyed.org/hotel/angel-motel-orange-a3ff04/,"2330 W Chapman Ave, Orange, CA 92868",Orange,CA,92868,US,33.78769,-117.8781509,+16572210893,http://www6.miltonpalace.com?s_token=1572793597.0048532375&searchbox=0&showDomain=1&tdfs=1,motel,40.1,settled-1.1-facts,2026-10-04,9,overture-places@2026-09-23.1,cdla-permissive-2.0
ov:a441b238-077a-4985-8c78-12b3249d5373,Snug Harbor Inn,https://journeyed.org/hotel/snug-harbor-inn-avalon-a441b2/,"108 Sumner Ave, Avalon, CA 90704",Avalon,CA,90704,US,33.3437136,-118.3260882,+13105108400,http://www.snugharbor-inn.com/,inn,26.5,settled-1.1-facts,2026-10-04,0,overture-places@2026-09-23.1,cdla-permissive-2.0
ov:a44e912f-31cf-4147-9fc9-ce2c774f8db5,Hotel Clark,https://journeyed.org/hotel/hotel-clark-los-angeles-a44e91/,"426 S Hill St, Los Angeles, CA 90013",Los Angeles,CA,90013,US,34.0496468,-118.250798,+12135594600,https://www.hotelclark.com/,hotel,70.4,settled-1.1-facts,2026-10-04,60,overture-places@2026-09-23.1,cdla-permissive-2.0
ov:a45447ea-c335-433b-905d-b193d219529a,Elaine's Hollywood Bed and Breakfast,https://journeyed.org/hotel/elaines-hollywood-bed-and-breakfast-los-angeles-a45447/,"1616 N Sierra Bonita Ave, Los Angeles, CA 90046",Los Angeles,CA,90046,US,34.1003888,-118.3536991,+13238500766,http://www.elaineshollywoodbedandbreakfast.com,bed_and_breakfast,40.4,settled-1.1-facts,2026-10-04,13,overture-places@2026-09-23.1,cdla-permissive-2.0
ov:a4594221-034e-4c49-bcce-f4cf0940ae78,Twin Towers Motel,https://journeyed.org/hotel/twin-towers-motel-inglewood-a45942/,"11706 Aviation Blvd, Inglewood, CA 90304",Inglewood,CA,90304,US,33.9277682,-118.3781421,+13106435384,https://twin-towers-motel.hub.biz,motel,38.5,settled-1.1-facts,2026-10-04,6,overture-places@2026-09-23.1,cdla-permissive-2.0
ov:a46092bd-75ce-4b99-8159-a5e36e1c6d66,Best Western Plus Sunset Plaza Hotel,https://journeyed.org/hotel/best-western-plus-sunset-plaza-hotel-west-hollywood-a46092/,"8400 Sunset Blvd, West Hollywood, CA 90069",West Hollywood,CA,90069,US,34.094923,-118.3726624,+13236540750,https://www.bestwestern.com/en_US/book/hotel-rooms.05377.html?iata=00171890&ssob=BLBWI0003G&cid=BLBWI0003G%3Ayext%3Awebsite%3A05377,hotel,41.1,settled-1.1-facts,2026-10-04,8,overture-places@2026-09-23.1,cdla-permissive-2.0
ov:a4953229-2999-4b32-95bd-4e921e75afbb,The Monterey Inn Hotel,https://journeyed.org/hotel/the-monterey-inn-hotel-los-angeles-a49532/,"233 N Avalon Blvd, Los Angeles, CA 90744",Los Angeles,CA,90744,US,33.7722297,-118.2621254,+13233043322,http://www.montereyinnhotel.com,hotel,38.4,settled-1.1-facts,2026-10-04,1,overture-places@2026-09-23.1,cdla-permissive-2.0
ov:a4a3b60d-57a0-42e6-bb53-9d6587ff51ac,Courtyard by Marriott Los Angeles Burbank Airport,https://journeyed.org/hotel/courtyard-by-marriott-los-angeles-burbank-airport-burbank-a4a3b6/,"2100 Empire Ave, Burbank, CA 91504",Burbank,CA,91504,US,34.1913311,-118.333987,+18188435500,https://www.marriott.com/en-us/hotels/burcy-courtyard-los-angeles-burbank-airport/overview/?scid=d2406702-e8ea-4b45-bb9b-69cddaaef03d,hotel,39.1,settled-1.1-facts,2026-10-04,2,overture-places@2026-09-23.1,cdla-permissive-2.0
ov:a4a3d4cf-8606-4661-92b2-0506d05d7187,Golden Bear Inn,https://journeyed.org/hotel/golden-bear-inn-ontario-a4a3d4/,"661 W Holt Blvd, Ontario, CA 91762-3715",Ontario,CA,91762-3715,US,34.062784,-117.66005,+19099834118,https://golden-bear-inn.business.site/,hotel,40.4,settled-1.1-facts,2026-10-04,1,overture-places@2026-09-23.1,cdla-permissive-2.0
ov:a4ac55a4-5e3e-4ac7-b386-888d65c827c4,"The Anthem Los Angeles Stadium District, Tapestry by Hilton",https://journeyed.org/hotel/the-anthem-los-angeles-stadium-district-tapestry-by-hilton-inglewood-a4ac55/,"3900 W Century Blvd, Inglewood, CA 90303-1012",Inglewood,CA,90303-1012,US,33.9449994,-118.3423191,+13107085855,http://www.anthemhotella.com/,hotel,70.5,settled-1.1-facts,2026-10-04,68,overture-places@2026-09-23.1,cdla-permissive-2.0
ov:a4b4bc32-a271-4ba8-a8fe-08a5d1e43b30,SIRTAJ Hotel,https://journeyed.org/hotel/sirtaj-hotel-beverly-hills-a4b4bc/,"120 S Reeves Dr, Beverly Hills, CA 90212",Beverly Hills,CA,90212,US,34.0664044,-118.3977979,+13102482402,http://www.sirtajhotel.com/,hotel,41.1,settled-1.1-facts,2026-10-04,5,overture-places@2026-09-23.1,cdla-permissive-2.0
ov:a4c069a1-bed3-4246-a240-5521990a03b4,kodō hotel,https://journeyed.org/hotel/kodo-hotel-los-angeles-a4c069/,"710 S Santa Fe Ave, Los Angeles, CA 90021",Los Angeles,CA,90021,US,34.0341414,-118.2296555,+18339933193,https://kodohotel.com/,hotel,58.6,settled-1.1-facts,2026-10-04,32,overture-places@2026-09-23.1,cdla-permissive-2.0
ov:a4ce5939-efa4-4c28-80cd-6b975899d46e,Cypress Suites,https://journeyed.org/hotel/cypress-suites-cypress-a4ce59/,"W, 6262 Lincoln Ave, Cypress, CA 90630",Cypress,CA,90630,US,33.8316746,-118.0234559,+17142200900,http://www.cypresssuites.com,motel,35,settled-1.1-facts,2026-10-04,2,overture-places@2026-09-23.1,cdla-permissive-2.0
ov:a4cecb7e-6d31-4448-889b-3c397a21b812,Orange Grove Inn,https://journeyed.org/hotel/orange-grove-inn-tustin-a4cecb/,"1671 El Camino Real, Tustin, CA 92780",Tustin,CA,92780,US,33.7324105,-117.8127319,+17144742400,https://www.orangegroveinnoc.com/,inn,63.9,settled-1.1-facts,2026-10-04,17,overture-places@2026-09-23.1,cdla-permissive-2.0
ov:a4e6c59f-d35b-41a6-af31-3ee9080a9144,Best Western Burbank Airport Inn,https://journeyed.org/hotel/best-western-burbank-airport-inn-north-hollywood-a4e6c5/,"7615 Lankershim Blvd, North Hollywood, CA 91605-2814",North Hollywood,CA,91605-2814,US,34.2089473,-118.3881562,+18187652900,https://www.bestwestern.com/en_US/book/hotel-rooms.05694.html?iata=00171890&ssob=BLBWI0003G&cid=BLBWI0003G%3Ayext%3Awebsite%3A05694,hotel,38.8,settled-1.1-facts,2026-10-04,1,overture-places@2026-09-23.1,cdla-permissive-2.0
ov:a4e94d4b-52ca-441f-bc33-55eaedb54de4,Atlantic Bell Hotel,https://journeyed.org/hotel/atlantic-bell-hotel-bell-a4e94d/,"6800 Atlantic Ave, Bell, CA 90201-3645",Bell,CA,90201-3645,US,33.974372,-118.187048,+13237717456,,hotel,26.6,settled-1.1-facts,2026-10-04,0,overture-places@2026-09-23.1,cdla-permissive-2.0
ov:a4fb0886-d14e-4c5f-a590-2b5736ac695e,Boutique Hollywood,https://journeyed.org/hotel/boutique-hollywood-los-angeles-a4fb08/,"5128 De Longpre Ave, Los Angeles, CA 90027",Los Angeles,CA,90027,US,34.0964568,-118.3016892,+13104308770,http://www.bodyfactory.com,hotel,39.8,settled-1.1-facts,2026-10-04,8,overture-places@2026-09-23.1,cdla-permissive-2.0
ov:a5503957-6c5d-4391-8399-063ecd49768e,Selby Ave Guest House,https://journeyed.org/hotel/selby-ave-guest-house-los-angeles-a55039/,"2346 Selby Ave, Los Angeles, CA 90064-2217",Los Angeles,CA,90064-2217,US,34.042928,-118.426491,,http://selbyaveguesthousela.us/currency_IDR/,hotel,29.7,settled-1.1-facts,2026-10-04,2,overture-places@2026-09-23.1,cdla-permissive-2.0
ov:a55080c8-4d36-4977-9ae2-5ad229a88fc3,Sonder The Beacon,https://journeyed.org/hotel/sonder-the-beacon-santa-monica-a55080/,"1301 Ocean Ave, Santa Monica, CA 90401-1019",Santa Monica,CA,90401-1019,US,34.0155303,-118.4991435,+16173000956,https://www.sonder.com,hotel,40.8,settled-1.1-facts,2026-10-04,5,overture-places@2026-09-23.1,cdla-permissive-2.0
ov:a5569235-57e6-40e8-b22c-424769b2fda2,Hollywood Inn Express North,https://journeyed.org/hotel/hollywood-inn-express-north-los-angeles-a55692/,"5131 Hollywood Blvd, Los Angeles, CA 90027",Los Angeles,CA,90027,US,34.1020211,-118.3017251,+13236631243,http://HollywoodInnExpressNorth.com/,hotel,54.7,settled-1.1-facts,2026-10-04,68,overture-places@2026-09-23.1,cdla-permissive-2.0
ov:a5596eb1-de5c-41c2-ba64-3096144d48ad,Motel 6 Palmdale- Ca,https://journeyed.org/hotel/motel-6-palmdale-ca-palmdale-a5596e/,"407 W Palmdale Blvd, Palmdale, CA 93551",Palmdale,CA,93551,US,34.5831205,-118.1352591,+16612720660,,resort,14.8,settled-1.1-facts,2026-10-04,0,overture-places@2026-09-23.1,cdla-permissive-2.0
ov:a5a2cbb9-fde0-4815-9921-b6bf60f6c2ee,OC Hotel Costa Mesa,https://journeyed.org/hotel/oc-hotel-costa-mesa-costa-mesa-a5a2cb/,"2430 Newport Blvd, Costa Mesa, CA 92627",Costa Mesa,CA,92627,US,33.65773,-117.90147,+19496317840,https://www.ochotelcostamesa.com/,resort,74.9,settled-1.1-facts,2026-10-04,32,overture-places@2026-09-23.1,cdla-permissive-2.0
ov:a5a389e0-da69-41bd-be68-c294b8f600b1,El Rey Inn,https://journeyed.org/hotel/el-rey-inn-gardena-a5a389/,"16119 S Western Ave, Gardena, CA 90247",Gardena,CA,90247,US,33.8844766,-118.3093507,+13107152181,http://www.elreyinngardena.com,motel,40.1,settled-1.1-facts,2026-10-04,1,overture-places@2026-09-23.1,cdla-permissive-2.0
ov:a5ce9576-9b9d-4b58-af52-d6b9d0f07a56,Americas Best Value Inn Pasadena Arcadia,https://journeyed.org/hotel/americas-best-value-inn-pasadena-arcadia-pasadena-a5ce95/,"3800 E Colorado Blvd, Pasadena, CA 91107",Pasadena,CA,91107,US,34.1461486,-118.0700316,+16264494743,https://www.redlion.com/americas-best-value-inn/ca/pasadena/americas-best-value-inn-pasadena-arcadia,resort,38.7,settled-1.1-facts,2026-10-04,2,overture-places@2026-09-23.1,cdla-permissive-2.0
ov:a5eec60e-bb2f-40cc-8eed-7466c128f861,Rodeway Inn,https://journeyed.org/hotel/rodeway-inn-cypress-a5eec6/,"5311 Lincoln Ave, Cypress, CA 90630",Cypress,CA,90630,US,33.8320522,-118.0401202,+17149470166,https://www.choicehotels.com/california/cypress/rodeway-inn-hotels/cac09?pmf=yext&mc=llyxyxpx,motel,40.7,settled-1.1-facts,2026-10-04,2,overture-places@2026-09-23.1,cdla-permissive-2.0
ov:a60d5550-c8b1-4f5e-aa31-fab4ee7e9376,Hilton Los Angeles North/Glendale & Executive Meeting Ctr,https://journeyed.org/hotel/hilton-los-angeles-north-glendale-and-executive-meeting-ctr-glendale-a60d55/,"100 W Glenoaks Blvd, Glendale, CA 91202",Glendale,CA,91202,US,34.1587242,-118.2565302,+18189565466,http://www.hilton.com/,hotel,40,settled-1.1-facts,2026-10-04,1,overture-places@2026-09-23.1,cdla-permissive-2.0
ov:a61bb043-dc06-4c07-96e7-38325f52b2c3,Tower Motel Long Beach,https://journeyed.org/hotel/tower-motel-long-beach-long-beach-a61bb0/,"421 W Pacific Coast Hwy, Long Beach, CA 90806-6106",Long Beach,CA,90806-6106,US,33.790315,-118.196685,+15622182222,https://www.calypsohotel.info,motel,48.9,settled-1.1-facts,2026-10-04,15,overture-places@2026-09-23.1,cdla-permissive-2.0
ov:a62cafe3-ebcb-4031-8296-3b91d280031c,Travelodge by Wyndham Whittier,https://journeyed.org/hotel/travelodge-by-wyndham-whittier-whittier-a62caf/,"11530 Whittier Blvd, Whittier, CA 90601",Whittier,CA,90601,US,33.9833375,-118.0546382,+15622051835,https://www.wyndhamhotels.com/travelodge/whittier-california/travelodge-whittier/overview?CID=LC:g22xy9tahqskhx3:07994&iata=00093796,resort,39.5,settled-1.1-facts,2026-10-04,12,overture-places@2026-09-23.1,cdla-permissive-2.0
ov:a6392c92-0d6b-451e-9fa1-1dee8dafabcd,kay's motel,https://journeyed.org/hotel/kays-motel-long-beach-a6392c/,"6431 Long Beach Blvd, Long Beach, CA 90805",Long Beach,CA,90805,US,33.8708401,-118.20201,+15624229813,http://www.magnusonhotels.com/mission-motel-lynwood,motel,38.2,settled-1.1-facts,2026-10-04,0,overture-places@2026-09-23.1,cdla-permissive-2.0
ov:a6531ed7-7c1e-4ee0-bf21-e1436493a955,Budget Inn,https://journeyed.org/hotel/budget-inn-lawndale-a6531e/,"14815 Hawthorne Blvd, Lawndale, CA 90260",Lawndale,CA,90260,US,33.8971178,-118.3530731,+13106758523,http://www.budgetinn.com,motel,38.2,settled-1.1-facts,2026-10-04,4,overture-places@2026-09-23.1,cdla-permissive-2.0
ov:a6534443-7caf-4c01-bd3c-48122a62c09e,Hotel Cortez,https://journeyed.org/hotel/hotel-cortez-los-angeles-a65344/,"617 S Olive St, Los Angeles, CA 90014",Los Angeles,CA,90014,US,34.044178,-118.250547,+13236154050,http://id.wikipedia.org/wiki/index.html?curid=1392862,hotel,41,settled-1.1-facts,2026-10-04,14,overture-places@2026-09-23.1,cdla-permissive-2.0
ov:a67d135d-be4d-4871-9ddb-9569de1c2b6e,Plaza La Reina,https://journeyed.org/hotel/plaza-la-reina-los-angeles-a67d13/,"10850 Lindbrook Dr, Los Angeles, CA 90024",Los Angeles,CA,90024,US,34.0600753,-118.4425074,+13109866888,http://www.plazalareina.com,hotel,45.6,settled-1.1-facts,2026-10-04,18,overture-places@2026-09-23.1,cdla-permissive-2.0
ov:a6a5e34d-0273-4d9d-8cdb-05dd4f0d1b2e,Golden West Lodge,https://journeyed.org/hotel/golden-west-lodge-santa-ana-a6a5e3/,"2222 N Main St, Santa Ana, CA 92706",Santa Ana,CA,92706,US,33.7664489,-117.8676467,+17145413511,,motel,28,settled-1.1-facts,2026-10-04,6,overture-places@2026-09-23.1,cdla-permissive-2.0
ov:a6c15d50-d0b9-4dee-a7b5-c79a937298fa,Mt Ada,https://journeyed.org/hotel/mt-ada-avalon-a6c15d/,"398 Wrigley Rd, Avalon, CA 90704",Avalon,CA,90704,US,33.341492,-118.3214981,+18777788322,https://www.visitcatalinaisland.com/lodging/avalon/mt-ada/?utm_campaign=organic&utm_source=Google&utm_content=listing,bed_and_breakfast,26.5,settled-1.1-facts,2026-10-04,0,overture-places@2026-09-23.1,cdla-permissive-2.0
ov:a6d82fe7-17b1-4435-8aee-9c807010ed03,Fairmont Century Plaza,https://journeyed.org/hotel/fairmont-century-plaza-los-angeles-a6d82f/,"2025 Avenue of the Stars, Los Angeles, CA 90067-4741",Los Angeles,CA,90067-4741,US,34.0575454,-118.4157422,+13104243030,https://www.fairmontcenturyplaza.com/,hotel,89.9,settled-1.1-facts,2026-10-04,72,overture-places@2026-09-23.1,cdla-permissive-2.0
ov:a6f7b742-a14b-4365-9b68-f0ab46a31d00,Royal Grand Inn,https://journeyed.org/hotel/royal-grand-inn-santa-ana-a6f7b7/,"1519 E 1st St #1515, Santa Ana, CA 92701",Santa Ana,CA,92701,US,33.7457145,-117.8479528,+17142851800,http://royalgrandinn.com,motel,39.6,settled-1.1-facts,2026-10-04,2,overture-places@2026-09-23.1,cdla-permissive-2.0
ov:a6fa88ca-2409-4e66-8380-a268a33ca16b,Seaport Marina Hotel,https://journeyed.org/hotel/seaport-marina-hotel-long-beach-a6fa88/,"6400 E Pacific Coast Hwy, Long Beach, CA 90803-4265",Long Beach,CA,90803-4265,US,33.756426,-118.110794,+15624348451,https://www.seaportmarinahotel.com,hotel,40,settled-1.1-facts,2026-10-04,2,overture-places@2026-09-23.1,cdla-permissive-2.0
ov:a74bcfd6-7c54-43ce-8a24-26e0ff981876,Omni Hotels & Resorts,https://journeyed.org/hotel/omni-hotels-and-resorts-los-angeles-a74bcf/,"4738 Hollywood Blvd, Los Angeles, CA 90027-5307",Los Angeles,CA,90027-5307,US,34.101418,-118.292956,+12136225252,http://www.omnihotels.com,hotel,40.7,settled-1.1-facts,2026-10-04,8,overture-places@2026-09-23.1,cdla-permissive-2.0
ov:a75398c8-5f1b-4bfe-b7e0-41ee5c84f00f,Residence Inn,https://journeyed.org/hotel/residence-inn-redondo-beach-a75398/,"2420 Marine Avenue, Redondo Beach, CA 90278",Redondo Beach,CA,90278,US,33.8930193,-118.3656888,+13107250108,https://www.marriott.com/en-us/hotels/laxdb-residence-inn-los-angeles-redondo-beach/overview/?scid=d2406702-e8ea-4b45-bb9b-69cddaaef03d,hotel,37.3,settled-1.1-facts,2026-10-04,4,overture-places@2026-09-23.1,cdla-permissive-2.0
ov:a7556648-97eb-436b-a7d4-42abd926d67d,Days Inn,https://journeyed.org/hotel/days-inn-duarte-a75566/,"1533 Huntington Dr, Duarte, CA 91010-2532",Duarte,CA,91010-2532,US,34.1399665,-117.972001,+16263034544,http://www.daysinn.com/,motel,38.8,settled-1.1-facts,2026-10-04,1,overture-places@2026-09-23.1,cdla-permissive-2.0
ov:a75bbae0-cbc0-42dc-94c3-71f2bb15560e,Days Inn,https://journeyed.org/hotel/days-inn-alhambra-a75bba/,"15 N 1st St, Alhambra, CA 91801",Alhambra,CA,91801,US,34.0950934,-118.1285137,+16263809797,https://www.wyndhamhotels.com/days-inn/alhambra-california/days-inn-alhambra-ca/overview?CID=LC%3ADI%3A%3AFACEBOOK%3ARIO%3ARegional%3A05862,hotel,41.2,settled-1.1-facts,2026-10-04,3,overture-places@2026-09-23.1,cdla-permissive-2.0
ov:a76b9e71-bd8e-4118-b693-06771025c871,Sahara Motel,https://journeyed.org/hotel/sahara-motel-anaheim-a76b9e/,"845 S Beach Blvd, Anaheim, CA 92804",Anaheim,CA,92804,US,33.8191905,-117.9941547,+17148281030,http://www.saharamotelanaheim.us,motel,77.7,settled-1.1-facts,2026-10-04,29,overture-places@2026-09-23.1,cdla-permissive-2.0
ov:a7743792-41a5-472d-9d27-c4fd3fdc2685,Studio 6 Suites Lawndale- Ca – South Bay,https://journeyed.org/hotel/studio-6-suites-lawndale-ca-south-bay-lawndale-a77437/,"14814 Hawthorne Blvd, Lawndale, CA 90260",Lawndale,CA,90260,US,33.8968583,-118.3523853,+13106761111,,resort,26.6,settled-1.1-facts,2026-10-04,4,overture-places@2026-09-23.1,cdla-permissive-2.0
ov:a7788667-ca99-436a-850f-ec6b22f54873,"Motel 6 Baldwin Park, CA - Los Angeles",https://journeyed.org/hotel/motel-6-baldwin-park-ca-los-angeles-baldwin-park-a77886/,"14510 Garvey Ave, Baldwin Park, CA 91706",Baldwin Park,CA,91706,US,34.0710612,-117.9603514,+16269605011,https://www.motel6.com/content/g6/en/home/motels.ca.baldwin-park.1011.html?lid=Local_Milestone_1011&travelAgentNumber=TA001305&corporatePlusNumber=CP792N5W&utm_source=bing%20places&utm_medium=listing&utm_campaign=visit%20website,hotel,39.6,settled-1.1-facts,2026-10-04,1,overture-places@2026-09-23.1,cdla-permissive-2.0
ov:a7e285a4-e77c-47c0-b583-dc70dcb4bbc3,Sonesta Los Angeles Airport,https://journeyed.org/hotel/sonesta-los-angeles-airport-los-angeles-a7e285/,"5985 W Century Blvd, Los Angeles, CA 90045",Los Angeles,CA,90045,US,33.9463367,-118.3890161,+13106427500,https://www.sonesta.com/sonesta-hotels-resorts/ca/los-angeles/sonesta-los-angeles-airport-lax,hotel,39.8,settled-1.1-facts,2026-10-04,7,overture-places@2026-09-23.1,cdla-permissive-2.0
ov:a7f07dac-957d-4ed9-803e-adcfa565237d,One Ten Motel,https://journeyed.org/hotel/one-ten-motel-los-angeles-a7f07d/,"700 W Florence Ave, Los Angeles, CA 90044",Los Angeles,CA,90044,US,33.9745313,-118.286052,+13237502800,http://www.onetenmotella.us/,motel,61.7,settled-1.1-facts,2026-10-04,25,overture-places@2026-09-23.1,cdla-permissive-2.0
ov:a80f391b-540b-49a6-b9a4-dfccb3f1bf89,Holiday Inn Express and Suites Los Angeles Airport Hawthorne,https://journeyed.org/hotel/holiday-inn-express-and-suites-los-angeles-airport-hawthorne-hawthorne-a80f39/,"11436 Hawthorne Blvd, Hawthorne, CA 90250",Hawthorne,CA,90250,US,33.930204,-118.3519489,+13109733333,https://www.ihg.com/holidayinnexpress/hotels/us/en/hawthorne/laxhb/hoteldetail?cm_mmc=FacebookMaps-_-EX-_-US-_-LAXHB,hotel,39.8,settled-1.1-facts,2026-10-04,9,overture-places@2026-09-23.1,cdla-permissive-2.0
ov:a81eafa8-6a34-435a-ac38-0df547b18456,Cabana Motel,https://journeyed.org/hotel/cabana-motel-van-nuys-a81eaf/,"5764 Sepulveda Blvd, Van Nuys, CA 91411-2917",Van Nuys,CA,91411-2917,US,34.175592,-118.4657657,+18187808413,https://cabanamoteloc.com,motel,39.6,settled-1.1-facts,2026-10-04,2,overture-places@2026-09-23.1,cdla-permissive-2.0
ov:a83c83b8-5cb6-4aa0-883d-8b9f5caf4b5a,SpringHill Suites,https://journeyed.org/hotel/springhill-suites-huntington-beach-a83c83/,"7872 Edinger Avenue, Huntington Beach, CA 92647",Huntington Beach,CA,92647,US,33.729839,-117.991339,+16572007500,https://www.marriott.com/en-us/hotels/snahu-springhill-suites-huntington-beach-orange-county/overview/?scid=d2406702-e8ea-4b45-bb9b-69cddaaef03d,hotel,38.5,settled-1.1-facts,2026-10-04,1,overture-places@2026-09-23.1,cdla-permissive-2.0
ov:a85b441e-350f-4811-b1e9-166c3e03d2c5,Best Inn,https://journeyed.org/hotel/best-inn-rosemead-a85b44/,"8714 Valley Blvd, Rosemead, CA 91770",Rosemead,CA,91770,US,34.080428,-118.0801395,+16265716942,http://americasbestinn.com,motel,38.4,settled-1.1-facts,2026-10-04,0,overture-places@2026-09-23.1,cdla-permissive-2.0
ov:a861d4bc-3aea-408c-8f39-42902a6859db,Ana Mesa Inn,https://journeyed.org/hotel/ana-mesa-inn-costa-mesa-a861d4/,"3597 Harbor Blvd, Costa Mesa, CA 92626",Costa Mesa,CA,92626,US,33.7014481,-117.9197555,+17146623500,http://www.choicehotels.com/,motel,37.8,settled-1.1-facts,2026-10-04,0,overture-places@2026-09-23.1,cdla-permissive-2.0
ov:a867d903-8036-4623-9323-360c146d0071,Residence Inn,https://journeyed.org/hotel/residence-inn-costa-mesa-a867d9/,"881 West Baker Street, Costa Mesa, CA 92626",Costa Mesa,CA,92626,US,33.6792769,-117.8927207,+17142418800,https://www.marriott.com/en-us/hotels/csmnb-residence-inn-costa-mesa-newport-beach/overview/?scid=d2406702-e8ea-4b45-bb9b-69cddaaef03d,hotel,39.6,settled-1.1-facts,2026-10-04,2,overture-places@2026-09-23.1,cdla-permissive-2.0
ov:a8775e9f-e605-4abb-b03c-63515d372ac9,Lexen Hotel,https://journeyed.org/hotel/lexen-hotel-los-angeles-a8775e/,"5268 Tujunga Ave, Los Angeles, CA 91601",Los Angeles,CA,91601,US,34.1668934,-118.3787049,+18188213680,http://www.lexennoho.com/,hotel,41.1,settled-1.1-facts,2026-10-04,4,overture-places@2026-09-23.1,cdla-permissive-2.0
ov:a8822164-4ed9-4dba-8a6f-a2bf6c73b2b8,Cortona Inn and Suites,https://journeyed.org/hotel/cortona-inn-and-suites-anaheim-a88221/,"2029 S Harbor Blvd, Anaheim, CA 92802",Anaheim,CA,92802,US,33.7983608,-117.9161862,+17149715000,http://cortonainn.com/,hotel,75,settled-1.1-facts,2026-10-04,77,overture-places@2026-09-23.1,cdla-permissive-2.0
ov:a8cf33e0-e230-4ea5-a1b1-9341a329be5b,Valley Hotel,https://journeyed.org/hotel/valley-hotel-rosemead-a8cf33/,"8711 Valley Blvd, Rosemead, CA 91770",Rosemead,CA,91770,US,34.0813998,-118.0800423,+16262859933,http://www.valleyhotel.net/,hotel,48.1,settled-1.1-facts,2026-10-04,21,overture-places@2026-09-23.1,cdla-permissive-2.0
ov:a9314b66-af45-4e4c-9301-540f5860f427,Residence Inn,https://journeyed.org/hotel/residence-inn-cypress-a9314b/,"4931 Katella Avenue, Cypress, CA 90720",Cypress,CA,90720,US,33.8034836,-118.0467379,+17144845700,https://www.marriott.com/en-us/hotels/snaoc-residence-inn-cypress-los-alamitos/overview/?scid=d2406702-e8ea-4b45-bb9b-69cddaaef03d,hotel,39.2,settled-1.1-facts,2026-10-04,1,overture-places@2026-09-23.1,cdla-permissive-2.0
ov:a9355762-a32f-4f52-a088-e6a77072d95b,Four Seasons Hotel Los Angeles At Beverly Hills,https://journeyed.org/hotel/four-seasons-hotel-los-angeles-at-beverly-hills-los-angeles-a93557/,"300 S Doheny Dr, Los Angeles, CA 90048",Los Angeles,CA,90048,US,34.0730261,-118.3892303,+13102732222,http://FourSeasons.com/LosAngeles/,hotel,40.7,settled-1.1-facts,2026-10-04,9,overture-places@2026-09-23.1,cdla-permissive-2.0
ov:a953cfbf-ee78-4645-bed8-e1b4748c2c37,Kimpton Everly Hotel,https://journeyed.org/hotel/kimpton-everly-hotel-los-angeles-a953cf/,"1800 Argyle Ave, Los Angeles, CA 90028",Los Angeles,CA,90028,US,34.1038434,-118.324782,+12132793532,https://www.everlyhotelhollywood.com/,hotel,70.3,settled-1.1-facts,2026-10-04,80,overture-places@2026-09-23.1,cdla-permissive-2.0
ov:a96f2f97-dbfc-4f83-a73e-b5539b61179e,The Charlie,https://journeyed.org/hotel/the-charlie-west-hollywood-a96f2f/,"819 N Sweetzer Ave, West Hollywood, CA 90069",West Hollywood,CA,90069,US,34.0860981,-118.3703708,+13239889000,http://www.thecharliehotel.com/,hotel,40.8,settled-1.1-facts,2026-10-04,7,overture-places@2026-09-23.1,cdla-permissive-2.0
ov:a97201d6-83da-4347-98c7-499e18c4ea1a,Motel Vip,https://journeyed.org/hotel/motel-vip-rosemead-a97201/,"2619 San Gabriel Blvd, Rosemead, CA 91770-3253",Rosemead,CA,91770-3253,US,34.0596966,-118.0911208,,https://motelvip.net,lodging,28.1,settled-1.1-facts,2026-10-04,0,overture-places@2026-09-23.1,cdla-permissive-2.0
ov:a9a18852-b6c6-4170-ba1c-e29c5accdfdf,Hilton Garden Inn,https://journeyed.org/hotel/hilton-garden-inn-garden-grove-a9a188/,"11777 Harbor Blvd, Garden Grove, CA 92840",Garden Grove,CA,92840,US,33.7907839,-117.9155781,+17147039100,http://www.hiltongardeninn.com/,hotel,40.4,settled-1.1-facts,2026-10-04,9,overture-places@2026-09-23.1,cdla-permissive-2.0
ov:a9aa7398-c657-4876-8e03-b8f6fb127903,Westin,https://journeyed.org/hotel/westin-costa-mesa-a9aa73/,"686 Anton Boulevard, Costa Mesa, CA 92626",Costa Mesa,CA,92626,US,33.690733,-117.884123,+17145402500,https://www.marriott.com/en-us/hotels/snawi-the-westin-south-coast-plaza-costa-mesa/overview/?scid=d2406702-e8ea-4b45-bb9b-69cddaaef03d,hotel,39.4,settled-1.1-facts,2026-10-04,1,overture-places@2026-09-23.1,cdla-permissive-2.0
ov:a9b3a377-17b5-4223-8356-84f1e07337f8,Star Light Motel,https://journeyed.org/hotel/star-light-motel-los-angeles-a9b3a3/,"10112 S San Pedro St, Los Angeles, CA 90003-4830",Los Angeles,CA,90003-4830,US,33.944173,-118.269345,+12137787861,,motel,24.2,settled-1.1-facts,2026-10-04,0,overture-places@2026-09-23.1,cdla-permissive-2.0
ov:a9cb0d32-c716-4e89-8069-4ae1306a892b,Sea Breeze Inn,https://journeyed.org/hotel/sea-breeze-inn-inglewood-a9cb0d/,"4307 W Century Blvd, Inglewood, CA 90304",Inglewood,CA,90304,US,33.9459156,-118.3504622,+13106745444,http://www.seabreezeinn.com,motel,40.7,settled-1.1-facts,2026-10-04,11,overture-places@2026-09-23.1,cdla-permissive-2.0
ov:aa061d34-19f4-49ae-b7c3-041d72d789e6,Travelodge by Wyndham Santa Clarita/Valencia,https://journeyed.org/hotel/travelodge-by-wyndham-santa-clarita-valencia-santa-clarita-aa061d/,"17843 Sierra Hwy, Santa Clarita, CA 91351",Santa Clarita,CA,91351,US,34.4265014,-118.4484017,+16612521716,https://www.wyndhamhotels.com/travelodge/santa-clarita-california/travelodge-of-santa-clarita/overview?CID=LC:TL::BING:RIO:National:09529&iata=00093796,hotel,32.3,settled-1.1-facts,2026-10-04,0,overture-places@2026-09-23.1,cdla-permissive-2.0
ov:aa39ed87-03e6-40cd-aa11-9cfb8d435848,Super 8 by Wyndham Cypress Buena Park Area,https://journeyed.org/hotel/super-8-by-wyndham-cypress-buena-park-area-cypress-aa39ed/,"5651 Lincoln Ave, Cypress, CA 90630",Cypress,CA,90630,US,33.832171,-118.033945,+17142524490,https://www.wyndhamhotels.com/super-8/cypress-california/super-8-hotel-cypress/overview,hotel,50.3,settled-1.1-facts,2026-10-04,23,overture-places@2026-09-23.1,cdla-permissive-2.0
ov:aa6183b0-8b7b-4fda-92f4-7ecf5c8d122e,All Star Inn,https://journeyed.org/hotel/all-star-inn-los-angeles-aa6183/,"527 W 4th St, Los Angeles, CA 90731",Los Angeles,CA,90731,US,33.7403333,-118.2882972,+13108310195,https://all-star-inn-los-angeles.hotelmix.co.uk,hotel,40.9,settled-1.1-facts,2026-10-04,2,overture-places@2026-09-23.1,cdla-permissive-2.0
ov:aaa4d1b6-dd28-4ad6-b7ec-e25342130beb,Ayres Hotel Costa Mesa,https://journeyed.org/hotel/ayres-hotel-costa-mesa-costa-mesa-aaa4d1/,"325 Bristol St, Costa Mesa, CA 92626",Costa Mesa,CA,92626,US,33.6660179,-117.8813579,+17145490300,,resort,28.3,settled-1.1-facts,2026-10-04,2,overture-places@2026-09-23.1,cdla-permissive-2.0
ov:aac4331d-7bb5-4d79-beb7-a7558facb1ac,Legend Hotel Hollywood,https://journeyed.org/hotel/legend-hotel-hollywood-los-angeles-aac433/,"1822 N Cahuenga Blvd, Los Angeles, CA 90028",Los Angeles,CA,90028,US,34.1046043,-118.3298299,+18002678987,http://www.legendhotelhollywood.com/,hotel,55.6,settled-1.1-facts,2026-10-04,57,overture-places@2026-09-23.1,cdla-permissive-2.0
ov:aaf1eb43-da16-4369-9d7f-c00a9b5e5fa9,Royale Inn Motel,https://journeyed.org/hotel/royale-inn-motel-santa-fe-springs-aaf1eb/,"8118 Norwalk Blvd, Santa Fe Springs, CA 90606",Santa Fe Springs,CA,90606,US,33.9705101,-118.0726474,+15626929546,http://royalinnmotel6.placeweb.site,motel,38.1,settled-1.1-facts,2026-10-04,0,overture-places@2026-09-23.1,cdla-permissive-2.0
ov:ab0b7ba9-cd75-4f91-a0e3-c53664efddb6,The Ellison Suites,https://journeyed.org/hotel/the-ellison-suites-los-angeles-ab0b7b/,"Los Angeles, CA",Los Angeles,CA,,US,33.9936701,-118.4788004,+13105693817,https://theellisonsuites.com/contact/,hotel,35.6,settled-1.1-facts,2026-10-04,8,overture-places@2026-09-23.1,cdla-permissive-2.0
ov:ab1158ae-606b-4197-b5bc-bec4208879db,Four Seasons Hotel-Westlake Village,https://journeyed.org/hotel/four-seasons-hotel-westlake-village-westlake-village-ab1158/,"2 Lower Lake Rd, Westlake Village, CA 91361-5110",Westlake Village,CA,91361-5110,US,34.13582,-118.87575,+18185753000,,hotel,24.9,settled-1.1-facts,2026-10-04,0,overture-places@2026-09-23.1,cdla-permissive-2.0
ov:ab1c9c70-bfa0-4bf6-9f2c-74092e33ef86,Anaheim Executive Inn,https://journeyed.org/hotel/anaheim-executive-inn-anaheim-ab1c9c/,"1800 Lincoln Ave, Anaheim, CA 92801",Anaheim,CA,92801,US,33.8320433,-117.9456634,+17147740950,http://www.anaheimexecutiveinn.com,hotel,38.5,settled-1.1-facts,2026-10-04,3,overture-places@2026-09-23.1,cdla-permissive-2.0
ov:ab53784d-9ade-4e8d-a51d-7b3ef0519057,Malibu Inn,https://journeyed.org/hotel/malibu-inn-malibu-ab5378/,"22969 Pacific Coast Hwy, Malibu, CA 90265",Malibu,CA,90265,US,34.0375682,-118.6770052,+13104561160,http://www.themalibuinn.com,hotel,41.3,settled-1.1-facts,2026-10-04,3,overture-places@2026-09-23.1,cdla-permissive-2.0
ov:ab6cd138-427f-4357-b96b-4f3a5b1ebce2,Residence Inn,https://journeyed.org/hotel/residence-inn-arcadia-ab6cd1/,"321 East Huntington Drive, Arcadia, CA 91006",Arcadia,CA,91006,US,34.1418201,-118.0233404,+16264466500,https://www.marriott.com/en-us/hotels/bwrar-residence-inn-pasadena-arcadia/overview/?scid=d2406702-e8ea-4b45-bb9b-69cddaaef03d,hotel,39.9,settled-1.1-facts,2026-10-04,2,overture-places@2026-09-23.1,cdla-permissive-2.0
ov:ab8fd681-23ae-4e79-ae43-75df23068ab5,Best Western Sunrise Hotel,https://journeyed.org/hotel/best-western-sunrise-hotel-san-pedro-ab8fd6/,"525 S Harbor Blvd, San Pedro, CA 90731-3335",San Pedro,CA,90731-3335,US,33.739403,-118.280299,,,lodging,19.1,settled-1.1-facts,2026-10-04,2,overture-places@2026-09-23.1,cdla-permissive-2.0
ov:ab93cd81-d487-4e42-9742-e9b25968e8dc,Wilshire Crest Hotel,https://journeyed.org/hotel/wilshire-crest-hotel-los-angeles-ab93cd/,"6301 Orange St, Los Angeles, CA 90048",Los Angeles,CA,90048,US,34.0645734,-118.3653279,+13239365131,http://www.wilshirecresthotel.com/,hotel,40.4,settled-1.1-facts,2026-10-04,8,overture-places@2026-09-23.1,cdla-permissive-2.0
ov:abab451d-1010-4450-bf82-0d80bfebc2b3,Holiday Inn and Suites Anaheim,https://journeyed.org/hotel/holiday-inn-and-suites-anaheim-anaheim-abab45/,"1240 S Walnut St, Anaheim, CA 92802",Anaheim,CA,92802,US,33.8165845,-117.9280561,+17145350300,https://www.hianaheim.com/,hotel,40.7,settled-1.1-facts,2026-10-04,8,overture-places@2026-09-23.1,cdla-permissive-2.0
ov:abb509a5-4f35-458e-bf87-cb4388a3caf3,Chateau Celeste Hollywood Hotel,https://journeyed.org/hotel/chateau-celeste-hollywood-hotel-los-angeles-abb509/,"1175 N Vermont Ave, Los Angeles, CA 90029",Los Angeles,CA,90029,US,34.092951,-118.292135,,http://www.chateauceleste.com/,resort,29.9,settled-1.1-facts,2026-10-04,5,overture-places@2026-09-23.1,cdla-permissive-2.0
ov:abd01018-3840-47b0-b106-51e803bc74af,Double Tree Guest Suites Anaheim Resort-Convention Center,https://journeyed.org/hotel/double-tree-guest-suites-anaheim-resort-convention-center-orange-abd010/,"100 The City Dr S, Orange, CA 92868-3204",Orange,CA,92868-3204,US,33.788056,-117.891773,+17147503000,http://doubletree1.hilton.com/en_US/dt/hotel/BWICHDT-DoubleTree-by-Hilton-Hotel-Columbia-Maryland/index.do,hotel,39.9,settled-1.1-facts,2026-10-04,9,overture-places@2026-09-23.1,cdla-permissive-2.0
ov:abf8a616-ede4-43bf-a820-e8a3c30f9dd1,Jasmine Hotel,https://journeyed.org/hotel/jasmine-hotel-culver-city-abf8a6/,"3839 Jasmine Ave, Culver City, CA 90232-3105",Culver City,CA,90232-3105,US,34.0208222,-118.4014508,+13102287269,,hotel,29.4,settled-1.1-facts,2026-10-04,1,overture-places@2026-09-23.1,cdla-permissive-2.0
ov:ac133797-c672-4a60-af40-32e5bbbe7711,Rodeway Inn Regalodge,https://journeyed.org/hotel/rodeway-inn-regalodge-glendale-ac1337/,"200 W Colorado St, Glendale, CA 91204",Glendale,CA,91204,US,34.1424803,-118.2565096,+18182467331,https://www.choicehotels.com/california/glendale/rodeway-inn-hotels/ca220?pmf=yext&mc=llyxyxpx,inn,40.6,settled-1.1-facts,2026-10-04,1,overture-places@2026-09-23.1,cdla-permissive-2.0
ov:ac33dcc1-ef04-44e6-bb90-e1e8d30e12c3,Starlight Inn,https://journeyed.org/hotel/starlight-inn-los-angeles-ac33dc/,"4949 Valley Blvd, Los Angeles, CA 90032",Los Angeles,CA,90032,US,34.0687979,-118.1772143,+13232224949,https://www.starlightinnla.com/,motel,51.6,settled-1.1-facts,2026-10-04,19,overture-places@2026-09-23.1,cdla-permissive-2.0
ov:ac3e3a03-e576-429b-935b-2eea7b846a7e,Jetski2Catalina Beach Club,https://journeyed.org/hotel/jetski2catalina-beach-club-avalon-ac3e3a/,"1 Whites Landing, Avalon, CA 90704",Avalon,CA,90704,US,33.3954758,-118.3701999,+15622866600,https://www.jetski2catalina.com/,hotel,26.5,settled-1.1-facts,2026-10-04,0,overture-places@2026-09-23.1,cdla-permissive-2.0
ov:ac90e254-59d8-4983-9979-42fb83e6b161,Doubletree By Hilton Whittier Los Angeles,https://journeyed.org/hotel/doubletree-by-hilton-whittier-los-angeles-whittier-ac90e2/,"7320 Greenleaf Ave, Whittier, CA 90602-1620",Whittier,CA,90602-1620,US,33.97475,-118.03675,+15629458511,https://www.hilton.com,hotel,41.2,settled-1.1-facts,2026-10-04,1,overture-places@2026-09-23.1,cdla-permissive-2.0
ov:ac99e88e-1a83-4c91-a320-c695eedd9013,Arroyo Vista Inn,https://journeyed.org/hotel/arroyo-vista-inn-south-pasadena-ac99e8/,"335 Monterey Rd, South Pasadena, CA 91030-3524",South Pasadena,CA,91030-3524,US,34.1108571,-118.1684522,+13234787300,http://www.arroyovistainn.com/,bed_and_breakfast,37.5,settled-1.1-facts,2026-10-04,0,overture-places@2026-09-23.1,cdla-permissive-2.0
ov:acb04025-90c4-43b8-8787-a02e4fcb9919,Glenmore Plaza Hotel,https://journeyed.org/hotel/glenmore-plaza-hotel-avalon-acb040/,"118 Sumner Ave, Avalon, CA 90704",Avalon,CA,90704,US,33.34341,-118.3264024,+13105100017,http://www.glenmoreplaza.com/,hotel,41,settled-1.1-facts,2026-10-04,0,overture-places@2026-09-23.1,cdla-permissive-2.0
ov:acba5294-5817-4435-a326-97c8ade481c2,Hotel Twin Dolphin,https://journeyed.org/hotel/hotel-twin-dolphin-los-angeles-acba52/,"1625 W Olympic Blvd Ste 1005, Los Angeles, CA 90015-3853",Los Angeles,CA,90015-3853,US,34.049902,-118.274775,,,lodging,18.9,settled-1.1-facts,2026-10-04,16,overture-places@2026-09-23.1,cdla-permissive-2.0
ov:acc1ba2e-bd64-4a14-b40d-986079dcc85d,Best Western Pine Tree Motel,https://journeyed.org/hotel/best-western-pine-tree-motel-chino-acc1ba/,"12018 Central Ave, Chino, CA 91710",Chino,CA,91710,US,34.0349844,-117.6897643,+19096286021,https://www.bestwestern.com/en_US/book/hotel-rooms.05338.html?iata=00171890&ssob=BLBWI0003G&cid=BLBWI0003G%3Ayext%3Awebsite%3A05338,motel,39.2,settled-1.1-facts,2026-10-04,0,overture-places@2026-09-23.1,cdla-permissive-2.0
ov:accc3314-f2da-4840-814b-cad787f94a8b,Marina Del Rey Hotel,https://journeyed.org/hotel/marina-del-rey-hotel-marina-del-rey-accc33/,"13534 Bali Way, Marina del Rey, CA 90292",Marina del Rey,CA,90292,US,33.9799699,-118.4459367,+13103011000,https://bit.ly/marinadelreyhotel-fb,hotel,41.1,settled-1.1-facts,2026-10-04,9,overture-places@2026-09-23.1,cdla-permissive-2.0
ov:acd0dbf5-d93d-4c18-bcd2-ec5d9a5472f5,Inn of Long Beach,https://journeyed.org/hotel/inn-of-long-beach-long-beach-acd0db/,"185 Atlantic Ave, Long Beach, CA 90802",Long Beach,CA,90802,US,33.7691522,-118.1852206,+15624353791,http://www.innoflongbeach.com/,motel,70.1,settled-1.1-facts,2026-10-04,24,overture-places@2026-09-23.1,cdla-permissive-2.0
ov:acd33a43-f87c-45ed-824f-cfee372555c6,Hotel Laguna,https://journeyed.org/hotel/hotel-laguna-laguna-beach-acd33a/,"425 S Coast Hwy, Laguna Beach, CA 92651",Laguna Beach,CA,92651,US,33.5412228,-117.7829069,+19494941151,http://www.hotellaguna.com,hotel,29.7,settled-1.1-facts,2026-10-04,0,overture-places@2026-09-23.1,cdla-permissive-2.0
ov:ad0cb965-ac48-4519-ac23-d044f67bdd86,Best Western Plus Thousand Oaks Inn,https://journeyed.org/hotel/best-western-plus-thousand-oaks-inn-thousand-oaks-ad0cb9/,"75 W Thousand Oaks Blvd, Thousand Oaks, CA 91360",Thousand Oaks,CA,91360,US,34.1784655,-118.8785612,+18054973701,https://www.bestwestern.com/en_US/book/hotel-rooms.05651.html?iata=00171890&ssob=BLBWI0003G&cid=BLBWI0003G%3Ayext%3Awebsite%3A05651,hotel,37.9,settled-1.1-facts,2026-10-04,0,overture-places@2026-09-23.1,cdla-permissive-2.0
ov:ad1aaa60-acdd-47a6-9ac9-10d90859ce67,Trend Hotel LAX,https://journeyed.org/hotel/trend-hotel-lax-inglewood-ad1aaa/,"4307 W Imperial Hwy, Inglewood, CA 90304",Inglewood,CA,90304,US,33.9312544,-118.3508473,+14242276319,https://www.trendhotellax.com,hotel,64.3,settled-1.1-facts,2026-10-04,79,overture-places@2026-09-23.1,cdla-permissive-2.0
ov:ad1f58f0-8a25-442f-8c59-1fe34d182b0e,Oscar's Motel,https://journeyed.org/hotel/oscars-motel-los-angeles-ad1f58/,"1712 Wilmington Blvd, Los Angeles, CA 90744",Los Angeles,CA,90744,US,33.7974169,-118.2751431,+13108353531,http://oscarmotel.com.au/,motel,37.3,settled-1.1-facts,2026-10-04,0,overture-places@2026-09-23.1,cdla-permissive-2.0
ov:ad422c0c-99db-42ee-9000-b7786c517428,The Palmer House,https://journeyed.org/hotel/the-palmer-house-los-angeles-ad422c/,"538 Wall St, Los Angeles, CA 90013",Los Angeles,CA,90013,US,34.04388,-118.2465317,+18189124985,,hotel,29.1,settled-1.1-facts,2026-10-04,12,overture-places@2026-09-23.1,cdla-permissive-2.0
ov:ad55bdc3-c151-467f-8288-0dcb44081d09,Ford Hotel,https://journeyed.org/hotel/ford-hotel-los-angeles-ad55bd/,"1002 E 7th St, Los Angeles, CA 90021-1502",Los Angeles,CA,90021-1502,US,34.038462,-118.243889,+12136274203,,hotel,28.5,settled-1.1-facts,2026-10-04,12,overture-places@2026-09-23.1,cdla-permissive-2.0
ov:ad8ecbfa-f398-405d-9e5d-101b7df5ffea,Motel 6 Costa Mesa- Ca - Newport Beach,https://journeyed.org/hotel/motel-6-costa-mesa-ca-newport-beach-costa-mesa-ad8ecb/,"2274 Newport Blvd, Costa Mesa, CA 92627",Costa Mesa,CA,92627,US,33.6535465,-117.9063165,+19496467445,,resort,28.8,settled-1.1-facts,2026-10-04,2,overture-places@2026-09-23.1,cdla-permissive-2.0
ov:ad90eb84-c84a-479b-9997-23722c06a414,Residence Inn,https://journeyed.org/hotel/residence-inn-manhattan-beach-ad90eb/,"1700 N Sepulveda Blvd, Manhattan Beach, CA 90266-5015",Manhattan Beach,CA,90266-5015,US,33.8903153,-118.3959723,+13104213100,https://www.marriott.com/en-us/hotels/laxmh-residence-inn-los-angeles-lax-manhattan-beach/overview/?scid=d2406702-e8ea-4b45-bb9b-69cddaaef03d,lodging,39.8,settled-1.1-facts,2026-10-04,6,overture-places@2026-09-23.1,cdla-permissive-2.0
ov:ad93b71a-79cc-4c16-bb05-4bb8b6a4159f,voco Orange County - Airport,https://journeyed.org/hotel/voco-orange-county-airport-santa-ana-ad93b7/,"7 Hutton Centre Drive, Santa Ana, CA 92707",Santa Ana,CA,92707,US,33.696989,-117.8648757,,https://www.ihg.com/voco/hotels/us/en/santa-ana/snaoc/hoteldetail,hotel,29.3,settled-1.1-facts,2026-10-04,1,overture-places@2026-09-23.1,cdla-permissive-2.0
ov:ad9f6e51-3e2e-47b7-9d69-c838420543cb,"Motel 6 Long Beach, CA - Los Angeles",https://journeyed.org/hotel/motel-6-long-beach-ca-los-angeles-long-beach-ad9f6e/,"5665 E 7th St, Long Beach, CA 90804",Long Beach,CA,90804,US,33.7758106,-118.1221722,+15625971311,https://www.motel6.com/content/g6/en/home/motels.ca.long-beach.1312.html?lid=Local_Milestone_1312&travelAgentNumber=TA001305&corporatePlusNumber=CP792N5W&utm_source=bing%20places&utm_medium=listing&utm_campaign=visit%20website,hotel,39.2,settled-1.1-facts,2026-10-04,1,overture-places@2026-09-23.1,cdla-permissive-2.0
ov:adad3858-5776-46ea-a0f1-3d2a39dbce47,Montrose at Beverly Hills,https://journeyed.org/hotel/montrose-at-beverly-hills-west-hollywood-adad38/,"900 Hammond St, West Hollywood, CA 90069",West Hollywood,CA,90069,US,34.0877083,-118.3874209,+13108551115,https://www.montrosewesthollywood.com/,hotel,64.3,settled-1.1-facts,2026-10-04,53,overture-places@2026-09-23.1,cdla-permissive-2.0
ov:adb115c5-9d5f-4181-95fa-ac96b0794c22,Lynwood Travelodge,https://journeyed.org/hotel/lynwood-travelodge-lynwood-adb115/,"11401 Long Beach Blvd, Lynwood, CA 90262-3316",Lynwood,CA,90262-3316,US,33.926929,-118.211161,+13107634029,https://www.wyndhamhotels.com/travelodge,hotel,37.9,settled-1.1-facts,2026-10-04,0,overture-places@2026-09-23.1,cdla-permissive-2.0
ov:adb895e7-72b2-4585-9008-d3153dface8f,Right Step Hotel,https://journeyed.org/hotel/right-step-hotel-los-angeles-adb895/,"813 N Watson Ave, Los Angeles, CA 90744",Los Angeles,CA,90744,US,33.7812638,-118.2476075,+13105138955,https://www.rightstep.com,hotel,37,settled-1.1-facts,2026-10-04,1,overture-places@2026-09-23.1,cdla-permissive-2.0
ov:adc3f621-ca48-4e8c-86f5-b72738954cf1,Stanford Inn & Suites,https://journeyed.org/hotel/stanford-inn-and-suites-anaheim-adc3f6/,"2171 S Harbor Blvd, Anaheim, CA 92802-3515",Anaheim,CA,92802-3515,US,33.7938867,-117.9152464,+17147031220,http://www.stanfordinnanaheim.com/,hotel,74.6,settled-1.1-facts,2026-10-04,102,overture-places@2026-09-23.1,cdla-permissive-2.0
ov:adca635f-e6fb-47f5-962f-c5d11c986e72,Sheraton,https://journeyed.org/hotel/sheraton-cerritos-adca63/,"12725 Center Court Drive South, Cerritos, CA 90703",Cerritos,CA,90703,US,33.8683302,-118.0607505,+15628091500,https://www.marriott.com/en-us/hotels/lgbsi-sheraton-cerritos-hotel/overview/?scid=d2406702-e8ea-4b45-bb9b-69cddaaef03d,hotel,40.8,settled-1.1-facts,2026-10-04,1,overture-places@2026-09-23.1,cdla-permissive-2.0
ov:adcb95d9-6cb8-4f92-a30a-3c3af42b749a,Burton House Hotel,https://journeyed.org/hotel/burton-house-hotel-los-angeles-adcb95/,"1177 S Beverly Dr, Los Angeles, CA 90035-1119",Los Angeles,CA,90035-1119,US,34.0557,-118.3961,+13102284100,https://www.burtonhousehotel.com/,hotel,69.3,settled-1.1-facts,2026-10-04,85,overture-places@2026-09-23.1,cdla-permissive-2.0
ov:adf5ae69-137e-4d3b-a230-f7355decaf4f,Olympic Motor Lodge,https://journeyed.org/hotel/olympic-motor-lodge-los-angeles-adf5ae/,"5850 W Olympic Blvd, Los Angeles, CA 90036",Los Angeles,CA,90036,US,34.057286,-118.358379,+13239361625,https://direct-book.com/properties/olympicmotor?locale=en&_gads_gcid=731761819&_gads_gclabel=4ZV2CPGWq7MBEJuZ99wC&_gha_gcid=100233201&_gha_phid=0be966a9-379a-4724-ac53-0ab4efb40c8f&_src=DemandPlus&abw=1&booking_source=organic&campaign_id&cdow=Thursday&checkInDate=2026-06-04&checkOutDate=2026-06-05&country=US&currency=USD&device=mobile&los=1&meta=Google&tsd=default&utm_source=GoogleHotelAds&items%5B0%5D%5Badults%5D=2&items%5B0%5D%5Bchildren%5D=0&items%5B0%5D%5Binfants%5D=0&items%5B0%5D%5BrateId%5D=1006969&trackPage=yes,motel,40.4,settled-1.1-facts,2026-10-04,4,overture-places@2026-09-23.1,cdla-permissive-2.0
ov:ae0fd3eb-7998-44d2-a155-d62cae1e847e,Friendship Motor Inn,https://journeyed.org/hotel/friendship-motor-inn-los-angeles-ae0fd3/,"1148 Crenshaw Blvd, Los Angeles, CA 90019",Los Angeles,CA,90019,US,34.0512175,-118.3245965,+13239371600,http://www.friendshipmotorinn.net/,motel,39.6,settled-1.1-facts,2026-10-04,3,overture-places@2026-09-23.1,cdla-permissive-2.0
ov:ae19e78c-b3c0-4c72-b119-22a51b9cd88b,Penthouse Suite,https://journeyed.org/hotel/penthouse-suite-los-angeles-ae19e7/,"7000 Hollywood Blvd, Los Angeles, CA 90028-6003",Los Angeles,CA,90028-6003,US,34.101234,-118.341754,,http://www.thompsonhotels.com/hotels/hollywood-roosevelt,hotel,31.4,settled-1.1-facts,2026-10-04,14,overture-places@2026-09-23.1,cdla-permissive-2.0
ov:ae4a8a11-101c-4e0c-b472-98997bcb0478,Wyndam Hotel,https://journeyed.org/hotel/wyndam-hotel-commerce-ae4a8a/,"7810 Telegraph Rd, Commerce, CA 90040-3237",Commerce,CA,90040-3237,US,33.9735088,-118.1226129,+18002572297,https://www.wyndhamhotels.com,hotel,39,settled-1.1-facts,2026-10-04,1,overture-places@2026-09-23.1,cdla-permissive-2.0
ov:ae5809c9-3161-4f07-8b22-57237d71d7c4,Homewood Suites by Hilton,https://journeyed.org/hotel/homewood-suites-by-hilton-santa-clarita-ae5809/,"28700 Newhall Ranch Rd, Santa Clarita, CA 91355",Santa Clarita,CA,91355,US,34.4417652,-118.5929124,+16612571033,https://www.hilton.com/en/hotels/bursvhw-homewood-suites-santa-clarita/?SEO_id=FB-AMER-ES-BURSVHW,hotel,39.7,settled-1.1-facts,2026-10-04,1,overture-places@2026-09-23.1,cdla-permissive-2.0
ov:ae71dbff-dd6e-4c72-b27d-e54374425602,Tustin Motor Lodge,https://journeyed.org/hotel/tustin-motor-lodge-tustin-ae71db/,"750 El Camino Real, Tustin, CA 92780",Tustin,CA,92780,US,33.738208,-117.8233067,+17145445850,https://www.tustinmotorlodge.xyz,motel,40.6,settled-1.1-facts,2026-10-04,1,overture-places@2026-09-23.1,cdla-permissive-2.0
ov:ae72ba2a-fe95-4419-b6fd-e845eceeb9cc,Htl Intercontinental,https://journeyed.org/hotel/htl-intercontinental-los-angeles-ae72ba/,"251 S Olive St Fl 1, Los Angeles, CA 90012-3002",Los Angeles,CA,90012-3002,US,34.052839,-118.250203,,,lodging,19.3,settled-1.1-facts,2026-10-04,13,overture-places@2026-09-23.1,cdla-permissive-2.0
ov:ae86f313-b7b0-4cb1-9dd2-75a6f5a6309c,Hampton Inn & Suites Thousand Oaks,https://journeyed.org/hotel/hampton-inn-and-suites-thousand-oaks-thousand-oaks-ae86f3/,"510 N Ventu Park Rd, Thousand Oaks, CA 91320",Thousand Oaks,CA,91320,US,34.1854045,-118.9085886,+18053750376,http://hamptoninn3.hilton.com/en/hotels/california/hampton-inn-and-suites-thousand-oaks-ca-LAXTOHX/index.html,hotel,35.2,settled-1.1-facts,2026-10-04,0,overture-places@2026-09-23.1,cdla-permissive-2.0
ov:aecc3320-7943-4d45-858f-f85b732ca707,Level Los Angeles - Downtown South Hill,https://journeyed.org/hotel/level-los-angeles-downtown-south-hill-los-angeles-aecc33/,"825 S Hill St, Los Angeles, CA 90014-3197",Los Angeles,CA,90014-3197,US,34.043994,-118.256573,+12136325841,https://www.stayinglevel.com/destinations/los-angeles/downtown-south-hill/,hotel,40.9,settled-1.1-facts,2026-10-04,16,overture-places@2026-09-23.1,cdla-permissive-2.0
ov:aed651c7-3bd6-402e-b249-e27a0eb499bd,Grafton On Sunset,https://journeyed.org/hotel/grafton-on-sunset-west-hollywood-aed651/,"8462 W Sunset Blvd, West Hollywood, CA 90069-1912",West Hollywood,CA,90069-1912,US,34.094536,-118.374915,+13236544600,https://www.graftononsunset.com,hotel,40.9,settled-1.1-facts,2026-10-04,7,overture-places@2026-09-23.1,cdla-permissive-2.0
ov:aedcc56b-0e40-4446-9916-81c7cfa97770,Hampton Inn & Suites,https://journeyed.org/hotel/hampton-inn-and-suites-agoura-hills-aedcc5/,"30255 Agoura Rd, Agoura Hills, CA 91301",Agoura Hills,CA,91301,US,34.1455888,-118.7822943,+18185970333,https://www.hilton.com/en/hotels/agocahx-hampton-suites-agoura-hills/,hotel,39.4,settled-1.1-facts,2026-10-04,1,overture-places@2026-09-23.1,cdla-permissive-2.0
ov:af02f139-2e90-4e54-9c4f-c30090664502,Worldmark By Wyndham,https://journeyed.org/hotel/worldmark-by-wyndham-irvine-af02f1/,"9871 Irvine Center Dr, Irvine, CA 92618",Irvine,CA,92618,US,33.6304962,-117.7296214,+19494500642,http://worldmarkbywyndham.com,hotel,39.1,settled-1.1-facts,2026-10-04,1,overture-places@2026-09-23.1,cdla-permissive-2.0
ov:af1fa21a-137e-4122-a40a-3af5c2c42fc0,Extended Stay America - Orange County - Yorba Linda,https://journeyed.org/hotel/extended-stay-america-orange-county-yorba-linda-yorba-linda-af1fa2/,"22711 Oakcrest Cir, Yorba Linda, CA 92887-4674",Yorba Linda,CA,92887-4674,US,33.8725974,-117.7392906,+17149989060,https://www.extendedstayamerica.com,lodging,28.4,settled-1.1-facts,2026-10-04,0,overture-places@2026-09-23.1,cdla-permissive-2.0
ov:af22fc9a-1108-47bb-a5ea-9fc8d4bf8bad,Westin Hotels & Resorts,https://journeyed.org/hotel/westin-hotels-and-resorts-long-beach-af22fc/,"333 East Ocean Boulevard, Long Beach, CA 90802",Long Beach,CA,90802,US,33.7671999,-118.1882633,+15624363000,https://www.marriott.com/en-us/hotels/lgbwi-the-westin-long-beach/overview/?scid=d2406702-e8ea-4b45-bb9b-69cddaaef03d,hotel,41.1,settled-1.1-facts,2026-10-04,3,overture-places@2026-09-23.1,cdla-permissive-2.0
ov:af60bc19-bb00-41cb-b9a0-b474d504c80f,SpringHill Suites,https://journeyed.org/hotel/springhill-suites-anaheim-af60bc/,"1801 South Harbor Boulevard, Anaheim, CA 92802",Anaheim,CA,92802,US,33.802921,-117.916207,+17145332101,https://www.marriott.com/en-us/hotels/snaad-springhill-suites-at-anaheim-resort-convention-center/overview/?scid=d2406702-e8ea-4b45-bb9b-69cddaaef03d,hotel,41,settled-1.1-facts,2026-10-04,9,overture-places@2026-09-23.1,cdla-permissive-2.0
ov:afa126b0-8bba-417e-8104-f2eec2b364f2,Holiday Inn Los Angeles Gateway Torrance,https://journeyed.org/hotel/holiday-inn-los-angeles-gateway-torrance-torrance-afa126/,"19800 S Vermont Ave, Torrance, CA 90502-1126",Torrance,CA,90502-1126,US,33.8506734,-118.2892265,+13107819100,http://www.holidayinn.com/torranceca,hotel,38.2,settled-1.1-facts,2026-10-04,0,overture-places@2026-09-23.1,cdla-permissive-2.0
ov:afb75061-ccad-4a9c-bcd0-0c6c1320749d,Ayres Hotel Chino Hills - Ontario,https://journeyed.org/hotel/ayres-hotel-chino-hills-ontario-chino-hills-afb750/,"4785 Chino Hills Pkwy, Chino Hills, CA 91709",Chino Hills,CA,91709,US,33.9788491,-117.7009298,+19096312922,http://ayreshotels.com/ayres-hotel-chino-hills,hotel,37.8,settled-1.1-facts,2026-10-04,0,overture-places@2026-09-23.1,cdla-permissive-2.0
ov:afdb783b-3bfe-42da-8376-a34989d61f3c,Palm Tree Inn,https://journeyed.org/hotel/palm-tree-inn-los-angeles-afdb78/,"8424 Sepulveda Blvd, Los Angeles, CA 91343",Los Angeles,CA,91343,US,34.2235491,-118.4673844,+18188949261,http://www.palmtreeinnnhills.us/contact-us.php,inn,47,settled-1.1-facts,2026-10-04,9,overture-places@2026-09-23.1,cdla-permissive-2.0
ov:b01b90b4-cfd8-43c0-b3d0-e38b42c01d74,Summitridge Mansion,https://journeyed.org/hotel/summitridge-mansion-beverly-hills-b01b90/,"2300 2398 Summitridge Dr, Beverly Hills, CA 90210",Beverly Hills,CA,90210,US,34.1181981,-118.4227096,+13107340748,,hotel,25.9,settled-1.1-facts,2026-10-04,0,overture-places@2026-09-23.1,cdla-permissive-2.0
ov:b01f886e-344b-4c71-bd63-898f7675cad8,Extended StayAmerica-Anaheim Hill,https://journeyed.org/hotel/extended-stayamerica-anaheim-hill-anaheim-b01f88/,"1031 N Pacificenter Dr, Anaheim, CA 92806",Anaheim,CA,92806,US,33.8525347,-117.839923,+17146304006,,resort,24.2,settled-1.1-facts,2026-10-04,0,overture-places@2026-09-23.1,cdla-permissive-2.0
ov:b03c39c6-d3a6-4f1b-a3c0-fb88534d33f3,Sheraton Anaheim Hotel,https://journeyed.org/hotel/sheraton-anaheim-hotel-anaheim-b03c39/,"900 S Disneyland Dr, Anaheim, CA 92802",Anaheim,CA,92802,US,33.818697,-117.9217529,+17147781700,http://www.starwoodhotels.com/sheraton/property/overview/index.html?propertyid=995,hotel,40.9,settled-1.1-facts,2026-10-04,9,overture-places@2026-09-23.1,cdla-permissive-2.0
ov:b05a49e5-e708-4e64-8792-d2391a7d3eb2,Riviera Motel,https://journeyed.org/hotel/riviera-motel-anaheim-b05a49/,"410 W Katella Ave, Anaheim, CA 92802",Anaheim,CA,92802,US,33.8029585,-117.9124349,+17147769100,https://reservation.asiwebres.com/v4/roomavailability.aspx?id=302570bbe06d4c3f800541c7f19ad91a&lang=en&curr=1&operation=date&txtcheckindate=06/10/2021,motel,40.7,settled-1.1-facts,2026-10-04,9,overture-places@2026-09-23.1,cdla-permissive-2.0
ov:b05f6c89-7d86-4067-9c9d-9d216233ba7d,Best Western Redondo Beach Galleria Inn,https://journeyed.org/hotel/best-western-redondo-beach-galleria-inn-redondo-beach-b05f6c/,"2740 Artesia Blvd, Redondo Beach, CA 90278",Redondo Beach,CA,90278,US,33.8724747,-118.3598426,+13103704353,https://www.bestwestern.com/en_US/book/hotel-rooms.05497.html?iata=00171890&ssob=BLBWI0003G&cid=BLBWI0003G%3Ayext%3Awebsite%3A05497,hotel,38,settled-1.1-facts,2026-10-04,1,overture-places@2026-09-23.1,cdla-permissive-2.0
ov:b065dd50-337b-47eb-84b9-7a8391bf31d0,Hotel Heritage El Monte Los Angeles,https://journeyed.org/hotel/hotel-heritage-el-monte-los-angeles-el-monte-b065dd/,"12040 Garvey Ave, El Monte, CA 91732",El Monte,CA,91732,US,34.0624944,-118.0175185,+16264428354,http://hotelheritage.us/,hotel,78.2,settled-1.1-facts,2026-10-04,39,overture-places@2026-09-23.1,cdla-permissive-2.0
ov:b078b517-64e7-4da8-9414-b319c8fb743c,Hampton Inn Cypress,https://journeyed.org/hotel/hampton-inn-cypress-cypress-b078b5/,"10900 Yamaha Way, Cypress, CA 90630",Cypress,CA,90630,US,33.8044999,-118.0153797,+17145272900,https://www.hilton.com/en/hotels/laxochx-hampton-los-angeles-orange-county-cypress/,hotel,38.5,settled-1.1-facts,2026-10-04,2,overture-places@2026-09-23.1,cdla-permissive-2.0
ov:b0997b89-8a9b-4132-8d97-37ed52520f36,Hyatt House Cypress/Anaheim,https://journeyed.org/hotel/hyatt-house-cypress-anaheim-cypress-b0997b/,"5905 Corporate Ave, Cypress, CA 90630",Cypress,CA,90630,US,33.8083455,-118.0298166,+17148284000,http://cypressanaheim.house.hyatt.com/,hotel,39.6,settled-1.1-facts,2026-10-04,2,overture-places@2026-09-23.1,cdla-permissive-2.0
ov:b09db632-19c8-4333-9142-5c2769dfa818,DoubleTree by Hilton Hotel LAX El Segundo,https://journeyed.org/hotel/doubletree-by-hilton-hotel-lax-el-segundo-el-segundo-b09db6/,"1985 E Grand Ave, El Segundo, CA 90245",El Segundo,CA,90245,US,33.9198169,-118.3920428,+12134632162,http://LAXElSegundo.DoubleTree.com/,hotel,39.4,settled-1.1-facts,2026-10-04,5,overture-places@2026-09-23.1,cdla-permissive-2.0
ov:b0d8dd37-f53e-4c49-9c69-8872d1a9a24d,Beachrunners Inn,https://journeyed.org/hotel/beachrunners-inn-long-beach-b0d8dd/,"231 Kennebec Ave, Long Beach, CA 90803",Long Beach,CA,90803,US,33.7667413,-118.1640059,+15628560202,http://www.beachrunnersinn.com/,bed_and_breakfast,39.2,settled-1.1-facts,2026-10-04,3,overture-places@2026-09-23.1,cdla-permissive-2.0
ov:b0dbc4c3-dc81-4852-92d8-a69e8686e5c3,Belvue Hotel,https://journeyed.org/hotel/belvue-hotel-san-pedro-b0dbc4/,"528 W 8th St, San Pedro, CA 90731",San Pedro,CA,90731,US,33.7370503,-118.2884891,,,hotel,19.5,settled-1.1-facts,2026-10-04,2,overture-places@2026-09-23.1,cdla-permissive-2.0
ov:b0e59368-a0f6-4f23-8e7b-18396f80f1dc,Holiday Inn Laguna Beach,https://journeyed.org/hotel/holiday-inn-laguna-beach-laguna-beach-b0e593/,"696 S Coast Hwy, Laguna Beach, CA 92651",Laguna Beach,CA,92651,US,33.5381157,-117.7793858,+19494941001,https://www.ihg.com/holidayinn/hotels/us/en/laguna-beach/laxlg/hoteldetail,hotel,29.4,settled-1.1-facts,2026-10-04,0,overture-places@2026-09-23.1,cdla-permissive-2.0
ov:b0f43a31-cb88-43c5-aa51-2c2fee86cc05,Santa Monica Travelodge,https://journeyed.org/hotel/santa-monica-travelodge-santa-monica-b0f43a/,"1525 Ocean Ave, Santa Monica, CA 90401-2118",Santa Monica,CA,90401-2118,US,34.012423,-118.495347,+13104510761,,hotel,29.4,settled-1.1-facts,2026-10-04,6,overture-places@2026-09-23.1,cdla-permissive-2.0
ov:b1042015-b366-4c52-88f2-064c70ccb172,Best Western Posada Royale Hotel & Suites,https://journeyed.org/hotel/best-western-posada-royale-hotel-and-suites-simi-valley-b10420/,"1775 Madera Rd, Simi Valley, CA 93065",Simi Valley,CA,93065,US,34.2695105,-118.7969318,+18055846300,https://www.bestwestern.com/en_US/book/hotel-rooms.05662.html?iata=00171890&ssob=BLBWI0003G&cid=BLBWI0003G%3Ayext%3Awebsite%3A05662,hotel,30.6,settled-1.1-facts,2026-10-04,0,overture-places@2026-09-23.1,cdla-permissive-2.0
ov:b1075f1a-06fa-4ded-a238-2cfd009d10f8,Super 8 Motel,https://journeyed.org/hotel/super-8-motel-sylmar-b1075f/,"14955 Roxford St, Sylmar, CA 91342-1303",Sylmar,CA,91342-1303,US,34.322962,-118.461036,+18183670141,http://www.super8.com/,hotel,29.2,settled-1.1-facts,2026-10-04,0,overture-places@2026-09-23.1,cdla-permissive-2.0
ov:b12b95b2-6814-4c0e-8ac4-06214505b533,Shangri-La Hotels & Resort,https://journeyed.org/hotel/shangri-la-hotels-and-resort-los-angeles-b12b95/,"5777 W Century Blvd, Los Angeles, CA 90045-5450",Los Angeles,CA,90045-5450,US,33.945713,-118.382586,+13106652000,http://www.shangri-la.com,hotel,39.3,settled-1.1-facts,2026-10-04,8,overture-places@2026-09-23.1,cdla-permissive-2.0
ov:b153514e-7220-4c85-9f79-460dd3b6bd7d,Super 8 by Wyndham Anaheim Disneyland Drive,https://journeyed.org/hotel/super-8-by-wyndham-anaheim-disneyland-drive-anaheim-b15351/,"915 S Disneyland Dr, Anaheim, CA 92802-1842",Anaheim,CA,92802-1842,US,33.8194499,-117.9229389,+17147780350,http://www.wyndhamhotelgroup.com/,motel,40.8,settled-1.1-facts,2026-10-04,9,overture-places@2026-09-23.1,cdla-permissive-2.0
ov:b15a1195-b08c-47ff-ae6c-ba26063c6192,Balboa Village,https://journeyed.org/hotel/balboa-village-newport-beach-b15a11/,"600 E Bay Ave, Newport Beach, CA 92661-1347",Newport Beach,CA,92661-1347,US,33.6031887,-117.9003248,+19492907249,http://balboavillage.com/,hotel,38.6,settled-1.1-facts,2026-10-04,1,overture-places@2026-09-23.1,cdla-permissive-2.0
ov:b16a7b59-7077-4a36-a7e1-e67dfe00fd98,Bonnie Lee Inn,https://journeyed.org/hotel/bonnie-lee-inn-los-angeles-b16a7b/,"543 N Broad Ave, Los Angeles, CA 90744",Los Angeles,CA,90744,US,33.7770179,-118.2611033,+13105136400,,hotel,26.3,settled-1.1-facts,2026-10-04,1,overture-places@2026-09-23.1,cdla-permissive-2.0
ov:b184dcd4-361b-41f8-8d9b-32525de11d33,Del Mar Hotel,https://journeyed.org/hotel/del-mar-hotel-los-angeles-b184dc/,"308 N Avalon Blvd, Los Angeles, CA 90744",Los Angeles,CA,90744,US,33.7730442,-118.2617173,+13108302672,http://www.hotelcasadelmar.com,hotel,38.4,settled-1.1-facts,2026-10-04,1,overture-places@2026-09-23.1,cdla-permissive-2.0
ov:b1c14bb9-e1ec-4929-817b-94de8a9742f7,Best Western Plus John Jay Inn & Suites,https://journeyed.org/hotel/best-western-plus-john-jay-inn-and-suites-palmdale-b1c14b/,"600 W Palmdale Blvd, Palmdale, CA 93551",Palmdale,CA,93551,US,34.584008,-118.1412523,+16615759322,https://www.bestwestern.com/en_US/book/hotel-rooms.05606.html?iata=00171890&ssob=BLBWI0003G&cid=BLBWI0003G%3Ayext%3Awebsite%3A05606,hotel,26.5,settled-1.1-facts,2026-10-04,0,overture-places@2026-09-23.1,cdla-permissive-2.0
ov:b1cf3e10-8d93-42f4-9fd2-ba09f242909b,Rodeway Inn Convention Center,https://journeyed.org/hotel/rodeway-inn-convention-center-los-angeles-b1cf3e/,"1904 W Olympic Blvd, Los Angeles, CA 90006",Los Angeles,CA,90006,US,34.0507094,-118.2780118,+12133809393,https://www.choicehotels.com/california/los-angeles/rodeway-inn-hotels/cab11?pmf=yext&mc=llyxyxpx,hotel,40.2,settled-1.1-facts,2026-10-04,14,overture-places@2026-09-23.1,cdla-permissive-2.0
ov:b1d3a331-b6fb-4884-9606-37c2badd47dc,Fremont Inn,https://journeyed.org/hotel/fremont-inn-alhambra-b1d3a3/,"2221 W Commonwealth Ave, Alhambra, CA 91803-1302",Alhambra,CA,91803-1302,US,34.088396,-118.149668,+16612686881,http://fremontinn.moonlighthotel.info,hotel,39.5,settled-1.1-facts,2026-10-04,1,overture-places@2026-09-23.1,cdla-permissive-2.0
ov:b1ff7b6d-5d6c-46f3-8c91-1e6432120308,Ritz-Carlton,https://journeyed.org/hotel/ritz-carlton-torrance-b1ff7b/,"970 W 190th St, Torrance, CA 90502-1001",Torrance,CA,90502-1001,US,33.857383,-118.293094,+13103388600,http://ritzcarlton.com,hotel,39,settled-1.1-facts,2026-10-04,1,overture-places@2026-09-23.1,cdla-permissive-2.0
ov:b23779d9-30e2-47b9-aa58-38a68ed2678e,Rose Inn,https://journeyed.org/hotel/rose-inn-harbor-city-b23779/,"1345 Pacific Coast Hwy, Harbor City, CA 90710-2835",Harbor City,CA,90710-2835,US,33.789759,-118.3008912,+13103267611,,inn,24.8,settled-1.1-facts,2026-10-04,0,overture-places@2026-09-23.1,cdla-permissive-2.0
ov:b23953c5-fbc5-4c84-a41d-1096406aba6a,Wilshire Orange Hotel,https://journeyed.org/hotel/wilshire-orange-hotel-los-angeles-b23953/,"6060 W 8th St, Los Angeles, CA 90036-4424",Los Angeles,CA,90036-4424,US,34.06085,-118.36174,+13239319533,https://wilshireorange.com,hotel,49.9,settled-1.1-facts,2026-10-04,13,overture-places@2026-09-23.1,cdla-permissive-2.0
ov:b239e651-26cc-4348-97b4-856a591f109f,Carlo Motel,https://journeyed.org/hotel/carlo-motel-commerce-b239e6/,"2324 S Atlantic Blvd, Commerce, CA 90040",Commerce,CA,90040,US,34.0044402,-118.1653511,+13233182103,,motel,28.8,settled-1.1-facts,2026-10-04,1,overture-places@2026-09-23.1,cdla-permissive-2.0
ov:b26a03d2-d691-4484-aafd-ccd312c8c2fb,Hampton Inn and Suites Seal Beach,https://journeyed.org/hotel/hampton-inn-and-suites-seal-beach-seal-beach-b26a03/,"2401 Seal Beach Blvd, Seal Beach, CA 90740",Seal Beach,CA,90740,US,33.7589011,-118.0813792,+15625943939,https://www.hilton.com/en/locations/usa/,hotel,38.8,settled-1.1-facts,2026-10-04,1,overture-places@2026-09-23.1,cdla-permissive-2.0
ov:b282f7d1-f2f2-47db-9a44-46b541b96069,Hollywood Guest Inn,https://journeyed.org/hotel/hollywood-guest-inn-los-angeles-b282f7/,"6700 W Sunset Blvd, Los Angeles, CA 90028-7108",Los Angeles,CA,90028-7108,US,34.0977522,-118.3368244,+13234676137,http://hollywoodguestinn.net/,motel,40.9,settled-1.1-facts,2026-10-04,13,overture-places@2026-09-23.1,cdla-permissive-2.0
ov:b28666e3-dc45-4033-b868-705b08731509,Econo Lodge,https://journeyed.org/hotel/econo-lodge-pico-rivera-b28666/,"8477 Telegraph Rd, Pico Rivera, CA 90660",Pico Rivera,CA,90660,US,33.9623028,-118.110935,+15622910025,https://www.choicehotels.com/california/pico-rivera/econo-lodge-hotels/ca309?mc=llyxyxpx,hotel,38.7,settled-1.1-facts,2026-10-04,1,overture-places@2026-09-23.1,cdla-permissive-2.0
ov:b28d1a0b-a8b2-45d3-b0cc-ec6f3626fde7,Burbank Extended Stay Inn,https://journeyed.org/hotel/burbank-extended-stay-inn-burbank-b28d1a/,"2021 W Olive Ave, Burbank, CA 91506",Burbank,CA,91506,US,34.1646936,-118.3261555,+18188489048,http://www.esinns.com,hotel,39.9,settled-1.1-facts,2026-10-04,3,overture-places@2026-09-23.1,cdla-permissive-2.0
ov:b2b4040a-36ab-48d8-895f-93661b9da74b,Monte Carlo Inn,https://journeyed.org/hotel/monte-carlo-inn-azusa-b2b404/,"685 E Arrow Hwy, Azusa, CA 91702",Azusa,CA,91702,US,34.1073008,-117.8970498,+16263393314,http://www.montecarloinns.com,motel,39.3,settled-1.1-facts,2026-10-04,2,overture-places@2026-09-23.1,cdla-permissive-2.0
ov:b2c4e76c-bbbe-4513-96c8-85e2605cb2f1,PodShare DTLA,https://journeyed.org/hotel/podshare-dtla-los-angeles-b2c4e7/,"100 S Vignes St #112, Los Angeles, CA 90012",Los Angeles,CA,90012,US,34.0481391,-118.2338621,+12139737741,http://thepodshare.com,hostel,40.6,settled-1.1-facts,2026-10-04,10,overture-places@2026-09-23.1,cdla-permissive-2.0
ov:b2da72c3-1152-4cea-9000-033cf98468b8,Intercontinental Los Angeles Century City,https://journeyed.org/hotel/intercontinental-los-angeles-century-city-los-angeles-b2da72/,"2151 Avenue of the Stars, Los Angeles, CA 90067-5001",Los Angeles,CA,90067-5001,US,34.054086,-118.412428,,,lodging,19.5,settled-1.1-facts,2026-10-04,3,overture-places@2026-09-23.1,cdla-permissive-2.0
ov:b2eaccdf-73f3-4cf8-916d-8d74e44e189c,Retreat Malibu,https://journeyed.org/hotel/retreat-malibu-malibu-b2eacc/,"1775 Encinal Canyon Rd, Malibu, CA 90265-2452",Malibu,CA,90265-2452,US,34.0780018,-118.8772879,+13108745282,https://www.retreatmalibu.com,hotel,32.1,settled-1.1-facts,2026-10-04,0,overture-places@2026-09-23.1,cdla-permissive-2.0
ov:b3373410-8c15-44e8-966c-30ee7a361271,El Cortez,https://journeyed.org/hotel/el-cortez-van-nuys-b33734/,"5746 Sepulveda Blvd, Van Nuys, CA 91411-2917",Van Nuys,CA,91411-2917,US,34.1753367,-118.4657321,+18189941900,https://www.elc.cc,motel,39.6,settled-1.1-facts,2026-10-04,2,overture-places@2026-09-23.1,cdla-permissive-2.0
ov:b3470f32-76ce-4985-9af4-d6939684c011,Pasadena Rose & Crown Hotel,https://journeyed.org/hotel/pasadena-rose-and-crown-hotel-pasadena-b3470f/,"1203 E Colorado Blvd, Pasadena, CA 91106",Pasadena,CA,91106,US,34.1463431,-118.12581,+16264493170,http://www.pasadenaroseandcrown.com/,hotel,69.1,settled-1.1-facts,2026-10-04,39,overture-places@2026-09-23.1,cdla-permissive-2.0
ov:b36228e2-af6a-498d-95f2-52f4de91a5e7,Lotus Motel,https://journeyed.org/hotel/lotus-motel-inglewood-b36228/,"437 W Manchester Blvd, Inglewood, CA 90301-1109",Inglewood,CA,90301-1109,US,33.96199,-118.36336,+13106748596,http://www.lotusmotel.com,motel,40.4,settled-1.1-facts,2026-10-04,11,overture-places@2026-09-23.1,cdla-permissive-2.0
ov:b38db5a3-b9b8-46ed-be0d-79677c9f31ef,Hilton Garden Inn,https://journeyed.org/hotel/hilton-garden-inn-montebello-b38db5/,"801 Via San Clemente, Montebello, CA 90640",Montebello,CA,90640,US,34.0272215,-118.1337397,+13237245900,http://hiltongardeninn3.hilton.com/,hotel,39.3,settled-1.1-facts,2026-10-04,2,overture-places@2026-09-23.1,cdla-permissive-2.0
ov:b3a03c8f-29ea-4fea-ab1b-10d8584d5ecd,Sand Piper Motel,https://journeyed.org/hotel/sand-piper-motel-los-angeles-b3a03c/,"4112 S Central Ave, Los Angeles, CA 90011",Los Angeles,CA,90011,US,34.0088174,-118.2563996,+13232310249,http://www.sandpipermotel.com,motel,38.7,settled-1.1-facts,2026-10-04,5,overture-places@2026-09-23.1,cdla-permissive-2.0
ov:b3b422b3-3109-413a-96e1-135d79c0e9b9,Candy Cane Inn,https://journeyed.org/hotel/candy-cane-inn-anaheim-b3b422/,"1747 S Harbor Blvd, Anaheim, CA 92802",Anaheim,CA,92802,US,33.8043073,-117.9159446,+17147745284,http://www.candycaneinn.net/,hotel,79.8,settled-1.1-facts,2026-10-04,97,overture-places@2026-09-23.1,cdla-permissive-2.0
ov:b3b684f0-5ee9-43ac-b752-3ce9330e75e0,Sterling Motel,https://journeyed.org/hotel/sterling-motel-sylmar-b3b684/,"13077 San Fernando Rd, Sylmar, CA 91342",Sylmar,CA,91342,US,34.3074983,-118.4707421,+18188339010,,motel,17.1,settled-1.1-facts,2026-10-04,0,overture-places@2026-09-23.1,cdla-permissive-2.0
ov:b3d3e438-e8cb-43ae-a4cd-00e0ea086e7a,Best Western Plus Media Center Inn & Suites,https://journeyed.org/hotel/best-western-plus-media-center-inn-and-suites-burbank-b3d3e4/,"3910 W Riverside Dr, Burbank, CA 91505",Burbank,CA,91505,US,34.1519165,-118.3423809,+18188421900,https://www.bestwestern.com/en_US/book/hotel-rooms.05631.html?iata=00171890&ssob=BLBWI0003G&cid=BLBWI0003G%3Ayext%3Awebsite%3A05631,hotel,41,settled-1.1-facts,2026-10-04,3,overture-places@2026-09-23.1,cdla-permissive-2.0
ov:b3dd2e81-717d-4d8b-859e-52e3cac9ce43,Loews Hollywood Hotel,https://journeyed.org/hotel/loews-hollywood-hotel-los-angeles-b3dd2e/,"1755 N Highland Ave, Los Angeles, CA 90028-4403",Los Angeles,CA,90028-4403,US,34.1032882,-118.3392407,+13238561200,http://www.loewshotels.com/Hollywood-Hotel,hotel,41.3,settled-1.1-facts,2026-10-04,15,overture-places@2026-09-23.1,cdla-permissive-2.0
ov:b3ec2176-58d5-40a1-b5db-239de8476d37,Hilton Garden Inn Anaheim Resort,https://journeyed.org/hotel/hilton-garden-inn-anaheim-resort-anaheim-b3ec21/,"1441 S Manchester Ave, Anaheim, CA 92802",Anaheim,CA,92802,US,33.8117678,-117.9124715,+17148442808,http://www.hgianaheimresort.com/,hotel,70,settled-1.1-facts,2026-10-04,63,overture-places@2026-09-23.1,cdla-permissive-2.0
ov:b3ed7866-fbc2-49ac-b9a7-5f3550900f45,Doubletree Suites By Hilton Santa Monica,https://journeyed.org/hotel/doubletree-suites-by-hilton-santa-monica-santa-monica-b3ed78/,"1707 4th St, Santa Monica, CA 90401-3301",Santa Monica,CA,90401-3301,US,34.0116958,-118.4889658,+13103953332,https://doubletree-suites-by-hilton-santa-monica.h-rez.com,lodging,40.7,settled-1.1-facts,2026-10-04,8,overture-places@2026-09-23.1,cdla-permissive-2.0
ov:b403163b-652b-4df2-92e3-e8aff900087e,Comfort Inn,https://journeyed.org/hotel/comfort-inn-downey-b40316/,"9438 Firestone Blvd, Downey, CA 90241",Downey,CA,90241,US,33.9310336,-118.1158425,+15628033555,https://www.choicehotels.com/california/downey/quality-inn-hotels/ca103?mc=llyxyxpx,hotel,40,settled-1.1-facts,2026-10-04,1,overture-places@2026-09-23.1,cdla-permissive-2.0
ov:b42ac337-2c01-40d9-98e2-9f172c6ffe2e,Fairmont Breakers Long Beach,https://journeyed.org/hotel/fairmont-breakers-long-beach-long-beach-b42ac3/,"210 E Ocean Blvd, Long Beach, CA 90802",Long Beach,CA,90802,US,33.7667337,-118.190459,+15623171000,https://www.fairmont-breakers.com/,resort,70.4,settled-1.1-facts,2026-10-04,26,overture-places@2026-09-23.1,cdla-permissive-2.0
ov:b43386cf-7fe7-4c69-b9f1-2834a41609c9,Extended Stay America - Los Angeles - LAX Airport,https://journeyed.org/hotel/extended-stay-america-los-angeles-lax-airport-los-angeles-b43386/,"6531 S Sepulveda Blvd, Los Angeles, CA 90045",Los Angeles,CA,90045,US,33.9799468,-118.3944419,+13105689337,https://www.extendedstayamerica.com/hotels/ca/los-angeles/lax-airport,resort,39.4,settled-1.1-facts,2026-10-04,6,overture-places@2026-09-23.1,cdla-permissive-2.0
ov:b43e249e-5d64-4041-9258-a4c113729431,Budget Inn,https://journeyed.org/hotel/budget-inn-south-gate-b43e24/,"9014 Long Beach Blvd, South Gate, CA 90280",South Gate,CA,90280,US,33.9541512,-118.2188881,+13235664242,http://budgetinn.com,motel,35.4,settled-1.1-facts,2026-10-04,0,overture-places@2026-09-23.1,cdla-permissive-2.0
ov:b4410468-6168-407e-94f5-cf09b79d5f07,Laguna Cliffs Marriott Resort & Spa,https://journeyed.org/hotel/laguna-cliffs-marriott-resort-and-spa-dana-point-b44104/,"25135 Park Lantern, Dana Point, CA 92629",Dana Point,CA,92629,US,33.4645861,-117.6919466,+19496615000,https://www.marriott.com/en-us/hotels/snadp-laguna-cliffs-marriott-resort-and-spa/overview/?scid=d2406702-e8ea-4b45-bb9b-69cddaaef03d,resort,26.5,settled-1.1-facts,2026-10-04,0,overture-places@2026-09-23.1,cdla-permissive-2.0
ov:b442288d-07fd-4a3a-8850-6069d5dc6040,Travelodge Pasadena Central,https://journeyed.org/hotel/travelodge-pasadena-central-pasadena-b44228/,"2131 E Colorado Blvd, Pasadena, CA 91107",Pasadena,CA,91107,US,34.1463782,-118.1064869,+16268319718,https://www.wyndhamhotels.com/en-ca/travelodge/pasadena-california/travelodge-pasadena-central/overview,motel,39.5,settled-1.1-facts,2026-10-04,9,overture-places@2026-09-23.1,cdla-permissive-2.0
ov:b4488841-cef5-4a9e-b175-33bec65ceeee,Quality Inn & Suites Los Angeles Airport,https://journeyed.org/hotel/quality-inn-and-suites-los-angeles-airport-inglewood-b44888/,"4922 W Century Blvd, Inglewood, CA 90304",Inglewood,CA,90304,US,33.9449694,-118.3644869,+13104319941,https://www.choicehotels.com/california/inglewood/quality-inn-hotels/ca063?pmf=yext&mc=llyxyxpx,hotel,40,settled-1.1-facts,2026-10-04,11,overture-places@2026-09-23.1,cdla-permissive-2.0
ov:b459969d-68a6-4d44-9a30-7a4b63fce64b,Metropolitan Inn & Suites,https://journeyed.org/hotel/metropolitan-inn-and-suites-los-angeles-b45996/,"946 S Bonnie Brae St, Los Angeles, CA 90006-3010",Los Angeles,CA,90006-3010,US,34.051008,-118.277074,,http://lahoteltravel.com/vip-inn-suites-los-angeles,lodging,30.3,settled-1.1-facts,2026-10-04,14,overture-places@2026-09-23.1,cdla-permissive-2.0
ov:b49acecd-4fd4-4c69-ba32-d90d83f5bae8,Travel Inn,https://journeyed.org/hotel/travel-inn-los-angeles-b49ace/,"401 S Westlake Ave, Los Angeles, CA 90057",Los Angeles,CA,90057,US,34.0606989,-118.2730015,+12134849306,http://www.travelinnla.com,motel,39.6,settled-1.1-facts,2026-10-04,13,overture-places@2026-09-23.1,cdla-permissive-2.0
ov:b4cd9e03-c0ca-426b-9798-8007c7f2ff15,Hyland Inn near Pasadena Civic Center,https://journeyed.org/hotel/hyland-inn-near-pasadena-civic-center-pasadena-b4cd9e/,"2462 E Colorado Blvd, Pasadena, CA 91107",Pasadena,CA,91107,US,34.1457658,-118.0996585,+16267147690,http://www.hylandinnpasadena.com/,hotel,39.2,settled-1.1-facts,2026-10-04,1,overture-places@2026-09-23.1,cdla-permissive-2.0
ov:b4f53a60-39b9-41f2-b6fd-3f3c1b692581,Tropicana,https://journeyed.org/hotel/tropicana-compton-b4f53a/,"S Bradfield Ave, Compton, CA 90221",Compton,CA,90221,US,33.8958978,-118.2038018,,http://tropicana-motel.los-angeles-metropolitan-area.com,motel,24.7,settled-1.1-facts,2026-10-04,1,overture-places@2026-09-23.1,cdla-permissive-2.0
ov:b51c6f1a-ef8a-47e4-bfef-7295e28beb6b,Hilton,https://journeyed.org/hotel/hilton-los-angeles-b51c6f/,"1333 N Curson Ave, Los Angeles, CA 90046-3177",Los Angeles,CA,90046-3177,US,34.095096,-118.355316,+13102054521,http://www.hiltonworldwide.com,hotel,40.2,settled-1.1-facts,2026-10-04,11,overture-places@2026-09-23.1,cdla-permissive-2.0
ov:b52a86d5-74c8-47a2-9762-9fd05408d39c,Ayres Hotel Manhattan Beach/Hawthorne,https://journeyed.org/hotel/ayres-hotel-manhattan-beach-hawthorne-hawthorne-b52a86/,"14400 Hindry Ave, Hawthorne, CA 90250",Hawthorne,CA,90250,US,33.9006442,-118.3717579,+13105360400,http://ayreshotels.com/ayres-hotel-manhattan-beach-hawthorne,hotel,37.5,settled-1.1-facts,2026-10-04,4,overture-places@2026-09-23.1,cdla-permissive-2.0
ov:b533e311-4290-468f-937c-70229f0d4618,Keystone Motel - Newly Renovated Rooms,https://journeyed.org/hotel/keystone-motel-newly-renovated-rooms-norwalk-b533e3/,"11728 Imperial Hwy., Norwalk, CA 90650",Norwalk,CA,90650,US,33.9168233,-118.0831629,+15623065125,http://www.keystonemotel.com,hotel,40.7,settled-1.1-facts,2026-10-04,1,overture-places@2026-09-23.1,cdla-permissive-2.0
ov:b55f6f4a-ee42-4b57-89c9-fecc395c048f,Biltmore Hotel And Resorts,https://journeyed.org/hotel/biltmore-hotel-and-resorts-los-angeles-b55f6f/,"517 S Olive St, Los Angeles, CA 90013-1006",Los Angeles,CA,90013-1006,US,34.049054,-118.252987,+12134891157,http://www.biltmorehotel.com,hotel,41.4,settled-1.1-facts,2026-10-04,12,overture-places@2026-09-23.1,cdla-permissive-2.0
ov:b5607a54-1c2f-41bd-9d32-aeea1bb6d1b3,Extended Stay America,https://journeyed.org/hotel/extended-stay-america-woodland-hills-b5607a/,"20205 Ventura Blvd, Woodland Hills, CA 91364-2551",Woodland Hills,CA,91364-2551,US,34.1703598,-118.5740436,+18886281645,https://www.extendedstayamerica.com/,hotel,38.7,settled-1.1-facts,2026-10-04,1,overture-places@2026-09-23.1,cdla-permissive-2.0
ov:b56ae93d-2c7a-42da-8f95-cd9e1b830618,The Royal Pagoda Motel,https://journeyed.org/hotel/the-royal-pagoda-motel-los-angeles-b56ae9/,"995 N Broadway, Los Angeles, CA 90012",Los Angeles,CA,90012,US,34.0666524,-118.2362687,+13232233381,http://www.royalpagodamotel.com,motel,40.7,settled-1.1-facts,2026-10-04,11,overture-places@2026-09-23.1,cdla-permissive-2.0
ov:b56dd742-20f4-40ee-be86-044bb17f0d1a,Rodeway Inn Magic Mountain Area,https://journeyed.org/hotel/rodeway-inn-magic-mountain-area-castaic-b56dd7/,"31558 Castaic Rd, Castaic, CA 91384",Castaic,CA,91384,US,34.4925779,-118.6188444,+16612951100,https://www.choicehotels.com/california/castaic/rodeway-inn-hotels/ca480?pmf=yext&mc=llyxyxpx,motel,34.2,settled-1.1-facts,2026-10-04,0,overture-places@2026-09-23.1,cdla-permissive-2.0
ov:b57948a8-d3cd-439c-bfde-0a3162c9906a,SIXTY Beverly Hills,https://journeyed.org/hotel/sixty-beverly-hills-beverly-hills-b57948/,"9360 Wilshire Blvd, Beverly Hills, CA 90212",Beverly Hills,CA,90212,US,34.0668704,-118.3961451,+13102731400,https://www.sixtyhotels.com/,hotel,41,settled-1.1-facts,2026-10-04,5,overture-places@2026-09-23.1,cdla-permissive-2.0
ov:b580b6e0-e633-4d37-9f7f-4f8c0c114502,Diamond Inn Motel,https://journeyed.org/hotel/diamond-inn-motel-los-angeles-b580b6/,"8609 Sepulveda Blvd, Los Angeles, CA 91343",Los Angeles,CA,91343,US,34.2267236,-118.4682809,+18188915172,http://lahoteltravel.com/diamondinnnorthhills,motel,37,settled-1.1-facts,2026-10-04,0,overture-places@2026-09-23.1,cdla-permissive-2.0
ov:b59138fc-5acb-4670-923a-3ec0ea754136,Golden West Manor Motel,https://journeyed.org/hotel/golden-west-manor-motel-los-angeles-b59138/,"3700 S Western Ave, Los Angeles, CA 90018",Los Angeles,CA,90018,US,34.0208345,-118.3087055,+13237354811,http://www.anrdoezrs.net,motel,39.5,settled-1.1-facts,2026-10-04,5,overture-places@2026-09-23.1,cdla-permissive-2.0
ov:b5c8061b-15d8-4765-8725-d606b6fea216,Days Inn by Wyndham West Covina,https://journeyed.org/hotel/days-inn-by-wyndham-west-covina-west-covina-b5c806/,"2804 E Garvey Ave S, West Covina, CA 91791",West Covina,CA,91791,US,34.0712,-117.8854219,+16269156077,http://www.wyndhamhotelgroup.com/,hotel,39.7,settled-1.1-facts,2026-10-04,1,overture-places@2026-09-23.1,cdla-permissive-2.0
ov:b5e029ca-3cf5-4e4b-9c7f-fe2c8887cb85,Anaheim Hills Executive Suites,https://journeyed.org/hotel/anaheim-hills-executive-suites-anaheim-b5e029/,"E Santa Ana Canyon Rd, Anaheim, CA 92808",Anaheim,CA,92808,US,33.868924,-117.7414898,+17144606500,http://www.anaheimhillsexecutivesuites.com,hotel,24,settled-1.1-facts,2026-10-04,0,overture-places@2026-09-23.1,cdla-permissive-2.0
ov:b5e3d799-c216-4882-bcb2-a21c9ccd1d90,Pendry Newport Beach,https://journeyed.org/hotel/pendry-newport-beach-newport-beach-b5e3d7/,"690 Newport Center Dr, Newport Beach, CA 92660-6431",Newport Beach,CA,92660-6431,US,33.6198514,-117.8751026,+19496888001,https://www.pendry.com/newport-beach/,hotel,61.1,settled-1.1-facts,2026-10-04,17,overture-places@2026-09-23.1,cdla-permissive-2.0
ov:b5e47a4d-b905-4638-9187-2a01d03a67c0,Hollywood Hills Suites,https://journeyed.org/hotel/hollywood-hills-suites-los-angeles-b5e47a/,"1762 Vista Del Mar Avenue, Los Angeles, CA 90028",Los Angeles,CA,90028,US,34.1033566,-118.3236742,+13232180090,http://hollywoodhillssuites.com/,hotel,60.6,settled-1.1-facts,2026-10-04,57,overture-places@2026-09-23.1,cdla-permissive-2.0
ov:b609b171-d5f4-4162-b170-4b014134062b,JW Marriott,https://journeyed.org/hotel/jw-marriott-anaheim-b609b1/,"1775 S Clementine St, Anaheim, CA 92802-2902",Anaheim,CA,92802-2902,US,33.8043794,-117.9103116,+17142947800,https://www.marriott.com/en-us/hotels/snajw-jw-marriott-anaheim-resort/overview/?scid=d2406702-e8ea-4b45-bb9b-69cddaaef03d,resort,40.5,settled-1.1-facts,2026-10-04,10,overture-places@2026-09-23.1,cdla-permissive-2.0
ov:b624bb4d-e8e1-404f-97fd-767ad5ac1b28,Malibu beach,https://journeyed.org/hotel/malibu-beach-malibu-b624bb/,"25659 Pacific Coast Hwy, Malibu, CA 90265",Malibu,CA,90265,US,34.0336049,-118.7354965,+13104563430,https://www.malibubeachinn.com/booking,inn,36.4,settled-1.1-facts,2026-10-04,0,overture-places@2026-09-23.1,cdla-permissive-2.0
ov:b625008a-8ade-45f0-9a77-40ea9ac22a8c,SW Beach Hotel,https://journeyed.org/hotel/sw-beach-hotel-hermosa-beach-b62500/,"66 11th St, Hermosa Beach, CA 90254-3707",Hermosa Beach,CA,90254-3707,US,33.8612666,-118.4002828,+13108170384,http://swbeachhotel.com/,hotel,70.3,settled-1.1-facts,2026-10-04,26,overture-places@2026-09-23.1,cdla-permissive-2.0
ov:b66dd0c9-9977-4b8f-9b12-30754b22c1f3,Hills Villa Motel,https://journeyed.org/hotel/hills-villa-motel-los-angeles-b66dd0/,"10801 Wilmington Ave, Los Angeles, CA 90059",Los Angeles,CA,90059,US,33.9377841,-118.2391807,+13235661852,,motel,25.2,settled-1.1-facts,2026-10-04,0,overture-places@2026-09-23.1,cdla-permissive-2.0
ov:b67fa892-2905-4034-b2c6-9db414e320bc,Fullerton Inn,https://journeyed.org/hotel/fullerton-inn-fullerton-b67fa8/,"2601 W Orangethorpe Ave, Fullerton, CA 92833",Fullerton,CA,92833,US,33.8593598,-117.9728868,+17147734900,http://www.fullertoninn.com,motel,39.2,settled-1.1-facts,2026-10-04,2,overture-places@2026-09-23.1,cdla-permissive-2.0
ov:b6864106-d44a-4cc2-938a-c160989e2005,Residence Inn,https://journeyed.org/hotel/residence-inn-el-segundo-b68641/,"2135 E El Segundo Blvd, El Segundo, CA 90245",El Segundo,CA,90245,US,33.917073,-118.388944,+13103330888,https://www.marriott.com/en-us/hotels/laxel-residence-inn-los-angeles-lax-el-segundo/overview/?scid=d2406702-e8ea-4b45-bb9b-69cddaaef03d,hotel,39.1,settled-1.1-facts,2026-10-04,5,overture-places@2026-09-23.1,cdla-permissive-2.0
ov:b6b66302-fff2-4ce7-ba79-c04864afb70e,Ramada Limited Los Angeles Downtown,https://journeyed.org/hotel/ramada-limited-los-angeles-downtown-los-angeles-b6b663/,"611 S Westlake Ave, Los Angeles, CA 90057",Los Angeles,CA,90057,US,34.0587136,-118.2741801,+12134838606,http://www.ramada.com,hotel,39.7,settled-1.1-facts,2026-10-04,13,overture-places@2026-09-23.1,cdla-permissive-2.0
ov:b6c18c98-c865-49aa-a2ee-9d670bbafd62,Shangri-Lodge Apartment Hotel,https://journeyed.org/hotel/shangri-lodge-apartment-hotel-pico-rivera-b6c18c/,"5640 Rosemead Blvd #242, Pico Rivera, CA 90660",Pico Rivera,CA,90660,US,33.992344,-118.088525,+15629427104,http://www.shangrilodgeapartments.com,lodge,38.3,settled-1.1-facts,2026-10-04,0,overture-places@2026-09-23.1,cdla-permissive-2.0
ov:b6c47382-4f0c-4df0-95b2-3fe873707e28,Residence Inn by Marriott Fountain Valley,https://journeyed.org/hotel/residence-inn-by-marriott-fountain-valley-fountain-valley-b6c473/,"17200 Newhope St, Fountain Valley, CA 92708-4229",Fountain Valley,CA,92708-4229,US,33.7141,-117.92625,+17149658000,,hotel,26.5,settled-1.1-facts,2026-10-04,0,overture-places@2026-09-23.1,cdla-permissive-2.0
ov:b715157b-5c73-45a2-a103-14e0f5137dc0,Motel 6,https://journeyed.org/hotel/motel-6-bell-gardens-b71515/,"6344 Eastern Ave, Bell Gardens, CA 90201",Bell Gardens,CA,90201,US,33.9761709,-118.1632653,+13238438402,https://www.motel6.com/en/motels.ca.bell-gardens.4503.html?corporatePlusNumber=CP792N5W&travelAgentNumber=TA001305,motel,40.2,settled-1.1-facts,2026-10-04,2,overture-places@2026-09-23.1,cdla-permissive-2.0
ov:b721ae90-f4b4-4aa5-85c4-39417d453c56,Casa Lu-An Motel,https://journeyed.org/hotel/casa-lu-an-motel-los-angeles-b721ae/,"1045 Colorado Blvd, Los Angeles, CA 90041",Los Angeles,CA,90041,US,34.1377698,-118.189036,+13232576341,http://casaluanmotel.seasonsnseasons.com,motel,62.7,settled-1.1-facts,2026-10-04,26,overture-places@2026-09-23.1,cdla-permissive-2.0
ov:b76f2a52-721a-485e-83ab-327f6bbc9989,Travelodge by Wyndham Chatsworth,https://journeyed.org/hotel/travelodge-by-wyndham-chatsworth-chatsworth-b76f2a/,"21603 Devonshire St, Chatsworth, CA 91311",Chatsworth,CA,91311,US,34.2576409,-118.6006342,+18189988888,https://www.wyndhamhotels.com/travelodge/chatsworth-california/travelodge-chatsworth/overview?CID=LC:TL::BING:RIO:National:45512&iata=00093796,resort,32.2,settled-1.1-facts,2026-10-04,0,overture-places@2026-09-23.1,cdla-permissive-2.0
ov:b777f6b1-584e-4142-99c7-730cac6aa320,Redondo Pier Inn,https://journeyed.org/hotel/redondo-pier-inn-redondo-beach-b777f6/,"206 S Pacific Coast Hwy, Redondo Beach, CA 90277",Redondo Beach,CA,90277,US,33.8398166,-118.3852905,+13103181811,http://www.redondopierinn.com/,hotel,55.4,settled-1.1-facts,2026-10-04,26,overture-places@2026-09-23.1,cdla-permissive-2.0
ov:b77d65d8-81c1-4042-8bb5-7c193223a70a,Plaza Hotel Gardena,https://journeyed.org/hotel/plaza-hotel-gardena-gardena-b77d65/,"825 W Gardena Blvd, Gardena, CA 90247",Gardena,CA,90247,US,33.881781,-118.290052,+13107566212,https://www.magnusonhotels.com/hotel/plaza-hotel-gardena,resort,41.2,settled-1.1-facts,2026-10-04,1,overture-places@2026-09-23.1,cdla-permissive-2.0
ov:b79c6a09-b2aa-4caf-a488-a118e7d5df10,Palm Inn,https://journeyed.org/hotel/palm-inn-inglewood-b79c6a/,"3301 W Imperial Hwy, Inglewood, CA 90303",Inglewood,CA,90303,US,33.9312097,-118.330704,+13109572709,https://www.hotelunion.us/company-palm-inn-in-inglewood-ca-59,motel,40.3,settled-1.1-facts,2026-10-04,10,overture-places@2026-09-23.1,cdla-permissive-2.0
ov:b7ced033-2b42-4b6a-9081-dc78656edb27,Hollywood Downtowner Motel,https://journeyed.org/hotel/hollywood-downtowner-motel-los-angeles-b7ced0/,"5601 Hollywood Blvd, Los Angeles, CA 90028",Los Angeles,CA,90028,US,34.1017124,-118.3116072,+13234647191,https://www.hollywooddowntownermotel.com/,resort,40.2,settled-1.1-facts,2026-10-04,10,overture-places@2026-09-23.1,cdla-permissive-2.0
ov:b81a4da6-ab98-445d-8111-498d66f94006,Hotel Vista Del Mar,https://journeyed.org/hotel/hotel-vista-del-mar-avalon-b81a4d/,"417 Crescent Ave, Avalon, CA 90704-2961",Avalon,CA,90704-2961,US,33.3434113,-118.3256241,+13105101452,http://www.hotel-vistadelmar.com/,beach_resort,26.5,settled-1.1-facts,2026-10-04,0,overture-places@2026-09-23.1,cdla-permissive-2.0
ov:b85f894c-cffc-46ad-a451-3c6488b94fd2,The Selah Garden Hotel,https://journeyed.org/hotel/the-selah-garden-hotel-los-angeles-b85f89/,"8301 Compton Ave, Los Angeles, CA 90001-3917",Los Angeles,CA,90001-3917,US,33.96316,-118.24787,+13235849270,https://selahgardenhotel.com/,hotel,35.2,settled-1.1-facts,2026-10-04,0,overture-places@2026-09-23.1,cdla-permissive-2.0
ov:b8653eee-2bbd-4487-9b46-7524201691fe,"Trident Hotel, Nariman Point Mumbai",https://journeyed.org/hotel/trident-hotel-nariman-point-mumbai-rowland-heights-b8653e/,"18406 Colima Rd, Rowland Heights, CA 91748",Rowland Heights,CA,91748,US,33.9869749,-117.9029165,+16269131188,https://www.tridenthotels.com/hotels-in-mumbai-nariman-point?utm_source=GMBlisting&utm_medium=organic,hotel,35.6,settled-1.1-facts,2026-10-04,0,overture-places@2026-09-23.1,cdla-permissive-2.0
ov:b873c834-4b16-41eb-a8be-b22971018227,Trinity Hotel by LuxUrban,https://journeyed.org/hotel/trinity-hotel-by-luxurban-los-angeles-b873c8/,"831 S Grand Ave, Los Angeles, CA 90017",Los Angeles,CA,90017,US,34.0449213,-118.2587899,+13236223227,http://luxurban.com/,resort,40.9,settled-1.1-facts,2026-10-04,16,overture-places@2026-09-23.1,cdla-permissive-2.0
ov:b8774baf-5c60-4221-bd68-63f43bf17873,Mark Twain Hotel,https://journeyed.org/hotel/mark-twain-hotel-los-angeles-b8774b/,"1622 Wilcox Ave, Los Angeles, CA 90028",Los Angeles,CA,90028,US,34.1004159,-118.3309025,+14134249811,http://www.hotelmarktwain.com,hotel,41.1,settled-1.1-facts,2026-10-04,12,overture-places@2026-09-23.1,cdla-permissive-2.0
ov:b87a7f40-e495-4765-94bf-376cf21f6cd2,Santa Fe Inn,https://journeyed.org/hotel/santa-fe-inn-santa-fe-springs-b87a7f/,"10901 Orr and Day Rd, Santa Fe Springs, CA 90670",Santa Fe Springs,CA,90670,US,33.9338817,-118.0912055,+15628648221,,hotel,27.2,settled-1.1-facts,2026-10-04,1,overture-places@2026-09-23.1,cdla-permissive-2.0
ov:b8a0031e-ab9b-46c5-a925-b18a627e2c2b,The Meadows of Moorpark,https://journeyed.org/hotel/the-meadows-of-moorpark-moorpark-b8a003/,"8333 Waters Rd, Moorpark, CA 93021-9759",Moorpark,CA,93021-9759,US,34.319636,-118.948614,+18055293043,http://www.meadowsofmoorpark.com,hotel,26.5,settled-1.1-facts,2026-10-04,0,overture-places@2026-09-23.1,cdla-permissive-2.0
ov:b91ae20b-9ddc-42a0-abb7-0f8a2b8daf9e,Super 8 Rancho Dominguez,https://journeyed.org/hotel/super-8-rancho-dominguez-compton-b91ae2/,"1919 W Artesia Blvd, Compton, CA 90220-5309",Compton,CA,90220-5309,US,33.874326,-118.247401,+13105376700,https://www.wyndhamhotels.com,hotel,38.7,settled-1.1-facts,2026-10-04,1,overture-places@2026-09-23.1,cdla-permissive-2.0
ov:b93a9fae-3af0-4acd-bde2-8008b342010a,Buena Park Inn,https://journeyed.org/hotel/buena-park-inn-buena-park-b93a9f/,"8580 Stanton Ave, Buena Park, CA 90620-3930",Buena Park,CA,90620-3930,US,33.837753,-117.992867,+17148285211,http://anaheiminns.com/fullerton-lodge,motel,40.6,settled-1.1-facts,2026-10-04,2,overture-places@2026-09-23.1,cdla-permissive-2.0
ov:b94d90f4-cf63-4d6a-a073-2cbaee2e785c,America Motel,https://journeyed.org/hotel/america-motel-los-angeles-b94d90/,"2219 Pasadena Ave, Los Angeles, CA 90031-2211",Los Angeles,CA,90031-2211,US,34.075681,-118.21836,+13232279339,,motel,28,settled-1.1-facts,2026-10-04,5,overture-places@2026-09-23.1,cdla-permissive-2.0
ov:b9547733-eda2-41a3-a5b7-4420855ae0d9,Renaissance ClubSport Aliso Viejo Laguna Beach Hotel,https://journeyed.org/hotel/renaissance-clubsport-aliso-viejo-laguna-beach-hotel-aliso-viejo-b95477/,"50 Enterprise, Aliso Viejo, CA 92656",Aliso Viejo,CA,92656,US,33.5822202,-117.7303183,+19496436700,http://www.renhotels.com/,resort,34.4,settled-1.1-facts,2026-10-04,0,overture-places@2026-09-23.1,cdla-permissive-2.0
ov:b95dd659-b864-40cb-9bac-670411cffa67,WorldMark Anaheim,https://journeyed.org/hotel/worldmark-anaheim-anaheim-b95dd6/,"201 W Katella Ave, Anaheim, CA 92802",Anaheim,CA,92802,US,33.8040511,-117.9085808,+17143991340,https://www.extraholidays.com/anaheim-california/worldmark-anaheim?Identifier=psearch&hotelid=96629&utm_medium=referral&utm_source=facebook.com-local&utm_campaign=yext&utm_content=wmanaheim,resort,40.4,settled-1.1-facts,2026-10-04,10,overture-places@2026-09-23.1,cdla-permissive-2.0
ov:b985fd0b-4947-49a2-a412-4a8c5a3d7c06,DoubleTree by Hilton Hotel Los Angeles Downtown,https://journeyed.org/hotel/doubletree-by-hilton-hotel-los-angeles-downtown-los-angeles-b985fd/,"120 S Los Angeles St, Los Angeles, CA 90012",Los Angeles,CA,90012,US,34.0503825,-118.2428205,+12136291200,http://LosAngelesDowntown.DoubleTree.com/,hotel,40.6,settled-1.1-facts,2026-10-04,12,overture-places@2026-09-23.1,cdla-permissive-2.0
ov:b98c50a8-e0d6-4d6b-b21e-8c18296373db,Golden Tower Motel,https://journeyed.org/hotel/golden-tower-motel-los-angeles-b98c50/,"501 S Alexandria Ave, Los Angeles, CA 90020-2806",Los Angeles,CA,90020-2806,US,34.0650155,-118.2981332,+12232976525,http://t.co/p5IfpD72kU/,motel,40.8,settled-1.1-facts,2026-10-04,3,overture-places@2026-09-23.1,cdla-permissive-2.0
ov:b9906f85-649e-4657-a5cc-e9e5b96d1487,Candlewood Suites Anaheim - Resort Area By Ihg,https://journeyed.org/hotel/candlewood-suites-anaheim-resort-area-by-ihg-anaheim-b9906f/,"1733 S Anaheim Blvd, Anaheim, CA 92805-6518",Anaheim,CA,92805-6518,US,33.8050903,-117.9074271,+17146355555,https://www.ihg.com,hotel,40.2,settled-1.1-facts,2026-10-04,9,overture-places@2026-09-23.1,cdla-permissive-2.0
ov:b9ae0d72-be0d-4279-b465-46aa1926ab80,La Tyson,https://journeyed.org/hotel/la-tyson-los-angeles-b9ae0d/,"650 S Spring St, Los Angeles, CA 90014-1955",Los Angeles,CA,90014-1955,US,34.04462,-118.2519,+12814651643,https://la-jenns-hotel-resto-grill.business.site/,hotel,41.1,settled-1.1-facts,2026-10-04,14,overture-places@2026-09-23.1,cdla-permissive-2.0
ov:b9b160f1-0d1e-48e0-a954-73ab39649ed0,Elite Resorts and Spas,https://journeyed.org/hotel/elite-resorts-and-spas-redondo-beach-b9b160/,"2002 Ernest Ave, Redondo Beach, CA 90278",Redondo Beach,CA,90278,US,33.8826802,-118.3766353,+13109954556,http://www.eliteresortsandspas.com,resort,38.7,settled-1.1-facts,2026-10-04,5,overture-places@2026-09-23.1,cdla-permissive-2.0
ov:b9b178a8-a928-4830-b5f0-f70a394a14f1,Friendly Inn,https://journeyed.org/hotel/friendly-inn-rosemead-b9b178/,"2146 San Gabriel Blvd, Rosemead, CA 91770",Rosemead,CA,91770,US,34.0532932,-118.0901392,+16262800501,https://www.groupon.com/biz/rosemead-ca/friendly-inn,motel,38.1,settled-1.1-facts,2026-10-04,0,overture-places@2026-09-23.1,cdla-permissive-2.0
ov:ba09084b-c7b1-45cf-93cd-8445800ab2a6,Foothill Suites,https://journeyed.org/hotel/foothill-suites-pomona-ba0908/,"475 E Foothill Blvd, Pomona, CA 91767",Pomona,CA,91767,US,34.1072463,-117.7407615,+19096246831,,hotel,24.4,settled-1.1-facts,2026-10-04,0,overture-places@2026-09-23.1,cdla-permissive-2.0
ov:ba17273e-fab3-40fe-953d-3d03f6c87969,Catalina Island Inn,https://journeyed.org/hotel/catalina-island-inn-avalon-ba1727/,"125 Metropole Ave, Avalon, CA 90704",Avalon,CA,90704,US,33.3439817,-118.3272859,+13105101623,https://www.catalinaislandinn.com/?utm_source=facebook&utm_medium=organic&utm_campaign=facebook_listing,inn,55.6,settled-1.1-facts,2026-10-04,0,overture-places@2026-09-23.1,cdla-permissive-2.0
ov:ba4d38c1-a514-4c70-8905-5435cc2afc44,Magic Carpet Motor Inn,https://journeyed.org/hotel/magic-carpet-motor-inn-los-angeles-ba4d38/,"11509 S Vermont Ave, Los Angeles, CA 90044",Los Angeles,CA,90044,US,33.9296555,-118.2920892,+13237563333,https://magic-carpet-motor-inn.hub.biz,hotel,38.2,settled-1.1-facts,2026-10-04,0,overture-places@2026-09-23.1,cdla-permissive-2.0
ov:ba537eea-0465-4bd6-954a-7394db2ed13a,PARADISE MOTEL,https://journeyed.org/hotel/paradise-motel-los-angeles-ba537e/,"1116 Sunset Blvd, Los Angeles, CA 90012",Los Angeles,CA,90012,US,34.0657298,-118.2500875,+12132509094,http://paradicemoteltahoe.com,motel,40.3,settled-1.1-facts,2026-10-04,11,overture-places@2026-09-23.1,cdla-permissive-2.0
ov:ba9b1c03-cae1-4158-bc2c-6149f5d96b87,The Anabella Hotel,https://journeyed.org/hotel/the-anabella-hotel-anaheim-ba9b1c/,"1050 W Katella Ave, Anaheim, CA 92802-3419",Anaheim,CA,92802-3419,US,33.8028897,-117.9220005,,http://www.anabellahotel.blogspot.com,lodging,31.3,settled-1.1-facts,2026-10-04,9,overture-places@2026-09-23.1,cdla-permissive-2.0
ov:bab31f9e-5b37-4e4f-9767-08aec0d1e858,Tiki Motel,https://journeyed.org/hotel/tiki-motel-huntington-park-bab31f/,"7301 Santa Fe Ave, Huntington Park, CA 90255",Huntington Park,CA,90255,US,33.9737263,-118.2303406,+14242440710,,hotel,23.4,settled-1.1-facts,2026-10-04,0,overture-places@2026-09-23.1,cdla-permissive-2.0
ov:bab5cd3b-0446-400f-aa11-fccafa7b0c43,Inglewood Plaza Inn,https://journeyed.org/hotel/inglewood-plaza-inn-inglewood-bab5cd/,"4123 W Century Blvd, Inglewood, CA 90304",Inglewood,CA,90304,US,33.9457932,-118.3473053,+13106727285,https://www.choicehotels.com/california/inglewood/econo-lodge-hotels/ca281,resort,41,settled-1.1-facts,2026-10-04,11,overture-places@2026-09-23.1,cdla-permissive-2.0
ov:babccc7e-c4ba-4f4c-87a8-6662ebfb2bca,Extended Stay America,https://journeyed.org/hotel/extended-stay-america-cypress-babccc/,"5990 Corporate Ave, Cypress, CA 90630",Cypress,CA,90630,US,33.8070945,-118.0294511,+17147612766,https://www.extendedstayamerica.com/,hotel,39.4,settled-1.1-facts,2026-10-04,1,overture-places@2026-09-23.1,cdla-permissive-2.0
ov:bad30e6a-f593-4728-a140-f113b7638a9e,City Motel,https://journeyed.org/hotel/city-motel-los-angeles-bad30e/,"4731 S Figueroa St, Los Angeles, CA 90037",Los Angeles,CA,90037,US,33.999799,-118.2830808,+12135399588,,motel,28.3,settled-1.1-facts,2026-10-04,4,overture-places@2026-09-23.1,cdla-permissive-2.0
ov:bae02b1f-9c98-4630-ae5c-fbcd8c6fd465,Sylmar Good Nite Inn,https://journeyed.org/hotel/sylmar-good-nite-inn-los-angeles-bae02b/,"12835 Encinitas Ave, Los Angeles, CA 91342",Los Angeles,CA,91342,US,34.3025748,-118.4777633,+18183628899,http://www.goodnite.com,hotel,29.2,settled-1.1-facts,2026-10-04,0,overture-places@2026-09-23.1,cdla-permissive-2.0
ov:bae083df-35e8-4f9f-b249-8440902d4122,Hollywood Hotel,https://journeyed.org/hotel/hollywood-hotel-los-angeles-bae083/,"1160 N Vermont Ave, Los Angeles, CA 90029",Los Angeles,CA,90029,US,34.0931267,-118.2912967,+13237460444,https://www.TheHollywoodHotel.com/,hotel,69.1,settled-1.1-facts,2026-10-04,81,overture-places@2026-09-23.1,cdla-permissive-2.0
ov:baf3eb27-c16e-4249-9f1b-b63a5c114d95,Casa Laguna Hotel & Spa,https://journeyed.org/hotel/casa-laguna-hotel-and-spa-laguna-beach-baf3eb/,"2510 S Coast Hwy, Laguna Beach, CA 92651",Laguna Beach,CA,92651,US,33.5241523,-117.7650602,+19494942996,http://www.casalaguna.com/,lodging,28.3,settled-1.1-facts,2026-10-04,0,overture-places@2026-09-23.1,cdla-permissive-2.0
ov:baf44b4a-7b43-48d7-8230-3b488323cd56,Hyatt Regency Huntington Beach Resort and Spa,https://journeyed.org/hotel/hyatt-regency-huntington-beach-resort-and-spa-huntington-beach-baf44b/,"21500 Pacific Coast Hwy, Huntington Beach, CA 92648",Huntington Beach,CA,92648,US,33.6511547,-117.9904926,+17146981234,https://www.hyatt.com/en-US/hotel/california/hyatt-regency-huntington-beach-resort-and-spa/hunrh,beach_resort,40.2,settled-1.1-facts,2026-10-04,1,overture-places@2026-09-23.1,cdla-permissive-2.0
ov:bb299c74-673b-4ab8-9d55-4602976b7cb6,Surf City Inn,https://journeyed.org/hotel/surf-city-inn-huntington-beach-bb299c/,"16220 Pacific Coast Hwy, Huntington Beach, CA 92649-1809",Huntington Beach,CA,92649-1809,US,33.7267265,-118.0808417,+15625924959,http://www.hbsurfcityinn.com/,motel,63.1,settled-1.1-facts,2026-10-04,36,overture-places@2026-09-23.1,cdla-permissive-2.0
ov:bb3873cd-abfe-4588-b9e9-a8af315dbf8b,Quality Inn - South Bay,https://journeyed.org/hotel/quality-inn-south-bay-carson-bb3873/,"888 E Dominguez St, Carson, CA 90746-3304",Carson,CA,90746-3304,US,33.8402,-118.260573,+13107156688,http://www.qualityinn.com,hotel,40.3,settled-1.1-facts,2026-10-04,1,overture-places@2026-09-23.1,cdla-permissive-2.0
ov:bb4732ad-f1c5-4c32-b9de-3c10983404a4,Casa Tropicana Hotel,https://journeyed.org/hotel/casa-tropicana-hotel-san-clemente-bb4732/,"3918 Calle Andalucia, San Clemente, CA 92673-2606",San Clemente,CA,92673-2606,US,33.46761,-117.65765,+19494988767,http://www.casatropicana.com/,hotel,26.5,settled-1.1-facts,2026-10-04,0,overture-places@2026-09-23.1,cdla-permissive-2.0
ov:bb54aeca-05df-4cb0-808d-5746cbd606e1,Hilton Garden Inn Calabasas,https://journeyed.org/hotel/hilton-garden-inn-calabasas-calabasas-bb54ae/,"24150 Park Sorrento, Calabasas, CA 91302",Calabasas,CA,91302,US,34.1515546,-118.6486684,+18185912300,http://hiltongardeninn.hilton.com/en/gi/hotels/thingstodo/search.jhtml?ctyhocn=BURCAGI,hotel,40.7,settled-1.1-facts,2026-10-04,0,overture-places@2026-09-23.1,cdla-permissive-2.0
ov:bb64979d-8602-44ad-895d-fe333ad7a84a,Courtyard by Marriott Thousand Oaks Agoura Hills,https://journeyed.org/hotel/courtyard-by-marriott-thousand-oaks-agoura-hills-agoura-hills-bb6497/,"29505 Agoura Rd Building B, Agoura Hills, CA 91301",Agoura Hills,CA,91301,US,34.1458547,-118.768086,+17472632348,https://www.marriott.com/en-us/hotels/oxrtc-courtyard-thousand-oaks-agoura-hills/overview/?scid=d2406702-e8ea-4b45-bb9b-69cddaaef03d,hotel,38.2,settled-1.1-facts,2026-10-04,0,overture-places@2026-09-23.1,cdla-permissive-2.0
ov:bb6c26ff-88e2-44e9-9a95-f6ff36ce79a4,Hometel,https://journeyed.org/hotel/hometel-los-angeles-bb6c26/,"354 S Normandie Ave, Los Angeles, CA 90020-3101",Los Angeles,CA,90020-3101,US,34.067431,-118.30003,+12133882535,https://hometelhaciendas.com,motel,29.1,settled-1.1-facts,2026-10-04,3,overture-places@2026-09-23.1,cdla-permissive-2.0
ov:bb83f1aa-14f2-4bf0-a4b4-beced2aabc11,Motel 6 El Monte - Los Angeles,https://journeyed.org/hotel/motel-6-el-monte-los-angeles-el-monte-bb83f1/,"3429 Peck Rd, El Monte, CA 91731",El Monte,CA,91731,US,34.0698056,-118.027892,+16264704086,http://www.motel6.com/,motel,40.5,settled-1.1-facts,2026-10-04,1,overture-places@2026-09-23.1,cdla-permissive-2.0
ov:bb92be5b-ba9f-460c-ad7c-5cf2ae8779f0,The Rancho Inn,https://journeyed.org/hotel/the-rancho-inn-duarte-bb92be/,"1515 Huntington Dr, Duarte, CA 91010-2532",Duarte,CA,91010-2532,US,34.1401973,-117.9728068,,,hotel,17.3,settled-1.1-facts,2026-10-04,1,overture-places@2026-09-23.1,cdla-permissive-2.0
ov:bbd81e6f-2686-4aed-874b-15b0692eab33,Travel Eagle Inn Motel,https://journeyed.org/hotel/travel-eagle-inn-motel-long-beach-bbd81e/,"809 W Pacific Coast Hwy, Long Beach, CA 90806",Long Beach,CA,90806,US,33.7901699,-118.201959,+15625997477,https://reservation.asiwebres.com/v4/RoomAvailability.aspx?id=5b707181a25a432b85ebb8d0f6a141d9&lang=en&Curr=1&Operation=date&txtcheckindate=12/25/2022&txtcheckoutdate=12/26/2022&txtadult=2&txtChildren=0&Source=Google,resort,39.1,settled-1.1-facts,2026-10-04,2,overture-places@2026-09-23.1,cdla-permissive-2.0
ov:bbd872a4-8e53-4a07-8401-dd340a631dd4,Harbor Bay Inn,https://journeyed.org/hotel/harbor-bay-inn-costa-mesa-bbd872/,"2026 Harbor Blvd, Costa Mesa, CA 92627",Costa Mesa,CA,92627,US,33.6478456,-117.9182177,+19496316590,,motel,27.8,settled-1.1-facts,2026-10-04,1,overture-places@2026-09-23.1,cdla-permissive-2.0
ov:bbe227db-d8be-458e-9109-c235365d5674,Motel 6,https://journeyed.org/hotel/motel-6-buena-park-bbe227/,"7051 Valley View St, Buena Park, CA 90620",Buena Park,CA,90620,US,33.8577218,-118.029273,+17145221200,http://www.motel6.com/,motel,39.2,settled-1.1-facts,2026-10-04,2,overture-places@2026-09-23.1,cdla-permissive-2.0
ov:bc0284b1-70da-4f5c-95f9-220ce72e0c07,Beverly Hills Plaza Hotel & Spa,https://journeyed.org/hotel/beverly-hills-plaza-hotel-and-spa-los-angeles-bc0284/,"10300 Wilshire Blvd Ste 200, Los Angeles, CA 90024",Los Angeles,CA,90024,US,34.0677234,-118.426039,+13102755575,http://www.beverlyhillsplazahotel.com/,hotel,64.6,settled-1.1-facts,2026-10-04,62,overture-places@2026-09-23.1,cdla-permissive-2.0
ov:bc4afddd-a645-4848-b399-2d28377208db,Ramada by Wyndham Anaheim Maingate North,https://journeyed.org/hotel/ramada-by-wyndham-anaheim-maingate-north-anaheim-bc4afd/,"921 S Harbor Blvd, Anaheim, CA 92805",Anaheim,CA,92805,US,33.8207198,-117.9163141,+17149990684,http://www.ramadamaingatenorth.com,hotel,40.7,settled-1.1-facts,2026-10-04,9,overture-places@2026-09-23.1,cdla-permissive-2.0
ov:bc6ad4f5-2630-4da9-9fbe-60440b8c847d,Montage Hotels & Resorts,https://journeyed.org/hotel/montage-hotels-and-resorts-irvine-bc6ad4/,"3 Ada, Irvine, CA 92618",Irvine,CA,92618,US,33.6553879,-117.7368469,+18007009977,https://www.montageinternational.com/,hotel,40.7,settled-1.1-facts,2026-10-04,1,overture-places@2026-09-23.1,cdla-permissive-2.0
ov:bc9fd3a0-b93a-431b-b915-d5b14ab9adcc,Sonesta Irvine John Wayne Airport,https://journeyed.org/hotel/sonesta-irvine-john-wayne-airport-irvine-bc9fd3/,"17941 Von Karman Ave, Irvine, CA 92614",Irvine,CA,92614,US,33.681378,-117.850708,+19498631999,https://www.yelp.com/reservations/haven-point-provisions-and-spirits-irvine,hotel,28.2,settled-1.1-facts,2026-10-04,1,overture-places@2026-09-23.1,cdla-permissive-2.0
ov:bca31a2c-c5e4-400b-954f-95470f9cc1bd,Best Western Plus Avita Suites,https://journeyed.org/hotel/best-western-plus-avita-suites-torrance-bca31a/,"3531 Torrance Blvd, Torrance, CA 90503-4802",Torrance,CA,90503-4802,US,33.837972,-118.348264,+13105405051,https://www.bestwestern.com,hotel,40.9,settled-1.1-facts,2026-10-04,2,overture-places@2026-09-23.1,cdla-permissive-2.0
ov:bca46f93-1d82-45c2-9f2b-118f240ab19c,Motel 6,https://journeyed.org/hotel/motel-6-costa-mesa-bca46f/,"1441 Gisler Ave, Costa Mesa, CA 92626-2656",Costa Mesa,CA,92626-2656,US,33.6867043,-117.918309,+17149573063,http://www.motel6.com/,motel,38.7,settled-1.1-facts,2026-10-04,2,overture-places@2026-09-23.1,cdla-permissive-2.0
ov:bca8dad7-a67e-4e1d-a7a9-814342df226e,Sonesta Select Los Angeles LAX El Segundo,https://journeyed.org/hotel/sonesta-select-los-angeles-lax-el-segundo-el-segundo-bca8da/,"2000 E Mariposa Ave, El Segundo, CA 90245",El Segundo,CA,90245,US,33.9231312,-118.3915266,+13103220700,https://www.sonesta.com/sonesta-select/ca/el-segundo/sonesta-select-los-angeles-lax-el-segundo/,resort,39.4,settled-1.1-facts,2026-10-04,5,overture-places@2026-09-23.1,cdla-permissive-2.0
ov:bcae450e-1c65-4b15-8c28-9a617ba4342b,"Studio 6 Anaheim Hills, CA",https://journeyed.org/hotel/studio-6-anaheim-hills-ca-anaheim-bcae45/,"5710 E La Palma Ave, Anaheim, CA 92807",Anaheim,CA,92807,US,33.8586524,-117.7898509,+17149270482,https://www.studio6.com/en/home/motels.3674.anaheimhills.3674.html?lid=Local_Milestone_3674&travelAgentNumber=TA001305&corporatePlusNumber=CP792N5W&utm_source=bing%20places&utm_medium=listing&utm_campaign=visit%20website,resort,32.4,settled-1.1-facts,2026-10-04,0,overture-places@2026-09-23.1,cdla-permissive-2.0
ov:bce3adb8-752a-44d9-bb08-4947e6967201,Starlight Inn,https://journeyed.org/hotel/starlight-inn-huntington-beach-bce3ad/,"18382 Beach Blvd, Huntington Beach, CA 92648",Huntington Beach,CA,92648,US,33.6953488,-117.988495,+17148488422,https://starlight-inn-ca-4.hub.biz/,hotel,39.1,settled-1.1-facts,2026-10-04,1,overture-places@2026-09-23.1,cdla-permissive-2.0
ov:bce763d6-8c15-4c61-b97d-e8fc64fdccc6,Barton Hill Hotel,https://journeyed.org/hotel/barton-hill-hotel-san-pedro-bce763/,"246 N Pacific Ave, San Pedro, CA 90731-2016",San Pedro,CA,90731-2016,US,33.744959,-118.287575,+13108337004,http://barton-hill-hotel.jany.io,hotel,40.6,settled-1.1-facts,2026-10-04,2,overture-places@2026-09-23.1,cdla-permissive-2.0
ov:bd168837-a309-4261-a921-a7f1e2bf11d2,Days Inn,https://journeyed.org/hotel/days-inn-buena-park-bd1688/,"7121 Beach Blvd, Buena Park, CA 90620",Buena Park,CA,90620,US,33.8570456,-117.9993749,+17147357177,https://www.wyndhamhotels.com/days-inn/buena-park-california/days-inn-buena-park-knotts-berry-farm/overview,motel,44.9,settled-1.1-facts,2026-10-04,18,overture-places@2026-09-23.1,cdla-permissive-2.0
ov:bd1bccda-ecb7-4f4b-8948-6a94784a96be,Gateway Inn Gardena Los Angeles South,https://journeyed.org/hotel/gateway-inn-gardena-los-angeles-south-gardena-bd1bcc/,"15607 S Normandie Ave, Gardena, CA 90247-4015",Gardena,CA,90247-4015,US,33.889067,-118.299841,+13105168701,https://gatewayinnatgardena.com,hotel,40.5,settled-1.1-facts,2026-10-04,1,overture-places@2026-09-23.1,cdla-permissive-2.0
ov:bd2a15a6-507b-4d12-8142-468b9f46096c,Hollywood Palms Inn & Suites,https://journeyed.org/hotel/hollywood-palms-inn-and-suites-los-angeles-bd2a15/,"6055 Sunset Blvd, Los Angeles, CA 90028",Los Angeles,CA,90028,US,34.0984197,-118.3206829,+13234623221,http://www.hollywoodpalmsinnsuites.us/,hotel,60.3,settled-1.1-facts,2026-10-04,53,overture-places@2026-09-23.1,cdla-permissive-2.0
ov:bd316470-45f6-4817-b874-6ef31f24383a,Studio Inn & Suites,https://journeyed.org/hotel/studio-inn-and-suites-downey-bd3164/,"12340 Lakewood Blvd, Downey, CA 90242",Downey,CA,90242,US,33.920563,-118.1346406,+15629235511,http://www.studioinndowney.com/,hotel,68.5,settled-1.1-facts,2026-10-04,50,overture-places@2026-09-23.1,cdla-permissive-2.0
ov:bd435b80-00db-46da-807c-22bb7b23b0fd,Homewood Suites by Hilton,https://journeyed.org/hotel/homewood-suites-by-hilton-newport-beach-bd435b/,"630 Newport Center Dr, Newport Beach, CA 92660-6424",Newport Beach,CA,92660-6424,US,33.6186999,-117.8735329,+13105361209,https://www.homewoodsuites.hilton.com,hotel,25,settled-1.1-facts,2026-10-04,0,overture-places@2026-09-23.1,cdla-permissive-2.0
ov:bd452d81-1522-4e72-9ed6-311184f424dc,Maamuus Hotel Hargeisa,https://journeyed.org/hotel/maamuus-hotel-hargeisa-torrance-bd452d/,"3701 W 240th St, Torrance, CA 90505-6087",Torrance,CA,90505-6087,US,33.80676,-118.34964,+13103738906,http://www.maamuushotel.com/,hotel,38.2,settled-1.1-facts,2026-10-04,1,overture-places@2026-09-23.1,cdla-permissive-2.0
ov:bd99b0e8-b65d-4474-9ef5-371a6b490a74,Inn Of Lancaster,https://journeyed.org/hotel/inn-of-lancaster-lancaster-bd99b0/,"44131 Sierra Hwy, Lancaster, CA 93534-4414",Lancaster,CA,93534-4414,US,34.6851526,-118.1358647,+16619458771,https://thelancasterinn.com,lodging,26.5,settled-1.1-facts,2026-10-04,0,overture-places@2026-09-23.1,cdla-permissive-2.0
ov:be30fa4c-410f-48cd-8f8a-a2b4d93c0a01,Cameo Hotel,https://journeyed.org/hotel/cameo-hotel-los-angeles-be30fa/,"504 S Bonnie Brae St, Los Angeles, CA 90057",Los Angeles,CA,90057,US,34.0591101,-118.2719129,+12134841453,http://cameohotel.placeweb.site,hotel,39.8,settled-1.1-facts,2026-10-04,13,overture-places@2026-09-23.1,cdla-permissive-2.0
ov:be3cc521-e8c8-4d79-bb01-86d668bb7be8,Sierra Pelona Motel,https://journeyed.org/hotel/sierra-pelona-motel-santa-clarita-be3cc5/,"12117 Sierra Hwy, Santa Clarita, CA 91390-4701",Santa Clarita,CA,91390-4701,US,34.5117647,-118.3472875,+16612521700,https://www.sierrapelonamotel.com,motel,26.5,settled-1.1-facts,2026-10-04,0,overture-places@2026-09-23.1,cdla-permissive-2.0
ov:be885a40-8767-45a4-a9c7-842f177cb263,Garden Grove Inn,https://journeyed.org/hotel/garden-grove-inn-garden-grove-be885a/,"7912 W Garden Grove Blvd, Garden Grove, CA 92683",Garden Grove,CA,92683,US,33.7734877,-117.9939693,+17148947568,http://www.ci.garden-grove.ca.us,motel,39.7,settled-1.1-facts,2026-10-04,1,overture-places@2026-09-23.1,cdla-permissive-2.0
ov:bed0ff0a-a1e5-49ea-b66e-cf9bedbbe825,Westminster Motor Inn,https://journeyed.org/hotel/westminster-motor-inn-westminster-bed0ff/,"15061 Beach Blvd, Westminster, CA 92683",Westminster,CA,92683,US,33.7437748,-117.990098,+17148932474,https://www.westminstermotorinn.com,motel,49.7,settled-1.1-facts,2026-10-04,16,overture-places@2026-09-23.1,cdla-permissive-2.0
ov:bed88884-8873-42f7-bf23-ec438daa93e0,Ramada Costa Mesa/Newport Beach,https://journeyed.org/hotel/ramada-costa-mesa-newport-beach-costa-mesa-bed888/,"1680 Superior Ave, Costa Mesa, CA 92627-3652",Costa Mesa,CA,92627-3652,US,33.63541,-117.9238442,+19495148194,http://www.ramada.com/,hotel,39.5,settled-1.1-facts,2026-10-04,1,overture-places@2026-09-23.1,cdla-permissive-2.0
ov:bedde817-4bee-4ae3-94de-3ecb7ff745b9,"SLS Hotel, a Luxury Collection Hotel, Beverly Hills",https://journeyed.org/hotel/sls-hotel-a-luxury-collection-hotel-beverly-hills-los-angeles-bedde8/,"465 La Cienega Blvd, Los Angeles, CA 90048",Los Angeles,CA,90048,US,34.0700314,-118.3768058,+13102470400,https://www.marriott.com/en-us/hotels/laxls-sls-hotel-a-luxury-collection-hotel-beverly-hills/overview/?scid=d2406702-e8ea-4b45-bb9b-69cddaaef03d,hotel,40.8,settled-1.1-facts,2026-10-04,9,overture-places@2026-09-23.1,cdla-permissive-2.0
ov:bf20d2d0-d6ca-4bb2-ac6e-f93d8c0ecec7,El Rio Motel,https://journeyed.org/hotel/el-rio-motel-glendale-bf20d2/,"1515 E Colorado St, Glendale, CA 91205",Glendale,CA,91205,US,34.1430443,-118.2309605,+18182433157,http://elriomotelglendale.com,motel,40,settled-1.1-facts,2026-10-04,1,overture-places@2026-09-23.1,cdla-permissive-2.0
ov:bf376303-b9a3-4733-b289-202431c06b29,The Queen Mary,https://journeyed.org/hotel/the-queen-mary-long-beach-bf3763/,"1126 Queens Hwy, Long Beach, CA 90802-6331",Long Beach,CA,90802-6331,US,33.7526306,-118.1902642,+15624353511,http://WWW.QueenMary.com/,hotel,70.4,settled-1.1-facts,2026-10-04,21,overture-places@2026-09-23.1,cdla-permissive-2.0
ov:bf6baf64-7f9d-45c4-984e-3fb3b250e4ca,Goldstar Inn,https://journeyed.org/hotel/goldstar-inn-los-angeles-bf6baf/,"12165 San Fernando Rd, Los Angeles, CA 91342",Los Angeles,CA,91342,US,34.2909013,-118.4503495,+18183641521,http://goldstarinn.com,motel,30.7,settled-1.1-facts,2026-10-04,0,overture-places@2026-09-23.1,cdla-permissive-2.0
ov:bf6e40e5-d4ac-455c-b690-36d08a25b183,Trylon Hotel,https://journeyed.org/hotel/trylon-hotel-los-angeles-bf6e40/,"6515 Franklin Ave, Los Angeles, CA 90028",Los Angeles,CA,90028,US,34.1054422,-118.3314566,+13238517036,http://www.trylonhotel.com,hotel,40.9,settled-1.1-facts,2026-10-04,35,overture-places@2026-09-23.1,cdla-permissive-2.0
ov:bf770b77-be66-4d58-b0af-adcf56cf07de,Embassy Suites by Hilton Valencia,https://journeyed.org/hotel/embassy-suites-by-hilton-valencia-valencia-bf770b/,"28508 Westinghouse Pl, Valencia, CA 91355-1398",Valencia,CA,91355-1398,US,34.443156,-118.600301,+16612573111,https://bit.ly/2zSZnRI,hotel,39.6,settled-1.1-facts,2026-10-04,1,overture-places@2026-09-23.1,cdla-permissive-2.0
ov:bf9a7bf8-9f8c-4597-a3c6-32ca6591f7bf,Genre Hotels,https://journeyed.org/hotel/genre-hotels-los-angeles-bf9a7b/,"2367 Sunset Heights Dr, Los Angeles, CA 90046-1427",Los Angeles,CA,90046-1427,US,34.112183,-118.389538,+13236563331,http://www.genrehotels.com/,hotel,38.8,settled-1.1-facts,2026-10-04,5,overture-places@2026-09-23.1,cdla-permissive-2.0
ov:bf9bbf49-faf1-4622-9a53-cc6355943d32,Urban Executive Suites,https://journeyed.org/hotel/urban-executive-suites-los-angeles-bf9bbf/,"1050 Flower St Ste 139, Los Angeles, CA 90015",Los Angeles,CA,90015,US,34.0424868,-118.2630613,+12139274060,http://www.uesuites.com,holiday_rental_home,41.1,settled-1.1-facts,2026-10-04,17,overture-places@2026-09-23.1,cdla-permissive-2.0
ov:bfca1e3f-85a7-4b45-b49f-144e0950c404,Encore Inn,https://journeyed.org/hotel/encore-inn-inglewood-bfca1e/,"3709 W Imperial Hwy, Inglewood, CA 90303",Inglewood,CA,90303,US,33.9312455,-118.3374041,,http://www.encoreinnlax.com/,inn,64.4,settled-1.1-facts,2026-10-04,67,overture-places@2026-09-23.1,cdla-permissive-2.0
ov:bff511fc-11c5-4d5d-b22c-c06e02eda231,Luxury Inn Norwalk California Hotel,https://journeyed.org/hotel/luxury-inn-norwalk-california-hotel-long-beach-bff511/,"95 S Pine Ave, Long Beach, CA 90802",Long Beach,CA,90802,US,33.7645,-118.19294,+15624328325,http://www.luxuryinnhotel.com,hotel,41.3,settled-1.1-facts,2026-10-04,3,overture-places@2026-09-23.1,cdla-permissive-2.0
ov:c004441c-e292-42f6-8974-c99ba1a57df0,OMEO Casa Mariquita,https://journeyed.org/hotel/omeo-casa-mariquita-avalon-c00444/,"229 Metropole Ave, Avalon, CA 90704",Avalon,CA,90704,US,33.3431678,-118.3282598,+13105101192,http://www.casamariquitacatalina.com/,hotel,26.5,settled-1.1-facts,2026-10-04,0,overture-places@2026-09-23.1,cdla-permissive-2.0
ov:c017bdca-1a22-4d14-b6ac-a6ec11a235d6,Cambria Hotel & Suites Anaheim Resort Area,https://journeyed.org/hotel/cambria-hotel-and-suites-anaheim-resort-area-anaheim-c017bd/,"101 E Katella Ave, Anaheim, CA 92802-3760",Anaheim,CA,92802-3760,US,33.8045727,-117.9059934,,https://www.cambriasuitesanaheim.com,lodging,30.2,settled-1.1-facts,2026-10-04,9,overture-places@2026-09-23.1,cdla-permissive-2.0
ov:c04c70f7-3e1e-4451-b808-4cefca1231aa,Morrison Hotel,https://journeyed.org/hotel/morrison-hotel-los-angeles-c04c70/,"1605 N Cahuenga Blvd, Los Angeles, CA 90028-6201",Los Angeles,CA,90028-6201,US,34.099907,-118.329796,+13234661400,http://morrisonhotelgallery.com,hotel,41.2,settled-1.1-facts,2026-10-04,11,overture-places@2026-09-23.1,cdla-permissive-2.0
ov:c059b62b-954f-449b-942a-ea5d6718ca16,El Caminante Bar & Bungalows,https://journeyed.org/hotel/el-caminante-bar-and-bungalows-dana-point-c059b6/,"34862 Coast Hwy, Dana Point, CA 92624",Dana Point,CA,92624,US,33.4567969,-117.6693589,+19493683222,https://elcaminantehotel.com/,hotel,26.5,settled-1.1-facts,2026-10-04,0,overture-places@2026-09-23.1,cdla-permissive-2.0
ov:c07eeaff-f359-465e-9e97-85b5d93be781,Freehand Los Angeles,https://journeyed.org/hotel/freehand-los-angeles-los-angeles-c07eea/,"416 W 8th St, Los Angeles, CA 90014-3002",Los Angeles,CA,90014-3002,US,34.04476,-118.25663,+12136120021,,hotel,29.3,settled-1.1-facts,2026-10-04,16,overture-places@2026-09-23.1,cdla-permissive-2.0
ov:c090fb05-4170-4d6a-a3a0-64d03e983857,Wonder Inn,https://journeyed.org/hotel/wonder-inn-pasadena-c090fb/,"2855 E Colorado Blvd, Pasadena, CA 91107-4311",Pasadena,CA,91107-4311,US,34.146473,-118.091501,+16265781817,https://stopwonderinn.org,hotel,38.7,settled-1.1-facts,2026-10-04,1,overture-places@2026-09-23.1,cdla-permissive-2.0
ov:c0912603-9f39-452b-93ff-0d4a141daa6b,Chamberlain West Hollywood Hotel,https://journeyed.org/hotel/chamberlain-west-hollywood-hotel-west-hollywood-c09126/,"1000 Westmount Dr, West Hollywood, CA 90069",West Hollywood,CA,90069,US,34.0898138,-118.3790481,+13106577400,http://www.chamberlainwesthollywood.com,hotel,64.9,settled-1.1-facts,2026-10-04,84,overture-places@2026-09-23.1,cdla-permissive-2.0
ov:c0a3fbab-e20f-4c6b-930d-0b7645b245a9,St George Hotel,https://journeyed.org/hotel/st-george-hotel-los-angeles-c0a3fb/,"115 E 3rd St, Los Angeles, CA 90013-1301",Los Angeles,CA,90013-1301,US,34.0491766,-118.2453173,+12136130703,http://skidrow.org,hotel,40.8,settled-1.1-facts,2026-10-04,13,overture-places@2026-09-23.1,cdla-permissive-2.0
ov:c0db48ce-ebf4-4a10-9fe6-14bf8417bc6c,New Gardena Hotel,https://journeyed.org/hotel/new-gardena-hotel-gardena-c0db48/,"1641 W Redondo Beach Blvd, Gardena, CA 90247",Gardena,CA,90247,US,33.8898332,-118.3058534,+13103275757,http://newgardenahotel.com/,hotel,40.1,settled-1.1-facts,2026-10-04,1,overture-places@2026-09-23.1,cdla-permissive-2.0
ov:c0f487ca-3ab1-4659-922a-6818d9bebfd5,Beach Inn,https://journeyed.org/hotel/beach-inn-long-beach-c0f487/,"823 E 3rd St, Long Beach, CA 90802",Long Beach,CA,90802,US,33.7708896,-118.1818733,+15624373464,http://www.beachinnmotel.com,motel,40.6,settled-1.1-facts,2026-10-04,3,overture-places@2026-09-23.1,cdla-permissive-2.0
ov:c10f78e3-e7f4-4e45-82dd-acb4cdca5a1f,Tribute Portfolio,https://journeyed.org/hotel/tribute-portfolio-costa-mesa-c10f78/,"3350 Avenue of the Arts, Costa Mesa, CA 92626",Costa Mesa,CA,92626,US,33.6917933,-117.8802181,+17147515100,https://www.marriott.com/en-us/hotels/csmtx-avenue-of-the-arts-costa-mesa-a-tribute-portfolio-hotel/overview/?scid=d2406702-e8ea-4b45-bb9b-69cddaaef03d,hotel,39.5,settled-1.1-facts,2026-10-04,1,overture-places@2026-09-23.1,cdla-permissive-2.0
ov:c1116cd8-6c43-4542-8f1e-417bf31410f4,Knights Inn,https://journeyed.org/hotel/knights-inn-los-angeles-c1116c/,"1255 W Temple St, Los Angeles, CA 90026-5612",Los Angeles,CA,90026-5612,US,34.0661537,-118.2539006,+12132508925,https://www.knightsinn.com/us/ca/los-angeles/knights-inn-downtown-los-angeles,hotel,40.2,settled-1.1-facts,2026-10-04,32,overture-places@2026-09-23.1,cdla-permissive-2.0
ov:c125adb8-c92e-4e11-bc47-31d48fa5c5f7,Sierra Inn,https://journeyed.org/hotel/sierra-inn-south-el-monte-c125ad/,"1171 Durfee Ave, South El Monte, CA 91733",South El Monte,CA,91733,US,34.0359278,-118.0418566,+16263503313,http://sierrainnsouthelmonte.us,inn,66.5,settled-1.1-facts,2026-10-04,36,overture-places@2026-09-23.1,cdla-permissive-2.0
ov:c12aabe1-b3ab-4ebf-a5af-cf67feea46b6,Burnham Beach Cottages 2-Block to Beach!,https://journeyed.org/hotel/burnham-beach-cottages-2-block-to-beach-redondo-beach-c12aab/,"Redondo Beach, CA",Redondo Beach,CA,,US,33.8393126,-118.386373,+13109511872,http://Burnhamcottages.com/,hotel,36.1,settled-1.1-facts,2026-10-04,4,overture-places@2026-09-23.1,cdla-permissive-2.0
ov:c13b383c-d8d5-439a-9922-c14f1bc3d529,Courtyard by Marriott Anaheim Buena Park,https://journeyed.org/hotel/courtyard-by-marriott-anaheim-buena-park-buena-park-c13b38/,"7621 Beach Blvd, Buena Park, CA 90620",Buena Park,CA,90620,US,33.8525751,-117.9991668,+17146706600,https://www.marriott.com/hotels/travel/snabp-courtyard-anaheim-buena-park/?scid=5d6c9ba8-fdb3-45cd-90d4-fc3cbfe3681c&y_source=1_NjUwMzAyLTU1OS1sb2NhdGlvbi53ZWJzaXRl,hotel,40.5,settled-1.1-facts,2026-10-04,3,overture-places@2026-09-23.1,cdla-permissive-2.0
ov:c1418ca7-6964-4d9d-885d-37aa789ead04,Cali Inn,https://journeyed.org/hotel/cali-inn-carson-c1418c/,"415 W Carson St, Carson, CA 90745",Carson,CA,90745,US,33.8321271,-118.2837352,+13103282622,http://www.cali-inn.com,motel,38.7,settled-1.1-facts,2026-10-04,1,overture-places@2026-09-23.1,cdla-permissive-2.0
ov:c157c4a3-bfd7-4ddc-bea3-8ac2494b3a01,Venice Beach House,https://journeyed.org/hotel/venice-beach-house-venice-c157c4/,"904 Pacific Ave, Venice, CA 90291-3228",Venice,CA,90291-3228,US,33.991526,-118.475128,+13105917483,http://www.willowleafsuitesvenicebeach.com/,hotel,40.7,settled-1.1-facts,2026-10-04,7,overture-places@2026-09-23.1,cdla-permissive-2.0
ov:c1584669-c6aa-45b8-8a0a-568a2b28bf2d,Days Inn,https://journeyed.org/hotel/days-inn-anaheim-c15846/,"620 W Orangewood Ave, Anaheim, CA 92802-4609",Anaheim,CA,92802-4609,US,33.7955651,-117.9160097,+17147507608,https://www.wyndhamhotels.com,hotel,40.8,settled-1.1-facts,2026-10-04,9,overture-places@2026-09-23.1,cdla-permissive-2.0
ov:c1f473de-9a6b-4450-b08d-5d681eb3aa95,Whisky Hotel Hollywood,https://journeyed.org/hotel/whisky-hotel-hollywood-los-angeles-c1f473/,"1717 Wilcox Ave, Los Angeles, CA 90028",Los Angeles,CA,90028,US,34.1023926,-118.3312082,+13234328282,https://www.whiskyhotel.com/,hotel,75.1,settled-1.1-facts,2026-10-04,91,overture-places@2026-09-23.1,cdla-permissive-2.0
ov:c21b3f30-956d-4648-81f2-c1bfb515cc26,Vanllee Hotel & Suites Lvgem,https://journeyed.org/hotel/vanllee-hotel-and-suites-lvgem-covina-c21b3f/,"1211 E Garvey St, Covina, CA 91724-3666",Covina,CA,91724-3666,US,34.0719693,-117.8649982,+16269153441,https://www.vanllee.com,hotel,38.8,settled-1.1-facts,2026-10-04,1,overture-places@2026-09-23.1,cdla-permissive-2.0
ov:c2267b98-d7b2-4bb3-a2da-485a01e9f33b,Willows Motor Lodge,https://journeyed.org/hotel/willows-motor-lodge-sun-valley-c2267b/,"8333 Glenoaks Blvd, Sun Valley, CA 91352-3510",Sun Valley,CA,91352-3510,US,34.221663,-118.35866,+18187683211,,hotel,27.6,settled-1.1-facts,2026-10-04,1,overture-places@2026-09-23.1,cdla-permissive-2.0
ov:c22d81e9-df74-4620-b5e9-7c4a600841db,W Hollywood,https://journeyed.org/hotel/w-hollywood-los-angeles-c22d81/,"6250 Hollywood Blvd, Los Angeles, CA 90028",Los Angeles,CA,90028,US,34.1009566,-118.3258319,+13237981355,https://www.marriott.com/en-us/hotels/laxwh-w-hollywood/overview/?scid=d2406702-e8ea-4b45-bb9b-69cddaaef03d,hotel,41.4,settled-1.1-facts,2026-10-04,10,overture-places@2026-09-23.1,cdla-permissive-2.0
ov:c23a55f2-eb40-4be4-badb-1c7b385b808d,Super 8 by Wyndham Los Angeles,https://journeyed.org/hotel/super-8-by-wyndham-los-angeles-los-angeles-c23a55/,"9250 Airport Blvd, Los Angeles, CA 90045",Los Angeles,CA,90045,US,33.9520128,-118.3853836,+13106702900,https://www.wyndhamhotels.com/super-8/los-angeles-california/super-8-los-angeles/overview?CID=LC:SE::BING:RIO:National:07709&iata=00093796,resort,39.9,settled-1.1-facts,2026-10-04,8,overture-places@2026-09-23.1,cdla-permissive-2.0
ov:c25077ef-8250-47b9-8fe7-a81e64422e7d,Lafayette Motel,https://journeyed.org/hotel/lafayette-motel-los-angeles-c25077/,"2731 Beverly Blvd, Los Angeles, CA 90057",Los Angeles,CA,90057,US,34.0705889,-118.2785639,+12133656143,http://www.thelafayette.qpg.com,hotel,39.5,settled-1.1-facts,2026-10-04,9,overture-places@2026-09-23.1,cdla-permissive-2.0
ov:c252a4df-c403-4a74-849e-c744deb9693c,Comet Motel,https://journeyed.org/hotel/comet-motel-los-angeles-c252a4/,"10808 Avalon Blvd, Los Angeles, CA 90061-3007",Los Angeles,CA,90061-3007,US,33.937884,-118.26494,,http://www.cometmotellax.com,lodging,45.6,settled-1.1-facts,2026-10-04,13,overture-places@2026-09-23.1,cdla-permissive-2.0
ov:c2666350-a928-4de3-bd1f-f41e1cb0c2cd,Sonesta ES Suites Anaheim Resort Area,https://journeyed.org/hotel/sonesta-es-suites-anaheim-resort-area-anaheim-c26663/,"1855 S Manchester Ave, Anaheim, CA 92802",Anaheim,CA,92802,US,33.8010316,-117.9014324,+17147487700,https://www.sonesta.com/us/california/anaheim/sonesta-es-suites-anaheim-resort-area,hotel,39.8,settled-1.1-facts,2026-10-04,9,overture-places@2026-09-23.1,cdla-permissive-2.0
ov:c275f68e-9267-46f4-870f-29c16292ebee,"H Hotel Los Angeles, Curio Collection by Hilton",https://journeyed.org/hotel/h-hotel-los-angeles-curio-collection-by-hilton-los-angeles-c275f6/,"6151 W Century Blvd, Los Angeles, CA 90045",Los Angeles,CA,90045,US,33.9459989,-118.3929419,+13102153000,http://www.hhotellosangeles.com/,hotel,69.3,settled-1.1-facts,2026-10-04,44,overture-places@2026-09-23.1,cdla-permissive-2.0
ov:c277c714-5203-4875-9244-3eddf67a2c25,Casa Bella Inn,https://journeyed.org/hotel/casa-bella-inn-los-angeles-c277c7/,"1212 S Alvarado St, Los Angeles, CA 90006-4120",Los Angeles,CA,90006-4120,US,34.0483045,-118.2818663,+12133834774,http://www.casabella-la.com,motel,40.2,settled-1.1-facts,2026-10-04,15,overture-places@2026-09-23.1,cdla-permissive-2.0
ov:c28236a6-405a-4b26-a960-01a72de1ddef,Ramada Culver City,https://journeyed.org/hotel/ramada-culver-city-culver-city-c28236/,"3930 Sepulveda Blvd, Culver City, CA 90230",Culver City,CA,90230,US,34.0106091,-118.4149969,+13103902189,http://www.ramadaculvercity.com/ramada_culver_city_location.html,hotel,59,settled-1.1-facts,2026-10-04,30,overture-places@2026-09-23.1,cdla-permissive-2.0
ov:c2830a9a-fb50-48a6-a6ff-1d3670d81436,Hotel Solarena,https://journeyed.org/hotel/hotel-solarena-newport-beach-c2830a/,"6208 West Coast Hwy, Newport Beach, CA 92663",Newport Beach,CA,92663,US,33.626734,-117.9492242,+16573668745,https://www.bestwestern.com/en_US/book/hotel-rooms.05598.html?iata=00171890&ssob=BLBWI0003G&cid=BLBWI0003G%3Ayext%3Awebsite%3A05598,hotel,39.5,settled-1.1-facts,2026-10-04,1,overture-places@2026-09-23.1,cdla-permissive-2.0
ov:c28cf903-3cf1-41cb-aebb-b9b546978025,The West Hollywood EDITION,https://journeyed.org/hotel/the-west-hollywood-edition-west-hollywood-c28cf9/,"9040 Sunset Blvd, West Hollywood, CA 90069",West Hollywood,CA,90069,US,34.0904741,-118.3892727,+13109539899,https://www.marriott.com/en-us/hotels/laxeb-the-west-hollywood-edition/overview/?scid=d2406702-e8ea-4b45-bb9b-69cddaaef03d,hotel,39.7,settled-1.1-facts,2026-10-04,7,overture-places@2026-09-23.1,cdla-permissive-2.0
ov:c28d34cd-ee4f-409a-a858-baac4343dec2,Hotel 2 Twenty One,https://journeyed.org/hotel/hotel-2-twenty-one-el-segundo-c28d34/,"221 Concord St, El Segundo, CA 90245",El Segundo,CA,90245,US,33.9184673,-118.4186325,+13103226116,https://www.hotel221.com,hotel,41.1,settled-1.1-facts,2026-10-04,5,overture-places@2026-09-23.1,cdla-permissive-2.0
ov:c2b3a973-2ffa-40cb-b180-836ad99f0325,Sunland Motel,https://journeyed.org/hotel/sunland-motel-santa-ana-c2b3a9/,"2111 E 1st St, Santa Ana, CA 92705",Santa Ana,CA,92705,US,33.7459867,-117.8370974,+17148353600,https://sunland-motel-ca-1.hub.biz,motel,40.5,settled-1.1-facts,2026-10-04,1,overture-places@2026-09-23.1,cdla-permissive-2.0
ov:c2bb3c7e-1966-46aa-9fc1-767475ddea15,"The Ritz-Carlton, Laguna Niguel",https://journeyed.org/hotel/the-ritz-carlton-laguna-niguel-dana-point-c2bb3c/,"One Ritz Carlton Dr, Dana Point, CA 92629",Dana Point,CA,92629,US,33.4748757,-117.7200374,+19492402000,https://www.ritzcarlton.com/en/hotels/snarz-the-ritz-carlton-laguna-niguel/overview/?scid=d2406702-e8ea-4b45-bb9b-69cddaaef03d,hotel,60.5,settled-1.1-facts,2026-10-04,0,overture-places@2026-09-23.1,cdla-permissive-2.0
ov:c2cbf955-b354-482a-96da-a9b1beaeb400,Castaway Motel,https://journeyed.org/hotel/castaway-motel-orange-c2cbf9/,"1929 W Chapman Ave, Orange, CA 92868",Orange,CA,92868,US,33.7881729,-117.873356,+17149783444,http://www.castawaymotelorange.us,motel,69.2,settled-1.1-facts,2026-10-04,45,overture-places@2026-09-23.1,cdla-permissive-2.0
ov:c2d2d30c-625b-48ac-9c8a-4efb048c358c,Palms Motel,https://journeyed.org/hotel/palms-motel-pico-rivera-c2d2d3/,"9431 Whittier Blvd, Pico Rivera, CA 90660",Pico Rivera,CA,90660,US,33.9983469,-118.076604,+15626994368,http://www.palmsmotelpicorivera.us,motel,37.9,settled-1.1-facts,2026-10-04,0,overture-places@2026-09-23.1,cdla-permissive-2.0
ov:c305ba55-b836-4b62-b1f4-31e7b8ccc8dd,Starlight Cottage,https://journeyed.org/hotel/starlight-cottage-van-nuys-c305ba/,"5450 Sepulveda Blvd, Van Nuys, CA 91411-3406",Van Nuys,CA,91411-3406,US,34.1697335,-118.4659773,+18187864722,,motel,27.5,settled-1.1-facts,2026-10-04,2,overture-places@2026-09-23.1,cdla-permissive-2.0
ov:c3177972-8a35-462e-af3e-a94feef85b82,Best Star Inn,https://journeyed.org/hotel/best-star-inn-montebello-c31779/,"7533 Telegraph Rd, Montebello, CA 90640",Montebello,CA,90640,US,33.9794132,-118.1273713,+13237213032,https://beststarinnmontebello.com/,motel,63.5,settled-1.1-facts,2026-10-04,37,overture-places@2026-09-23.1,cdla-permissive-2.0
ov:c32eb510-92e5-4b32-b4e1-74c2728e0cfb,Embassy Suites Lax South,https://journeyed.org/hotel/embassy-suites-lax-south-el-segundo-c32eb5/,"1440 E Imperial Ave, El Segundo, CA 90245-2623",El Segundo,CA,90245-2623,US,33.930569,-118.400741,,https://embassy-suites-lax-south.h-rez.com,lodging,30.1,settled-1.1-facts,2026-10-04,5,overture-places@2026-09-23.1,cdla-permissive-2.0
ov:c342a111-ab98-4ce8-8868-7785116c1476,The Vurpillat,https://journeyed.org/hotel/the-vurpillat-hermosa-beach-c342a1/,"840 The Strand, Hermosa Beach, CA 90254",Hermosa Beach,CA,90254,US,33.8595998,-118.4006848,+13109027829,http://thevurpillat.com/,hotel,45.9,settled-1.1-facts,2026-10-04,15,overture-places@2026-09-23.1,cdla-permissive-2.0
ov:c349ed3b-e7c0-46dd-98d2-dfa7198b2216,O.C HOUSE,https://journeyed.org/hotel/o-c-house-santa-ana-c349ed/,"2609 Patti Ln, Santa Ana, CA 92706-1339",Santa Ana,CA,92706-1339,US,33.772216,-117.891336,,https://www.booking.com/hotel/us/omg-hostel.html?lang=xu,hotel,17,settled-1.1-facts,2026-10-04,6,overture-places@2026-09-23.1,cdla-permissive-2.0
ov:c3717657-7ce8-4e20-8ee3-595a9ddd22cc,Econo Motor Inn,https://journeyed.org/hotel/econo-motor-inn-north-hills-c37176/,"8647 Sepulveda Blvd, North Hills, CA 91343",North Hills,CA,91343,US,34.227672,-118.468261,+18188933776,,hotel,25.2,settled-1.1-facts,2026-10-04,0,overture-places@2026-09-23.1,cdla-permissive-2.0
ov:c3747ed7-c019-469e-8df7-fb1f642b4b4e,Howard Johnson by Wyndham Azusa,https://journeyed.org/hotel/howard-johnson-by-wyndham-azusa-azusa-c3747e/,"469 E Arrow Hwy, Azusa, CA 91702",Azusa,CA,91702,US,34.1068113,-117.9030589,+16269667777,,hotel,27.5,settled-1.1-facts,2026-10-04,2,overture-places@2026-09-23.1,cdla-permissive-2.0
ov:c39fe358-ebb1-41db-a8d8-67984b28a702,Pasadena Motor Hotel,https://journeyed.org/hotel/pasadena-motor-hotel-pasadena-c39fe3/,"2131 E Colorado Blvd, Pasadena, CA 91107-3559",Pasadena,CA,91107-3559,US,34.146248,-118.106526,+16267963122,,hotel,27.8,settled-1.1-facts,2026-10-04,1,overture-places@2026-09-23.1,cdla-permissive-2.0
ov:c3b48d8a-d30a-4c88-85f0-a4fb63ff50ef,Ocean Park Hotel,https://journeyed.org/hotel/ocean-park-hotel-santa-monica-c3b48d/,"2680 32nd St, Santa Monica, CA 90405",Santa Monica,CA,90405,US,34.0212634,-118.4523377,+13104295554,http://www.santamonicaoceanparkhotel.com,hotel,67.6,settled-1.1-facts,2026-10-04,50,overture-places@2026-09-23.1,cdla-permissive-2.0
ov:c3e202e4-2d69-44fa-b2f2-8d58ec79d47b,Century Inn,https://journeyed.org/hotel/century-inn-bellflower-c3e202/,"16146 Eucalyptus Ave, Bellflower, CA 90706-4781",Bellflower,CA,90706-4781,US,33.8900606,-118.1188279,+15628669095,http://www.centuryinn.com/,hotel,40.7,settled-1.1-facts,2026-10-04,1,overture-places@2026-09-23.1,cdla-permissive-2.0
ov:c3f15a51-0714-428b-b530-a76cbb1e2538,Rosslyn Hotel,https://journeyed.org/hotel/rosslyn-hotel-los-angeles-c3f15a/,"3408 W Sunset Blvd, Los Angeles, CA 90026-1192",Los Angeles,CA,90026-1192,US,34.087692,-118.276208,+12136243311,,hotel,29.2,settled-1.1-facts,2026-10-04,8,overture-places@2026-09-23.1,cdla-permissive-2.0
ov:c4379562-7766-4d9e-99b2-d6e10ed457af,Newport Beach Hotel,https://journeyed.org/hotel/newport-beach-hotel-newport-beach-c43795/,"2306 W Oceanfront, Newport Beach, CA 92663",Newport Beach,CA,92663,US,33.6099242,-117.9300485,+19496737030,https://www.thenewportbeachhotel.com/,bed_and_breakfast,40.7,settled-1.1-facts,2026-10-04,1,overture-places@2026-09-23.1,cdla-permissive-2.0
ov:c438ab8f-c150-494b-9e7e-10108760dfc0,Rodeway Inn and Suites,https://journeyed.org/hotel/rodeway-inn-and-suites-bellflower-c438ab/,"9130 Alondra Blvd, Bellflower, CA 90706",Bellflower,CA,90706,US,33.8888088,-118.1395874,+15628669095,https://www.choicehotels.com/california/bellflower/rodeway-inn-hotels/cad74?pmf=yext&mc=llyxyxpx,motel,39.4,settled-1.1-facts,2026-10-04,1,overture-places@2026-09-23.1,cdla-permissive-2.0
ov:c438cc4d-037e-45da-a51a-e39fccb05254,Adelphi Hotel,https://journeyed.org/hotel/adelphi-hotel-lakewood-c438cc/,"5809 Lakewood Blvd, Lakewood, CA 90712-1001",Lakewood,CA,90712-1001,US,33.8605359,-118.1427606,+15626020275,https://www.britanniahotels.com/hotels/the-adelphi-hotel-liverpool/,hotel,39,settled-1.1-facts,2026-10-04,1,overture-places@2026-09-23.1,cdla-permissive-2.0
ov:c441fc84-c3d6-4bda-ad7b-c1180c685c02,Hilton Garden Inn Pomona,https://journeyed.org/hotel/hilton-garden-inn-pomona-pomona-c441fc/,"2027 Rancho Valley Dr, Pomona, CA 91766-7103",Pomona,CA,91766-7103,US,34.035081,-117.760491,+19096868000,https://www.hilton.com,hotel,39.2,settled-1.1-facts,2026-10-04,1,overture-places@2026-09-23.1,cdla-permissive-2.0
ov:c4820620-27f5-4e41-b72f-61776215a9f8,Motel 6,https://journeyed.org/hotel/motel-6-pomona-c48206/,"2470 S Garey Ave, Pomona, CA 91766",Pomona,CA,91766,US,34.026893,-117.7485938,+19093477900,http://www.motel6.com/,motel,38.5,settled-1.1-facts,2026-10-04,1,overture-places@2026-09-23.1,cdla-permissive-2.0
ov:c4843b22-196c-48ab-a4fa-05f8c24a8139,Bellanca Hotel,https://journeyed.org/hotel/bellanca-hotel-avalon-c4843b/,"111 Crescent Ave, Avalon, CA 90704",Avalon,CA,90704,US,33.3450109,-118.3271624,+13105100555,https://www.bellancahotel.com/,hotel,26.5,settled-1.1-facts,2026-10-04,0,overture-places@2026-09-23.1,cdla-permissive-2.0
ov:c48de705-cb4a-42eb-8c51-225af0a9bae9,The Villas at Disney's Grand Californian Hotel & Spa,https://journeyed.org/hotel/the-villas-at-disneys-grand-californian-hotel-and-spa-anaheim-c48de7/,"1600 Disneyland Dr, Anaheim, CA 92802",Anaheim,CA,92802,US,33.8074121,-117.9227604,+17145205050,http://disneyvacationclub.disney.go.com/destinations/resorts/grand-californian-villas/,resort,40.8,settled-1.1-facts,2026-10-04,10,overture-places@2026-09-23.1,cdla-permissive-2.0
ov:c4904e64-186b-4360-862f-03f9f3f64361,Residence Inn,https://journeyed.org/hotel/residence-inn-placentia-c4904e/,"700 W Kimberly Avenue, Placentia, CA 92870",Placentia,CA,92870,US,33.862873,-117.879449,+17149960555,https://www.marriott.com/en-us/hotels/snapl-residence-inn-anaheim-placentia-fullerton/overview/?scid=d2406702-e8ea-4b45-bb9b-69cddaaef03d,hotel,37.1,settled-1.1-facts,2026-10-04,0,overture-places@2026-09-23.1,cdla-permissive-2.0
ov:c4984e82-c6a5-4946-8db3-feaf61079c1e,Gold Diggers Hotel,https://journeyed.org/hotel/gold-diggers-hotel-los-angeles-c4984e/,"5630 Santa Monica Blvd, Los Angeles, CA 90038",Los Angeles,CA,90038,US,34.0906553,-118.3125494,+13235460300,http://gold-diggers.com,lodging,44.7,settled-1.1-facts,2026-10-04,33,overture-places@2026-09-23.1,cdla-permissive-2.0
ov:c4c46169-5fdc-4768-b254-4a92101bdfe6,Value Inn Worldwide Inglewood,https://journeyed.org/hotel/value-inn-worldwide-inglewood-inglewood-c4c461/,"4751 W Century Blvd, Inglewood, CA 90304",Inglewood,CA,90304,US,33.9457937,-118.360485,+13104917000,https://www.redlion.com/value-inn-worlwide/ca/inglewood/value-inn-worldwide-inglewood,resort,40.2,settled-1.1-facts,2026-10-04,11,overture-places@2026-09-23.1,cdla-permissive-2.0
ov:c51df49b-ecff-4a9f-868b-d2e56051a6e2,Extended Stay America,https://journeyed.org/hotel/extended-stay-america-arcadia-c51df4/,"401 E Santa Clara St, Arcadia, CA 91006",Arcadia,CA,91006,US,34.14305,-118.0225841,+16264466422,http://dms.netmng.com/si/cm/tracking/dgtrackingredirect.aspx?siclientid=2918&sisearchengine=1524&siredirect=http:%2f%2fwww.extendedstayamerica.com%2fhotels%2fca%2flos-angeles%2farcadia&siproduct=2631_bus,lodging,39.8,settled-1.1-facts,2026-10-04,2,overture-places@2026-09-23.1,cdla-permissive-2.0
ov:c53602e6-5849-4c74-9d28-4fc05234f2ae,Pride Hotel,https://journeyed.org/hotel/pride-hotel-los-angeles-c53602/,"1239 S Atlantic Blvd, Los Angeles, CA 90022",Los Angeles,CA,90022,US,34.0151842,-118.1591244,+12134622890,http://healthyhousingfoundation.net/,resort,40.2,settled-1.1-facts,2026-10-04,1,overture-places@2026-09-23.1,cdla-permissive-2.0
ov:c540f3ef-09ad-4133-9b95-c9ec168a2853,Ramada by Wyndham Burbank Airport,https://journeyed.org/hotel/ramada-by-wyndham-burbank-airport-burbank-c540f3/,"2900 N San Fernando Blvd, Burbank, CA 91504",Burbank,CA,91504,US,34.2007022,-118.3404481,+18188435955,https://www.wyndhamhotels.com/ramada/burbank-california/ramada-burbank-airport/overview?CID=LC%3ARA%3A%3AFACEBOOK%3ARIO%3ARegional%3A00003,hotel,49.6,settled-1.1-facts,2026-10-04,18,overture-places@2026-09-23.1,cdla-permissive-2.0
ov:c61251db-b091-45a4-b03c-778be41d6d25,Lido Motel,https://journeyed.org/hotel/lido-motel-south-gate-c61251/,"8989 Atlantic Ave, South Gate, CA 90280-3504",South Gate,CA,90280-3504,US,33.949569,-118.182633,,https://lidohotelhuntingtonpark.us,motel,16.4,settled-1.1-facts,2026-10-04,0,overture-places@2026-09-23.1,cdla-permissive-2.0
ov:c626f01b-6f03-4b08-a854-10f1407d7972,Homewood Suites by Hilton Agoura Hills,https://journeyed.org/hotel/homewood-suites-by-hilton-agoura-hills-agoura-hills-c626f0/,"28901 Canwood St, Agoura Hills, CA 91301",Agoura Hills,CA,91301,US,34.146218,-118.755626,+18188651000,https://www.hilton.com/en/hotels/agohwhw-homewood-suites-agoura-hills/,hotel,37.1,settled-1.1-facts,2026-10-04,0,overture-places@2026-09-23.1,cdla-permissive-2.0
ov:c63694da-f588-4fd7-b3e7-dd35901328f9,Quality Inn and Suites Hermosa Beach,https://journeyed.org/hotel/quality-inn-and-suites-hermosa-beach-hermosa-beach-c63694/,"901 Aviation Blvd, Hermosa Beach, CA 90254",Hermosa Beach,CA,90254,US,33.8633804,-118.3909691,+13106837909,https://www.choicehotels.com/california/hermosa-beach/quality-inn-hotels/ca041?pmf=yext&mc=llyxyxpx,hotel,40.8,settled-1.1-facts,2026-10-04,4,overture-places@2026-09-23.1,cdla-permissive-2.0
ov:c641bce7-26c5-45e1-875e-30d2bd150bfa,Beach House Hotel Hermosa Beach,https://journeyed.org/hotel/beach-house-hotel-hermosa-beach-hermosa-beach-c641bc/,"1300 The Strand, Hermosa Beach, CA 90254-3548",Hermosa Beach,CA,90254-3548,US,33.863167,-118.4018293,+13103743001,http://www.beach-house.com/hermosa-beach/,hotel,70.4,settled-1.1-facts,2026-10-04,38,overture-places@2026-09-23.1,cdla-permissive-2.0
ov:c660e347-2f7a-49de-b4db-8b0d97f7fa9c,Extended Stay America,https://journeyed.org/hotel/extended-stay-america-simi-valley-c660e3/,"2498 Stearns St, Simi Valley, CA 93063",Simi Valley,CA,93063,US,34.2807885,-118.6899694,+18055848880,http://dms.netmng.com/si/cm/tracking/dgtrackingredirect.aspx?siclientid=2918&sisearchengine=1524&siredirect=http:%2f%2fwww.extendedstayamerica.com%2fhotels%2fca%2flos-angeles%2fsimi-valley&siproduct=6271_bus,hotel,27.8,settled-1.1-facts,2026-10-04,0,overture-places@2026-09-23.1,cdla-permissive-2.0
ov:c6749555-2e86-4583-93d3-570ffeac6bb2,Sunset Tower Hotel,https://journeyed.org/hotel/sunset-tower-hotel-west-hollywood-c67495/,"8358 Sunset Blvd, West Hollywood, CA 90069",West Hollywood,CA,90069,US,34.0952512,-118.3722372,+13236547100,http://www.sunsettowerhotel.com/,hotel,70.2,settled-1.1-facts,2026-10-04,101,overture-places@2026-09-23.1,cdla-permissive-2.0
ov:c67a44da-9cdd-4463-a19c-044897789b3e,Anaheim Express Inn,https://journeyed.org/hotel/anaheim-express-inn-anaheim-c67a44/,"620 W Orangewood Ave, Anaheim, CA 92802",Anaheim,CA,92802,US,33.795477,-117.9161363,+17149719000,http://www.anaheimexpressinn.com,hotel,40.8,settled-1.1-facts,2026-10-04,9,overture-places@2026-09-23.1,cdla-permissive-2.0
ov:c67a9a72-3681-4566-8348-8eeb2ce080d6,Ritz-Carlton,https://journeyed.org/hotel/ritz-carlton-los-angeles-c67a9a/,"6033 W Century Blvd, Los Angeles, CA 90045-5344",Los Angeles,CA,90045-5344,US,33.9469661,-118.3864999,+13103388600,http://www.ritzcarlton.com,hotel,39.7,settled-1.1-facts,2026-10-04,7,overture-places@2026-09-23.1,cdla-permissive-2.0
ov:c693e9f9-b52b-4a59-9c10-abe62b093d32,Viceroy Santa Monica,https://journeyed.org/hotel/viceroy-santa-monica-santa-monica-c693e9/,"1819 Ocean Ave, Santa Monica, CA 90401-3215",Santa Monica,CA,90401-3215,US,34.0080557,-118.4904274,+13102607500,http://www.viceroyhotelsandresorts.com/santamonica,hotel,40.9,settled-1.1-facts,2026-10-04,8,overture-places@2026-09-23.1,cdla-permissive-2.0
ov:c6a48e23-0f85-4d4d-9c8a-be7f34c4c720,QueenCity Inn,https://journeyed.org/hotel/queencity-inn-signal-hill-c6a48e/,"3555 E Pacific Coast Hwy, Signal Hill, CA 90755-1915",Signal Hill,CA,90755-1915,US,33.7902635,-118.1501809,+15625974455,https://www.choicehotels.com/california/signal-hill/rodeway-inn-hotels/cab15?pmf=yext&mc=llyxyxpx,inn,38.6,settled-1.1-facts,2026-10-04,1,overture-places@2026-09-23.1,cdla-permissive-2.0
ov:c6a7dc4c-08c6-4975-b9a6-22c671d5f85e,Best Western Plus Meridian Inn and Suites Anaheim Orange,https://journeyed.org/hotel/best-western-plus-meridian-inn-and-suites-anaheim-orange-orange-c6a7dc/,"720 The City Dr S, Orange, CA 92868",Orange,CA,92868,US,33.7760011,-117.8909683,+17147402700,https://www.bestwestern.com/en_US/book/hotel-rooms.05686.html?iata=00171890&ssob=BLBWI0003G&cid=BLBWI0003G%3Ayext%3Awebsite%3A05686,hotel,38.8,settled-1.1-facts,2026-10-04,5,overture-places@2026-09-23.1,cdla-permissive-2.0
ov:c6ac0bf8-bece-45de-b8c9-aafa792cd155,Roxford Motel,https://journeyed.org/hotel/roxford-motel-los-angeles-c6ac0b/,"13183 San Fernando Rd, Los Angeles, CA 91342",Los Angeles,CA,91342,US,34.3101569,-118.4742164,,,motel,7.2,settled-1.1-facts,2026-10-04,0,overture-places@2026-09-23.1,cdla-permissive-2.0
ov:c6afcdd8-82de-4dcf-9798-3c4d04909454,Valencia Inn,https://journeyed.org/hotel/valencia-inn-anaheim-c6afcd/,"2630 W Lincoln Ave, Anaheim, CA 92801",Anaheim,CA,92801,US,33.8311611,-117.9778146,+17148213690,http://www.valenciainn.net,motel,39.1,settled-1.1-facts,2026-10-04,1,overture-places@2026-09-23.1,cdla-permissive-2.0
ov:c6c9b87a-4e94-4773-af7a-92e0438bdf94,Sofi Motel,https://journeyed.org/hotel/sofi-motel-los-angeles-c6c9b8/,"9512 S Western Ave, Los Angeles, CA 90047",Los Angeles,CA,90047,US,33.9493765,-118.3088601,+13237556144,,motel,27.2,settled-1.1-facts,2026-10-04,6,overture-places@2026-09-23.1,cdla-permissive-2.0
ov:c6e07995-72b7-449c-a07b-a2d6401c73c7,Disneyland Hotel,https://journeyed.org/hotel/disneyland-hotel-anaheim-c6e079/,"1150 Magic Way, Anaheim, CA 92802",Anaheim,CA,92802,US,33.8087437,-117.9262315,+17147786600,https://disneyland.disney.go.com/hotels/disneyland-hotel/?CMP=OKC-334223_FB_DLR_resort_disneylandhotel_NA,hotel,40.7,settled-1.1-facts,2026-10-04,10,overture-places@2026-09-23.1,cdla-permissive-2.0
ov:c6f807ad-ed01-4e9a-8742-10e4842a5c46,Sanborn Hotel,https://journeyed.org/hotel/sanborn-hotel-los-angeles-c6f807/,"526 S Main St, Los Angeles, CA 90013-1422",Los Angeles,CA,90013-1422,US,34.045898,-118.249029,+12136241692,http://skidrow.org,hotel,41,settled-1.1-facts,2026-10-04,12,overture-places@2026-09-23.1,cdla-permissive-2.0
ov:c70761e6-ab3e-4de0-b10c-47df7f752e0b,Grand Monarch,https://journeyed.org/hotel/grand-monarch-dana-point-c70761/,"57 Monarch Beach Resort, Dana Point, CA 92629",Dana Point,CA,92629,US,33.4823079,-117.716378,+19492766080,https://www.lyonthegrandmonarch.com,hotel,14.8,settled-1.1-facts,2026-10-04,0,overture-places@2026-09-23.1,cdla-permissive-2.0
ov:c70953ed-9cfd-4188-b996-af61a75c8109,Hyland Motel,https://journeyed.org/hotel/hyland-motel-la-habra-c70953/,"301 E Whittier Blvd, La Habra, CA 90631",La Habra,CA,90631,US,33.9393235,-117.9436344,+15626941071,http://hylandmotel.placeweb.site,motel,34.3,settled-1.1-facts,2026-10-04,0,overture-places@2026-09-23.1,cdla-permissive-2.0
ov:c73e7361-3e2a-4dc4-9c3b-4a50e6d7f3f7,Marriott,https://journeyed.org/hotel/marriott-fullerton-c73e73/,"2701 Nutwood Avenue, Fullerton, CA 92831",Fullerton,CA,92831,US,33.8787602,-117.8820949,+17147387800,https://www.marriott.com/en-us/hotels/laxfl-fullerton-marriott-at-california-state-university/overview/?scid=d2406702-e8ea-4b45-bb9b-69cddaaef03d,hotel,37.3,settled-1.1-facts,2026-10-04,0,overture-places@2026-09-23.1,cdla-permissive-2.0
ov:c7425933-4805-4401-b154-641299f50389,Comet Hotel,https://journeyed.org/hotel/comet-hotel-los-angeles-c74259/,"1023 W Pacific Coast Hwy, Los Angeles, CA 90744",Los Angeles,CA,90744,US,33.7906766,-118.2759842,+13238352018,http://comet-pct.com,motel,36.8,settled-1.1-facts,2026-10-04,0,overture-places@2026-09-23.1,cdla-permissive-2.0
ov:c748852e-dbff-4fad-b3de-dd40df5abcec,World Bed,https://journeyed.org/hotel/world-bed-santa-ana-c74885/,"1421 E Borchard Ave, Santa Ana, CA 92705-4414",Santa Ana,CA,92705-4414,US,33.728278,-117.851359,+17145685480,,bed_and_breakfast,27,settled-1.1-facts,2026-10-04,2,overture-places@2026-09-23.1,cdla-permissive-2.0
ov:c74ef347-63f6-44bc-b117-29f7c8275979,Garfield Inn,https://journeyed.org/hotel/garfield-inn-monterey-park-c74ef3/,"2222 S Garfield Ave, Monterey Park, CA 91754",Monterey Park,CA,91754,US,34.0369306,-118.1303417,+13237286688,http://garfieldinnla.com,hotel,40,settled-1.1-facts,2026-10-04,2,overture-places@2026-09-23.1,cdla-permissive-2.0
ov:c75b509c-767e-4002-91a7-2d6049911d21,Golden Sails Resort Hotel,https://journeyed.org/hotel/golden-sails-resort-hotel-long-beach-c75b50/,"5325 E Pacific Coast Hwy, Long Beach, CA 90804-4441",Long Beach,CA,90804-4441,US,33.781613,-118.1302711,+15625961631,http://www.goldensailshotel.com,hotel,38.9,settled-1.1-facts,2026-10-04,2,overture-places@2026-09-23.1,cdla-permissive-2.0
ov:c76fe39b-160d-49e7-81c1-2c174c87c4b7,Moonlite Inn Redondo Beach,https://journeyed.org/hotel/moonlite-inn-redondo-beach-redondo-beach-c76fe3/,"625 S Pacific Coast Hwy, Redondo Beach, CA 90277",Redondo Beach,CA,90277,US,33.8311431,-118.3849665,+13105404058,,resort,28.7,settled-1.1-facts,2026-10-04,3,overture-places@2026-09-23.1,cdla-permissive-2.0
ov:c77442cf-62cf-4242-b405-42372bae1ad9,Cozy Inn,https://journeyed.org/hotel/cozy-inn-lynwood-c77442/,"10830 Atlantic Ave, Lynwood, CA 90262",Lynwood,CA,90262,US,33.9328013,-118.1823389,+13106314022,https://cozy-motel-lynwood.booked.net,motel,36.8,settled-1.1-facts,2026-10-04,0,overture-places@2026-09-23.1,cdla-permissive-2.0
ov:c781c85e-77fc-4204-bb14-e4f3be3085f5,Rancho Motel,https://journeyed.org/hotel/rancho-motel-ontario-c781c8/,"1440 W Mission Blvd, Ontario, CA 91762",Ontario,CA,91762,US,34.0562066,-117.677824,+19099864021,https://www.clearvoicesurveys.com,motel,38.8,settled-1.1-facts,2026-10-04,1,overture-places@2026-09-23.1,cdla-permissive-2.0
ov:c78ce5b1-2111-4ed4-8aaf-99037d8b31c3,Deano's Motel,https://journeyed.org/hotel/deanos-motel-culver-city-c78ce5/,"3868 Sepulveda Blvd, Culver City, CA 90230",Culver City,CA,90230,US,34.011563,-118.415446,+13103903511,https://www.deanosmotelculvercity.com,motel,39.6,settled-1.1-facts,2026-10-04,4,overture-places@2026-09-23.1,cdla-permissive-2.0
ov:c794ecef-a79a-4b59-8269-7f7c63d80d8a,Marina Motel,https://journeyed.org/hotel/marina-motel-long-beach-c794ec/,"Long Beach, CA",Long Beach,CA,,US,33.7883834,-118.1409302,+15625974714,http://lbmarinamotel.com,motel,57.7,settled-1.1-facts,2026-10-04,18,overture-places@2026-09-23.1,cdla-permissive-2.0
ov:c7964364-fb25-4243-af01-62c9a0fc4b6b,Best Western Westminster Inn,https://journeyed.org/hotel/best-western-westminster-inn-westminster-c79643/,"5755 Westminster Blvd., Westminster, CA 92683",Westminster,CA,92683,US,33.7592489,-118.0289532,+17148984043,https://www.bestwestern.com/en_US/book/hotel-rooms.05369.html?iata=00171890&ssob=BLBWI0003G&cid=BLBWI0003G%3Ayext%3Awebsite%3A05369,hotel,37.8,settled-1.1-facts,2026-10-04,0,overture-places@2026-09-23.1,cdla-permissive-2.0
ov:c7e1c48b-7fad-426a-9dea-b9c5cac41679,Best Western Los Angeles Worldport Hotel,https://journeyed.org/hotel/best-western-los-angeles-worldport-hotel-los-angeles-c7e1c4/,"1402 W Pacific Coast Hwy, Los Angeles, CA 90744",Los Angeles,CA,90744,US,33.7904005,-118.2832114,+13108343400,https://www.bestwestern.com/en_US/book/hotel-rooms.05581.html?iata=00171890&ssob=BLBWI0003G&cid=BLBWI0003G%3Ayext%3Awebsite%3A05581,hotel,36.8,settled-1.1-facts,2026-10-04,0,overture-places@2026-09-23.1,cdla-permissive-2.0
ov:c7e9776b-04b3-4ad7-9341-0251c04c5704,"The Hôtel Lili, a Member of Design Hotels™",https://journeyed.org/hotel/the-hotel-lili-a-member-of-design-hotelstm-beverly-hills-c7e977/,"140 South Lasky Drive, Beverly Hills, CA 90212",Beverly Hills,CA,90212,US,34.06563,-118.40966,,https://www.marriott.com/LAXHL,hotel,30.8,settled-1.1-facts,2026-10-04,4,overture-places@2026-09-23.1,cdla-permissive-2.0
ov:c7f57d47-5a5b-42da-a55a-ea72d058087d,Motel 6,https://journeyed.org/hotel/motel-6-south-el-monte-c7f57d/,"1228 Durfee Ave, South El Monte, CA 91733",South El Monte,CA,91733,US,34.036367,-118.036816,+16265791506,http://www.motel6.com/,motel,37.5,settled-1.1-facts,2026-10-04,0,overture-places@2026-09-23.1,cdla-permissive-2.0
ov:c805a0ce-77b6-4cbc-8f13-118a34c71869,Hilton Garden Inn Los Angeles/Hollywood,https://journeyed.org/hotel/hilton-garden-inn-los-angeles-hollywood-los-angeles-c805a0/,"2005 Highland Ave, Los Angeles, CA 90068",Los Angeles,CA,90068,US,34.1066213,-118.3377904,+13238768600,http://hiltongardeninn3.hilton.com/en/hotels/california/hilton-garden-inn-los-angeles-hollywood-LAXHOGI/index.html,hotel,40.9,settled-1.1-facts,2026-10-04,13,overture-places@2026-09-23.1,cdla-permissive-2.0
ov:c846882d-5c27-487b-948a-21d0f3e8c351,Hampton Inn Los Angeles Intl Airport Hawthorne,https://journeyed.org/hotel/hampton-inn-los-angeles-intl-airport-hawthorne-hawthorne-c84688/,"11430 Acacia Ave, Hawthorne, CA 90250",Hawthorne,CA,90250,US,33.9306877,-118.3509252,+13109733332,http://hamptoninn3.hilton.com/en/hotels/california/hampton-inn-los-angeles-intl-airport-hawthorne-LAXHTHX/index.html,hotel,39.9,settled-1.1-facts,2026-10-04,11,overture-places@2026-09-23.1,cdla-permissive-2.0
ov:c86a8c35-cd5a-4a49-a848-554801523f4b,Oxford Suites Lancaster,https://journeyed.org/hotel/oxford-suites-lancaster-lancaster-c86a8c/,"1651 W Ave K, Lancaster, CA 93534",Lancaster,CA,93534,US,34.6761002,-118.1604418,+16619493423,http://www.oxfordsuiteslancaster.com,hotel,26.5,settled-1.1-facts,2026-10-04,0,overture-places@2026-09-23.1,cdla-permissive-2.0
ov:c881ad9c-bfa0-4e64-a000-45bfccab9918,Hyatt Regency Long Beach,https://journeyed.org/hotel/hyatt-regency-long-beach-long-beach-c881ad/,"200 S Pine Ave, Long Beach, CA 90802",Long Beach,CA,90802,US,33.7632929,-118.1910881,+15624911234,https://www.hyatt.com/hyatt-regency/en-US/lgbrl-hyatt-regency-long-beach?src=agn_scrpil_prop_sem_lgbrl_brand_bing_ag_brand&msclkid=2d85d471ee40173d862bb1df40adca60,hotel,41.3,settled-1.1-facts,2026-10-04,3,overture-places@2026-09-23.1,cdla-permissive-2.0
ov:c887cb5e-0b50-4402-a967-dd75c5691861,Media Center Inn & Suites,https://journeyed.org/hotel/media-center-inn-and-suites-burbank-c887cb/,"180 W Alameda Ave, Burbank, CA 91502-2208",Burbank,CA,91502-2208,US,34.1690131,-118.3051293,,,lodging,18.6,settled-1.1-facts,2026-10-04,1,overture-places@2026-09-23.1,cdla-permissive-2.0
ov:c88d370c-c6f6-4b25-bee3-aae6c1bfcbce,Sonesta Select Huntington Beach Fountain Valley,https://journeyed.org/hotel/sonesta-select-huntington-beach-fountain-valley-fountain-valley-c88d37/,"9950 Slater Ave, Fountain Valley, CA 92708",Fountain Valley,CA,92708,US,33.70825,-117.95513,+17149685775,https://www.sonesta.com/sonesta-select/ca/fountain-valley/sonesta-select-huntington-beach-fountain-valley?utm_medium=soci&utm_source=bing,resort,40.7,settled-1.1-facts,2026-10-04,1,overture-places@2026-09-23.1,cdla-permissive-2.0
ov:c8a793ea-6b3e-479e-bee0-c7e4055e578e,Royal Hotel,https://journeyed.org/hotel/royal-hotel-san-pedro-c8a793/,"238 W 10th St, San Pedro, CA 90731-3704",San Pedro,CA,90731-3704,US,33.735363,-118.282193,+13109357633,,hotel,28.9,settled-1.1-facts,2026-10-04,2,overture-places@2026-09-23.1,cdla-permissive-2.0
ov:c8f0374d-7a93-40ee-9a52-16956b428a7a,Flamingo Motel,https://journeyed.org/hotel/flamingo-motel-north-hollywood-c8f037/,"6105 Lankershim Blvd, North Hollywood, CA 91606-4807",North Hollywood,CA,91606-4807,US,34.1813457,-118.3848015,,http://www.flamingomotelokeechobeefl.us,lodging,29.6,settled-1.1-facts,2026-10-04,2,overture-places@2026-09-23.1,cdla-permissive-2.0
ov:c8f71b73-2e26-4050-879c-c3f0a072a628,Hotel Metropole,https://journeyed.org/hotel/hotel-metropole-avalon-c8f71b/,"205 Crescent Ave, Avalon, CA 90704",Avalon,CA,90704,US,33.3446046,-118.3271349,+18003008528,http://www.hotel-metropole.com/,hotel,31.3,settled-1.1-facts,2026-10-04,0,overture-places@2026-09-23.1,cdla-permissive-2.0
ov:c8fde46a-a39d-42a4-bec5-24a5c239af61,La Casa Inn,https://journeyed.org/hotel/la-casa-inn-pasadena-c8fde4/,"2800 E Colorado Blvd, Pasadena, CA 91107",Pasadena,CA,91107,US,34.1459694,-118.0927963,+16264491122,https://www.lacasainnpasadenacalifornia.com/,resort,38.8,settled-1.1-facts,2026-10-04,1,overture-places@2026-09-23.1,cdla-permissive-2.0
ov:c90935c7-280e-4425-965d-2b81aa6db151,Howard Johnson by Wyndham Orange Hotel & Suites,https://journeyed.org/hotel/howard-johnson-by-wyndham-orange-hotel-and-suites-orange-c90935/,"1930 E Katella Ave, Orange, CA 92867",Orange,CA,92867,US,33.8092724,-117.833138,+17144534648,https://www.wyndhamhotels.com/hojo/orange-california/howard-johnson-inn-and-suites-orange/overview?CID=LC:HJ::BING:RIO:National:01747&iata=00093796,resort,38.8,settled-1.1-facts,2026-10-04,5,overture-places@2026-09-23.1,cdla-permissive-2.0
ov:c92e9d81-78ea-447a-9758-266d99853e40,Comfort Inn & Suites Lancaster Antelope Valley,https://journeyed.org/hotel/comfort-inn-and-suites-lancaster-antelope-valley-lancaster-c92e9d/,"1825 W Ave J 12, Lancaster, CA 93534",Lancaster,CA,93534,US,34.6790034,-118.1625897,+16614185690,https://www.choicehotels.com/california/lancaster/comfort-inn-hotels/ca824?pmf=yext&mc=llyxyxpx,hotel,26.5,settled-1.1-facts,2026-10-04,0,overture-places@2026-09-23.1,cdla-permissive-2.0
ov:c95a7b8a-ccf0-4ff4-8f57-f52e0d582320,Hotel Couchafornia,https://journeyed.org/hotel/hotel-couchafornia-van-nuys-c95a7b/,"15911 Hamlin St, Van Nuys, CA 91406-6446",Van Nuys,CA,91406-6446,US,34.1880484,-118.4798642,,,hotel,17.2,settled-1.1-facts,2026-10-04,1,overture-places@2026-09-23.1,cdla-permissive-2.0
ov:c97b0426-b293-422f-a87f-12f9a4d13c88,Hampton Inn & Suites Anaheim Garden Grove,https://journeyed.org/hotel/hampton-inn-and-suites-anaheim-garden-grove-garden-grove-c97b04/,"11747 Harbor Blvd, Garden Grove, CA 92840-2701",Garden Grove,CA,92840-2701,US,33.7921125,-117.9158287,+17147038800,https://www.hilton.com,hotel,40.5,settled-1.1-facts,2026-10-04,9,overture-places@2026-09-23.1,cdla-permissive-2.0
ov:c983fe69-84cb-4f30-8fdf-314714925c3f,Holiday Inn Express & Suites Glendale Downtown By Ihg,https://journeyed.org/hotel/holiday-inn-express-and-suites-glendale-downtown-by-ihg-glendale-c983fe/,"1001 E Colorado St, Glendale, CA 91205-1225",Glendale,CA,91205-1225,US,34.142927,-118.24289,+17474417402,https://www.ihg.com,hotel,40.9,settled-1.1-facts,2026-10-04,1,overture-places@2026-09-23.1,cdla-permissive-2.0
ov:c98eaa48-9e78-4d92-944f-bd5d8d3ee7c0,Courtyard by Marriott Los Angeles LAX/Hawthorne,https://journeyed.org/hotel/courtyard-by-marriott-los-angeles-lax-hawthorne-hawthorne-c98eaa/,"4427 W El Segundo Blvd, Hawthorne, CA 90250",Hawthorne,CA,90250,US,33.9170236,-118.3537764,+13102631116,https://www.marriott.com/en-us/hotels/laxhc-courtyard-los-angeles-lax-hawthorne/overview/?scid=d2406702-e8ea-4b45-bb9b-69cddaaef03d,hotel,39.2,settled-1.1-facts,2026-10-04,8,overture-places@2026-09-23.1,cdla-permissive-2.0
ov:c9971a6d-dd79-4f1c-84a0-8e81a0852f3c,Hotel Portlight,https://journeyed.org/hotel/hotel-portlight-wilmington-c9971a/,"1050 Alameda St, Wilmington, CA 90744-3842",Wilmington,CA,90744-3842,US,33.7850298,-118.2428723,+13105183834,http://www.hotelportlight.com,hotel,36.8,settled-1.1-facts,2026-10-04,0,overture-places@2026-09-23.1,cdla-permissive-2.0
ov:c9bd5610-283e-44a6-9217-8e1ced54f220,Noon on Sunset Hill,https://journeyed.org/hotel/noon-on-sunset-hill-los-angeles-c9bd56/,"1436 Sunset Blvd, Los Angeles, CA 90026",Los Angeles,CA,90026,US,34.0745726,-118.2534509,+13234772181,http://www.noonsunsethill.com/,inn,50.7,settled-1.1-facts,2026-10-04,30,overture-places@2026-09-23.1,cdla-permissive-2.0
ov:c9d0a830-910c-4d73-8dad-a2689bcd26a7,Jet Inn,https://journeyed.org/hotel/jet-inn-los-angeles-c9d0a8/,"4542 W Slauson Ave, Los Angeles, CA 90043",Los Angeles,CA,90043,US,33.9885556,-118.355677,+13232952544,http://www.jetinn-la.us,hotel,62.4,settled-1.1-facts,2026-10-04,39,overture-places@2026-09-23.1,cdla-permissive-2.0
ov:c9f28b30-4c4f-489b-abca-71a9d9ad97da,Ayres Hotel Fountain Valley - Huntington Beach,https://journeyed.org/hotel/ayres-hotel-fountain-valley-huntington-beach-fountain-valley-c9f28b/,"17550 Brookhurst St, Fountain Valley, CA 92708-4747",Fountain Valley,CA,92708-4747,US,33.7082112,-117.953875,+17148615170,http://ayreshotels.com/ayres-hotel-fountain-valley,hotel,40.6,settled-1.1-facts,2026-10-04,1,overture-places@2026-09-23.1,cdla-permissive-2.0
ov:ca04cf5f-5597-45c3-8cb4-7238bec79ac1,Marion,https://journeyed.org/hotel/marion-los-angeles-ca04cf/,"642 Crocker St, Los Angeles, CA 90021",Los Angeles,CA,90021,US,34.0406228,-118.2452659,+12136247205,,hotel,28.8,settled-1.1-facts,2026-10-04,12,overture-places@2026-09-23.1,cdla-permissive-2.0
ov:ca0a4148-e371-410c-8746-cadf72563852,Motel Moonlight,https://journeyed.org/hotel/motel-moonlight-anaheim-ca0a41/,"735 S Beach Blvd, Anaheim, CA 92804",Anaheim,CA,92804,US,33.8207111,-117.993551,+17149954021,http://www.moonlightmotelanaheim.com,motel,63.3,settled-1.1-facts,2026-10-04,47,overture-places@2026-09-23.1,cdla-permissive-2.0
ov:ca3c78b0-55b6-433c-b204-849d4df4161c,Sandman Motel,https://journeyed.org/hotel/sandman-motel-anaheim-ca3c78/,"1248 E Lincoln Ave, Anaheim, CA 92805-2223",Anaheim,CA,92805-2223,US,33.838056,-117.900244,+17147727280,http://www.sandmanhotels.com,hotel,38.4,settled-1.1-facts,2026-10-04,7,overture-places@2026-09-23.1,cdla-permissive-2.0
ov:ca44b370-9bce-4204-aaa3-a5f8a3616a47,La Brea Hotel,https://journeyed.org/hotel/la-brea-hotel-inglewood-ca44b3/,"524 N La Brea Ave, Inglewood, CA 90302",Inglewood,CA,90302,US,33.9698673,-118.3561608,+13106721333,http://labreahotel.placeweb.site,hotel,40,settled-1.1-facts,2026-10-04,10,overture-places@2026-09-23.1,cdla-permissive-2.0
ov:ca4ab05e-8d79-400d-909c-678295a8cf3c,Villa Tramonto,https://journeyed.org/hotel/villa-tramonto-pacific-palisades-ca4ab0/,"17470 Tramonto Dr, Pacific Palisades, CA 90272",Pacific Palisades,CA,90272,US,34.0423102,-118.5574289,+13104590964,,hotel,23.7,settled-1.1-facts,2026-10-04,0,overture-places@2026-09-23.1,cdla-permissive-2.0
ov:ca507d04-e21f-41b6-b2e4-a2cdecc8662f,Dutch Inn,https://journeyed.org/hotel/dutch-inn-bellflower-ca507d/,"8830 Artesia Blvd, Bellflower, CA 90706",Bellflower,CA,90706,US,33.8746082,-118.1437135,+15625310265,http://dutchinn.co.uk,motel,39,settled-1.1-facts,2026-10-04,1,overture-places@2026-09-23.1,cdla-permissive-2.0
ov:ca51a2a9-908b-423d-8215-1560049c113e,The Buena Park Hotel & Suites,https://journeyed.org/hotel/the-buena-park-hotel-and-suites-buena-park-ca51a2/,"7555 Beach Blvd, Buena Park, CA 90620",Buena Park,CA,90620,US,33.854612,-117.999098,+17145227360,http://www.thebuenaparkhotel.com/,resort,69.5,settled-1.1-facts,2026-10-04,55,overture-places@2026-09-23.1,cdla-permissive-2.0
ov:ca884340-4c2a-46ff-bc71-66ca4b4a0dcc,Crescent Bay Inn,https://journeyed.org/hotel/crescent-bay-inn-laguna-beach-ca8843/,"1435 N Coast Hwy, Laguna Beach, CA 92651-1318",Laguna Beach,CA,92651-1318,US,33.5487296,-117.8017455,+19494942508,http://www.crescentbayinn.com/,hotel,54.1,settled-1.1-facts,2026-10-04,5,overture-places@2026-09-23.1,cdla-permissive-2.0
ov:caa2a1a1-d88a-4c96-98d7-94b31bc338b5,Best Western Plus Stovall's Inn,https://journeyed.org/hotel/best-western-plus-stovalls-inn-anaheim-caa2a1/,"1110 W Katella Ave, Anaheim, CA 92802",Anaheim,CA,92802,US,33.8025358,-117.9247106,+17147781880,http://www.stovallshotels.com/,hotel,50.8,settled-1.1-facts,2026-10-04,17,overture-places@2026-09-23.1,cdla-permissive-2.0
ov:cab5f1e1-682b-4216-bbad-429847c05fc9,Del Aire Inn Hotel,https://journeyed.org/hotel/del-aire-inn-hotel-hawthorne-cab5f1/,"4610 W Imperial Hwy, Hawthorne, CA 90304",Hawthorne,CA,90304,US,33.9308201,-118.3572834,+13106734141,https://del-aire-inn-los-angeles.booked.net,hotel,39.6,settled-1.1-facts,2026-10-04,9,overture-places@2026-09-23.1,cdla-permissive-2.0
ov:caf37e85-1bbf-45a0-ae5d-86e45f62fef4,Hi-lite Motel,https://journeyed.org/hotel/hi-lite-motel-los-angeles-caf37e/,"10321 S Broadway, Los Angeles, CA 90003-4538",Los Angeles,CA,90003-4538,US,33.94222,-118.27854,+13237799122,,motel,25,settled-1.1-facts,2026-10-04,0,overture-places@2026-09-23.1,cdla-permissive-2.0
ov:caf40ead-147c-42a9-ac7b-faa04521279a,Hyatt Place Los Angeles/LAX/El Segundo,https://journeyed.org/hotel/hyatt-place-los-angeles-lax-el-segundo-el-segundo-caf40e/,"750 N Nash St, El Segundo, CA 90245",El Segundo,CA,90245,US,33.9262743,-118.3870756,+13103222880,http://elsegundo.place.hyatt.com/,hotel,39,settled-1.1-facts,2026-10-04,5,overture-places@2026-09-23.1,cdla-permissive-2.0
ov:cb0322d2-c084-4542-b4df-b6a6e46ceb38,Travelodge by Wyndham Brea,https://journeyed.org/hotel/travelodge-by-wyndham-brea-brea-cb0322/,"805 S Brea Blvd, Brea, CA 92821",Brea,CA,92821,US,33.9078668,-117.9052729,+17144593021,http://travelodgebrea.com/,motel,37.1,settled-1.1-facts,2026-10-04,0,overture-places@2026-09-23.1,cdla-permissive-2.0
ov:cb0879b5-0dee-46e5-b31d-91bfcc8d2021,Anand Motel,https://journeyed.org/hotel/anand-motel-los-angeles-cb0879/,"10210 S Western Ave, Los Angeles, CA 90047",Los Angeles,CA,90047,US,33.9435742,-118.3089015,+13234188488,https://www.anand-motel.hotelsearchusa.com/,motel,38.7,settled-1.1-facts,2026-10-04,5,overture-places@2026-09-23.1,cdla-permissive-2.0
ov:cb1bef98-509f-4705-928e-05408dbba0f0,New Star Inn. El Monte - Los Angeles,https://journeyed.org/hotel/new-star-inn-el-monte-los-angeles-el-monte-cb1bef/,"11805 Valley Blvd, El Monte, CA 91732",El Monte,CA,91732,US,34.0653127,-118.0223057,+16264442022,http://new-star-inn.los-angeles-metropolitan-area.com,motel,39.9,settled-1.1-facts,2026-10-04,1,overture-places@2026-09-23.1,cdla-permissive-2.0
ov:cb235b2f-7eab-4322-a4b5-eb63592cc78d,Regency Motel,https://journeyed.org/hotel/regency-motel-brea-cb235b/,"723 S Brea Blvd, Brea, CA 92821",Brea,CA,92821,US,33.9092401,-117.9044521,+17145293927,http://www.regencymotelbreaca.com/,motel,36.9,settled-1.1-facts,2026-10-04,0,overture-places@2026-09-23.1,cdla-permissive-2.0
ov:cb25cbfb-a7cb-41ee-b97c-cecceebddcd0,Maison 140 Beverly Hills,https://journeyed.org/hotel/maison-140-beverly-hills-beverly-hills-cb25cb/,"140 S Lasky Dr, Beverly Hills, CA 90212",Beverly Hills,CA,90212,US,34.0656307,-118.4096664,+13102814000,https://www.maison140.com/?utm_source=organic&utm_medium=yext&utm_campaign=website_link,hotel,40.7,settled-1.1-facts,2026-10-04,4,overture-places@2026-09-23.1,cdla-permissive-2.0
ov:cb76eff2-a26d-4cb6-a079-2c2e8a67c49d,The Bailey Hotel,https://journeyed.org/hotel/the-bailey-hotel-fullerton-cb76ef/,"2461 Salem Pl, Fullerton, CA 92835-3130",Fullerton,CA,92835-3130,US,33.8989321,-117.8757693,,,hotel,14.4,settled-1.1-facts,2026-10-04,0,overture-places@2026-09-23.1,cdla-permissive-2.0
ov:cba698ae-7b32-43c2-8cf0-6d2328efeaa9,Days Inn and Suites by Wyndham Anaheim,https://journeyed.org/hotel/days-inn-and-suites-by-wyndham-anaheim-anaheim-cba698/,"1111 S Harbor Blvd, Anaheim, CA 92805",Anaheim,CA,92805,US,33.8188989,-117.9159291,+17146165788,https://www.wyndhamhotels.com/days-inn/anaheim-california/days-inn-and-suites-anaheim-at-disneyland-park/overview?CID=LC%3ADI%3A%3AFACEBOOK%3ARIO%3ARegional%3A04986,hotel,50.6,settled-1.1-facts,2026-10-04,52,overture-places@2026-09-23.1,cdla-permissive-2.0
ov:cba9c0c0-b81b-41f4-8cf6-ec8dc2b19779,Leonide Hotel,https://journeyed.org/hotel/leonide-hotel-los-angeles-cba9c0/,"514 S Main St, Los Angeles, CA 90013-1422",Los Angeles,CA,90013-1422,US,34.046139,-118.248606,,https://www.lacounty.gov/wgi,hotel,31.1,settled-1.1-facts,2026-10-04,12,overture-places@2026-09-23.1,cdla-permissive-2.0
ov:cbc18aa5-dbd7-46d6-97ad-df70aa35a3d9,OceanView Hotel,https://journeyed.org/hotel/oceanview-hotel-laguna-niguel-cbc18a/,"1 Via Laguna, Laguna Niguel, CA 92677-5197",Laguna Niguel,CA,92677-5197,US,33.51207,-117.68055,,,hotel,5.9,settled-1.1-facts,2026-10-04,0,overture-places@2026-09-23.1,cdla-permissive-2.0
ov:cbd2fadf-74b0-48ba-a7d8-39d12f59d776,Flight Motel,https://journeyed.org/hotel/flight-motel-los-angeles-cbd2fa/,"9501 S Figueroa St, Los Angeles, CA 90003-3926",Los Angeles,CA,90003-3926,US,33.9500303,-118.2832715,+13237779105,https://flight-motel.allhotelscalifornia.com/en,motel,36.7,settled-1.1-facts,2026-10-04,0,overture-places@2026-09-23.1,cdla-permissive-2.0
ov:cbe0fd05-f5b6-4026-aae3-ec961b0e2aea,Pacific Coast Suites,https://journeyed.org/hotel/pacific-coast-suites-los-angeles-cbe0fd/,"107 W Channel Rd, Los Angeles, CA 90402",Los Angeles,CA,90402,US,34.0286036,-118.5191211,+18188368337,,holiday_rental_home,27.2,settled-1.1-facts,2026-10-04,4,overture-places@2026-09-23.1,cdla-permissive-2.0
ov:cbe9eb35-2652-48cb-a639-cea7e73dcab6,Four Seasons Lanai,https://journeyed.org/hotel/four-seasons-lanai-los-angeles-cbe9eb/,"6100 Center Dr, Los Angeles, CA 90045-9200",Los Angeles,CA,90045-9200,US,33.977173,-118.392478,+13106420435,,hotel,27.9,settled-1.1-facts,2026-10-04,6,overture-places@2026-09-23.1,cdla-permissive-2.0
ov:cbf8b6e4-1cd0-4e7e-a900-157ad254af87,Skywards Hotel,https://journeyed.org/hotel/skywards-hotel-los-angeles-cbf8b6/,"9250 Airport Blvd, Los Angeles, CA 90045-4590",Los Angeles,CA,90045-4590,US,33.95198,-118.38531,+13104101787,,hotel,28.3,settled-1.1-facts,2026-10-04,8,overture-places@2026-09-23.1,cdla-permissive-2.0
ov:cc320ace-615a-41cb-8853-dd10b8485a2a,Hazy 8 Motel,https://journeyed.org/hotel/hazy-8-motel-bellflower-cc320a/,"15010 Lakewood Blvd, Bellflower, CA 90706",Bellflower,CA,90706,US,33.8969888,-118.1422198,+15626334287,,motel,27.2,settled-1.1-facts,2026-10-04,1,overture-places@2026-09-23.1,cdla-permissive-2.0
ov:cc3ad5b9-ffe8-4f88-8637-24531bd1d000,Valley Vista Motel,https://journeyed.org/hotel/valley-vista-motel-montclair-cc3ad5/,"5650 W Holt Blvd, Montclair, CA 91763",Montclair,CA,91763,US,34.0636145,-117.6819044,+19096241414,,motel,26.9,settled-1.1-facts,2026-10-04,1,overture-places@2026-09-23.1,cdla-permissive-2.0
ov:cc62dc1e-245c-4e3c-ba14-4f6928fc5dea,Santa Ana Travel Inn,https://journeyed.org/hotel/santa-ana-travel-inn-santa-ana-cc62dc/,"2005 N Main St, Santa Ana, CA 92706",Santa Ana,CA,92706,US,33.7627532,-117.8672918,+17145476286,http://www.santaanatravelinn.com,hotel,40,settled-1.1-facts,2026-10-04,5,overture-places@2026-09-23.1,cdla-permissive-2.0
ov:cc79a95f-9539-4f92-8678-6729aa65579f,Look Motel Inn,https://journeyed.org/hotel/look-motel-inn-los-angeles-cc79a9/,"7827 Crenshaw Blvd, Los Angeles, CA 90043",Los Angeles,CA,90043,US,33.9683401,-118.3310741,+13237591623,,motel,28.4,settled-1.1-facts,2026-10-04,10,overture-places@2026-09-23.1,cdla-permissive-2.0
ov:ccaa2350-c2f9-4bea-a5a1-21525a92ff4d,Horizon Inn,https://journeyed.org/hotel/horizon-inn-los-angeles-ccaa23/,"1645 Pacific Coast Hwy, Los Angeles, CA 90710-2627",Los Angeles,CA,90710-2627,US,33.7897498,-118.3059286,+13105344844,http://www.horizoninnmotelharborcity.us,motel,60.6,settled-1.1-facts,2026-10-04,21,overture-places@2026-09-23.1,cdla-permissive-2.0
ov:ccb83cbd-2633-4006-a52b-163a0219c459,SleepCheap BnB,https://journeyed.org/hotel/sleepcheap-bnb-los-angeles-ccb83c/,"1237 W 51st Pl, Los Angeles, CA 90037",Los Angeles,CA,90037,US,33.9961207,-118.297226,+13234320057,http://www.SleepCheapBnB.com/,bed_and_breakfast,39.5,settled-1.1-facts,2026-10-04,3,overture-places@2026-09-23.1,cdla-permissive-2.0
ov:ccb9ac89-45c8-4ab9-9257-c2f6a63252ba,DoubleTree Suites by Hilton Hotel Doheny Beach,https://journeyed.org/hotel/doubletree-suites-by-hilton-hotel-doheny-beach-dana-point-ccb9ac/,"34402 Pacific Coast Highway, Dana Point, CA 92629",Dana Point,CA,92629,US,33.4650386,-117.686841,+19496611100,,hotel,14.8,settled-1.1-facts,2026-10-04,0,overture-places@2026-09-23.1,cdla-permissive-2.0
ov:ccfa2a74-aeb8-499f-8ea0-4ca9cd0a40ec,PodShare Venice,https://journeyed.org/hotel/podshare-venice-venice-ccfa2a/,"522 Venice Blvd, Venice, CA 90291",Venice,CA,90291,US,33.98735,-118.46468,+12139737741,https://www.podshare.com/,hostel,40.7,settled-1.1-facts,2026-10-04,10,overture-places@2026-09-23.1,cdla-permissive-2.0
ov:cd050da5-21f2-4918-9320-36d5ccb37fbd,Holiday Inn Anaheim Resort,https://journeyed.org/hotel/holiday-inn-anaheim-resort-anaheim-cd050d/,"1915 S Manchester Ave, Anaheim, CA 92802-3802",Anaheim,CA,92802-3802,US,33.800278,-117.901295,,,lodging,18.2,settled-1.1-facts,2026-10-04,9,overture-places@2026-09-23.1,cdla-permissive-2.0
ov:cd0e4991-9bd7-4e34-970a-b98151d6bccb,（林肯酒店）Lincoln Hotel,https://journeyed.org/hotel/lincoln-hotel-monterey-park-cd0e49/,"123 S Lincoln Ave, Monterey Park, CA 91755",Monterey Park,CA,91755,US,34.0617883,-118.1216359,+16265718818,http://www.lincolnplazahotel.net/,resort,49.9,settled-1.1-facts,2026-10-04,7,overture-places@2026-09-23.1,cdla-permissive-2.0
ov:cd11bca7-c0d0-4414-9124-290297f42c5c,Fiesta Inn,https://journeyed.org/hotel/fiesta-inn-bell-gardens-cd11bc/,"6442 Florence Ave, Bell Gardens, CA 90201",Bell Gardens,CA,90201,US,33.9633844,-118.1490122,+15629286252,http://www.fiestainn.com,hotel,40.8,settled-1.1-facts,2026-10-04,2,overture-places@2026-09-23.1,cdla-permissive-2.0
ov:cd2019d3-e8b8-4fb2-ac9f-548acbff060a,Regent Suites,https://journeyed.org/hotel/regent-suites-san-gabriel-cd2019/,"223 E Main St, San Gabriel, CA 91776",San Gabriel,CA,91776,US,34.0972353,-118.097608,+16264042000,http://www.regentsuites.com,hotel,40.5,settled-1.1-facts,2026-10-04,3,overture-places@2026-09-23.1,cdla-permissive-2.0
ov:cd28dbd5-3b5b-4319-acf6-6c498685c6ba,Hotel Casa 425 + Lounge,https://journeyed.org/hotel/hotel-casa-425-lounge-claremont-cd28db/,"425 W 1st St, Claremont, CA 91711",Claremont,CA,91711,US,34.0947398,-117.7203816,+19096242272,https://www.casa425.com/,hotel,36.6,settled-1.1-facts,2026-10-04,0,overture-places@2026-09-23.1,cdla-permissive-2.0
ov:cd6574eb-16a9-49a4-8f54-e95d5fb98f2a,Marriott Downtown,https://journeyed.org/hotel/marriott-downtown-los-angeles-cd6574/,"333 S Figueroa St, Los Angeles, CA 90071-1001",Los Angeles,CA,90071-1001,US,34.05502,-118.255513,,,lodging,19.1,settled-1.1-facts,2026-10-04,13,overture-places@2026-09-23.1,cdla-permissive-2.0
ov:cd7f8032-5c28-4eaa-ace4-23f145e5ef26,New Casa Motel,https://journeyed.org/hotel/new-casa-motel-los-angeles-cd7f80/,"7720 Main St, Los Angeles, CA 90003",Los Angeles,CA,90003,US,33.969201,-118.2737616,+13233051387,,motel,25,settled-1.1-facts,2026-10-04,0,overture-places@2026-09-23.1,cdla-permissive-2.0
ov:cd82c819-2d3b-4bdb-9f16-46cb6325b185,The Venice Beach Hostel,https://journeyed.org/hotel/the-venice-beach-hostel-los-angeles-cd82c8/,"Washington Blvd, Los Angeles, CA 90292",Los Angeles,CA,90292,US,33.9868293,-118.4542915,+13103013983,http://www.venicebeachhostel.com,hostel,40.4,settled-1.1-facts,2026-10-04,16,overture-places@2026-09-23.1,cdla-permissive-2.0
ov:cd963d4e-137b-46c5-a45c-3a59556816f3,Motel 6,https://journeyed.org/hotel/motel-6-stanton-cd963d/,"7450 Katella Ave, Stanton, CA 90680",Stanton,CA,90680,US,33.8025235,-118.0029014,+13157145685,http://www.motel6.com/,motel,37.5,settled-1.1-facts,2026-10-04,1,overture-places@2026-09-23.1,cdla-permissive-2.0
ov:cd9dcc17-e24c-4f07-a3d0-519af12b4c36,Sonesta ES Suites Huntington Beach Fountain Valley,https://journeyed.org/hotel/sonesta-es-suites-huntington-beach-fountain-valley-fountain-valley-cd9dcc/,"9930 Slater Ave, Fountain Valley, CA 92708",Fountain Valley,CA,92708,US,33.7084562,-117.9559874,+17149658000,https://www.sonesta.com/sonesta-es-suites/ca/fountain-valley/sonesta-es-suites-huntington-beach-fountain-valley,resort,40.7,settled-1.1-facts,2026-10-04,1,overture-places@2026-09-23.1,cdla-permissive-2.0
ov:cdbfd1cc-d081-4c8c-8ed3-096ec6b72833,Jims Castle Inn,https://journeyed.org/hotel/jims-castle-inn-fullerton-cdbfd1/,"1275 N Berkeley Ave, Fullerton, CA 92832-1206",Fullerton,CA,92832-1206,US,33.88134,-117.92709,+17148345400,https://hotel-ph.com/,hotel,40.4,settled-1.1-facts,2026-10-04,1,overture-places@2026-09-23.1,cdla-permissive-2.0
ov:cdc8b074-f379-4d7a-9d80-639d42835363,TownePlace Suites by Marriott Palmdale,https://journeyed.org/hotel/towneplace-suites-by-marriott-palmdale-palmdale-cdc8b0/,"39330 Trade Center Dr, Palmdale, CA 93551",Palmdale,CA,93551,US,34.5952292,-118.1430982,+16614502400,https://www.marriott.com/en-us/hotels/laxpp-towneplace-suites-palmdale/overview/,hotel,26.5,settled-1.1-facts,2026-10-04,0,overture-places@2026-09-23.1,cdla-permissive-2.0
ov:ce004a4a-4ead-402d-b2a2-cb8e1311c94c,Sai Park Motel,https://journeyed.org/hotel/sai-park-motel-lancaster-ce004a/,"757 W Avenue I, Lancaster, CA 93534",Lancaster,CA,93534,US,34.704142,-118.145019,+13477524491,https://www.oyorooms.com/us/249866/?utm_source=GMB&utm_medium=Organic&utm_campaign=US_LCA001,hotel,26.5,settled-1.1-facts,2026-10-04,0,overture-places@2026-09-23.1,cdla-permissive-2.0
ov:ce0a7ba5-63aa-468c-88f6-43d0c3b55c03,Grand Park Inn,https://journeyed.org/hotel/grand-park-inn-baldwin-park-ce0a7b/,"13921 Francisquito Ave, Baldwin Park, CA 91706-5966",Baldwin Park,CA,91706-5966,US,34.067696,-117.971697,+16268140808,https://www.hotelgrandparkinn.com,motel,38.7,settled-1.1-facts,2026-10-04,1,overture-places@2026-09-23.1,cdla-permissive-2.0
ov:ce124e4d-1cf1-4c15-978a-d1063798d647,UCLA Saxon Suites,https://journeyed.org/hotel/ucla-saxon-suites-los-angeles-ce124e/,"310 De Neve Dr, Los Angeles, CA 90024-8304",Los Angeles,CA,90024-8304,US,34.071779,-118.452735,+13109833788,http://housing.ucla.edu/,hotel,41,settled-1.1-facts,2026-10-04,6,overture-places@2026-09-23.1,cdla-permissive-2.0
ov:ce2712f5-f331-4475-9049-185556da0d7e,Days Inn by Wyndham Costa Mesa/Newport Beach,https://journeyed.org/hotel/days-inn-by-wyndham-costa-mesa-newport-beach-costa-mesa-ce2712/,"2100 Newport Blvd, Costa Mesa, CA 92627",Costa Mesa,CA,92627,US,33.648964,-117.9103257,+19496422670,https://www.wyndhamhotels.com/days-inn/costa-mesa-california/days-inn-costa-mesa-newport-beach/overview?CID=LC:DI::BING:RIO:National:04992&iata=00093796,resort,39.9,settled-1.1-facts,2026-10-04,1,overture-places@2026-09-23.1,cdla-permissive-2.0
ov:ce4e741b-222d-4c40-9376-613317cb730f,Hollywood Seven Star Motel,https://journeyed.org/hotel/hollywood-seven-star-motel-los-angeles-ce4e74/,"7096 Yucca St, Los Angeles, CA 90028-8606",Los Angeles,CA,90028-8606,US,34.1025694,-118.3452902,+13238500831,http://www.hollywoodsevenstarmotel.com,hotel,41.1,settled-1.1-facts,2026-10-04,15,overture-places@2026-09-23.1,cdla-permissive-2.0
ov:ce805b78-3379-4ea2-8423-46c42ccbb076,Studio 6 Gorman CA,https://journeyed.org/hotel/studio-6-gorman-ca-gorman-ce805b/,"49713 Gorman Post Rd, Gorman, CA 93243",Gorman,CA,93243,US,34.795948,-118.8518143,+16612486411,http://www.studio6gorman.com/,hotel,26.5,settled-1.1-facts,2026-10-04,0,overture-places@2026-09-23.1,cdla-permissive-2.0
ov:ce8210f0-b3df-4456-afdd-ca3e3d3c0589,Vagabond Inn,https://journeyed.org/hotel/vagabond-inn-whittier-ce8210/,"14125 Whittier Blvd, Whittier, CA 90605",Whittier,CA,90605,US,33.9572819,-118.0218999,+15626989701,http://www.vagabondinn.com/california/vagabond-inn-whittier.aspx,hotel,39.4,settled-1.1-facts,2026-10-04,1,overture-places@2026-09-23.1,cdla-permissive-2.0
ov:ce8e86a4-f513-4b05-8ccb-1c90ea3322f5,Hotel Lulu,https://journeyed.org/hotel/hotel-lulu-anaheim-ce8e86/,"1850 S Harbor Blvd, Anaheim, CA 92802-3510",Anaheim,CA,92802-3510,US,33.8018847,-117.914588,+16576885858,https://hotellulu.com/,hotel,65.2,settled-1.1-facts,2026-10-04,59,overture-places@2026-09-23.1,cdla-permissive-2.0
ov:ce97ac4c-eb9e-4af4-9c0d-41eb371f0158,Selby Hotel,https://journeyed.org/hotel/selby-hotel-los-angeles-ce97ac/,"1740 N Hudson Ave, Los Angeles, CA 90028",Los Angeles,CA,90028,US,34.1025392,-118.3320826,+12134800809,,hotel,29.3,settled-1.1-facts,2026-10-04,12,overture-places@2026-09-23.1,cdla-permissive-2.0
ov:cebc1045-70a9-4837-ac32-1895048d365e,The Dixie Hollywood Hotel,https://journeyed.org/hotel/the-dixie-hollywood-hotel-los-angeles-cebc10/,"5410 Hollywood Blvd, Los Angeles, CA 90027",Los Angeles,CA,90027,US,34.1015586,-118.3076799,+13234637171,http://www.dixiehollywoodhotel.com/,motel,78.7,settled-1.1-facts,2026-10-04,91,overture-places@2026-09-23.1,cdla-permissive-2.0
ov:cedfae19-f34b-4935-af6e-6f5b0d42440c,Anaheim Desert Inn and Suites,https://journeyed.org/hotel/anaheim-desert-inn-and-suites-anaheim-cedfae/,"1600 S Harbor Blvd, Anaheim, CA 92802",Anaheim,CA,92802,US,33.8087342,-117.9145119,+17147725050,https://www.anaheimdesertinn.com,hotel,79.6,settled-1.1-facts,2026-10-04,93,overture-places@2026-09-23.1,cdla-permissive-2.0
ov:ceeef30d-885a-4b8a-8b1f-d70160194b85,Hilton Garden Inn Los Angeles/Redondo Beach,https://journeyed.org/hotel/hilton-garden-inn-los-angeles-redondo-beach-redondo-beach-ceeef3/,"2410 Marine Ave, Redondo Beach, CA 90278",Redondo Beach,CA,90278,US,33.8944989,-118.3696391,+13107279999,https://www.hilton.com/en/hotels/laxrbgi-hilton-garden-inn-los-angeles-redondo-beach/,hotel,37.6,settled-1.1-facts,2026-10-04,4,overture-places@2026-09-23.1,cdla-permissive-2.0
ov:cf236d0c-3a14-4aff-b03f-f3640f2082fd,Rodeway Inn,https://journeyed.org/hotel/rodeway-inn-south-gate-cf236d/,"8911 Atlantic Ave, South Gate, CA 90280",South Gate,CA,90280,US,33.9508955,-118.1830407,+13235647701,https://www.choicehotels.com/california/south-gate/rodeway-inn-hotels/cad49?pmf=yext&mc=llyxyxpx,hotel,38.1,settled-1.1-facts,2026-10-04,0,overture-places@2026-09-23.1,cdla-permissive-2.0
ov:cf426ce8-4a97-4905-9a9d-d185ec7ba798,Brand Plaza Hotel,https://journeyed.org/hotel/brand-plaza-hotel-glendale-cf426c/,"339 1/2 N Brand Blvd, Glendale, CA 91203",Glendale,CA,91203,US,34.1513299,-118.2553219,+18182443820,http://www.brandwoodhotel.com/,hotel,40.7,settled-1.1-facts,2026-10-04,1,overture-places@2026-09-23.1,cdla-permissive-2.0
ov:cf482b83-6bd8-4f07-95aa-10e90a6d7a7f,SpringHill Suites by Marriott Los Angeles Burbank/Downtown,https://journeyed.org/hotel/springhill-suites-by-marriott-los-angeles-burbank-downtown-burbank-cf482b/,"549 S San Fernando Blvd, Burbank, CA 91502",Burbank,CA,91502,US,34.1774993,-118.304558,+18185242730,http://www.marriott.com/hotels/travel/bursh-springhill-suites-los-angeles-burbank-downtown/,hotel,41,settled-1.1-facts,2026-10-04,1,overture-places@2026-09-23.1,cdla-permissive-2.0
ov:cfa2a390-64f1-42a8-a1f8-2734bc6fab85,Sonesta Select Laguna Hills Irvine Spectrum,https://journeyed.org/hotel/sonesta-select-laguna-hills-irvine-spectrum-laguna-hills-cfa2a3/,"23175 Avenida De La Carlota, Laguna Hills, CA 92653",Laguna Hills,CA,92653,US,33.625657,-117.7191082,+19498595500,https://www.sonesta.com/us/california/laguna-hills/sonesta-select-laguna-hills-irvine-spectrum,resort,38.2,settled-1.1-facts,2026-10-04,0,overture-places@2026-09-23.1,cdla-permissive-2.0
ov:cfaa1412-50de-43d5-be43-85134dd7b314,Laguna Cottage,https://journeyed.org/hotel/laguna-cottage-laguna-beach-cfaa14/,"31853 8th Ave, Laguna Beach, CA 92651-6851",Laguna Beach,CA,92651-6851,US,33.499995,-117.739262,+19493384583,http://www.bedandbreakfast.com/photo-laguna-beach-ca-laguna_cottage.html,hotel,26.5,settled-1.1-facts,2026-10-04,0,overture-places@2026-09-23.1,cdla-permissive-2.0
ov:cfb09eb5-9338-4057-9e29-dc7e27e864c8,Mariposa Motel,https://journeyed.org/hotel/mariposa-motel-los-angeles-cfb09e/,"518 S Mariposa Ave, Los Angeles, CA 90020-2809",Los Angeles,CA,90020-2809,US,34.06462,-118.298844,+12133881433,,motel,29.2,settled-1.1-facts,2026-10-04,3,overture-places@2026-09-23.1,cdla-permissive-2.0
ov:cfc3bf72-63aa-4e24-83d5-115d2f793eaf,Studio City Inn,https://journeyed.org/hotel/studio-city-inn-los-angeles-cfc3bf/,"11733 Ventura Blvd, Los Angeles, CA 91604",Los Angeles,CA,91604,US,34.1421045,-118.3886558,+18187669599,http://www.studiocityinnlosangeles.us,hotel,64.8,settled-1.1-facts,2026-10-04,26,overture-places@2026-09-23.1,cdla-permissive-2.0
ov:cfd4bbe9-892c-4a6b-8b58-915290ce9224,Homewood Suites by Hilton,https://journeyed.org/hotel/homewood-suites-by-hilton-long-beach-cfd4bb/,"3771 N Lakewood Blvd., Long Beach, CA 90808",Long Beach,CA,90808,US,33.8272508,-118.1437212,+15624250010,https://www.hilton.com/en/homewood/,hotel,40.3,settled-1.1-facts,2026-10-04,1,overture-places@2026-09-23.1,cdla-permissive-2.0
ov:cfd53ee4-d30b-4f16-9b14-bd5c04503ddb,Tarsadia Hotels,https://journeyed.org/hotel/tarsadia-hotels-newport-beach-cfd53e/,"620 Newport Center Dr, Newport Beach, CA 92660-6400",Newport Beach,CA,92660-6400,US,33.619457,-117.872647,+19496108000,http://www.tarsadia.com,hotel,36.6,settled-1.1-facts,2026-10-04,0,overture-places@2026-09-23.1,cdla-permissive-2.0
ov:cfe887e8-aad1-41e8-9067-ca473e9a5665,Anaheim Islander Inn and Suites,https://journeyed.org/hotel/anaheim-islander-inn-and-suites-anaheim-cfe887/,"424 W Katella Ave, Anaheim, CA 92802",Anaheim,CA,92802,US,33.8031696,-117.9130929,+17147786565,http://www.anaheimislander.com/,motel,69.9,settled-1.1-facts,2026-10-04,98,overture-places@2026-09-23.1,cdla-permissive-2.0
ov:d00572b4-d3f2-4fb3-9bd6-62f0cd01f128,Holiday Inn Express West Los Angeles-Santa Monica,https://journeyed.org/hotel/holiday-inn-express-west-los-angeles-santa-monica-los-angeles-d00572/,"11250 Santa Monica Blvd, Los Angeles, CA 90025",Los Angeles,CA,90025,US,34.0465567,-118.4473239,+13104781400,https://www.ihg.com/holidayinnexpress/hotels/us/en/west-los-angeles/laxwl/hoteldetail?cm_mmc=FacebookMaps-_-EX-_-US-_-LAXWL,hotel,39.4,settled-1.1-facts,2026-10-04,4,overture-places@2026-09-23.1,cdla-permissive-2.0
ov:d03b46e2-8f14-48cf-953c-f8199559e889,Buena Vista Hotel,https://journeyed.org/hotel/buena-vista-hotel-avalon-d03b46/,"120 Whittley Ave, Avalon, CA 90704-2882",Avalon,CA,90704-2882,US,33.3443169,-118.3274806,+13105100340,http://www.buenavistacatalina.com/,hotel,26.5,settled-1.1-facts,2026-10-04,0,overture-places@2026-09-23.1,cdla-permissive-2.0
ov:d0720ceb-ab87-4940-a982-1712650819c2,Holiday Inn Los Angeles - LAX Airport,https://journeyed.org/hotel/holiday-inn-los-angeles-lax-airport-los-angeles-d0720c/,"9901 S La Cienega Blvd, Los Angeles, CA 90045",Los Angeles,CA,90045,US,33.946159,-118.3710362,+13106495151,http://www.holidayinn.com/,hotel,39.6,settled-1.1-facts,2026-10-04,12,overture-places@2026-09-23.1,cdla-permissive-2.0
ov:d0a41265-fda8-48e7-85c3-ad8764ab646f,Gateway Hotel Santa Monica,https://journeyed.org/hotel/gateway-hotel-santa-monica-santa-monica-d0a412/,"1920 Santa Monica Blvd, Santa Monica, CA 90404",Santa Monica,CA,90404,US,34.0282833,-118.4800606,+13108299100,https://www.gatewayhotel.com/,hotel,45,settled-1.1-facts,2026-10-04,31,overture-places@2026-09-23.1,cdla-permissive-2.0
ov:d0b1d1a8-22ed-4fb5-88bf-7692d4640342,Grace Hotel,https://journeyed.org/hotel/grace-hotel-long-beach-d0b1d1/,"1090 Obispo Ave, Long Beach, CA 90804",Long Beach,CA,90804,US,33.7806519,-118.1545397,+15624330968,http://gracehotelongbeach.com,hotel,38.6,settled-1.1-facts,2026-10-04,3,overture-places@2026-09-23.1,cdla-permissive-2.0
ov:d0b426cd-c934-44c4-9e01-07262e21a1d9,Chateau Inn & Suites,https://journeyed.org/hotel/chateau-inn-and-suites-downey-d0b426/,"9565 Firestone Blvd, Downey, CA 90241",Downey,CA,90241,US,33.9299182,-118.1121012,+15629231247,http://www.chateauinndowney.com/,hotel,39.6,settled-1.1-facts,2026-10-04,1,overture-places@2026-09-23.1,cdla-permissive-2.0
ov:d0ee471d-6e4d-4117-8cab-0b0147dce885,Shadow Park Inns & Suites,https://journeyed.org/hotel/shadow-park-inns-and-suites-lancaster-d0ee47/,"44219 Sierra Hwy, Lancaster, CA 93534",Lancaster,CA,93534,US,34.6863296,-118.1356162,+16617292888,http://lancaster.shadowparkinns.com/,motel,26.5,settled-1.1-facts,2026-10-04,0,overture-places@2026-09-23.1,cdla-permissive-2.0
ov:d0f2e2f5-fd3b-450b-8638-a0e560cbf3e0,Best Of The Boardwalk,https://journeyed.org/hotel/best-of-the-boardwalk-venice-d0f2e2/,"2 Breeze Ave, Venice, CA 90291-3225",Venice,CA,90291-3225,US,33.990069,-118.476134,+13105665222,https://www.bestoftheboardwalk.com,hotel,43.4,settled-1.1-facts,2026-10-04,24,overture-places@2026-09-23.1,cdla-permissive-2.0
ov:d11330d8-4445-4bb7-8a47-b71328f9ce49,Homewood Suites,https://journeyed.org/hotel/homewood-suites-lake-forest-d11330/,"23021 Lake Center Dr A, Lake Forest, CA 92630",Lake Forest,CA,92630,US,33.6281733,-117.7179328,+19493827900,https://www.hilton.com/en/hotels/snalahw-homewood-suites-irvine-spectrum-lake-forest/,hotel,38.3,settled-1.1-facts,2026-10-04,0,overture-places@2026-09-23.1,cdla-permissive-2.0
ov:d12bb7d7-a5b1-4759-8684-607abdced2f8,Sheraton Gateway Los Angeles,https://journeyed.org/hotel/sheraton-gateway-los-angeles-los-angeles-d12bb7/,"6101 W Century Blvd, Los Angeles, CA 90045",Los Angeles,CA,90045,US,33.946448,-118.3907372,+13106421111,https://www.marriott.com/en-us/hotels/laxsi-sheraton-gateway-los-angeles-hotel/overview/?scid=d2406702-e8ea-4b45-bb9b-69cddaaef03d,hotel,39.9,settled-1.1-facts,2026-10-04,5,overture-places@2026-09-23.1,cdla-permissive-2.0
ov:d1608de6-febe-425f-ad7d-f21907022322,The Manor Hotel,https://journeyed.org/hotel/the-manor-hotel-hollywood-d1608d/,"5930 Franklin Ave, Hollywood, CA 90028",Hollywood,CA,90028,US,34.1048222,-118.3191168,+13239603201,http://www.manor-scientology.org/,hotel,40.7,settled-1.1-facts,2026-10-04,10,overture-places@2026-09-23.1,cdla-permissive-2.0
ov:d1728a70-b77c-4e60-bceb-670e8331535d,Rodeway Inn Santa Ana - Garden Grove,https://journeyed.org/hotel/rodeway-inn-santa-ana-garden-grove-santa-ana-d1728a/,"609 N Harbor Blvd, Santa Ana, CA 92703",Santa Ana,CA,92703,US,33.7504578,-117.9200159,+17145544040,http://www.gobestinn.com,hotel,38.1,settled-1.1-facts,2026-10-04,0,overture-places@2026-09-23.1,cdla-permissive-2.0
ov:d1785195-eb02-4300-a413-d3547b06c400,Marina Seven Motel,https://journeyed.org/hotel/marina-seven-motel-los-angeles-d17851/,"2435 Lincoln Blvd, Los Angeles, CA 90291",Los Angeles,CA,90291,US,33.993459,-118.4518253,+13103017073,http://marina7motella.us/,motel,64.5,settled-1.1-facts,2026-10-04,42,overture-places@2026-09-23.1,cdla-permissive-2.0
ov:d193cc22-22e3-4c48-8b32-36dc805e2280,The Burlington Hotel,https://journeyed.org/hotel/the-burlington-hotel-los-angeles-d193cc/,"420 S Burlington Ave, Los Angeles, CA 90057",Los Angeles,CA,90057,US,34.0598323,-118.2696932,+18558432875,http://www.theburlingtonla.com/,hotel,44.6,settled-1.1-facts,2026-10-04,17,overture-places@2026-09-23.1,cdla-permissive-2.0
ov:d19be3db-b05e-4700-846f-77c83726f035,Om Maa Inc Dba Bell Motel,https://journeyed.org/hotel/om-maa-inc-dba-bell-motel-bell-d19be3/,"4841 Florence Ave, Bell, CA 90201-4328",Bell,CA,90201-4328,US,33.969776,-118.180573,,,lodging,17.3,settled-1.1-facts,2026-10-04,1,overture-places@2026-09-23.1,cdla-permissive-2.0
ov:d1a5ceb1-6677-493c-abc8-41bd11aafebc,Coast Inn,https://journeyed.org/hotel/coast-inn-laguna-beach-d1a5ce/,"1401 S Coast Hwy, Laguna Beach, CA 92651",Laguna Beach,CA,92651,US,33.5316063,-117.7749296,+19494947588,http://coastinnlagunabeach.com/,inn,28.9,settled-1.1-facts,2026-10-04,0,overture-places@2026-09-23.1,cdla-permissive-2.0
ov:d1afea74-55b3-442e-8ea9-1ffc59b42acd,Quality Inn and Suites Anaheim Maingate,https://journeyed.org/hotel/quality-inn-and-suites-anaheim-maingate-anaheim-d1afea/,"871 S Harbor Blvd, Anaheim, CA 92805",Anaheim,CA,92805,US,33.8228068,-117.9161154,+16579997598,http://www.anaheimqualityinn.com/,hotel,40.5,settled-1.1-facts,2026-10-04,9,overture-places@2026-09-23.1,cdla-permissive-2.0
ov:d1c56b02-0f15-4297-81fa-4ddb9157881d,Palm Tropics Motel,https://journeyed.org/hotel/palm-tropics-motel-glendora-d1c56b/,"619 W Rte 66, Glendora, CA 91740",Glendora,CA,91740,US,34.128886,-117.874643,+16269144702,http://www.palmtropicsmotel.com/,hotel,38.8,settled-1.1-facts,2026-10-04,1,overture-places@2026-09-23.1,cdla-permissive-2.0
ov:d1fb80ee-87a1-45d6-a270-4aab2d1a84aa,Flamingo Inn,https://journeyed.org/hotel/flamingo-inn-rosemead-d1fb80/,"8621 Garvey Ave, Rosemead, CA 91770",Rosemead,CA,91770,US,34.0631113,-118.081237,+16265710171,http://www.flamingoinnmotel.com,inn,37.5,settled-1.1-facts,2026-10-04,0,overture-places@2026-09-23.1,cdla-permissive-2.0
ov:d209c92b-c9d3-4d9b-aeea-73a058f1c2c6,Royala Motel,https://journeyed.org/hotel/royala-motel-montebello-d209c9/,"128 E Whittier Blvd, Montebello, CA 90640",Montebello,CA,90640,US,34.0085824,-118.099369,+13237222644,http://www.royalamotel.com,motel,40.1,settled-1.1-facts,2026-10-04,1,overture-places@2026-09-23.1,cdla-permissive-2.0
ov:d22ecc12-8ea9-4794-b8f5-81ac0eb0b303,The Dudley Hotel,https://journeyed.org/hotel/the-dudley-hotel-los-angeles-d22ecc/,"Los Angeles, CA 90291",Los Angeles,CA,90291,US,33.9940479,-118.4795687,+13103998876,https://thedudleyhotel.com/,hotel,35.5,settled-1.1-facts,2026-10-04,8,overture-places@2026-09-23.1,cdla-permissive-2.0
ov:d2499cc9-d545-4345-ac3c-c8eed44101d3,Carla Ridge Manor,https://journeyed.org/hotel/carla-ridge-manor-beverly-hills-d2499c/,"1705 Carla Rdg, Beverly Hills, CA 90210-1911",Beverly Hills,CA,90210-1911,US,34.10683,-118.399478,,http://www.carlaridgemanor.com,hotel,28.5,settled-1.1-facts,2026-10-04,2,overture-places@2026-09-23.1,cdla-permissive-2.0
ov:d25eb14c-36ce-4866-bc14-fa28e0488054,El Dorado Motel,https://journeyed.org/hotel/el-dorado-motel-gardena-d25eb1/,"15614 S Vermont Ave, Gardena, CA 90247-4120",Gardena,CA,90247-4120,US,33.889434,-118.291164,+13104007977,https://eldoradomotelgardena.com,motel,69.8,settled-1.1-facts,2026-10-04,32,overture-places@2026-09-23.1,cdla-permissive-2.0
ov:d2724024-08f7-4890-a794-1a54861c48f3,Jet Luxury Resorts,https://journeyed.org/hotel/jet-luxury-resorts-santa-monica-d27240/,"1515 Ocean Ave, Santa Monica, CA 90401-2118",Santa Monica,CA,90401-2118,US,34.012639,-118.495847,+18775387389,https://www.jetluxuryresorts.com,hotel,41.1,settled-1.1-facts,2026-10-04,6,overture-places@2026-09-23.1,cdla-permissive-2.0
ov:d2c5eb29-8ee2-4d97-8b86-163753e622b3,Anchor Pointe Inn,https://journeyed.org/hotel/anchor-pointe-inn-wilmington-d2c5eb/,"111 E C St, Wilmington, CA 90744-5835",Wilmington,CA,90744-5835,US,33.772895,-118.261359,+14243429164,http://anchorpointeinn.com/,inn,38.4,settled-1.1-facts,2026-10-04,1,overture-places@2026-09-23.1,cdla-permissive-2.0
ov:d2cf2011-e712-41a1-a1d8-cdd8ea7f738e,The Parachute Hotel,https://journeyed.org/hotel/the-parachute-hotel-venice-d2cf20/,"538 Rose Ave, Venice, CA 90291",Venice,CA,90291,US,33.9984942,-118.4729719,,http://www.theparachutehotel.com,lodging,30.9,settled-1.1-facts,2026-10-04,8,overture-places@2026-09-23.1,cdla-permissive-2.0
ov:d2de7301-0876-47cd-ad22-fa441b2d2916,Sheraton Grand Los Angeles,https://journeyed.org/hotel/sheraton-grand-los-angeles-los-angeles-d2de73/,"711 S Hope St, Los Angeles, CA 90017",Los Angeles,CA,90017,US,34.0478698,-118.2583746,+12134883500,https://www.marriott.com/en-us/hotels/laxgr-sheraton-grand-los-angeles/overview/?scid=d2406702-e8ea-4b45-bb9b-69cddaaef03d,hotel,41,settled-1.1-facts,2026-10-04,15,overture-places@2026-09-23.1,cdla-permissive-2.0
ov:d3165bef-faed-424d-abfa-68b05f131b53,Embassy Suites By Hilton Los Angeles Glendale,https://journeyed.org/hotel/embassy-suites-by-hilton-los-angeles-glendale-glendale-d3165b/,"800 N Central Ave, Glendale, CA 91203-1204",Glendale,CA,91203-1204,US,34.15775,-118.257675,+18185500828,https://www.losangelesglendale.embassysuites.com,hotel,40.1,settled-1.1-facts,2026-10-04,1,overture-places@2026-09-23.1,cdla-permissive-2.0
ov:d3282068-3fba-4d25-bf90-045351405b9b,Hotel Joaquin,https://journeyed.org/hotel/hotel-joaquin-laguna-beach-d32820/,"985 N Coast Hwy, Laguna Beach, CA 92651",Laguna Beach,CA,92651,US,33.5473275,-117.797541,+19494945294,https://hoteljoaquin.com,hotel,29.8,settled-1.1-facts,2026-10-04,0,overture-places@2026-09-23.1,cdla-permissive-2.0
ov:d32918b1-0b02-4cc0-a202-3b8fb83c7359,Residence Inn by Marriott Claremont,https://journeyed.org/hotel/residence-inn-by-marriott-claremont-claremont-d32918/,"721 S Indian Hill Blvd, Claremont, CA 91711",Claremont,CA,91711,US,34.082814,-117.720758,,https://www.marriott.com/ONTCL,hotel,27.6,settled-1.1-facts,2026-10-04,0,overture-places@2026-09-23.1,cdla-permissive-2.0
ov:d32c89d1-8389-447f-83f7-99ccd63f4a56,The Hotel Hollywood,https://journeyed.org/hotel/the-hotel-hollywood-los-angeles-d32c89/,"6364 Yucca St, Los Angeles, CA 90028",Los Angeles,CA,90028,US,34.1038303,-118.3288216,+13236005396,http://thehotelhollywood.com,hotel,60.6,settled-1.1-facts,2026-10-04,47,overture-places@2026-09-23.1,cdla-permissive-2.0
ov:d3600285-7813-4af7-b5a2-a4f30d6b4855,Hollywood Guest Suite,https://journeyed.org/hotel/hollywood-guest-suite-los-angeles-d36002/,"6117 Glen Alder St, Los Angeles, CA 90068-2269",Los Angeles,CA,90068-2269,US,34.117056,-118.322066,,http://www.hollywoodguestsuite.com/,hotel,30,settled-1.1-facts,2026-10-04,10,overture-places@2026-09-23.1,cdla-permissive-2.0
ov:d365e276-2ca8-49d7-ab63-62ce63ea2350,Embassy Suites by Hilton Los Angeles Downey,https://journeyed.org/hotel/embassy-suites-by-hilton-los-angeles-downey-downey-d365e2/,"8425 Firestone Blvd, Downey, CA 90241",Downey,CA,90241,US,33.9395214,-118.130486,+15628611900,http://www.LosAngelesDowney.EmbassySuites.com/,hotel,41.3,settled-1.1-facts,2026-10-04,1,overture-places@2026-09-23.1,cdla-permissive-2.0
ov:d36f905e-6f3d-45bc-80cc-78dfdfddc3b9,Courtyard By Marriott,https://journeyed.org/hotel/courtyard-by-marriott-monrovia-d36f90/,"700 West Huntington Drive, Monrovia, CA 91016",Monrovia,CA,91016,US,34.1397421,-118.0148618,+16263575211,https://www.marriott.com/en-us/hotels/laxmr-courtyard-los-angeles-pasadena-monrovia/overview/?scid=d2406702-e8ea-4b45-bb9b-69cddaaef03d,hotel,40,settled-1.1-facts,2026-10-04,2,overture-places@2026-09-23.1,cdla-permissive-2.0
ov:d37c4dbb-84dd-49c7-9ce1-c83f6305a8dc,Picket Fence Motel,https://journeyed.org/hotel/picket-fence-motel-lake-forest-d37c4d/,"23512 El Toro Rd, Lake Forest, CA 92630-4701",Lake Forest,CA,92630-4701,US,33.62139,-117.69878,+19498302255,http://picketfencenb.com/,hotel,38.6,settled-1.1-facts,2026-10-04,1,overture-places@2026-09-23.1,cdla-permissive-2.0
ov:d388b82b-a0df-4619-8d74-aa8207c59a1b,Extended Stay America,https://journeyed.org/hotel/extended-stay-america-torrance-d388b8/,"3525 Torrance Blvd, Torrance, CA 90503",Torrance,CA,90503,US,33.8380988,-118.3475109,+13105405442,http://dms.netmng.com/si/cm/tracking/dgtrackingredirect.aspx?siclientid=2918&sisearchengine=1524&siredirect=http:%2f%2fwww.extendedstayamerica.com%2fhotels%2fca%2flos-angeles%2ftorrance-del-amo-circle&siproduct=2514_bus,hotel,40.9,settled-1.1-facts,2026-10-04,2,overture-places@2026-09-23.1,cdla-permissive-2.0
ov:d38e4e29-635f-4d31-b509-86fa351e0e36,Comfort Inn Los Angeles near Hollywood,https://journeyed.org/hotel/comfort-inn-los-angeles-near-hollywood-los-angeles-d38e4e/,"2717 W Sunset Blvd, Los Angeles, CA 90026",Los Angeles,CA,90026,US,34.0810499,-118.2704481,+12134138222,https://www.choicehotels.com/california/los-angeles/comfort-inn-hotels/ca785?pmf=yext&mc=llyxyxpx,hotel,40.6,settled-1.1-facts,2026-10-04,8,overture-places@2026-09-23.1,cdla-permissive-2.0
ov:d3d8c873-c1b7-4eb3-aa08-16fefe2fec3b,Plummer Park,https://journeyed.org/hotel/plummer-park-northridge-d3d8c8/,"17051 Plummer St, Northridge, CA 91325",Northridge,CA,91325,US,34.243841,-118.504379,+18187019554,,hotel,22.2,settled-1.1-facts,2026-10-04,0,overture-places@2026-09-23.1,cdla-permissive-2.0
ov:d42d12b8-50b0-4e7a-8216-b70ab5fffac3,Regent Santa Monica Beach,https://journeyed.org/hotel/regent-santa-monica-beach-santa-monica-d42d12/,"1700 Ocean Ave, Santa Monica, CA 90401",Santa Monica,CA,90401,US,34.0092667,-118.4931294,+13104586700,https://santamonica.regenthotels.com/,beach_resort,70.2,settled-1.1-facts,2026-10-04,60,overture-places@2026-09-23.1,cdla-permissive-2.0
ov:d47b0839-9b4d-4ca1-8421-79156eb221fc,Villa Sancti Di Bella Vista,https://journeyed.org/hotel/villa-sancti-di-bella-vista-malibu-d47b08/,"6380 Delaplane Rd, Malibu, CA 90265-4464",Malibu,CA,90265-4464,US,34.02677,-118.78495,+13108697097,,hotel,20.4,settled-1.1-facts,2026-10-04,0,overture-places@2026-09-23.1,cdla-permissive-2.0
ov:d49737da-133b-4e9f-8cce-cf1c852650d0,Staybridge Suites Palmdale,https://journeyed.org/hotel/staybridge-suites-palmdale-palmdale-d49737/,"420 W Park Dr, Palmdale, CA 93551",Palmdale,CA,93551,US,34.5845133,-118.1369101,+16619479300,https://www.ihg.com/staybridge/hotels/us/en/palmdale/pdlfs/hoteldetail?cm_mmc=FacebookMaps-_-SB-_-US-_-PDLFS,hotel,26.5,settled-1.1-facts,2026-10-04,0,overture-places@2026-09-23.1,cdla-permissive-2.0
ov:d4a15e19-5312-4744-bf17-477778298c2e,Twenty-first Century Inn,https://journeyed.org/hotel/twenty-first-century-inn-los-angeles-d4a15e/,"10104 S Figueroa St, Los Angeles, CA 90003-4418",Los Angeles,CA,90003-4418,US,33.944432,-118.28221,+13233051184,https://expedia.com,motel,25.2,settled-1.1-facts,2026-10-04,0,overture-places@2026-09-23.1,cdla-permissive-2.0
ov:d4b8c4f5-72f3-4227-b812-fd4b5e5a4328,Tuck Hotel,https://journeyed.org/hotel/tuck-hotel-los-angeles-d4b8c4/,"820 S Spring St, Los Angeles, CA 90014",Los Angeles,CA,90014,US,34.042598,-118.2538583,+12134891228,https://www.tuckhotel.com,hotel,40.9,settled-1.1-facts,2026-10-04,14,overture-places@2026-09-23.1,cdla-permissive-2.0
ov:d4d0dea1-b2e5-4366-9bd8-5e2d225d409c,Conrad Los Angeles,https://journeyed.org/hotel/conrad-los-angeles-los-angeles-d4d0de/,"100 S Grand Ave, Los Angeles, CA 90012",Los Angeles,CA,90012,US,34.0551128,-118.2485587,+12133498585,http://losangeles.conradhotels.com/,hotel,40.7,settled-1.1-facts,2026-10-04,13,overture-places@2026-09-23.1,cdla-permissive-2.0
ov:d4f72199-6c92-48ab-90d2-cd2ec8cf1b45,"Holiday Inn Express & Suites Costa Mesa, An Ihg Hotel",https://journeyed.org/hotel/holiday-inn-express-and-suites-costa-mesa-an-ihg-hotel-costa-mesa-d4f721/,"2070 Newport Blvd, Costa Mesa, CA 92627-2164",Costa Mesa,CA,92627-2164,US,33.6481225,-117.9112051,+19496316000,https://www.ihg.com,hotel,39.8,settled-1.1-facts,2026-10-04,1,overture-places@2026-09-23.1,cdla-permissive-2.0
ov:d4fd8708-b755-4650-bbe0-e8746669efe7,Quality Inn & Suites Irvine Spectrum,https://journeyed.org/hotel/quality-inn-and-suites-irvine-spectrum-lake-forest-d4fd87/,"23702 Rockfield Blvd, Lake Forest, CA 92630-2865",Lake Forest,CA,92630-2865,US,33.62809,-117.71669,+19494581900,https://www.choicehotels.com/california/lake-forest/quality-inn-hotels/cac63?pmf=yext&mc=llyxyxpx,hotel,38.3,settled-1.1-facts,2026-10-04,0,overture-places@2026-09-23.1,cdla-permissive-2.0
ov:d5212cb6-4271-4428-b7d1-b25e67dc35c0,Motel 6 Arcadia,https://journeyed.org/hotel/motel-6-arcadia-arcadia-d5212c/,"225 Colorado Pl, Arcadia, CA 91007",Arcadia,CA,91007,US,34.1433957,-118.0395185,+16262759048,http://www.motel6.com/,motel,40.7,settled-1.1-facts,2026-10-04,1,overture-places@2026-09-23.1,cdla-permissive-2.0
ov:d522c4cf-df20-42ec-9838-e0bebf5693c4,Tropics West Motel,https://journeyed.org/hotel/tropics-west-motel-bell-d522c4/,"4360 Gage Ave, Bell, CA 90201-1232",Bell,CA,90201-1232,US,33.977897,-118.189708,+13235600940,,motel,26.3,settled-1.1-facts,2026-10-04,0,overture-places@2026-09-23.1,cdla-permissive-2.0
ov:d55d7f7c-5040-4082-b228-3812018cebed,Stardust Motel Azusa,https://journeyed.org/hotel/stardust-motel-azusa-azusa-d55d7f/,"666 E Foothill Blvd, Azusa, CA 91702",Azusa,CA,91702,US,34.1333368,-117.8988028,+16263340251,http://www.magnusonhotels.com,motel,40.9,settled-1.1-facts,2026-10-04,1,overture-places@2026-09-23.1,cdla-permissive-2.0
ov:d569c86c-1806-4bbd-9e3c-991042283631,Hyatt Regency Orange County,https://journeyed.org/hotel/hyatt-regency-orange-county-garden-grove-d569c8/,"11999 S Harbor Blvd, Garden Grove, CA 92840-2703",Garden Grove,CA,92840-2703,US,33.7896586,-117.916467,+17147501234,http://orangecounty.regency.hyatt.com/,hotel,40.3,settled-1.1-facts,2026-10-04,8,overture-places@2026-09-23.1,cdla-permissive-2.0
ov:d56f7021-fbb9-41f6-abaf-6db232bccb3a,Courtland Hotel,https://journeyed.org/hotel/courtland-hotel-los-angeles-d56f70/,"520 Wall St, Los Angeles, CA 90013-1872",Los Angeles,CA,90013-1872,US,34.044214,-118.246106,+12132299697,http://www.courtlandhotel.com,hotel,40.7,settled-1.1-facts,2026-10-04,12,overture-places@2026-09-23.1,cdla-permissive-2.0
ov:d583ed58-faa6-4690-bac5-a835d5ab40cd,Hilton Los Angeles Airport,https://journeyed.org/hotel/hilton-los-angeles-airport-los-angeles-d583ed/,"5711 W Century Blvd, Los Angeles, CA 90045",Los Angeles,CA,90045,US,33.9461439,-118.3817924,+13104104000,https://www.hilton.com/en/hotels/laxahhh-hilton-los-angeles-airport/,hotel,39.3,settled-1.1-facts,2026-10-04,8,overture-places@2026-09-23.1,cdla-permissive-2.0
ov:d58a6d54-5321-4d00-b768-b746e5803cff,"Motel 6 Anaheim, Ca",https://journeyed.org/hotel/motel-6-anaheim-ca-anaheim-d58a6d/,"701 S Brookhurst St, Anaheim, CA 92804-4315",Anaheim,CA,92804-4315,US,33.822696,-117.959659,+17144522827,https://www.motel6.com,motel,37.9,settled-1.1-facts,2026-10-04,4,overture-places@2026-09-23.1,cdla-permissive-2.0
ov:d5ae2b0a-7fe8-48b9-912d-60aa2f98d275,Franklin Hostel,https://journeyed.org/hotel/franklin-hostel-lake-forest-d5ae2b/,"23122 El Toro Rd, Lake Forest, CA 92630-4806",Lake Forest,CA,92630-4806,US,33.6256,-117.69326,+19498307550,http://selfstorage-lakeforest.com/,hostel,39.2,settled-1.1-facts,2026-10-04,1,overture-places@2026-09-23.1,cdla-permissive-2.0
ov:d5b09c51-0b4a-47fa-973f-85ffe8c50aa7,"Channel Road Inn, A Four Sisters Inn",https://journeyed.org/hotel/channel-road-inn-a-four-sisters-inn-santa-monica-d5b09c/,"219 W Channel Rd, Santa Monica, CA 90402",Santa Monica,CA,90402,US,34.0297491,-118.5174233,+13104591920,https://www.channelroadinn.com/,bed_and_breakfast,39,settled-1.1-facts,2026-10-04,4,overture-places@2026-09-23.1,cdla-permissive-2.0
ov:d5ca2dbe-16e1-4aae-87e1-195d76ff87ea,Montecito House,https://journeyed.org/hotel/montecito-house-costa-mesa-d5ca2d/,"1648 Newport Blvd # A, Costa Mesa, CA 92627",Costa Mesa,CA,92627,US,33.6349895,-117.9214318,+19495210946,https://www.montecito-house.com,hotel,39.5,settled-1.1-facts,2026-10-04,1,overture-places@2026-09-23.1,cdla-permissive-2.0
ov:d5ef7a9b-d715-4867-acd7-518d6aee3135,Venice Beach Eco Cottages,https://journeyed.org/hotel/venice-beach-eco-cottages-venice-d5ef7a/,"447 Grand Blvd, Venice, CA 90291-4222",Venice,CA,90291-4222,US,33.988418,-118.467435,+18668023110,http://www.venicebeachecocottages.com/,hotel,40.8,settled-1.1-facts,2026-10-04,10,overture-places@2026-09-23.1,cdla-permissive-2.0
ov:d5f2a465-f332-4fbe-9189-d24b6ee7a56f,Global Luxury Suites at The Village,https://journeyed.org/hotel/global-luxury-suites-at-the-village-irvine-d5f2a4/,"25 Pacifica, Irvine, CA 92618",Irvine,CA,92618,US,33.6515012,-117.750614,+18448933465,http://www.globalluxurysuites.com,hotel,40.8,settled-1.1-facts,2026-10-04,1,overture-places@2026-09-23.1,cdla-permissive-2.0
ov:d627cfcf-ded8-40ca-a2ff-151352cfaada,Sunshine La,https://journeyed.org/hotel/sunshine-la-los-angeles-d627cf/,"13335 Oxnard St, Los Angeles, CA 91401",Los Angeles,CA,91401,US,34.1798013,-118.4237848,+18186343068,http://sunshinelabnb.com/,bed_and_breakfast,48.9,settled-1.1-facts,2026-10-04,13,overture-places@2026-09-23.1,cdla-permissive-2.0
ov:d6327217-2717-497d-b9c7-c2b0202496ba,Staybridge Suites Irvine East/Lake Forest by IHG,https://journeyed.org/hotel/staybridge-suites-irvine-east-lake-forest-by-ihg-lake-forest-d63272/,"2 Orchard Rd, Lake Forest, CA 92630",Lake Forest,CA,92630,US,33.671574,-117.6708517,+19494629500,https://www.ihg.com/staybridge/hotels/us/en/lake-forest/lkfca/hoteldetail?cm_mmc=FacebookMaps-_-SB-_-US-_-LKFCA,hotel,38.6,settled-1.1-facts,2026-10-04,1,overture-places@2026-09-23.1,cdla-permissive-2.0
ov:d6449279-50f9-4c3b-ab09-6ff5cbcc9f9a,Marriott Laguna Beach,https://journeyed.org/hotel/marriott-laguna-beach-laguna-hills-d64492/,"23175 Avenida de la Carlota, Laguna Hills, CA 92653-1530",Laguna Hills,CA,92653-1530,US,33.6255225,-117.7191391,,http://www.marriott.com/,hotel,28.2,settled-1.1-facts,2026-10-04,0,overture-places@2026-09-23.1,cdla-permissive-2.0
ov:d6624e99-05bc-4e04-8a56-216fa1670dac,Holiday Inn Express Lancaster,https://journeyed.org/hotel/holiday-inn-express-lancaster-lancaster-d6624e/,"43719 17th St W, Lancaster, CA 93534",Lancaster,CA,93534,US,34.6772807,-118.1624585,+16619518848,https://www.ihg.com/holidayinnexpress/hotels/us/en/lancaster/wjfln/hoteldetail?cm_mmc=FacebookMaps-_-EX-_-US-_-WJFLN,hotel,26.5,settled-1.1-facts,2026-10-04,0,overture-places@2026-09-23.1,cdla-permissive-2.0
ov:d678381e-49f3-4623-9544-a28586c8d0f6,Casa Loma Beach Hotel,https://journeyed.org/hotel/casa-loma-beach-hotel-laguna-beach-d67838/,"211 N Coast Hwy, Laguna Beach, CA 92651",Laguna Beach,CA,92651,US,33.5430596,-117.7872292,+18005444479,https://casalomalagunabeach.com/,hotel,49.2,settled-1.1-facts,2026-10-04,6,overture-places@2026-09-23.1,cdla-permissive-2.0
ov:d67ca3c2-0d86-4e37-ac9c-4ca92f9ecb57,Five Star Inn,https://journeyed.org/hotel/five-star-inn-west-covina-d67ca3/,"2748 E Garvey Ave S, West Covina, CA 91791-2114",West Covina,CA,91791-2114,US,34.0711283,-117.8859892,+16263313161,http://fivestarinn.net/,motel,39.7,settled-1.1-facts,2026-10-04,1,overture-places@2026-09-23.1,cdla-permissive-2.0
ov:d6860e07-2f78-425d-a5e3-8fb895302cf3,Extended Stay America,https://journeyed.org/hotel/extended-stay-america-el-segundo-d6860e/,"1910 E Mariposa Ave, El Segundo, CA 90245",El Segundo,CA,90245,US,33.9231645,-118.3950218,+13106074000,http://dms.netmng.com/si/cm/tracking/dgtrackingredirect.aspx?siclientid=2918&sisearchengine=1524&siredirect=http:%2f%2fwww.extendedstayamerica.com%2fhotels%2fca%2flos-angeles%2flax-airport-el-segundo&siproduct=beels_bus,hotel,39.7,settled-1.1-facts,2026-10-04,5,overture-places@2026-09-23.1,cdla-permissive-2.0
ov:d699c73f-0ce1-47f9-89ea-0d79363b0829,Travelodge by Wyndham Rosemead,https://journeyed.org/hotel/travelodge-by-wyndham-rosemead-rosemead-d699c7/,"3327 Del Mar Ave, Rosemead, CA 91770",Rosemead,CA,91770,US,34.068792,-118.099966,+16265727180,https://www.wyndhamhotels.com/travelodge/rosemead-california/travelodge-rosemead/overview?CID=LC:TL::BING:RIO:National:45786&iata=00093796,hotel,38.3,settled-1.1-facts,2026-10-04,0,overture-places@2026-09-23.1,cdla-permissive-2.0
ov:d6a56f6f-5eec-4689-84f4-67076319f573,Zuma Sanctuary,https://journeyed.org/hotel/zuma-sanctuary-malibu-d6a56f/,"31847 Pacific Coast Hwy, Malibu, CA 90265-2644",Malibu,CA,90265-2644,US,34.04118,-118.86859,,https://www.zumasanctuary.com,hotel,7.7,settled-1.1-facts,2026-10-04,0,overture-places@2026-09-23.1,cdla-permissive-2.0
ov:d6aca6fb-ebe1-49cf-8ce1-5b8b058aebb0,Ocean Luxury Lofts and Suites,https://journeyed.org/hotel/ocean-luxury-lofts-and-suites-santa-monica-d6aca6/,"107 Broadway, Santa Monica, CA 90401",Santa Monica,CA,90401,US,34.0130733,-118.4962645,+13104517657,http://www.oceanloftsandsuites.com/,hotel,41,settled-1.1-facts,2026-10-04,6,overture-places@2026-09-23.1,cdla-permissive-2.0
ov:d6c0b108-ad34-4b56-a722-5e6f1c5ed4d4,Doubletree By Hilton Hotel Claremont,https://journeyed.org/hotel/doubletree-by-hilton-hotel-claremont-claremont-d6c0b1/,"555 W Foothill Blvd, Claremont, CA 91711-3478",Claremont,CA,91711-3478,US,34.1075581,-117.7239834,+19096262411,https://www.hilton.com,hotel,35.6,settled-1.1-facts,2026-10-04,0,overture-places@2026-09-23.1,cdla-permissive-2.0
ov:d6f6b790-6801-4230-9ade-ed27fd91ff01,Surf & Sand Laguna Beach,https://journeyed.org/hotel/surf-and-sand-laguna-beach-laguna-beach-d6f6b7/,"1555 S Coast Hwy, Laguna Beach, CA 92651",Laguna Beach,CA,92651,US,33.5301445,-117.7739632,+18885798544,https://www.surfandsandresort.com/?utm_source=Yext&utm_medium=organic&utm_campaign=listing,resort,67.6,settled-1.1-facts,2026-10-04,8,overture-places@2026-09-23.1,cdla-permissive-2.0
ov:d71efbc2-5913-44b5-b4db-4203cf810232,Eldorado Inn & Suites,https://journeyed.org/hotel/eldorado-inn-and-suites-lomita-d71efb/,"2037 Pacific Coast Hwy, Lomita, CA 90717-2604",Lomita,CA,90717-2604,US,33.7900276,-118.3158147,,,lodging,14.5,settled-1.1-facts,2026-10-04,0,overture-places@2026-09-23.1,cdla-permissive-2.0
ov:d71fea66-1437-4dcf-a8ae-3aa262147f32,Hotel Marguerite,https://journeyed.org/hotel/hotel-marguerite-garden-grove-d71fea/,"12867 Garden Grove Blvd, Garden Grove, CA 92843",Garden Grove,CA,92843,US,33.7749064,-117.9082056,+17146215452,http://wyndhamhotels.com,hotel,38.6,settled-1.1-facts,2026-10-04,8,overture-places@2026-09-23.1,cdla-permissive-2.0
ov:d72fe2b0-112c-4535-9142-44e7c8ea4652,Budget Inn,https://journeyed.org/hotel/budget-inn-los-angeles-d72fe2/,"6830 Sunset Blvd, Los Angeles, CA 90028",Los Angeles,CA,90028,US,34.0977683,-118.3398718,+13238965173,http://www.budgetinn.com,inn,41,settled-1.1-facts,2026-10-04,14,overture-places@2026-09-23.1,cdla-permissive-2.0
ov:d753e4e5-9197-4a1c-a944-7c9bc77e6932,Hollywood Bowl Residence,https://journeyed.org/hotel/hollywood-bowl-residence-los-angeles-d753e4/,"1823 Grace Ave, Los Angeles, CA 90028",Los Angeles,CA,90028,US,34.1045796,-118.3325037,+18186411564,http://www.ginosi.com/en/united-states/california/los-angeles/hollywood-bowl-residence,hotel,40.9,settled-1.1-facts,2026-10-04,13,overture-places@2026-09-23.1,cdla-permissive-2.0
ov:d7773baf-6e6f-4ad4-a97d-ef1899f53fed,"Red Roof Inn Los Angeles – Wilmington, CA",https://journeyed.org/hotel/red-roof-inn-los-angeles-wilmington-ca-wilmington-d7773b/,"1023 W Pacific Coast Hwy, Wilmington, CA 90744",Wilmington,CA,90744,US,33.7906637,-118.2759601,+14244775800,https://www.redroof.com/property/ca/wilmington/RRI1422,hotel,36.8,settled-1.1-facts,2026-10-04,0,overture-places@2026-09-23.1,cdla-permissive-2.0
ov:d7cfdabf-bdfe-455d-9b5e-c60297b5c87a,Ramada Maingate - At The Park,https://journeyed.org/hotel/ramada-maingate-at-the-park-anaheim-d7cfda/,"1650 S Harbor Blvd, Anaheim, CA 92802-2314",Anaheim,CA,92802-2314,US,33.8075225,-117.9133488,,https://ramada-maingate-the-park.h-rez.com,lodging,30.7,settled-1.1-facts,2026-10-04,10,overture-places@2026-09-23.1,cdla-permissive-2.0
ov:d7dee51a-eec0-498f-af2f-7df336bb192d,Los Arcos Inn,https://journeyed.org/hotel/los-arcos-inn-south-gate-d7dee5/,"2979 Firestone Blvd, South Gate, CA 90280",South Gate,CA,90280,US,33.9555493,-118.2182693,+13235696620,,motel,23.8,settled-1.1-facts,2026-10-04,0,overture-places@2026-09-23.1,cdla-permissive-2.0
ov:d7ec8417-20fb-4930-8828-d5bd4260b533,Dynasty Inn Gardena,https://journeyed.org/hotel/dynasty-inn-gardena-gardena-d7ec84/,"17414 S Western Ave, Gardena, CA 90248",Gardena,CA,90248,US,33.8721491,-118.3088414,+13107156888,http://www.dynastyinngardena.com/,motel,39.8,settled-1.1-facts,2026-10-04,1,overture-places@2026-09-23.1,cdla-permissive-2.0
ov:d8062fc6-e530-40ff-bf9a-845cb7f7fc58,Rest Haven Motel,https://journeyed.org/hotel/rest-haven-motel-santa-monica-d8062f/,"815 Grant St, Santa Monica, CA 90405",Santa Monica,CA,90405,US,34.0113148,-118.4809448,+13104523977,http://www.resthavenmotel.net,motel,40.2,settled-1.1-facts,2026-10-04,7,overture-places@2026-09-23.1,cdla-permissive-2.0
ov:d80e00a2-8792-441f-86a2-093f1ef9808b,Malta Motel,https://journeyed.org/hotel/malta-motel-south-gate-d80e00/,"8993 Atlantic Ave, South Gate, CA 90280",South Gate,CA,90280,US,33.949358,-118.1824173,+13234840131,http://www.maltaenterprise.com,motel,38,settled-1.1-facts,2026-10-04,0,overture-places@2026-09-23.1,cdla-permissive-2.0
ov:d8345d35-31a9-4e8e-859f-53a9baae62e6,Regal Lodge Motel,https://journeyed.org/hotel/regal-lodge-motel-lancaster-d8345d/,"42047 Sierra Hwy, Lancaster, CA 93535",Lancaster,CA,93535,US,34.6471685,-118.1292852,+16619450200,http://regalodgemotel.placeweb.site,motel,26.5,settled-1.1-facts,2026-10-04,0,overture-places@2026-09-23.1,cdla-permissive-2.0
ov:d84f3bea-69db-47cb-bc60-ab63a3e906a8,Fairfield,https://journeyed.org/hotel/fairfield-chino-d84f3b/,"14705 Ramona Ave, Chino, CA 91710",Chino,CA,91710,US,33.986951,-117.705921,+19093402055,https://www.marriott.com/en-us/hotels/ontfc-fairfield-inn-and-suites-chino/overview/,hotel,38.4,settled-1.1-facts,2026-10-04,0,overture-places@2026-09-23.1,cdla-permissive-2.0
ov:d85341ea-cf1f-49c3-bf70-6bcbef5144d8,Desert Heaven - Guest House,https://journeyed.org/hotel/desert-heaven-guest-house-los-angeles-d85341/,"Los Angeles, CA",Los Angeles,CA,,US,34.1336792,-118.3899592,+18185150000,http://www.desertheavenla.us,hotel,35,settled-1.1-facts,2026-10-04,2,overture-places@2026-09-23.1,cdla-permissive-2.0
ov:d88697a2-127e-4b60-a177-cb1e229d8cf5,Lido House Autograph Collection,https://journeyed.org/hotel/lido-house-autograph-collection-newport-beach-d88697/,"3300 Newport Blvd, Newport Beach, CA 92663",Newport Beach,CA,92663,US,33.6168623,-117.929756,+19495248500,https://www.lidohousehotel.com/,hotel,41.4,settled-1.1-facts,2026-10-04,1,overture-places@2026-09-23.1,cdla-permissive-2.0
ov:d887dbfb-6beb-4295-9888-1926594329fa,Courtyard by Marriott Thousand Oaks Ventura County,https://journeyed.org/hotel/courtyard-by-marriott-thousand-oaks-ventura-county-thousand-oaks-d887db/,"1710 Newbury Rd, Thousand Oaks, CA 91320",Thousand Oaks,CA,91320,US,34.1828378,-118.9171314,+18054993900,https://www.marriott.com/hotels/travel/oxrto-courtyard-thousand-oaks-ventura-county/?scid=5d6c9ba8-fdb3-45cd-90d4-fc3cbfe3681c&y_source=1_MjgxOTA2MC01NTktbG9jYXRpb24ud2Vic2l0ZQ%3D%3D,hotel,34.5,settled-1.1-facts,2026-10-04,0,overture-places@2026-09-23.1,cdla-permissive-2.0
ov:d8b0c170-91e0-491c-8e8d-c5f5cb2b7ee1,Town House Motel,https://journeyed.org/hotel/town-house-motel-buena-park-d8b0c1/,"7402 Orangethorpe Ave, Buena Park, CA 90621-3315",Buena Park,CA,90621-3315,US,33.858469,-118.003824,+17148805524,http://www.bptownhousemotel.com,hotel,40.1,settled-1.1-facts,2026-10-04,2,overture-places@2026-09-23.1,cdla-permissive-2.0
ov:d8ba41d4-0193-4f5c-8e98-98d1454d09ca,"The Viv Hotel, Anaheim, a Tribute Portfolio Hotel",https://journeyed.org/hotel/the-viv-hotel-anaheim-a-tribute-portfolio-hotel-anaheim-d8ba41/,"1601 S Anaheim Blvd, Anaheim, CA 92805",Anaheim,CA,92805,US,33.8087622,-117.9066306,+17144082787,https://thevivhotelanaheim.com/,hotel,69.4,settled-1.1-facts,2026-10-04,56,overture-places@2026-09-23.1,cdla-permissive-2.0
ov:d8bc8aac-973c-479a-8407-5e1db8b19c87,Calmada Resort,https://journeyed.org/hotel/calmada-resort-santa-monica-d8bc8a/,"3569, Calmada Road, Santa Monica, CA 92268",Santa Monica,CA,92268,US,34.0255069,-118.4887372,+17602283141,https://starlightboutiquehotel.com/,hotel,36,settled-1.1-facts,2026-10-04,4,overture-places@2026-09-23.1,cdla-permissive-2.0
ov:d8f9bb75-2198-47c4-801d-e69fc1bc0396,Curve Motel,https://journeyed.org/hotel/curve-motel-lynwood-d8f9bb/,"12711 Atlantic Ave, Lynwood, CA 90262-5323",Lynwood,CA,90262-5323,US,33.9066476,-118.1938164,+13108535136,http://curve-motel.keeq.io,motel,38.4,settled-1.1-facts,2026-10-04,0,overture-places@2026-09-23.1,cdla-permissive-2.0
ov:d8fff71c-9869-4fd8-aba1-9f8880a0b22d,Value Inn Hollywood,https://journeyed.org/hotel/value-inn-hollywood-los-angeles-d8fff7/,"5200 Sunset Blvd, Los Angeles, CA 90027",Los Angeles,CA,90027,US,34.0978166,-118.303303,+13236660692,http://www.anrdoezrs.net,motel,39.8,settled-1.1-facts,2026-10-04,7,overture-places@2026-09-23.1,cdla-permissive-2.0
ov:d9373f7c-ffb3-4ecd-b626-ebd51f8ea9df,Đức Mẹ Long Beach,https://journeyed.org/hotel/uc-me-long-beach-long-beach-d9373f/,"3361 E Ocean Blvd, Long Beach, CA 90803-2625",Long Beach,CA,90803-2625,US,33.761292,-118.152896,+17146886968,http://www.DucMe.net/,hotel,40,settled-1.1-facts,2026-10-04,2,overture-places@2026-09-23.1,cdla-permissive-2.0
ov:d955f4d3-3f43-4684-a141-4e594ae651f9,The Redbury,https://journeyed.org/hotel/the-redbury-los-angeles-d955f4/,"1717 Vine St, Los Angeles, CA 90028",Los Angeles,CA,90028,US,34.1023179,-118.3266932,+13239621717,,resort,29.7,settled-1.1-facts,2026-10-04,10,overture-places@2026-09-23.1,cdla-permissive-2.0
ov:d95e2a63-b3ba-4e68-90e5-c359a3fa3c9e,Hyatt House LAX Century Boulevard,https://journeyed.org/hotel/hyatt-house-lax-century-boulevard-los-angeles-d95e2a/,"5959 W Century Blvd, Los Angeles, CA 90045",Los Angeles,CA,90045,US,33.9461358,-118.3884428,+13102589000,https://www.hyatt.com/info/hotels-near-lax,hotel,39.7,settled-1.1-facts,2026-10-04,7,overture-places@2026-09-23.1,cdla-permissive-2.0
ov:d9636ec4-712f-465c-a976-b20ea3c30b59,The Carlyle Inn,https://journeyed.org/hotel/the-carlyle-inn-los-angeles-d9636e/,"1119 S Robertson Blvd, Los Angeles, CA 90035",Los Angeles,CA,90035,US,34.0565075,-118.3838961,+13102754445,http://www.carlyle-inn.com/,inn,54.2,settled-1.1-facts,2026-10-04,63,overture-places@2026-09-23.1,cdla-permissive-2.0
ov:d9644280-d8c8-41e3-942e-17f97a8d4916,Hotel Normandie LA,https://journeyed.org/hotel/hotel-normandie-la-los-angeles-d96442/,"605 Normandie Ave, Los Angeles, CA 90005",Los Angeles,CA,90005,US,34.0633541,-118.300492,+12133888138,http://www.hotelnormandiela.com/?utm_source=facebook&utm_medium=link&utm_campaign=homepage_link,hotel,75,settled-1.1-facts,2026-10-04,67,overture-places@2026-09-23.1,cdla-permissive-2.0
ov:d96ac8ba-d281-4a0a-84d3-68e4a1339459,Evergreen Royalle,https://journeyed.org/hotel/evergreen-royalle-anaheim-d96ac8/,"1919 E Center St, Anaheim, CA 92805",Anaheim,CA,92805,US,33.8411031,-117.8905678,+17146354500,http://www.evergreenhealth.com,hotel,37.8,settled-1.1-facts,2026-10-04,6,overture-places@2026-09-23.1,cdla-permissive-2.0
ov:d9759129-7fec-44de-bece-b2b674faabda,Extended Stay America,https://journeyed.org/hotel/extended-stay-america-orange-d97591/,"1635 W Katella Ave, Orange, CA 92867",Orange,CA,92867,US,33.8073836,-117.8722622,+17146398608,https://www.extendedstayamerica.com/,lodging,41.1,settled-1.1-facts,2026-10-04,9,overture-places@2026-09-23.1,cdla-permissive-2.0
ov:d9859c8d-372f-4051-8eb3-e4edecc7a22f,Hyland Motel Long Beach,https://journeyed.org/hotel/hyland-motel-long-beach-long-beach-d9859c/,"1441 W Pacific Coast Hwy, Long Beach, CA 90810-4225",Long Beach,CA,90810-4225,US,33.790161,-118.211497,+15626249292,https://www.hotels.com/ho307511/hyland-motel-long-beach-long-beach...,hotel,27,settled-1.1-facts,2026-10-04,1,overture-places@2026-09-23.1,cdla-permissive-2.0
ov:d986bee7-d14d-4e98-acf1-877d8e9bcd66,Comfort Suites Near Six Flags Magic Mountain,https://journeyed.org/hotel/comfort-suites-near-six-flags-magic-mountain-stevenson-ranch-d986be/,"25380 The Old Rd, Stevenson Ranch, CA 91381",Stevenson Ranch,CA,91381,US,34.3793363,-118.5698926,+16615056397,https://www.choicehotels.com/california/stevenson-ranch/comfort-suites-hotels/ca508?pmf=yext&mc=llyxyxpx,hotel,37.7,settled-1.1-facts,2026-10-04,0,overture-places@2026-09-23.1,cdla-permissive-2.0
ov:d99f1706-0789-4e0b-90d7-84b809e9ef1f,Residence Inn,https://journeyed.org/hotel/residence-inn-lancaster-d99f17/,"847 West Lancaster Boulevard, Lancaster, CA 93534",Lancaster,CA,93534,US,34.6975277,-118.1460299,+16612610740,https://www.marriott.com/en-us/hotels/burlp-residence-inn-lancaster-palmdale/overview/?scid=d2406702-e8ea-4b45-bb9b-69cddaaef03d,hotel,26.5,settled-1.1-facts,2026-10-04,0,overture-places@2026-09-23.1,cdla-permissive-2.0
ov:d9cb3416-3790-457e-a932-f56b1290b350,Hampton Inn and Suites Los Angeles - Glendale,https://journeyed.org/hotel/hampton-inn-and-suites-los-angeles-glendale-glendale-d9cb34/,"114 W Colorado St, Glendale, CA 91204",Glendale,CA,91204,US,34.1423057,-118.2557419,+18182915700,http://hamptoninn3.hilton.com/en/hotels/california/hampton-inn-and-suites-los-angeles-glendale-LAXGLHX/index.html,hotel,40.6,settled-1.1-facts,2026-10-04,1,overture-places@2026-09-23.1,cdla-permissive-2.0
ov:d9df0058-0998-46a0-b074-959ed5f15495,Holiday Lodge,https://journeyed.org/hotel/holiday-lodge-los-angeles-d9df00/,"1631 W 3rd St, Los Angeles, CA 90017",Los Angeles,CA,90017,US,34.0607519,-118.266854,+12134831443,http://www.lodgepanamacity.com,hotel,39.7,settled-1.1-facts,2026-10-04,13,overture-places@2026-09-23.1,cdla-permissive-2.0
ov:d9e3731b-cb2e-46e9-8847-8ff3c5bafbbb,SpringHill Suites,https://journeyed.org/hotel/springhill-suites-lake-forest-d9e373/,"23632 Rockfield Blvd, Lake Forest, CA 92630",Lake Forest,CA,92630,US,33.6298525,-117.7192589,+19499511019,https://www.marriott.com/en-us/hotels/snasf-springhill-suites-irvine-lake-forest/overview/?scid=d2406702-e8ea-4b45-bb9b-69cddaaef03d,hotel,38.5,settled-1.1-facts,2026-10-04,1,overture-places@2026-09-23.1,cdla-permissive-2.0
ov:d9f7c07d-e183-4158-90e5-0311d3e26e95,Del Amo Inn,https://journeyed.org/hotel/del-amo-inn-torrance-d9f7c0/,"20534 Hawthorne Blvd, Torrance, CA 90503",Torrance,CA,90503,US,33.844015,-118.3534843,+13105429417,http://www.delamoinnmotel.com,motel,40.2,settled-1.1-facts,2026-10-04,2,overture-places@2026-09-23.1,cdla-permissive-2.0
ov:d9fbe02d-03c9-4576-9c9c-2a1a79e207ac,Holiday Inn Express and Suites Woodland Hills,https://journeyed.org/hotel/holiday-inn-express-and-suites-woodland-hills-woodland-hills-d9fbe0/,"22617 Ventura Blvd, Woodland Hills, CA 91364-1416",Woodland Hills,CA,91364-1416,US,34.1673366,-118.6196539,+18182222299,https://www.ihg.com/holidayinnexpress/hotels/us/en/woodland-hills/laxwo/hoteldetail?cm_mmc=FacebookMaps-_-EX-_-US-_-LAXWO,hotel,40.3,settled-1.1-facts,2026-10-04,1,overture-places@2026-09-23.1,cdla-permissive-2.0
ov:da0ce447-0e86-4b12-925c-8da86a88445c,Economy Inn Hollywood,https://journeyed.org/hotel/economy-inn-hollywood-los-angeles-da0ce4/,"5308 Sunset Blvd, Los Angeles, CA 90027",Los Angeles,CA,90027,US,34.0977951,-118.3060491,+13234669191,http://www.economyinnhollywood.com/,motel,39.7,settled-1.1-facts,2026-10-04,7,overture-places@2026-09-23.1,cdla-permissive-2.0
ov:da2f0cdd-f0ed-4a55-ae72-6efab10ea423,The Concourse Hotel At Los Angeles Airport - A Hyatt Affiliated Hotel,https://journeyed.org/hotel/the-concourse-hotel-at-los-angeles-airport-a-hyatt-affiliated-hotel-da2f0c/,"640 E Wardlow Rd, Long Beach, CA 90807-4624",Long Beach,CA,90807-4624,US,33.818721,-118.184151,,,lodging,17.1,settled-1.1-facts,2026-10-04,1,overture-places@2026-09-23.1,cdla-permissive-2.0
ov:da49dd1b-ecc7-420d-8898-0f209ab23570,Newcombs Ranch Inn,https://journeyed.org/hotel/newcombs-ranch-inn-south-pasadena-da49dd/,"2 W State St, South Pasadena, CA 91105",South Pasadena,CA,91105,US,34.1253951,-118.1504993,+16264401001,,hotel,27.4,settled-1.1-facts,2026-10-04,3,overture-places@2026-09-23.1,cdla-permissive-2.0
ov:da5a6c4b-1a95-44a4-84f2-deca82c6c970,Sunset Inn,https://journeyed.org/hotel/sunset-inn-la-habra-da5a6c/,"1001 S Beach Blvd, La Habra, CA 90631-6902",La Habra,CA,90631-6902,US,33.919582,-117.96823,+15626941515,,hotel,24.2,settled-1.1-facts,2026-10-04,0,overture-places@2026-09-23.1,cdla-permissive-2.0
ov:da67191f-b417-49c8-8539-3af67e5304c8,Circus Hostel,https://journeyed.org/hotel/circus-hostel-thousand-oaks-da6719/,"2667 N Moorpark Rd, Thousand Oaks, CA 91360-3001",Thousand Oaks,CA,91360-3001,US,34.2170445,-118.8689342,+18183830000,http://www.hostelcircus.com/,hotel,36,settled-1.1-facts,2026-10-04,0,overture-places@2026-09-23.1,cdla-permissive-2.0
ov:daa608bb-cee4-4aa1-bef0-1822c70abd69,Marriott Lobby Bar,https://journeyed.org/hotel/marriott-lobby-bar-el-segundo-daa608/,"2111 Rosecrans Ave, El Segundo, CA 90245-4709",El Segundo,CA,90245-4709,US,33.9025225,-118.3884428,+12136402007,http://www.marriott.com,hotel,38.6,settled-1.1-facts,2026-10-04,7,overture-places@2026-09-23.1,cdla-permissive-2.0
ov:daa92387-4ad4-4e12-85f7-726ba0d5ef8a,Quality Inn Long Beach Signal Hill,https://journeyed.org/hotel/quality-inn-long-beach-signal-hill-long-beach-daa923/,"3201 E Pacific Coast Hwy, Long Beach, CA 90755-1802",Long Beach,CA,90755-1802,US,33.7904126,-118.1543343,+15627353671,https://www.choicehotels.com/california/long-beach/quality-inn-hotels/ca460?pmf=yext&mc=llyxyxpx,hotel,38.6,settled-1.1-facts,2026-10-04,1,overture-places@2026-09-23.1,cdla-permissive-2.0
ov:dab211ad-7c37-4bfd-9362-8fbdeca96e24,Wyndham Anaheim,https://journeyed.org/hotel/wyndham-anaheim-anaheim-dab211/,"515 W Katella Ave, Anaheim, CA 92802-3609",Anaheim,CA,92802-3609,US,33.803701,-117.914135,+17147832793,https://wyndhamgardenanaheim.com,hotel,40.8,settled-1.1-facts,2026-10-04,9,overture-places@2026-09-23.1,cdla-permissive-2.0
ov:dad5baa3-fb7e-4fe6-8b5c-b26a7d304317,Super 7 Motel,https://journeyed.org/hotel/super-7-motel-anaheim-dad5ba/,"820 S Anaheim Blvd, Anaheim, CA 92805",Anaheim,CA,92805,US,33.826086,-117.9104018,+17145354773,http://eventseeker.com,motel,40,settled-1.1-facts,2026-10-04,8,overture-places@2026-09-23.1,cdla-permissive-2.0
ov:dae1c38e-f3cf-40f7-b78f-bdf9ae09aaa4,Holiday Inn,https://journeyed.org/hotel/holiday-inn-torrance-dae1c3/,"Torrance Gtwy, Torrance, CA 90501",Torrance,CA,90501,US,33.827692,-118.314915,+13107819100,http://www.holidayinn.com/,hotel,34.1,settled-1.1-facts,2026-10-04,2,overture-places@2026-09-23.1,cdla-permissive-2.0
ov:dae333d0-f73e-4e8d-bd11-5a1ef0f2ef02,Fairfield by Marriott Inn & Suites Anaheim Theme Park / Convention Area,https://journeyed.org/hotel/fairfield-by-marriott-inn-and-suites-anaheim-theme-park-convention-dae333/,"101 E Katella Ave, Anaheim, CA 92802",Anaheim,CA,92802,US,33.804784,-117.90591,,https://www.marriott.com/SNAAF,hotel,30.2,settled-1.1-facts,2026-10-04,9,overture-places@2026-09-23.1,cdla-permissive-2.0
ov:dafeddda-a502-441a-bc12-3444bc0894fb,Garden Suite Hotel,https://journeyed.org/hotel/garden-suite-hotel-los-angeles-dafedd/,"681 S Western Ave, Los Angeles, CA 90005",Los Angeles,CA,90005,US,34.06038,-118.3093082,+12133830000,http://www.gardensuitehotel.com,hotel,55.7,settled-1.1-facts,2026-10-04,33,overture-places@2026-09-23.1,cdla-permissive-2.0
ov:db19325c-b78b-472e-b003-11d657a2e925,Motel 6,https://journeyed.org/hotel/motel-6-lebec-db1932/,"51541 Ralphs Ranch Rd, Lebec, CA 93243-9714",Lebec,CA,93243-9714,US,34.8159377,-118.8861171,+16612486625,http://www.motel6.com/,motel,26.5,settled-1.1-facts,2026-10-04,0,overture-places@2026-09-23.1,cdla-permissive-2.0
ov:db651d55-1c0a-4494-a4ba-6131503992f6,Angeles B&B,https://journeyed.org/hotel/angeles-b-and-b-los-angeles-db651d/,"957 Arapahoe St, Los Angeles, CA 90006-5703",Los Angeles,CA,90006-5703,US,34.053855,-118.285692,+13233047999,,bed_and_breakfast,27.9,settled-1.1-facts,2026-10-04,14,overture-places@2026-09-23.1,cdla-permissive-2.0
ov:db7b2866-712b-48ad-9298-d351857ea612,Hilton Garden Inn Arcadia Pasadena Area,https://journeyed.org/hotel/hilton-garden-inn-arcadia-pasadena-area-arcadia-db7b28/,"199 N 2nd Ave, Arcadia, CA 91006",Arcadia,CA,91006,US,34.1418359,-118.0257183,+16265746900,http://hiltongardeninn3.hilton.com/en/hotels/california/hilton-garden-inn-arcadia-pasadena-area-PASPAGI/index.html,hotel,40.1,settled-1.1-facts,2026-10-04,2,overture-places@2026-09-23.1,cdla-permissive-2.0
ov:db91ac29-3551-4030-9489-afdf329fc958,Marina del Rey Marriott,https://journeyed.org/hotel/marina-del-rey-marriott-marina-del-rey-db91ac/,"4100 Admiralty Way, Marina Del Rey, CA 90292",Marina Del Rey,CA,90292,US,33.9821753,-118.4595894,+13103013000,https://www.marriott.com/en-us/hotels/laxmb-marina-del-rey-marriott/overview/?scid=d2406702-e8ea-4b45-bb9b-69cddaaef03d,hotel,40.6,settled-1.1-facts,2026-10-04,10,overture-places@2026-09-23.1,cdla-permissive-2.0
ov:db977619-c510-4ef9-a34e-24fb8c242b98,The Linnington Bed and Breakfast,https://journeyed.org/hotel/the-linnington-bed-and-breakfast-los-angeles-db9776/,"2052 Linnington Ave, Los Angeles, CA 90025-5902",Los Angeles,CA,90025-5902,US,34.051759,-118.422497,+13104228825,http://www.bedandbreakfast.com/california-los-angeles-thelinningtonbedbreakfast.html,bed_and_breakfast,40.6,settled-1.1-facts,2026-10-04,5,overture-places@2026-09-23.1,cdla-permissive-2.0
ov:db9c06f7-141d-40a0-8d86-3d4cc0d54e06,Extended Stay America Suites- Los Angeles - Northridge,https://journeyed.org/hotel/extended-stay-america-suites-los-angeles-northridge-northridge-db9c06/,"19325 Londelius St, Northridge, CA 91324-3510",Northridge,CA,91324-3510,US,34.2301577,-118.5544466,+18187341787,https://www.extendedstayamerica.com/,hotel,33.7,settled-1.1-facts,2026-10-04,0,overture-places@2026-09-23.1,cdla-permissive-2.0
ov:dbae02b1-8109-4033-ae2b-dfe14c2e8ead,Hilton Garden Inn,https://journeyed.org/hotel/hilton-garden-inn-burbank-dbae02/,"401 S San Fernando Blvd, Burbank, CA 91502",Burbank,CA,91502,US,34.1781854,-118.3056359,+18185097964,http://hiltongardeninn3.hilton.com/en/hotels/california/hilton-garden-inn-burbank-downtown-LAXLBGI/index.html,hotel,41.1,settled-1.1-facts,2026-10-04,1,overture-places@2026-09-23.1,cdla-permissive-2.0
ov:dbae4f48-25fe-4d8b-8654-eb078a07a250,Double Tree Hotel Santa Ana Orange County Airport,https://journeyed.org/hotel/double-tree-hotel-santa-ana-orange-county-airport-irvine-dbae4f/,"2532 Dupont Dr, Irvine, CA 92612-1524",Irvine,CA,92612-1524,US,33.6707,-117.85456,+17144354000,,hotel,28.5,settled-1.1-facts,2026-10-04,1,overture-places@2026-09-23.1,cdla-permissive-2.0
ov:dbb4d8ee-028a-45fc-bbc8-20d25d38b029,Residence Inn,https://journeyed.org/hotel/residence-inn-long-beach-dbb4d8/,"4111 East Willow Street, Long Beach, CA 90815",Long Beach,CA,90815,US,33.8039698,-118.1448247,+15625950909,https://www.marriott.com/en-us/hotels/laxbh-residence-inn-long-beach/overview/?scid=d2406702-e8ea-4b45-bb9b-69cddaaef03d,hotel,39.9,settled-1.1-facts,2026-10-04,1,overture-places@2026-09-23.1,cdla-permissive-2.0
ov:dbc399dd-fc7d-4919-8de6-139948268c53,LA Extended Stay,https://journeyed.org/hotel/la-extended-stay-los-angeles-dbc399/,"2005 N Beachwood Dr, Los Angeles, CA 90068",Los Angeles,CA,90068,US,34.1075363,-118.3219376,+13105620076,http://www.laextendedstay.com/,cabin,40.7,settled-1.1-facts,2026-10-04,11,overture-places@2026-09-23.1,cdla-permissive-2.0
ov:dbfa78cc-a326-4374-b1f1-94388e6e3a09,Holiday Inn Express Fullerton - Anaheim,https://journeyed.org/hotel/holiday-inn-express-fullerton-anaheim-fullerton-dbfa78/,"212 W Houston Ave, Fullerton, CA 92832",Fullerton,CA,92832,US,33.8551581,-117.9260108,+17148531700,https://www.ihg.com/holidayinnexpress/hotels/us/en/fullerton/fulca/hoteldetail,hotel,39.8,settled-1.1-facts,2026-10-04,3,overture-places@2026-09-23.1,cdla-permissive-2.0
ov:dc0851c9-a00e-498e-9fc0-44a761c9e14a,Home2 Suites by Hilton Anaheim Resort,https://journeyed.org/hotel/home2-suites-by-hilton-anaheim-resort-anaheim-dc0851/,"1441 S Manchester Ave, Anaheim, CA 92802",Anaheim,CA,92802,US,33.8116961,-117.9126931,+17148442811,https://h2anaheimresort.com/,resort,70,settled-1.1-facts,2026-10-04,63,overture-places@2026-09-23.1,cdla-permissive-2.0
ov:dc10b83b-b6f9-45e0-a3c8-8582e3005c9c,OSO,https://journeyed.org/hotel/oso-burbank-dc10b8/,"150 E Angeleno Ave, Burbank, CA 91502-1911",Burbank,CA,91502-1911,US,34.179171,-118.307816,,https://oso.co/,hotel,31.3,settled-1.1-facts,2026-10-04,1,overture-places@2026-09-23.1,cdla-permissive-2.0
ov:dc70a539-4a9b-43d1-8b26-3d8136aca093,Castle Inn & Suites,https://journeyed.org/hotel/castle-inn-and-suites-anaheim-dc70a5/,"1734 S Harbor Blvd, Anaheim, CA 92802-2316",Anaheim,CA,92802-2316,US,33.8048785,-117.9135192,+17147748111,https://www.castleinn.com,hotel,60.1,settled-1.1-facts,2026-10-04,71,overture-places@2026-09-23.1,cdla-permissive-2.0
ov:dc82781b-f652-44e9-813c-7a24ccf796e9,STAY OPEN Venice Beach,https://journeyed.org/hotel/stay-open-venice-beach-venice-dc8278/,"11 Brooks Ave Unit B, Venice, CA 90291",Venice,CA,90291,US,33.9909667,-118.4766052,+13102665786,https://www.stayopen.com/,hostel,40.5,settled-1.1-facts,2026-10-04,12,overture-places@2026-09-23.1,cdla-permissive-2.0
ov:dce5f0b5-e56b-4345-b864-1c1137cd8f1d,Imperial Suites,https://journeyed.org/hotel/imperial-suites-norwalk-dce5f0/,"11650 Imperial Hwy., Norwalk, CA 90650",Norwalk,CA,90650,US,33.9167699,-118.0846327,+15628642777,,hotel,29,settled-1.1-facts,2026-10-04,1,overture-places@2026-09-23.1,cdla-permissive-2.0
ov:dd0101ff-8454-49d7-98fd-195aa146f48e,"VEA Newport Beach, A Marriott Resort & Spa",https://journeyed.org/hotel/vea-newport-beach-a-marriott-resort-and-spa-newport-beach-dd0101/,"900 Newport Center Dr, Newport Beach, CA 92660",Newport Beach,CA,92660,US,33.6163347,-117.8794491,+19496404000,https://www.marriott.com/hotels/travel/LAXNB,resort,37.2,settled-1.1-facts,2026-10-04,0,overture-places@2026-09-23.1,cdla-permissive-2.0
ov:dd01861a-367d-495b-b35b-64773496818b,The Adler A Hollywood Hotel,https://journeyed.org/hotel/the-adler-a-hollywood-hotel-los-angeles-dd0186/,"6141 Franklin Ave, Los Angeles, CA 90028",Los Angeles,CA,90028,US,34.105412,-118.323682,+13234645181,http://theadlerahollywoodhotelwg.com,hotel,41,settled-1.1-facts,2026-10-04,11,overture-places@2026-09-23.1,cdla-permissive-2.0
ov:dd26f06f-d3cc-4ca6-b5a1-a209357c3dda,Sandman Motel,https://journeyed.org/hotel/sandman-motel-inglewood-dd26f0/,"850 W Manchester Blvd, Inglewood, CA 90301",Inglewood,CA,90301,US,33.9611599,-118.3716353,+13106496500,http://www.sandmanhotels.com,motel,39.8,settled-1.1-facts,2026-10-04,10,overture-places@2026-09-23.1,cdla-permissive-2.0
ov:dd301a38-ef5b-4da9-a506-e96df859c818,Rosslyn Hotel,https://journeyed.org/hotel/rosslyn-hotel-los-angeles-dd301a/,"112 W 5th St, Los Angeles, CA 90013",Los Angeles,CA,90013,US,34.0467234,-118.2489114,+12136243311,http://www.rosslynlofts.net,lodging,41.1,settled-1.1-facts,2026-10-04,12,overture-places@2026-09-23.1,cdla-permissive-2.0
ov:dd3d5f43-9417-4224-b932-c1667a46e0c7,Embassy Suites by Hilton Los Angeles International Airport North,https://journeyed.org/hotel/embassy-suites-by-hilton-los-angeles-international-airport-north-los-dd3d5f/,"9801 Airport Blvd, Los Angeles, CA 90045",Los Angeles,CA,90045,US,33.9469646,-118.3865046,+13102151000,http://www.laxembassy.com/,hotel,83.4,settled-1.1-facts,2026-10-04,63,overture-places@2026-09-23.1,cdla-permissive-2.0
ov:dd8de93a-ea17-463c-93b5-24d82041c4fa,Laguna Surf,https://journeyed.org/hotel/laguna-surf-laguna-beach-dd8de9/,"Laguna Beach, CA",Laguna Beach,CA,,US,33.539469,-117.7812596,+19494976299,http://lagunasurf.org/,hotel,29.5,settled-1.1-facts,2026-10-04,0,overture-places@2026-09-23.1,cdla-permissive-2.0
ov:dd91d9dc-c9db-4159-bec7-873eceda1b5a,Crowne Plaza Hotels & Resorts,https://journeyed.org/hotel/crowne-plaza-hotels-and-resorts-commerce-dd91d9/,"6121 Telegraph Rd, Commerce, CA 90040-2501",Commerce,CA,90040-2501,US,33.9984359,-118.1454724,+13237283600,http://cpccla.com,hotel,40.6,settled-1.1-facts,2026-10-04,1,overture-places@2026-09-23.1,cdla-permissive-2.0
ov:dda36f29-a565-4e27-a9de-7ccb56ad3337,Eunice Plaza Motel,https://journeyed.org/hotel/eunice-plaza-motel-el-monte-dda36f/,"9961 East, Valley Blvd, El Monte, CA 91731",El Monte,CA,91731,US,34.0802189,-118.0533354,+16264481688,http://www.euniceplazamotel.com,motel,40,settled-1.1-facts,2026-10-04,1,overture-places@2026-09-23.1,cdla-permissive-2.0
ov:ddac8f2e-5e2a-4819-b08f-59723ab3c9f6,Welcome Inn,https://journeyed.org/hotel/welcome-inn-los-angeles-ddac8f/,"1840 Colorado Blvd, Los Angeles, CA 90041-1351",Los Angeles,CA,90041-1351,US,34.138946,-118.207847,+13232561673,https://www.welcomeinneaglerock.com,motel,37.9,settled-1.1-facts,2026-10-04,1,overture-places@2026-09-23.1,cdla-permissive-2.0
ov:ddface7f-3b39-44fc-a7c4-20230503db36,Hotel West Inn Hollywood,https://journeyed.org/hotel/hotel-west-inn-hollywood-los-angeles-ddface/,"1617 N Cahuenga Blvd, Los Angeles, CA 90028",Los Angeles,CA,90028,US,34.1002945,-118.3296391,+13234657898,http://www.westinnhollywood.com,hotel,46,settled-1.1-facts,2026-10-04,55,overture-places@2026-09-23.1,cdla-permissive-2.0
ov:de266456-eb5d-4438-a2c1-62594da4d860,The Eden,https://journeyed.org/hotel/the-eden-santa-monica-de2664/,"1301 Ocean Ave, Santa Monica, CA 90401",Santa Monica,CA,90401,US,34.0154324,-118.4989498,+13109339112,http://edensm.com/,hotel,65.1,settled-1.1-facts,2026-10-04,45,overture-places@2026-09-23.1,cdla-permissive-2.0
ov:de2bb167-96cb-40af-ba1b-a0b2c56065e7,Sheraton Park Hotel at the Anaheim Resort,https://journeyed.org/hotel/sheraton-park-hotel-at-the-anaheim-resort-anaheim-de2bb1/,"1855 S Harbor Blvd, Anaheim, CA 92802",Anaheim,CA,92802,US,33.801287,-117.9158681,+17147501811,https://www.marriott.com/en-us/hotels/snaps-sheraton-park-hotel-at-the-anaheim-resort/overview/?scid=d2406702-e8ea-4b45-bb9b-69cddaaef03d,resort,41,settled-1.1-facts,2026-10-04,9,overture-places@2026-09-23.1,cdla-permissive-2.0
ov:de31b74d-3ee9-4504-9018-61ac5d7dc100,Venice Beach Hostel,https://journeyed.org/hotel/venice-beach-hostel-venice-de31b7/,"1515 Pacific Ave, Venice, CA 90291-3611",Venice,CA,90291-3611,US,33.98785,-118.47266,+13104523052,,hostel,28.9,settled-1.1-facts,2026-10-04,10,overture-places@2026-09-23.1,cdla-permissive-2.0
ov:de401c20-3ed9-4e68-9275-353c33e3eb14,DoubleTree by Hilton Chatsworth,https://journeyed.org/hotel/doubletree-by-hilton-chatsworth-chatsworth-de401c/,"9777 Topanga Canyon Blvd, Chatsworth, CA 91311",Chatsworth,CA,91311,US,34.2484919,-118.6061538,+18187097054,https://www.hilton.com/en/hotels/burcsdt-doubletree-chatsworth/?SEO_id=BING-AMER-DT-BURCSDT&y_source=1_OTgxMzcwNzUtNDgzLWxvY2F0aW9uLndlYnNpdGU%3D,resort,33.2,settled-1.1-facts,2026-10-04,0,overture-places@2026-09-23.1,cdla-permissive-2.0
ov:de6fe15f-73f7-49ca-9768-1d1e5f2648b8,Ayres Inn Orange,https://journeyed.org/hotel/ayres-inn-orange-orange-de6fe1/,"3737 W Chapman Ave, Orange, CA 92868-1608",Orange,CA,92868-1608,US,33.79009,-117.891603,+17149789168,https://ayres-inn-orange.h-rez.com,lodging,40.1,settled-1.1-facts,2026-10-04,9,overture-places@2026-09-23.1,cdla-permissive-2.0
ov:de70af32-a43d-4d01-9bdc-18d1a048607b,Century Motel,https://journeyed.org/hotel/century-motel-buena-park-de70af/,"7412 Orangethorpe Ave, Buena Park, CA 90621",Buena Park,CA,90621,US,33.8585356,-118.0035506,+17146701991,https://www.centurymotelbuenapark.com/,motel,40.1,settled-1.1-facts,2026-10-04,2,overture-places@2026-09-23.1,cdla-permissive-2.0
ov:de906ada-7758-42e6-9c0f-9049e0ada1bd,Motel 6,https://journeyed.org/hotel/motel-6-sylmar-de906a/,"12775 Encinitas Ave, Sylmar, CA 91342",Sylmar,CA,91342,US,34.301765,-118.4768257,+18183629491,https://www.motel6.com/en/motels.ca.sylmar.356.html?corporatePlusNumber=CP792N5W&travelAgentNumber=TA001305,hotel,29.3,settled-1.1-facts,2026-10-04,0,overture-places@2026-09-23.1,cdla-permissive-2.0
ov:dea6180b-9aca-4efc-a38c-d69ebeea1d1e,Liberty Hotel,https://journeyed.org/hotel/liberty-hotel-long-beach-dea618/,"1875 Cherry Ave, Long Beach, CA 90806",Long Beach,CA,90806,US,33.7912301,-118.1678153,+15625918316,http://www.libertyhotel.com,hotel,38.4,settled-1.1-facts,2026-10-04,1,overture-places@2026-09-23.1,cdla-permissive-2.0
ov:dec3830c-3a90-4cad-befa-8105c642c8ca,Queens Inn Anaheim near The Park & Convention Center,https://journeyed.org/hotel/queens-inn-anaheim-near-the-park-and-convention-center-anaheim-dec383/,"620 W Orangewood Ave, Anaheim, CA 92802",Anaheim,CA,92802,US,33.7958889,-117.9160988,+16572634884,https://QueensInnAnaheim.com/,hotel,74.8,settled-1.1-facts,2026-10-04,85,overture-places@2026-09-23.1,cdla-permissive-2.0
ov:deceaf2a-ed35-4e1a-a1e8-0dd2e3cf937c,Northwoods Inn,https://journeyed.org/hotel/northwoods-inn-covina-deceaf/,"540 N. Azusa Ave., Covina, CA, Covina, CA 91722",Covina,CA,91722,US,34.0899702,-117.907365,+16263317444,https://clearmansrestaurants.com/north-woods-covina,hotel,28.2,settled-1.1-facts,2026-10-04,1,overture-places@2026-09-23.1,cdla-permissive-2.0
ov:ded97aae-5c12-406b-aa19-cbf08fb8269e,Valley Village // Sherman Oaks // North Hollywood Hostel,https://journeyed.org/hotel/valley-village-sherman-oaks-north-hollywood-hostel-valley-village-ded97a/,"5353 Alcove Ave, Valley Village, CA 91607-2327",Valley Village,CA,91607-2327,US,34.168104,-118.412655,,,hostel,17.4,settled-1.1-facts,2026-10-04,1,overture-places@2026-09-23.1,cdla-permissive-2.0
ov:dee029a0-ef48-4186-9f26-53b6b85e6ea6,The Bates Motel,https://journeyed.org/hotel/the-bates-motel-los-angeles-dee029/,"1208 Bates Ave, Los Angeles, CA 90029-2204",Los Angeles,CA,90029-2204,US,34.0951687,-118.2825648,,http://www.batesmotel.com,hotel,30.2,settled-1.1-facts,2026-10-04,8,overture-places@2026-09-23.1,cdla-permissive-2.0
ov:def0a5b0-b50b-48d9-b12f-3282b82e59da,Downtown Los Angeles Luxurious Resort Suite,https://journeyed.org/hotel/downtown-los-angeles-luxurious-resort-suite-los-angeles-def0a5/,"505 N Figueroa St, Los Angeles, CA 90012-1582",Los Angeles,CA,90012-1582,US,34.0625401,-118.2471608,+12132408101,https://www.expert4law.org,hotel,28.6,settled-1.1-facts,2026-10-04,10,overture-places@2026-09-23.1,cdla-permissive-2.0
ov:df22e3f8-eef0-4e77-94e0-41e5adf5cd97,The Delphi Downtown LA,https://journeyed.org/hotel/the-delphi-downtown-la-los-angeles-df22e3/,"550 S Flower St, Los Angeles, CA 90071",Los Angeles,CA,90071,US,34.0503301,-118.2572996,+12138928080,https://www.thedelphihotel.com/?utm_medium=organic&utm_source=yext&utm_campaign=website,resort,79.9,settled-1.1-facts,2026-10-04,82,overture-places@2026-09-23.1,cdla-permissive-2.0
ov:df2fbf8c-29b7-475f-b2fa-70fc3ebbe11f,Casa Camino Hotel And Suites,https://journeyed.org/hotel/casa-camino-hotel-and-suites-orange-df2fbf/,"1930 E Katella Ave, Orange, CA 92867-5109",Orange,CA,92867-5109,US,33.808568,-117.83311,+17146391121,https://www.wyndhamhotels.com,hotel,38.8,settled-1.1-facts,2026-10-04,5,overture-places@2026-09-23.1,cdla-permissive-2.0
ov:df56662d-38a2-427f-8a4b-98715bfddb68,Claremont Lodge,https://journeyed.org/hotel/claremont-lodge-claremont-df5666/,"736 S Indian Hill Blvd, Claremont, CA 91711",Claremont,CA,91711,US,34.0827274,-117.7182525,+19096265654,http://claremont-lodge.com/,motel,37.4,settled-1.1-facts,2026-10-04,0,overture-places@2026-09-23.1,cdla-permissive-2.0
ov:df5d925c-5d6a-448e-9a15-47088e606f58,Sonesta Simply Suites Irvine East Foothill,https://journeyed.org/hotel/sonesta-simply-suites-irvine-east-foothill-lake-forest-df5d92/,"3 S Pointe Dr, Lake Forest, CA 92630",Lake Forest,CA,92630,US,33.6592165,-117.6984214,+19495989105,,resort,28.1,settled-1.1-facts,2026-10-04,1,overture-places@2026-09-23.1,cdla-permissive-2.0
ov:df72499c-f9d8-42ff-afa7-9059986c345d,Troy Motel,https://journeyed.org/hotel/troy-motel-el-monte-df7249/,"11306 Garvey Ave, El Monte, CA 91732-3302",El Monte,CA,91732-3302,US,34.0624776,-118.0300193,+16265757823,,motel,28.4,settled-1.1-facts,2026-10-04,1,overture-places@2026-09-23.1,cdla-permissive-2.0
ov:df7c1e7c-2c28-4be6-ac56-4aa96f410de5,Renaissance At Westlake Village,https://journeyed.org/hotel/renaissance-at-westlake-village-westlake-village-df7c1e/,"30852 Marseille Way, Westlake Village, CA 91362-7170",Westlake Village,CA,91362-7170,US,34.1517534,-118.7926445,+18189918343,http://marriott.com,hotel,40.2,settled-1.1-facts,2026-10-04,1,overture-places@2026-09-23.1,cdla-permissive-2.0
ov:df8503e7-b34e-4db0-86a1-ccda172a594f,College Hotel,https://journeyed.org/hotel/college-hotel-los-angeles-df8503/,"4620 Santa Monica Blvd, Los Angeles, CA 90029",Los Angeles,CA,90029,US,34.0907171,-118.2900881,+13236663785,http://collegehotelamsterdam.com,hotel,39.7,settled-1.1-facts,2026-10-04,4,overture-places@2026-09-23.1,cdla-permissive-2.0
ov:dfa19d6f-42c2-4ab2-9a48-7506a986ca57,Hilton Los Angeles/Universal City,https://journeyed.org/hotel/hilton-los-angeles-universal-city-universal-city-dfa19d/,"555 Universal Hollywood Dr, Universal City, CA 91608",Universal City,CA,91608,US,34.1369882,-118.3582985,+18185062500,http://www3.hilton.com/en/index.html,hotel,41.1,settled-1.1-facts,2026-10-04,4,overture-places@2026-09-23.1,cdla-permissive-2.0
ov:dfd7e90f-6534-469f-b42c-af0f35a87634,Ariella Elsie,https://journeyed.org/hotel/ariella-elsie-los-angeles-dfd7e9/,"1310 E Olympic Blvd, Los Angeles, CA 90021-1907",Los Angeles,CA,90021-1907,US,34.03142,-118.24414,+13038321785,,hotel,27.9,settled-1.1-facts,2026-10-04,11,overture-places@2026-09-23.1,cdla-permissive-2.0
ov:dfe82edd-d320-498f-bab0-e8241711c8b5,Rotex Western Inn,https://journeyed.org/hotel/rotex-western-inn-los-angeles-dfe82e/,"921 S Western Ave, Los Angeles, CA 90006",Los Angeles,CA,90006,US,34.0550238,-118.3092381,+13237332168,http://www.bestwestern.com/,hotel,40.7,settled-1.1-facts,2026-10-04,3,overture-places@2026-09-23.1,cdla-permissive-2.0
ov:dfec5c78-7552-48d9-95ef-4bf9170ed255,Huntington Motel,https://journeyed.org/hotel/huntington-motel-huntington-park-dfec5c/,"2871 E Florence Ave, Huntington Park, CA 90255",Huntington Park,CA,90255,US,33.9738096,-118.2181507,+13238356900,https://www.kayak.com/Huntington-Park-Hotels.22960.hotel.ksp,motel,24,settled-1.1-facts,2026-10-04,0,overture-places@2026-09-23.1,cdla-permissive-2.0
ov:e0222ad7-458c-4b2b-a041-102fba9a58c9,California Lodge Suites,https://journeyed.org/hotel/california-lodge-suites-santa-ana-e0222a/,"2909 S Bristol St, Santa Ana, CA 92704",Santa Ana,CA,92704,US,33.7082988,-117.8848741,+17145402300,http://california-lodging.com,hotel,37.8,settled-1.1-facts,2026-10-04,1,overture-places@2026-09-23.1,cdla-permissive-2.0
ov:e038d94b-9b8e-4bbd-9b8b-dc0ea1394e48,Ambassador Inn Alhambra,https://journeyed.org/hotel/ambassador-inn-alhambra-alhambra-e038d9/,"2720 W Valley Blvd, Alhambra, CA 91803-1815",Alhambra,CA,91803-1815,US,34.076447,-118.1537104,+16263081638,https://www.magnusonhotels.com,motel,38.6,settled-1.1-facts,2026-10-04,1,overture-places@2026-09-23.1,cdla-permissive-2.0
ov:e056fbea-ebd1-448c-9458-46bb62ff9574,New Aster Motel,https://journeyed.org/hotel/new-aster-motel-los-angeles-e056fb/,"2901 Flower St, Los Angeles, CA 90007",Los Angeles,CA,90007,US,34.0250582,-118.2765873,+13233784247,http://new-aster-motel.edan.io,motel,40.6,settled-1.1-facts,2026-10-04,8,overture-places@2026-09-23.1,cdla-permissive-2.0
ov:e062f736-1be9-4748-a837-3249bf6423bb,SureStay Hotel,https://journeyed.org/hotel/surestay-hotel-los-angeles-e062f7/,"7721 Beverly Blvd, Los Angeles, CA 90036-2113",Los Angeles,CA,90036-2113,US,34.0763813,-118.3582251,+13236921777,https://www.surestaybeverlyhills.com/,hotel,60.5,settled-1.1-facts,2026-10-04,76,overture-places@2026-09-23.1,cdla-permissive-2.0
ov:e0711f6b-4efc-45a1-a3fd-15968cb307a7,Knights Inn Pico Rivera,https://journeyed.org/hotel/knights-inn-pico-rivera-pico-rivera-e0711f/,"6540 Rosemead Blvd, Pico Rivera, CA 90660-3532",Pico Rivera,CA,90660-3532,US,33.985804,-118.094006,+15629421003,https://www.redlion.com,hotel,38,settled-1.1-facts,2026-10-04,0,overture-places@2026-09-23.1,cdla-permissive-2.0
ov:e0a766db-4a9d-4a50-8ff0-fb2775bd789a,Azul Inn West Los Angeles,https://journeyed.org/hotel/azul-inn-west-los-angeles-los-angeles-e0a766/,"10740 Santa Monica Blvd, Los Angeles, CA 90025-4719",Los Angeles,CA,90025-4719,US,34.0508802,-118.4330581,,https://azul-inn-west.los-angeles-hotel.com,lodging,29.8,settled-1.1-facts,2026-10-04,4,overture-places@2026-09-23.1,cdla-permissive-2.0
ov:e0ab528c-cbda-41be-9d8d-a875c7e47c6c,Comfort Inn and Suites,https://journeyed.org/hotel/comfort-inn-and-suites-north-hollywood-e0ab52/,"6147 Lankershim Blvd, North Hollywood, CA 91606-4807",North Hollywood,CA,91606-4807,US,34.1825946,-118.38588,+18187696600,https://www.choicehotels.com/california/north-hollywood/comfort-inn-hotels/ca849?pmf=yext&mc=llyxyxpx,hotel,39.4,settled-1.1-facts,2026-10-04,2,overture-places@2026-09-23.1,cdla-permissive-2.0
ov:e0b30f8d-9013-4667-a620-76638fdc8c19,Quality Inn & Suites Walnut - City of Industry,https://journeyed.org/hotel/quality-inn-and-suites-walnut-city-of-industry-walnut-e0b30f/,"1170 Fairway Dr, Walnut, CA 91789",Walnut,CA,91789,US,33.993964,-117.869694,+19098954319,https://www.choicehotels.com/california/walnut/quality-inn-hotels/ca749?mc=llbillpx&pmf=local,resort,33.4,settled-1.1-facts,2026-10-04,0,overture-places@2026-09-23.1,cdla-permissive-2.0
ov:e0ce86b1-3515-4020-95cb-5a391bf1ac1e,The Huntley Hotel,https://journeyed.org/hotel/the-huntley-hotel-santa-monica-e0ce86/,"1111 2nd St, Santa Monica, CA 90403-5003",Santa Monica,CA,90403-5003,US,34.018794,-118.501123,+13103945454,https://www.thehuntleyhotel.com/,hotel,69.8,settled-1.1-facts,2026-10-04,49,overture-places@2026-09-23.1,cdla-permissive-2.0
ov:e0d163c7-6597-44e9-bb83-74e517fb8c5e,Malcomb Bed & Breakfast Inn,https://journeyed.org/hotel/malcomb-bed-and-breakfast-inn-castaic-e0d163/,"27732 Rainier Rd, Castaic, CA 91384-3707",Castaic,CA,91384-3707,US,34.4720612,-118.6209183,+19006252662,,bed_and_breakfast,24.5,settled-1.1-facts,2026-10-04,0,overture-places@2026-09-23.1,cdla-permissive-2.0
ov:e0e0e40f-8370-4721-a2ca-ef27e2bfd3c0,Westward Wagon Inn,https://journeyed.org/hotel/westward-wagon-inn-buena-park-e0e0e4/,"7830 Crescent Ave, Buena Park, CA 90620",Buena Park,CA,90620,US,33.8390233,-117.996502,+17146991589,https://www.westwardwagoninnbuenapark.com/Contact-Westward-Wagon-Inn-Knotts-Disneyland-Buena-Park-California.php,hotel,40.9,settled-1.1-facts,2026-10-04,2,overture-places@2026-09-23.1,cdla-permissive-2.0
ov:e0e87843-33f7-4d7b-af6c-e13600d59e2b,Penthouse,https://journeyed.org/hotel/penthouse-torrance-e0e878/,"5256 Zakon Rd, Torrance, CA 90505-4352",Torrance,CA,90505-4352,US,33.815494,-118.370437,+14246759545,http://www.jamaicapenthouse.com,hotel,38.3,settled-1.1-facts,2026-10-04,1,overture-places@2026-09-23.1,cdla-permissive-2.0
ov:e109c0ce-6638-44d7-bcf7-48eb2c4eef05,Courtyard By Marriott,https://journeyed.org/hotel/courtyard-by-marriott-los-angeles-e109c0/,"15433 Ventura Blvd., Los Angeles, CA 91403",Los Angeles,CA,91403,US,34.1548444,-118.4695673,+18189815400,https://www.marriott.com/hotels/travel/laxsf-courtyard-los-angeles-sherman-oaks/?scid=5d6c9ba8-fdb3-45cd-90d4-fc3cbfe3681c&y_source=1_MjgxODcxNy01NTktbG9jYXRpb24ud2Vic2l0ZQ%3D%3D,hotel,39.7,settled-1.1-facts,2026-10-04,1,overture-places@2026-09-23.1,cdla-permissive-2.0
ov:e11c407b-bfc9-4bcc-91da-99a246f7c0f1,Madison Park Resident Suites,https://journeyed.org/hotel/madison-park-resident-suites-anaheim-e11c40/,"2235 W Broadway, Anaheim, CA 92804-2303",Anaheim,CA,92804-2303,US,33.8302165,-117.9625066,+17147832789,,hotel,26.2,settled-1.1-facts,2026-10-04,3,overture-places@2026-09-23.1,cdla-permissive-2.0
ov:e122323c-897f-4291-b54b-597254cd6560,Venice Canal Cottage,https://journeyed.org/hotel/venice-canal-cottage-los-angeles-e12232/,"2343 Eastern Canal Ct, Los Angeles, CA 90291-4614",Los Angeles,CA,90291-4614,US,33.9856444,-118.4646463,+12136247300,http://www.cityseekr.com/los-angeles/tourist-attractions-sightseeing/poi-venice-canals-781768.html,hotel,40.8,settled-1.1-facts,2026-10-04,10,overture-places@2026-09-23.1,cdla-permissive-2.0
ov:e123861b-0a7e-4e50-9549-6c3b84503ce3,Extended Stay America Suites- Orange County - John Wayne Airport,https://journeyed.org/hotel/extended-stay-america-suites-orange-county-john-wayne-airport-newport-e12386/,"4881 Birch St, Newport Beach, CA 92660-2112",Newport Beach,CA,92660-2112,US,33.668872,-117.860869,+19498512711,https://www.extendedstayamerica.com,lodging,40.5,settled-1.1-facts,2026-10-04,1,overture-places@2026-09-23.1,cdla-permissive-2.0
ov:e13526ad-d028-4b38-836d-615bcebb34c9,Holiday Inn Express and Suites Hollywood Walk of Fame,https://journeyed.org/hotel/holiday-inn-express-and-suites-hollywood-walk-of-fame-los-angeles-e13526/,"1921 N Highland Ave, Los Angeles, CA 90068-3236",Los Angeles,CA,90068-3236,US,34.1059721,-118.3377304,+13238508151,https://www.ihg.com/holidayinnexpress/hotels/us/en/los-angeles/laxfa/hoteldetail?cm_mmc=FacebookMaps-_-EX-_-US-_-LAXFA,hotel,41,settled-1.1-facts,2026-10-04,13,overture-places@2026-09-23.1,cdla-permissive-2.0
ov:e14bc665-f872-4384-a391-e3908c21ad49,Pacific Inn and Suites,https://journeyed.org/hotel/pacific-inn-and-suites-los-angeles-e14bc6/,"516 W 38th St, Los Angeles, CA 90731",Los Angeles,CA,90731,US,33.7097822,-118.288347,+13105141247,http://www.pacificinnsanpedroca.com,hotel,38.7,settled-1.1-facts,2026-10-04,2,overture-places@2026-09-23.1,cdla-permissive-2.0
ov:e15cf4af-b03f-4ce0-952a-764a09963c06,Hollywood Premiere Motel,https://journeyed.org/hotel/hollywood-premiere-motel-los-angeles-e15cf4/,"5333 Hollywood Blvd, Los Angeles, CA 90027",Los Angeles,CA,90027,US,34.1021014,-118.3068889,+13234661691,http://www.hollywoodpremieremotella.us,motel,59.2,settled-1.1-facts,2026-10-04,48,overture-places@2026-09-23.1,cdla-permissive-2.0
ov:e15e426d-bb6e-4dce-93e9-e1c05b661681,Camelot Inn and Suites,https://journeyed.org/hotel/camelot-inn-and-suites-anaheim-e15e42/,"1520 S Harbor Blvd, Anaheim, CA 92802",Anaheim,CA,92802,US,33.8105746,-117.914969,+17146357275,http://www.camelotinn-anaheim.com/,hotel,65.2,settled-1.1-facts,2026-10-04,79,overture-places@2026-09-23.1,cdla-permissive-2.0
ov:e165a6cf-1dea-4107-a226-e1e71a057574,The Sojourn,https://journeyed.org/hotel/the-sojourn-sherman-oaks-e165a6/,"15485 Ventura Blvd, Sherman Oaks, CA 91403-3014",Sherman Oaks,CA,91403-3014,US,34.1550774,-118.471456,+18186463663,https://www.thesojournshermanoaks.com/,hotel,78.4,settled-1.1-facts,2026-10-04,33,overture-places@2026-09-23.1,cdla-permissive-2.0
ov:e16f16e9-9ac6-45db-be9d-f29ebbfe339f,Homewood Suites by Hilton Anaheim Resort Convention Center,https://journeyed.org/hotel/homewood-suites-by-hilton-anaheim-resort-convention-center-anaheim-e16f16/,"2010 S Harbor Blvd, Anaheim, CA 92802-3514",Anaheim,CA,92802-3514,US,33.7984224,-117.9136725,+17147502010,http://homewoodsuites3.hilton.com/en/hotels/california/homewood-suites-by-hilton-anaheim-resort-convention-center-ANADLHW/index.html,hotel,40.8,settled-1.1-facts,2026-10-04,9,overture-places@2026-09-23.1,cdla-permissive-2.0
ov:e19fc2fb-eef5-4b09-b0bb-2a632d18919d,Glendale Hotel,https://journeyed.org/hotel/glendale-hotel-glendale-e19fc2/,"1510 E Colorado St, Glendale, CA 91205",Glendale,CA,91205,US,34.142664,-118.2310161,+18185076688,http://www.GlenLodgeCA.com/,hotel,40,settled-1.1-facts,2026-10-04,1,overture-places@2026-09-23.1,cdla-permissive-2.0
ov:e1f3bcdf-82de-448c-83d3-675c4da3a903,Alvarado Palms Motel,https://journeyed.org/hotel/alvarado-palms-motel-los-angeles-e1f3bc/,"931 S Alvarado St, Los Angeles, CA 90006",Los Angeles,CA,90006,US,34.052592,-118.2792798,+12134808867,,hotel,28.4,settled-1.1-facts,2026-10-04,14,overture-places@2026-09-23.1,cdla-permissive-2.0
ov:e20aa2c9-6e7c-41d0-b0a8-44b8b2b2ec5c,The Bel Air Treehouse,https://journeyed.org/hotel/the-bel-air-treehouse-los-angeles-e20aa2/,"795 N Beverly Glen Blvd, Los Angeles, CA 90077",Los Angeles,CA,90077,US,34.0899036,-118.4383237,+18005975132,http://www.thebelairtreehouse.com,hotel,39.4,settled-1.1-facts,2026-10-04,3,overture-places@2026-09-23.1,cdla-permissive-2.0
ov:e21416bd-0b9a-4614-96ef-dca5f3ce6e1b,Hotel Avenida,https://journeyed.org/hotel/hotel-avenida-culver-city-e21416/,"5622 Sawtelle Blvd, Culver City, CA 90230-5508",Culver City,CA,90230-5508,US,33.9949,-118.39466,+13109157190,https://www.tdhotels.com/mocambique/hoteis-maputo/hotel-avenida,hotel,38.7,settled-1.1-facts,2026-10-04,5,overture-places@2026-09-23.1,cdla-permissive-2.0
ov:e219c68c-a514-4a49-824e-4ba86757da08,Koko's Mountain Motel,https://journeyed.org/hotel/kokos-mountain-motel-frazier-park-e219c6/,"3225 Mt Pinos Way, Frazier Park, CA 93225",Frazier Park,CA,93225,US,34.8215194,-118.9404013,+16612453788,https://kokosmountainmotels.wordpress.com,motel,26.5,settled-1.1-facts,2026-10-04,0,overture-places@2026-09-23.1,cdla-permissive-2.0
ov:e2282559-a514-46e0-ac14-982fdb8bb1f3,Days Inn,https://journeyed.org/hotel/days-inn-hollywood-e22825/,"7023 W Sunset Blvd, Hollywood, CA 90028",Hollywood,CA,90028,US,34.098372,-118.342165,+13234648344,https://www.wyndhamhotels.com/days-inn/hollywood-california/days-inn-hollywood-near-universal-studios/overview,resort,41.1,settled-1.1-facts,2026-10-04,15,overture-places@2026-09-23.1,cdla-permissive-2.0
ov:e25f1cfb-3a1b-4d34-a4f5-091581698dd6,The Topping House,https://journeyed.org/hotel/the-topping-house-los-angeles-e25f1c/,"7007 Parsons Trl, Los Angeles, CA 91042-1508",Los Angeles,CA,91042-1508,US,34.2631462,-118.2839344,+18183532050,http://www.thetoppinghouse.com/,bed_and_breakfast,32.7,settled-1.1-facts,2026-10-04,0,overture-places@2026-09-23.1,cdla-permissive-2.0
ov:e2753235-2e24-48a6-8be3-14de71692ee6,Residence Inn,https://journeyed.org/hotel/residence-inn-garden-grove-e27532/,"11931 Harbor Boulevard, Garden Grove, CA 92840",Garden Grove,CA,92840,US,33.7899932,-117.9154321,+17145914000,https://www.marriott.com/en-us/hotels/snaag-residence-inn-anaheim-resort-area-garden-grove/overview/?scid=d2406702-e8ea-4b45-bb9b-69cddaaef03d,hotel,40.3,settled-1.1-facts,2026-10-04,8,overture-places@2026-09-23.1,cdla-permissive-2.0
ov:e280cc8d-7621-48a6-95c3-25cd305bba1b,Isla Marisol Resort,https://journeyed.org/hotel/isla-marisol-resort-monrovia-e280cc/,"515 E Fig Ave, Monrovia, CA 91016-4224",Monrovia,CA,91016-4224,US,34.136991,-117.9929,+16263570185,http://www.islamarisolresort.com,hotel,40.1,settled-1.1-facts,2026-10-04,1,overture-places@2026-09-23.1,cdla-permissive-2.0
ov:e287f089-9834-4f79-aec0-58f572fbae00,洛杉磯精緻民宿-La陽光四季,https://journeyed.org/hotel/la-hacienda-heights-e287f0/,"1928 Country Canyon Rd, Hacienda Heights, CA 91745-4922",Hacienda Heights,CA,91745-4922,US,33.99281,-117.94856,,https://air.tl/QmC1LNrH,hotel,28.7,settled-1.1-facts,2026-10-04,1,overture-places@2026-09-23.1,cdla-permissive-2.0
ov:e28ebb6e-6470-4bc1-9f83-288cbedf77d1,Aqua Inn Motel,https://journeyed.org/hotel/aqua-inn-motel-el-monte-e28ebb/,"12031 Garvey Ave, El Monte, CA 91732",El Monte,CA,91732,US,34.0632771,-118.0177839,+16264434111,http://www.aquainnmotel.com,motel,39.4,settled-1.1-facts,2026-10-04,1,overture-places@2026-09-23.1,cdla-permissive-2.0
ov:e2976fce-ffc5-4946-9839-0429beec62a0,King Motel,https://journeyed.org/hotel/king-motel-los-angeles-e2976f/,"2814 W Slauson Ave, Los Angeles, CA 90043",Los Angeles,CA,90043,US,33.9889222,-118.3240841,+13232945198,,motel,26.3,settled-1.1-facts,2026-10-04,4,overture-places@2026-09-23.1,cdla-permissive-2.0
ov:e2a78406-a2ff-437d-b043-bfb200789160,DoubleTree by Hilton Pomona,https://journeyed.org/hotel/doubletree-by-hilton-pomona-pomona-e2a784/,"3101 W Temple Ave, Pomona, CA 91768",Pomona,CA,91768,US,34.0441302,-117.8029136,+19095940600,http://doubletree3.hilton.com/en/hotels/california/doubletree-by-hilton-pomona-ONTPODT/index.html,hotel,36.9,settled-1.1-facts,2026-10-04,0,overture-places@2026-09-23.1,cdla-permissive-2.0
ov:e2ad3788-19de-4976-bd7d-0e1b196daba3,Courtyard by Marriott Santa Monica,https://journeyed.org/hotel/courtyard-by-marriott-santa-monica-santa-monica-e2ad37/,"425 Colorado Ave, Santa Monica, CA 90401",Santa Monica,CA,90401,US,34.0145833,-118.4915239,+13103941700,https://www.marriott.com/en-us/hotels/laxmo-courtyard-santa-monica/overview/?scid=8ca4a499-95c0-4bd5-9697-d6b0e42b2bd4,hotel,41,settled-1.1-facts,2026-10-04,8,overture-places@2026-09-23.1,cdla-permissive-2.0
ov:e2b1e2c9-37d2-4bb7-8a4d-40261d828d33,High Road Los Angeles,https://journeyed.org/hotel/high-road-los-angeles-irvine-e2b1e2/,"4 Studebaker, Irvine, CA 92618-2012",Irvine,CA,92618-2012,US,33.652535,-117.715014,+19495955290,http://www.highroad.com,hotel,39,settled-1.1-facts,2026-10-04,2,overture-places@2026-09-23.1,cdla-permissive-2.0
ov:e2b33c40-b77b-4caf-a84c-f024ec0e0355,Delta Hotels,https://journeyed.org/hotel/delta-hotels-garden-grove-e2b33c/,"12021 Harbor Boulevard, Garden Grove, CA 92840",Garden Grove,CA,92840,US,33.7870978,-117.9162206,+17148675555,https://www.marriott.com/en-us/hotels/snade-delta-hotels-anaheim-garden-grove/overview/?scid=d2406702-e8ea-4b45-bb9b-69cddaaef03d,hotel,40,settled-1.1-facts,2026-10-04,9,overture-places@2026-09-23.1,cdla-permissive-2.0
ov:e2eaca47-ab14-48fd-a1d2-80baf356a9c3,Hampton Inn,https://journeyed.org/hotel/hampton-inn-west-covina-e2eaca/,"3145 E Garvey Ave N, West Covina, CA 91791",West Covina,CA,91791,US,34.0730777,-117.876999,+16269675800,https://www.hilton.com/en/locations/usa/,hotel,39.6,settled-1.1-facts,2026-10-04,1,overture-places@2026-09-23.1,cdla-permissive-2.0
ov:e2ec5f73-df62-407a-bef7-4f66adcf368e,Vike's Inn,https://journeyed.org/hotel/vikes-inn-santa-monica-e2ec5f/,"601 Pico Blvd, Santa Monica, CA 90405-1224",Santa Monica,CA,90405-1224,US,34.01134,-118.48518,+13103953204,http://www.samohi.smmusd.org/Vikes_Inn/index.html,hotel,40.5,settled-1.1-facts,2026-10-04,8,overture-places@2026-09-23.1,cdla-permissive-2.0
ov:e30d12f4-05de-4e41-96e3-f3cc6765d557,Supreme Hotel,https://journeyed.org/hotel/supreme-hotel-los-angeles-e30d12/,"815 S Flower St, Los Angeles, CA 90017-4607",Los Angeles,CA,90017-4607,US,34.047049,-118.260487,+12136272000,,hotel,29.2,settled-1.1-facts,2026-10-04,16,overture-places@2026-09-23.1,cdla-permissive-2.0
ov:e31e4468-eaca-4cfd-a51e-ec4e0dbe3da2,El Dorado Inn,https://journeyed.org/hotel/el-dorado-inn-lynwood-e31e44/,"10112 Long Beach Blvd, Lynwood, CA 90262",Lynwood,CA,90262,US,33.943485,-118.215355,+13232490573,https://rodeway-inn-suites-90262.los-angeles-metropolitan-area.com/pt,hotel,36.3,settled-1.1-facts,2026-10-04,0,overture-places@2026-09-23.1,cdla-permissive-2.0
ov:e3467caa-8217-4b4a-90b5-a59ee1838af3,Oasis Hostel 2,https://journeyed.org/hotel/oasis-hostel-2-los-angeles-e3467c/,"3967 W 7th St, Los Angeles, CA 90005-3129",Los Angeles,CA,90005-3129,US,34.06013,-118.31353,+18888503958,https://www.booking.com/hotel/us/oasis-hostel-2.html,hostel,29.1,settled-1.1-facts,2026-10-04,5,overture-places@2026-09-23.1,cdla-permissive-2.0
ov:e34e64a2-554c-4d05-85ce-54e16da65b8d,Holiday Inn Long Beach Airport,https://journeyed.org/hotel/holiday-inn-long-beach-airport-long-beach-e34e64/,"2640 N Lakewood Blvd, Long Beach, CA 90815",Long Beach,CA,90815,US,33.8039842,-118.1418344,+15625974401,https://www.ihg.com/holidayinn/hotels/us/en/long-beach/laxlb/hoteldetail?cm_mmc=FacebookMaps-_-HI-_-US-_-LAXLB,hotel,39.8,settled-1.1-facts,2026-10-04,1,overture-places@2026-09-23.1,cdla-permissive-2.0
ov:e34e782a-a2c3-45b4-8426-30bd4b296c8a,The Redline Venice,https://journeyed.org/hotel/the-redline-venice-venice-e34e78/,"20 17th Ave, Venice, CA 90291",Venice,CA,90291,US,33.9866021,-118.4724914,+12138717801,https://www.theredlinehotelgroup.com/,hotel,40.7,settled-1.1-facts,2026-10-04,10,overture-places@2026-09-23.1,cdla-permissive-2.0
ov:e35aedd1-c1cc-451c-af58-ac15861a8b8b,One Lux Stay Hollywood View LA Suites,https://journeyed.org/hotel/one-lux-stay-hollywood-view-la-suites-los-angeles-e35aed/,"5626 De Longpre Ave, Los Angeles, CA 90028",Los Angeles,CA,90028,US,34.0966935,-118.3117837,+12138663589,http://www.oneluxstay.com/,service_apartment,40.1,settled-1.1-facts,2026-10-04,10,overture-places@2026-09-23.1,cdla-permissive-2.0
ov:e35b55ed-5efa-4bd5-bfc1-be8ae6bfb728,Delmonico Motel,https://journeyed.org/hotel/delmonico-motel-los-angeles-e35b55/,"13055 San Fernando Rd, Los Angeles, CA 91342",Los Angeles,CA,91342,US,34.3069973,-118.4701119,+18183675824,http://www.delmonicomotelsylmar.us,motel,28.9,settled-1.1-facts,2026-10-04,0,overture-places@2026-09-23.1,cdla-permissive-2.0
ov:e35c24bc-c406-4e16-9ce4-28f06216283f,The Ranch at Laguna Beach,https://journeyed.org/hotel/the-ranch-at-laguna-beach-laguna-beach-e35c24/,"31106 Coast Hwy, Laguna Beach, CA 92651",Laguna Beach,CA,92651,US,33.513575,-117.7482033,+19494992271,https://www.theranchlb.com/,resort,66.2,settled-1.1-facts,2026-10-04,0,overture-places@2026-09-23.1,cdla-permissive-2.0
ov:e37c42ff-083d-4d93-aee2-49a8f53648b2,20th Century Motor Lodge,https://journeyed.org/hotel/20th-century-motor-lodge-glendora-e37c42/,"1345 E Rte 66, Glendora, CA 91740",Glendora,CA,91740,US,34.1293336,-117.8405969,+16263353348,http://20thcenturymotorlodge.com/,motel,45.6,settled-1.1-facts,2026-10-04,3,overture-places@2026-09-23.1,cdla-permissive-2.0
ov:e3873040-2e7a-42d0-9a5b-e7884e7cb26a,Costa Linda Beach,https://journeyed.org/hotel/costa-linda-beach-palmdale-e38730/,"40155 10th St W, Palmdale, CA 93551-3012",Palmdale,CA,93551-3012,US,34.612575,-118.148177,+16619470900,http://www.hotelcostalinda.com/,hotel,26.5,settled-1.1-facts,2026-10-04,0,overture-places@2026-09-23.1,cdla-permissive-2.0
ov:e38da9a9-6547-4eec-9368-8f682b0eead5,The Ambrose Hotel,https://journeyed.org/hotel/the-ambrose-hotel-santa-monica-e38da9/,"1255 20th St, Santa Monica, CA 90404",Santa Monica,CA,90404,US,34.0304235,-118.4817597,+13103151555,https://www.ambrosehotel.com/,hotel,59.5,settled-1.1-facts,2026-10-04,43,overture-places@2026-09-23.1,cdla-permissive-2.0
ov:e38f3d31-9594-480e-ad1d-42c2b94f1984,Shadow Park Inn and Suites,https://journeyed.org/hotel/shadow-park-inn-and-suites-anaheim-e38f3d/,"916 S Beach Blvd, Anaheim, CA 92804",Anaheim,CA,92804,US,33.8184023,-117.9923358,+17148218889,http://www.hotelanaheimcalifornia.com,motel,38.8,settled-1.1-facts,2026-10-04,1,overture-places@2026-09-23.1,cdla-permissive-2.0
ov:e391ccb4-e373-4dc1-b5c0-6dd727c01cb7,Novo Hotel,https://journeyed.org/hotel/novo-hotel-santa-ana-e391cc/,"209 W 4th St, Santa Ana, CA 92701-4600",Santa Ana,CA,92701-4600,US,33.74828,-117.86908,+17145433124,http://www.novohotelexpress.com/,hotel,41.1,settled-1.1-facts,2026-10-04,1,overture-places@2026-09-23.1,cdla-permissive-2.0
ov:e3cd98fe-06f0-44ff-bc4d-2ee4c855d0c5,Arthur Blair Historic Inn,https://journeyed.org/hotel/arthur-blair-historic-inn-monrovia-e3cd98/,"508 S Ivy Ave, Monrovia, CA 91016",Monrovia,CA,91016,US,34.1467129,-117.9985436,+16262148549,http://www.arthurblairhistoricinn.com/,bed_and_breakfast,41.2,settled-1.1-facts,2026-10-04,2,overture-places@2026-09-23.1,cdla-permissive-2.0
ov:e3cdebe7-e661-414e-af93-878d39fdd62d,Sunny Days Suites,https://journeyed.org/hotel/sunny-days-suites-anaheim-e3cdeb/,"9942 Broadway, Anaheim, CA 92804",Anaheim,CA,92804,US,33.8287108,-117.9595023,+17149561353,,hotel,26.1,settled-1.1-facts,2026-10-04,4,overture-places@2026-09-23.1,cdla-permissive-2.0
ov:e3e26b41-5f28-4110-81a0-19cce42e8434,Villa Marisa,https://journeyed.org/hotel/villa-marisa-glendale-e3e26b/,"1830 N Verdugo Rd, Glendale, CA 91208",Glendale,CA,91208,US,34.17541,-118.2258568,+18182400853,https://www.villamarisapavia.com,bed_and_breakfast,38,settled-1.1-facts,2026-10-04,0,overture-places@2026-09-23.1,cdla-permissive-2.0
ov:e3e6c801-e761-4a74-afb3-5ce6c9da7cd6,Malibu Colony,https://journeyed.org/hotel/malibu-colony-malibu-e3e6c8/,"23000 Pacific Coast Hwy, Malibu, CA 90265-4936",Malibu,CA,90265-4936,US,34.03753,-118.67589,+12136247300,http://www.malibucolonyco.com/,bed_and_breakfast,41.4,settled-1.1-facts,2026-10-04,1,overture-places@2026-09-23.1,cdla-permissive-2.0
ov:e3ff3d7c-0934-460c-b575-1d56997c9bc9,Las Americas Hotel,https://journeyed.org/hotel/las-americas-hotel-los-angeles-e3ff3d/,"1205 E 6th St, Los Angeles, CA 90021",Los Angeles,CA,90021,US,34.038294,-118.238069,+12138920127,http://www.amhotels.com,hotel,39.8,settled-1.1-facts,2026-10-04,9,overture-places@2026-09-23.1,cdla-permissive-2.0
ov:e41e5f0e-e46c-4627-a91f-2ecf5acb724a,La Spatel,https://journeyed.org/hotel/la-spatel-los-angeles-e41e5f/,"901 S Western Ave #105, Los Angeles, CA 90006",Los Angeles,CA,90006,US,34.0557058,-118.3094529,+13238402035,http://www.laspatelus.com/,motel,40.8,settled-1.1-facts,2026-10-04,4,overture-places@2026-09-23.1,cdla-permissive-2.0
ov:e425a451-686b-444b-9667-eeb4212f7773,La Casa Motel Garden Grove,https://journeyed.org/hotel/la-casa-motel-garden-grove-garden-grove-e425a4/,"8822 Garden Grove Blvd, Garden Grove, CA 92844",Garden Grove,CA,92844,US,33.7735755,-117.9779839,+17145374817,https://ranch-motel-garden-grove.booked.net,motel,39.7,settled-1.1-facts,2026-10-04,2,overture-places@2026-09-23.1,cdla-permissive-2.0
ov:e447324a-d125-458d-a035-69043df78d2c,Hilgard House,https://journeyed.org/hotel/hilgard-house-los-angeles-e44732/,"927 Hilgard Ave, Los Angeles, CA 90024-3008",Los Angeles,CA,90024-3008,US,34.063193,-118.441733,+13102083945,https://www.hilgardhouse.com,hotel,41.1,settled-1.1-facts,2026-10-04,6,overture-places@2026-09-23.1,cdla-permissive-2.0
ov:e44b3ade-f1c6-4f3c-93b9-6241112c35da,Courtyard by Marriott Los Angeles Woodland Hills,https://journeyed.org/hotel/courtyard-by-marriott-los-angeles-woodland-hills-woodland-hills-e44b3a/,"21101 Ventura Blvd, Woodland Hills, CA 91364",Woodland Hills,CA,91364,US,34.1677438,-118.5932279,+18189992200,https://www.marriott.com/hotels/travel/laxcw-courtyard-los-angeles-woodland-hills/?scid=5d6c9ba8-fdb3-45cd-90d4-fc3cbfe3681c&y_source=1_MTIzNjcxMS01NTktbG9jYXRpb24ud2Vic2l0ZQ%3D%3D,hotel,40.4,settled-1.1-facts,2026-10-04,1,overture-places@2026-09-23.1,cdla-permissive-2.0
ov:e46f8d1e-accd-46c0-bb52-72700cfa1142,Hi-way Host Motel,https://journeyed.org/hotel/hi-way-host-motel-pasadena-e46f8d/,"3474 E Colorado Blvd, Pasadena, CA 91107-3803",Pasadena,CA,91107-3803,US,34.1456967,-118.0790163,+16267957086,,motel,26.3,settled-1.1-facts,2026-10-04,1,overture-places@2026-09-23.1,cdla-permissive-2.0
ov:e4830ff7-8f38-4e88-8a19-adc10da5d795,Pine Tree Inn,https://journeyed.org/hotel/pine-tree-inn-los-angeles-e4830f/,"3821 S Western Ave, Los Angeles, CA 90062",Los Angeles,CA,90062,US,34.016634,-118.3091237,+13237311403,,motel,28,settled-1.1-facts,2026-10-04,4,overture-places@2026-09-23.1,cdla-permissive-2.0
ov:e484c05f-dc95-4e1e-9201-4a7f185ff4a2,Good Nite Inn,https://journeyed.org/hotel/good-nite-inn-calabasas-e484c0/,"26557 Agoura Rd, Calabasas, CA 91302",Calabasas,CA,91302,US,34.1434555,-118.702427,+18188806000,http://calabasas.goodnite.com/,motel,36.5,settled-1.1-facts,2026-10-04,0,overture-places@2026-09-23.1,cdla-permissive-2.0
ov:e4856994-187f-4cfe-b695-e74730826b68,Residence Inn,https://journeyed.org/hotel/residence-inn-glendale-e48569/,"199 North Louise Street, Glendale, CA 91206",Glendale,CA,91206,US,34.148295,-118.252668,+18182441000,https://www.marriott.com/en-us/hotels/laxrl-residence-inn-los-angeles-glendale/overview/?scid=d2406702-e8ea-4b45-bb9b-69cddaaef03d,hotel,41,settled-1.1-facts,2026-10-04,1,overture-places@2026-09-23.1,cdla-permissive-2.0
ov:e4aee3ff-8f5a-4c28-8fb4-2009783e4dee,Double Tree Hotel,https://journeyed.org/hotel/double-tree-hotel-santa-ana-e4aee3/,"1001 N Tustin Ave, Santa Ana, CA 92705-3502",Santa Ana,CA,92705-3502,US,33.7544562,-117.8335307,,http://doubletree1.hilton.com/en_US/dt/hotel/BWICHDT-DoubleTree-by-Hilton-Hotel-Columbia-Maryland/index.do,hotel,30.4,settled-1.1-facts,2026-10-04,1,overture-places@2026-09-23.1,cdla-permissive-2.0
ov:e4b4516e-7be1-4046-baf6-cedc0a744a31,Sonder City Center,https://journeyed.org/hotel/sonder-city-center-long-beach-e4b451/,"255 Atlantic Ave, Long Beach, CA 90802",Long Beach,CA,90802,US,33.7701227,-118.1853744,+15624352483,http://sonder.com,motel,40.9,settled-1.1-facts,2026-10-04,3,overture-places@2026-09-23.1,cdla-permissive-2.0
ov:e4b8a51c-e7b4-4b47-a2a4-8e8ac9d33a84,American Hotel,https://journeyed.org/hotel/american-hotel-los-angeles-e4b8a5/,"303 S Hewitt St, Los Angeles, CA 90013-2567",Los Angeles,CA,90013-2567,US,34.0452135,-118.2362372,+12135454695,https://www.thegraffitihunter.org/,hotel,40.3,settled-1.1-facts,2026-10-04,10,overture-places@2026-09-23.1,cdla-permissive-2.0
ov:e4d4c9d8-cd14-4061-8ef5-9279c66473b2,The Regal Hotel,https://journeyed.org/hotel/the-regal-hotel-los-angeles-e4d4c9/,"815 E 6th St, Los Angeles, CA 90021",Los Angeles,CA,90021,US,34.0405745,-118.2423175,+12132981688,http://www.regalhotel.com,hostel,40.2,settled-1.1-facts,2026-10-04,11,overture-places@2026-09-23.1,cdla-permissive-2.0
ov:e575add7-6e1c-4cb5-a41d-70f4fb1a6a85,Nobu Ryokan Malibu,https://journeyed.org/hotel/nobu-ryokan-malibu-malibu-e575ad/,"22752 Pacific Coast Hwy, Malibu, CA 90265",Malibu,CA,90265,US,34.0391134,-118.6711325,+13103173080,https://malibu.nobuhotels.com,hotel,41,settled-1.1-facts,2026-10-04,1,overture-places@2026-09-23.1,cdla-permissive-2.0
ov:e584210a-b18a-435e-b21e-9b64225d5116,Dunes Inn,https://journeyed.org/hotel/dunes-inn-los-angeles-e58421/,"4300 Wilshire Blvd, Los Angeles, CA 90010",Los Angeles,CA,90010,US,34.061614,-118.3218913,+13239383616,http://www.dunesinnwilshire.com/,hotel,78.9,settled-1.1-facts,2026-10-04,58,overture-places@2026-09-23.1,cdla-permissive-2.0
ov:e588b9b2-acca-4d1e-bb70-57e3d251a4a6,Best Western Capistrano Inn,https://journeyed.org/hotel/best-western-capistrano-inn-san-juan-capistrano-e588b9/,"27174 Ortega Hwy., San Juan Capistrano, CA 92675",San Juan Capistrano,CA,92675,US,33.5020712,-117.6565234,+19494935661,https://www.bestwestern.com/en_US/book/hotel-rooms.05219.html?iata=00171890&ssob=BLBWI0003G&cid=BLBWI0003G%3Ayext%3Awebsite%3A05219,hotel,26.5,settled-1.1-facts,2026-10-04,0,overture-places@2026-09-23.1,cdla-permissive-2.0
ov:e5c8196d-7130-40c8-ac88-28807f6fda16,Tri-City Motel,https://journeyed.org/hotel/tri-city-motel-downey-e5c819/,"13415 Lakewood Blvd, Downey, CA 90242",Downey,CA,90242,US,33.9061235,-118.1432131,+15626333221,,motel,26.5,settled-1.1-facts,2026-10-04,0,overture-places@2026-09-23.1,cdla-permissive-2.0
ov:e5ecf278-a777-49e1-8815-f1ed97e0873d,Holiday Inn Express & Suites,https://journeyed.org/hotel/holiday-inn-express-and-suites-lake-forest-e5ecf2/,"20768 Lake Forest Dr, Lake Forest, CA 92630",Lake Forest,CA,92630,US,33.6607046,-117.6679851,+19499001288,http://www.prominencehotel.com/,hotel,39.4,settled-1.1-facts,2026-10-04,1,overture-places@2026-09-23.1,cdla-permissive-2.0
ov:e607035c-d7f2-4220-81f7-9382e2b39198,Best Western Plus Park Place Inn - Mini Suites,https://journeyed.org/hotel/best-western-plus-park-place-inn-mini-suites-anaheim-e60703/,"1544 S Harbor Blvd, Anaheim, CA 92802",Anaheim,CA,92802,US,33.8095467,-117.9147979,+17147764800,https://www.bestwestern.com/en_US/book/hotel-rooms.05470.html?iata=00171890&ssob=BLBWI0003G&cid=BLBWI0003G%3Ayext%3Awebsite%3A05470,hotel,40.9,settled-1.1-facts,2026-10-04,10,overture-places@2026-09-23.1,cdla-permissive-2.0
ov:e64d4fe2-0aeb-4137-81f3-1945bca2e8c9,Travelodge by Wyndham LAX,https://journeyed.org/hotel/travelodge-by-wyndham-lax-el-segundo-e64d4f/,"1804 E Sycamore Ave, El Segundo, CA 90245",El Segundo,CA,90245,US,33.9279295,-118.3968794,+13109554694,https://www.wyndhamhotels.com/en-ca/travelodge/el-segundo-california/travelodge-by-wyndham-lax/overview,hotel,54.3,settled-1.1-facts,2026-10-04,36,overture-places@2026-09-23.1,cdla-permissive-2.0
ov:e653e152-5c09-4d4b-a817-8568fdf0aa78,Nendels Valu Inn,https://journeyed.org/hotel/nendels-valu-inn-south-gate-e653e1/,"10352 Atlantic Ave, South Gate, CA 90280",South Gate,CA,90280,US,33.9363988,-118.1817958,+13235679218,http://www.americasbestvalueinn.com,motel,37.1,settled-1.1-facts,2026-10-04,0,overture-places@2026-09-23.1,cdla-permissive-2.0
ov:e688f224-c24a-4b31-befc-c64bddd4bc2e,PodShare,https://journeyed.org/hotel/podshare-los-angeles-e688f2/,"1631 Cosmo St, Los Angeles, CA 90028",Los Angeles,CA,90028,US,34.1006025,-118.3289498,+12139737741,https://www.podshare.com/,hostel,41.3,settled-1.1-facts,2026-10-04,11,overture-places@2026-09-23.1,cdla-permissive-2.0
ov:e6996e5a-fbb1-4e51-b990-64d92928e713,The Georgian - The Unbound Collection by Hyatt,https://journeyed.org/hotel/the-georgian-the-unbound-collection-by-hyatt-santa-monica-e6996e/,"1415 Ocean Ave, Santa Monica, CA 90401",Santa Monica,CA,90401,US,34.0137499,-118.4973407,+13103959945,http://thegeorgian.com/,hotel,50.7,settled-1.1-facts,2026-10-04,26,overture-places@2026-09-23.1,cdla-permissive-2.0
ov:e6a46bb1-78a6-451a-8cd7-735465c169e3,Carson Hotel,https://journeyed.org/hotel/carson-hotel-carson-e6a46b/,"347 E Lincoln St, Carson, CA 90745-5913",Carson,CA,90745-5913,US,33.80749,-118.26901,+13108352535,,hotel,26.9,settled-1.1-facts,2026-10-04,1,overture-places@2026-09-23.1,cdla-permissive-2.0
ov:e6dcf226-dc8c-412e-b294-2689f60508c8,Waldorf Astoria Beverly Hills,https://journeyed.org/hotel/waldorf-astoria-beverly-hills-beverly-hills-e6dcf2/,"9850 Wilshire Blvd, Beverly Hills, CA 90210",Beverly Hills,CA,90210,US,34.0666686,-118.4114375,+13108606666,https://linktr.ee/WaldorfAstoriaBH,hotel,40.6,settled-1.1-facts,2026-10-04,4,overture-places@2026-09-23.1,cdla-permissive-2.0
ov:e7077abd-5f71-4437-a0e8-71ad9dd8b7da,BLVD Hotel Spa,https://journeyed.org/hotel/blvd-hotel-spa-los-angeles-e7077a/,"Los Angeles, CA 91604",Los Angeles,CA,91604,US,34.1382272,-118.3649389,+18186239100,http://www.theblvdhotel.com/,hotel,35.7,settled-1.1-facts,2026-10-04,6,overture-places@2026-09-23.1,cdla-permissive-2.0
ov:e70d7cf7-b19d-4494-b77e-74a985638e69,The Belamar Hotel,https://journeyed.org/hotel/the-belamar-hotel-manhattan-beach-e70d7c/,"3501 N Sepulveda Blvd, Manhattan Beach, CA 90266",Manhattan Beach,CA,90266,US,33.9005311,-118.3969522,+13107500300,http://www.pacificahotels.com/thebelamar,hotel,39.2,settled-1.1-facts,2026-10-04,7,overture-places@2026-09-23.1,cdla-permissive-2.0
ov:e729451c-e800-4d37-8867-20b7375dbdc4,blue light motel,https://journeyed.org/hotel/blue-light-motel-gardena-e72945/,"16809 S Figueroa St, Gardena, CA 90248",Gardena,CA,90248,US,33.879056,-118.2828642,,,motel,18.9,settled-1.1-facts,2026-10-04,1,overture-places@2026-09-23.1,cdla-permissive-2.0
ov:e7a186b8-6018-437f-86e9-86590085490e,Radisson Wilshire Plaza Hotel,https://journeyed.org/hotel/radisson-wilshire-plaza-hotel-los-angeles-e7a186/,"3515 Wilshire Blvd, Los Angeles, CA 90010-2301",Los Angeles,CA,90010-2301,US,34.062127,-118.30108,,https://radwilshire.com,lodging,19.5,settled-1.1-facts,2026-10-04,3,overture-places@2026-09-23.1,cdla-permissive-2.0
ov:e7a3f34f-cfc5-4a8e-b4fe-eb7a9cbfc446,Ramada by Wyndham Torrance,https://journeyed.org/hotel/ramada-by-wyndham-torrance-torrance-e7a3f3/,"2888 CA-1, Torrance, CA 90505",Torrance,CA,90505,US,33.7951027,-118.3377637,+13109970303,https://www.wyndhamhotels.com/ramada/torrance-california/ramada-torrance/overview?CID=LC%3ARA%3A%3AFACEBOOK%3ARIO%3ARegional%3A00710,hotel,37.1,settled-1.1-facts,2026-10-04,9,overture-places@2026-09-23.1,cdla-permissive-2.0
ov:e7a8e945-9918-4e43-95a6-1a70ba4902a1,Economy Inn Motel,https://journeyed.org/hotel/economy-inn-motel-sylmar-e7a8e9/,"12783 San Fernando Rd, Sylmar, CA 91342",Sylmar,CA,91342,US,34.3021204,-118.4630146,+18183671223,https://www.magnusonhotels.com/hotel/economy-inn-motel-sylmar,resort,29.4,settled-1.1-facts,2026-10-04,0,overture-places@2026-09-23.1,cdla-permissive-2.0
ov:e7d151d7-32a0-4d69-b710-91b306c59baa,444 W Ocean,https://journeyed.org/hotel/444-w-ocean-long-beach-e7d151/,"444 W Ocean Blvd, Long Beach, CA 90802-4500",Long Beach,CA,90802-4500,US,33.766951,-118.197741,+16029542228,http://444westocean.com/,hotel,40.9,settled-1.1-facts,2026-10-04,3,overture-places@2026-09-23.1,cdla-permissive-2.0
ov:e7e0ae8f-855d-4797-a163-2470f3c36dcd,Colony Motel,https://journeyed.org/hotel/colony-motel-los-angeles-e7e0ae/,"2030 W Manchester Ave, Los Angeles, CA 90047",Los Angeles,CA,90047,US,33.9598021,-118.3143908,+13237526872,https://maps.app.goo.gl/4sNFEmTe5EH8ti1p8?g_st=ic,motel,27.6,settled-1.1-facts,2026-10-04,6,overture-places@2026-09-23.1,cdla-permissive-2.0
ov:e7e98eb6-6975-4287-a172-7ff5609f115f,The Island Hotel Newport Beach,https://journeyed.org/hotel/the-island-hotel-newport-beach-santa-ana-e7e98e/,"1530 Brookhollow Dr, Santa Ana, CA 92705-5436",Santa Ana,CA,92705-5436,US,33.71518,-117.84887,+19497590808,http://www.islandhotel.com,hotel,37.7,settled-1.1-facts,2026-10-04,1,overture-places@2026-09-23.1,cdla-permissive-2.0
ov:e7f0e7b4-e6ce-4412-ab1d-387a3d06ec4f,Extended Stay America Suites- Los Angeles - Chino Valley,https://journeyed.org/hotel/extended-stay-america-suites-los-angeles-chino-valley-chino-e7f0e7/,"4325 Corporate Center Ave, Chino, CA 91710",Chino,CA,91710,US,33.9857266,-117.7108067,+19095978675,https://www.extendedstayamerica.com/,hotel,38.1,settled-1.1-facts,2026-10-04,0,overture-places@2026-09-23.1,cdla-permissive-2.0
ov:e8214ed6-fa03-4741-8daf-f49684e18885,Hub Motel,https://journeyed.org/hotel/hub-motel-compton-e8214e/,"714 S Long Beach Blvd, Compton, CA 90221-4029",Compton,CA,90221-4029,US,33.890035,-118.207161,+13106350939,,hotel,28.1,settled-1.1-facts,2026-10-04,1,overture-places@2026-09-23.1,cdla-permissive-2.0
ov:e825f4ec-3e5a-48b2-b5ee-9e65b6800d9e,Motel 6,https://journeyed.org/hotel/motel-6-gardena-e825f4/,"111 W Albertoni St, Gardena, CA 90248-3543",Gardena,CA,90248-3543,US,33.8714415,-118.2765934,+13107425871,http://www.motel6.com/,motel,39.7,settled-1.1-facts,2026-10-04,1,overture-places@2026-09-23.1,cdla-permissive-2.0
ov:e828e1b8-1fbf-4557-b72e-c1317c5f3050,Quality Inn & Suites Anaheim at the Park,https://journeyed.org/hotel/quality-inn-and-suites-anaheim-at-the-park-anaheim-e828e1/,"1166 W Katella Ave, Anaheim, CA 92802",Anaheim,CA,92802,US,33.8028159,-117.9264978,+17143325102,https://www.choicehotels.com/california/anaheim/quality-inn-hotels/cab70?pmf=yext&mc=llyxyxpx,hotel,40.9,settled-1.1-facts,2026-10-04,9,overture-places@2026-09-23.1,cdla-permissive-2.0
ov:e84fa67a-5c48-4f59-b0eb-3e109d01a0c4,Arab Guardian,https://journeyed.org/hotel/arab-guardian-dana-point-e84fa6/,"24711 Santa Clara Ave,, Dana Point, CA 92629",Dana Point,CA,92629,US,33.464783,-117.6987,+19493911259,http://www.arabguardian.net/,bed_and_breakfast,26.5,settled-1.1-facts,2026-10-04,0,overture-places@2026-09-23.1,cdla-permissive-2.0
ov:e8647ddf-af24-4ac6-9fc9-a1c8c9d8add3,Ali Baba Motel,https://journeyed.org/hotel/ali-baba-motel-costa-mesa-e8647d/,"2250 Newport Blvd, Costa Mesa, CA 92627",Costa Mesa,CA,92627,US,33.6529414,-117.9059602,+19496457700,http://www.alibabahotel.net,motel,40.4,settled-1.1-facts,2026-10-04,2,overture-places@2026-09-23.1,cdla-permissive-2.0
ov:e86e0ce4-149f-46f8-8607-4b1dd00c619c,The Boardwalk on Montana,https://journeyed.org/hotel/the-boardwalk-on-montana-santa-monica-e86e0c/,"135 Montana Ave, Santa Monica, CA 90403-1060",Santa Monica,CA,90403-1060,US,34.02321,-118.50679,+13103869993,http://theboardwalkonmontana.com/,hotel,40.1,settled-1.1-facts,2026-10-04,4,overture-places@2026-09-23.1,cdla-permissive-2.0
ov:e870f961-ee8a-449b-8a09-2c17a7227129,Hampton Inn Los Angeles/Santa Clarita,https://journeyed.org/hotel/hampton-inn-los-angeles-santa-clarita-stevenson-ranch-e870f9/,"25259 The Old Rd, Stevenson Ranch, CA 91381",Stevenson Ranch,CA,91381,US,34.3776478,-118.5675073,+16612532400,https://www.hilton.com/en/hotels/laxvlhx-hampton-los-angeles-santa-clarita/,hotel,37.6,settled-1.1-facts,2026-10-04,0,overture-places@2026-09-23.1,cdla-permissive-2.0
ov:e8778093-5fec-49be-af24-72ba4816e83c,Super 8,https://journeyed.org/hotel/super-8-azusa-e87780/,"117 N Azusa Ave, Azusa, CA 91702",Azusa,CA,91702,US,34.1225698,-117.907924,+16269698871,http://www.superpages.com/bp/azusa-ca/super-8-azusa-L0140697167.htm,motel,40.3,settled-1.1-facts,2026-10-04,1,overture-places@2026-09-23.1,cdla-permissive-2.0
ov:e896654d-5528-4b0b-847f-a6f1fcfd5d82,Colonial Motel,https://journeyed.org/hotel/colonial-motel-downey-e89665/,"13407 Lakewood Blvd, Downey, CA 90242-5228",Downey,CA,90242-5228,US,33.906474,-118.143569,+15626347766,https://www.colonialmoteldowney.com,hotel,38.1,settled-1.1-facts,2026-10-04,0,overture-places@2026-09-23.1,cdla-permissive-2.0
ov:e89fc0c1-62a8-493c-9ed2-00d0e125c107,Providencia Motel,https://journeyed.org/hotel/providencia-motel-burbank-e89fc0/,"108 E Providencia Ave, Burbank, CA 91502",Burbank,CA,91502,US,34.1763409,-118.3046101,+18188426974,https://www.providenciamotelburbank.com,motel,50.6,settled-1.1-facts,2026-10-04,18,overture-places@2026-09-23.1,cdla-permissive-2.0
ov:e8d284fc-5890-4bd4-b007-3fe7767a7c59,Days Inn,https://journeyed.org/hotel/days-inn-orange-e8d284/,"279 S Main St, Orange, CA 92868",Orange,CA,92868,US,33.7845121,-117.8670958,+17147716704,https://www.wyndhamhotels.com/days-inn/orange-california/days-inn-orange-anaheim/overview?CID=LC%3ADI%3A%3AFACEBOOK%3ARIO%3ARegional%3A04033,hotel,44.9,settled-1.1-facts,2026-10-04,22,overture-places@2026-09-23.1,cdla-permissive-2.0
ov:e90c0b0a-6e66-41ed-a56d-c7fa482aade8,Rivoli Resort And Spa,https://journeyed.org/hotel/rivoli-resort-and-spa-laguna-niguel-e90c0b/,"Laguna Niguel, CA",Laguna Niguel,CA,,US,33.5332971,-117.7038007,+19492402000,http://www.ritzcarlton.com/en/hotels/california/laguna-niguel,hotel,24.7,settled-1.1-facts,2026-10-04,0,overture-places@2026-09-23.1,cdla-permissive-2.0
ov:e90f7f5e-41a6-4362-bf1d-2ba3888bac88,Best Ontario Inn,https://journeyed.org/hotel/best-ontario-inn-ontario-e90f7f/,"1045 W Mission Blvd, Ontario, CA 91762-4806",Ontario,CA,91762-4806,US,34.055422,-117.669065,+19093916668,https://best-ontario-inn-ontario.fgmhotels.co,hotel,27.7,settled-1.1-facts,2026-10-04,1,overture-places@2026-09-23.1,cdla-permissive-2.0
ov:e9140595-8535-47b4-ab4d-6285fcb86b51,Marriott's Newport Coast Villas,https://journeyed.org/hotel/marriotts-newport-coast-villas-newport-coast-e91405/,"23000 Newport Coast Dr, Newport Coast, CA 92657",Newport Coast,CA,92657,US,33.5825753,-117.8426481,+19494646000,https://www.marriottvacationclubs.com/s/location/1314x000000I9TCAA0/marriotts-newport-coast-villas,resort,52.6,settled-1.1-facts,2026-10-04,5,overture-places@2026-09-23.1,cdla-permissive-2.0
ov:e97609c3-7b3e-4785-9ac3-053be2872c68,SpringHill Suites by Marriott Pasadena Arcadia,https://journeyed.org/hotel/springhill-suites-by-marriott-pasadena-arcadia-arcadia-e97609/,"99 N 2nd Ave, Arcadia, CA 91006",Arcadia,CA,91006,US,34.1410331,-118.0256938,+16268215400,https://www.marriott.com/en-us/hotels/laxsh-springhill-suites-pasadena-arcadia/overview/?scid=d2406702-e8ea-4b45-bb9b-69cddaaef03d,hotel,40.1,settled-1.1-facts,2026-10-04,2,overture-places@2026-09-23.1,cdla-permissive-2.0
ov:e97db7bb-13db-4812-ad61-e6d457967dc5,Evans Motel,https://journeyed.org/hotel/evans-motel-maywood-e97db7/,"4632 Slauson Ave, Maywood, CA 90270",Maywood,CA,90270,US,33.9865978,-118.1822915,+13237736334,http://evansmotel.placeweb.site,motel,38.5,settled-1.1-facts,2026-10-04,1,overture-places@2026-09-23.1,cdla-permissive-2.0
ov:e98ae303-59cd-4d64-8d79-a317ee9b20b8,Harmony Motel,https://journeyed.org/hotel/harmony-motel-tujunga-e98ae3/,"7716 Foothill Blvd, Tujunga, CA 91042-2121",Tujunga,CA,91042-2121,US,34.256933,-118.300806,,https://www.harmonymotel.com,lodging,23.9,settled-1.1-facts,2026-10-04,0,overture-places@2026-09-23.1,cdla-permissive-2.0
ov:e9a66c44-5cb6-401e-9a22-e5c99bc28ff4,Super 8 by Wyndham Long Beach,https://journeyed.org/hotel/super-8-by-wyndham-long-beach-long-beach-e9a66c/,"4201 E Pacific Coast Hwy, Long Beach, CA 90804",Long Beach,CA,90804,US,33.789926,-118.144279,+15625977701,https://www.wyndhamhotels.com/super-8/long-beach-california/super-8-long-beach-ca/overview?CID=LC:SE::BING:RIO:National:03108&iata=00093796,hotel,38.5,settled-1.1-facts,2026-10-04,1,overture-places@2026-09-23.1,cdla-permissive-2.0
ov:e9a7cf3a-91b8-44b9-9b03-9ea8f3c5381e,"Studio 6 Suites Santa Ana, CA",https://journeyed.org/hotel/studio-6-suites-santa-ana-ca-santa-ana-e9a7cf/,"1501 N Harbor Blvd, Santa Ana, CA 92703",Santa Ana,CA,92703,US,33.7580482,-117.9197936,+17145542190,https://www.studio6.com/en/home/motels.ca.santaana.7343.html?utm_source=bing&utm_medium=organic&utm_campaign=bing_listing,hotel,38.6,settled-1.1-facts,2026-10-04,2,overture-places@2026-09-23.1,cdla-permissive-2.0
ov:e9dabe34-6a02-4386-8eba-8c0fe41e2543,Cypress Center,https://journeyed.org/hotel/cypress-center-stanton-e9dabe/,"7161 Katella Ave, Stanton, CA 90680-2806",Stanton,CA,90680-2806,US,33.80339,-118.00812,+17145276680,http://www.hiexpress.com/,hotel,37.9,settled-1.1-facts,2026-10-04,1,overture-places@2026-09-23.1,cdla-permissive-2.0
ov:e9ddd1bd-2107-47bf-a839-612e9faf531d,El Rancho Inn,https://journeyed.org/hotel/el-rancho-inn-hawthorne-e9ddd1/,"3900 W El Segundo Blvd, Hawthorne, CA 90250-4604",Hawthorne,CA,90250-4604,US,33.9159966,-118.3417994,+13109733522,http://elranchoinnhawthorne.us/,inn,69.3,settled-1.1-facts,2026-10-04,66,overture-places@2026-09-23.1,cdla-permissive-2.0
ov:e9e0b925-8f7b-47c7-9e18-b54e143d4030,Cph Resorts 1,https://journeyed.org/hotel/cph-resorts-1-newport-beach-e9e0b9/,"4100 MacArthur Blvd, Newport Beach, CA 92660-2014",Newport Beach,CA,92660-2014,US,33.663227,-117.862485,+19492500052,,hotel,28.4,settled-1.1-facts,2026-10-04,1,overture-places@2026-09-23.1,cdla-permissive-2.0
ov:ea2ff038-ad5f-4d41-a5df-fa2eb1fd1163,Aloft,https://journeyed.org/hotel/aloft-el-segundo-ea2ff0/,"475 North Pacific Coast Highway, El Segundo, CA 90245",El Segundo,CA,90245,US,33.922039,-118.396847,+14242905555,https://www.marriott.com/en-us/hotels/laxla-aloft-el-segundo-los-angeles-airport/overview/?scid=d2406702-e8ea-4b45-bb9b-69cddaaef03d,hotel,39.8,settled-1.1-facts,2026-10-04,5,overture-places@2026-09-23.1,cdla-permissive-2.0
ov:ea3cc638-16c0-4dd6-a715-ba5c8124c957,Mid City Inn Motel,https://journeyed.org/hotel/mid-city-inn-motel-los-angeles-ea3cc6/,"5000 W Washington Blvd, Los Angeles, CA 90016-1418",Los Angeles,CA,90016-1418,US,34.0403948,-118.3488029,+13239354060,http://www.mansfieldmotel.com,motel,39.7,settled-1.1-facts,2026-10-04,2,overture-places@2026-09-23.1,cdla-permissive-2.0
ov:eab7888e-822d-4770-aec2-2d6af3ae9f78,Hotel Solaire Los Angeles,https://journeyed.org/hotel/hotel-solaire-los-angeles-los-angeles-eab788/,"1710 W 7th St, Los Angeles, CA 90017",Los Angeles,CA,90017,US,34.0545041,-118.2725164,+12136163000,http://www.comfortinn.com,resort,40.2,settled-1.1-facts,2026-10-04,15,overture-places@2026-09-23.1,cdla-permissive-2.0
ov:ead9f24e-d145-4470-bdd6-aaa42ad013c6,Residence Inn,https://journeyed.org/hotel/residence-inn-santa-clarita-ead9f2/,"27505 Wayne Mills Place, Santa Clarita, CA 91355",Santa Clarita,CA,91355,US,34.420566,-118.580932,+16614810091,http://Www.marriott.com/laxvr,lodging,40,settled-1.1-facts,2026-10-04,2,overture-places@2026-09-23.1,cdla-permissive-2.0
ov:eade2cf6-33e7-4f72-9611-38ef8cfeea1f,Hampton Inn & Suites Los Angeles/Sherman Oaks,https://journeyed.org/hotel/hampton-inn-and-suites-los-angeles-sherman-oaks-culver-city-eade2c/,"5638 Sepulveda Blvd, Culver City, CA 90230-6122",Culver City,CA,90230-6122,US,33.9896811,-118.3951189,+18187852211,http://hamptoninn3.hilton.com/en/hotels/california/hampton-inn-and-suites-los-angeles-sherman-oaks-LAXVNHX/index.html,hotel,39,settled-1.1-facts,2026-10-04,4,overture-places@2026-09-23.1,cdla-permissive-2.0
ov:eae92cb6-aa41-4375-a2d8-59cd2e33fec4,Park Hotel,https://journeyed.org/hotel/park-hotel-long-beach-eae92c/,"3712 E Anaheim St, Long Beach, CA 90804",Long Beach,CA,90804,US,33.7824406,-118.1488857,+15629853120,http://www.parkhotelpib.com,hotel,38.7,settled-1.1-facts,2026-10-04,2,overture-places@2026-09-23.1,cdla-permissive-2.0
ov:eaf1c968-f63d-44ce-a736-14bba9b8fad2,Shelter Hotels,https://journeyed.org/hotel/shelter-hotels-los-angeles-eaf1c9/,"457 S Mariposa Ave, Los Angeles, CA 90020-2904",Los Angeles,CA,90020-2904,US,34.0655813,-118.299454,+12133806910,https://shelterhotels.com,hotel,40.8,settled-1.1-facts,2026-10-04,3,overture-places@2026-09-23.1,cdla-permissive-2.0
ov:eafa9c9c-832d-4d4d-8a02-251c00897e1c,Orchid Gardens MayfaIr Hotel,https://journeyed.org/hotel/orchid-gardens-mayfair-hotel-los-angeles-eafa9c/,"1256 W 7th St, Los Angeles, CA 90017",Los Angeles,CA,90017,US,34.0521045,-118.2675855,+12139899909,http://www.mayfairla.com,hotel,40.5,settled-1.1-facts,2026-10-04,17,overture-places@2026-09-23.1,cdla-permissive-2.0
ov:eb15dff4-d0a5-4bf6-b92e-2eed571fc146,Economy Inn LAX,https://journeyed.org/hotel/economy-inn-lax-inglewood-eb15df/,"439 W Manchester Blvd, Inglewood, CA 90301",Inglewood,CA,90301,US,33.9618485,-118.3636468,+13106748596,http://economyinnlax.com/,hotel,40.4,settled-1.1-facts,2026-10-04,11,overture-places@2026-09-23.1,cdla-permissive-2.0
ov:eb4bacf1-c9e3-4f01-be9b-b185d5064965,Days Inn,https://journeyed.org/hotel/days-inn-castaic-eb4bac/,"31410 Castaic Rd, Castaic, CA 91384",Castaic,CA,91384,US,34.4892713,-118.6165351,+16612951070,https://www.wyndhamhotels.com/days-inn/castaic-california/days-inn-castaic-six-flags-magic-mountain/overview?CID=LC%3ADI%3A%3AFACEBOOK%3ARIO%3ARegional%3A10468,hotel,44.3,settled-1.1-facts,2026-10-04,0,overture-places@2026-09-23.1,cdla-permissive-2.0
ov:eb5e196a-35db-4eda-b168-92977da992c6,Fairfield,https://journeyed.org/hotel/fairfield-stevenson-ranch-eb5e19/,"25340 The Old Road, Stevenson Ranch, CA 91381",Stevenson Ranch,CA,91381,US,34.3789023,-118.5690759,+16612902828,https://www.marriott.com/en-us/hotels/laxvl-fairfield-inn-santa-clarita-valencia/overview/?scid=d2406702-e8ea-4b45-bb9b-69cddaaef03d,hotel,37.7,settled-1.1-facts,2026-10-04,0,overture-places@2026-09-23.1,cdla-permissive-2.0
ov:eb6ac097-b3c4-4a50-99a8-13e50a0ebb4c,King and Western,https://journeyed.org/hotel/king-and-western-los-angeles-eb6ac0/,"Los Angeles, CA",Los Angeles,CA,,US,34.0109908,-118.3087785,+13232023045,http://www.bestwestern.com/travel-planning/destinations/losangeles-hotels.asp,hotel,34.8,settled-1.1-facts,2026-10-04,3,overture-places@2026-09-23.1,cdla-permissive-2.0
ov:eb866ace-2726-46b3-a302-8bfff8324b38,Laguna Shores,https://journeyed.org/hotel/laguna-shores-laguna-beach-eb866a/,"419 N Coast Hwy, Laguna Beach, CA 92651",Laguna Beach,CA,92651,US,33.5444908,-117.7907011,+19494948521,http://thegoodlifelaguna.com/,resort,34.6,settled-1.1-facts,2026-10-04,0,overture-places@2026-09-23.1,cdla-permissive-2.0
ov:ebaa4055-da81-4ddd-be37-6004aca624d0,Hacienda Inn & Suites,https://journeyed.org/hotel/hacienda-inn-and-suites-anaheim-ebaa40/,"2176 S Harbor Blvd, Anaheim, CA 92802",Anaheim,CA,92802,US,33.7932393,-117.9142154,+17147502101,,resort,28.9,settled-1.1-facts,2026-10-04,9,overture-places@2026-09-23.1,cdla-permissive-2.0
ov:ec31b1ed-7ba7-4482-979e-ab37e6cb6911,Besant Lodge,https://journeyed.org/hotel/besant-lodge-los-angeles-ec31b1/,"2560 Beachwood Dr, Los Angeles, CA 90068",Los Angeles,CA,90068,US,34.1170502,-118.3214554,+13234612559,http://www.besantlodge.com,hotel,39.9,settled-1.1-facts,2026-10-04,10,overture-places@2026-09-23.1,cdla-permissive-2.0
ov:ec33095a-4f43-4c89-9390-cf2c5240d469,La Quinta Inn & Suites by Wyndham Pomona,https://journeyed.org/hotel/la-quinta-inn-and-suites-by-wyndham-pomona-pomona-ec3309/,"3200 W Temple Ave, Pomona, CA 91768",Pomona,CA,91768,US,34.0464624,-117.8038029,+19095980073,https://www.wyndhamhotels.com/laquinta/pomona-california/la-quinta-pomona/overview,hotel,61.2,settled-1.1-facts,2026-10-04,2,overture-places@2026-09-23.1,cdla-permissive-2.0
ov:ec5242ff-6375-489c-acb2-0c443b1fd051,Travelodge,https://journeyed.org/hotel/travelodge-burbank-ec5242/,"1112 N Hollywood Way, Burbank, CA 91505",Burbank,CA,91505,US,34.1702537,-118.3477548,+18188616697,https://www.wyndhamhotels.com/travelodge,hotel,39.3,settled-1.1-facts,2026-10-04,4,overture-places@2026-09-23.1,cdla-permissive-2.0
ov:ec577d07-ffcd-4aad-93c8-d05c0bf30a88,Sonesta Simply Suites East Irvine Spectrum,https://journeyed.org/hotel/sonesta-simply-suites-east-irvine-spectrum-lake-forest-ec577d/,"3 South Pointe Drive, Lake Forest, CA 92630",Lake Forest,CA,92630,US,33.64697,-117.689217,,https://www.sonesta.com/sonesta-simply-suites/ca/lake-forest/sonesta-simply-suites-irvine-east-foothill,hotel,31.2,settled-1.1-facts,2026-10-04,1,overture-places@2026-09-23.1,cdla-permissive-2.0
ov:ec599eae-7beb-4f6c-a4f5-4f859be3e4db,Oak Tree Inn,https://journeyed.org/hotel/oak-tree-inn-monrovia-ec599e/,"788 W Huntington Dr, Monrovia, CA 91016",Monrovia,CA,91016,US,34.139621,-118.0169708,+16263588981,https://www.oaktree-inn.com/,hotel,44.7,settled-1.1-facts,2026-10-04,6,overture-places@2026-09-23.1,cdla-permissive-2.0
ov:ec5ef71a-9e1e-4d7a-b667-b11f0286772e,Ocean Park Inn,https://journeyed.org/hotel/ocean-park-inn-santa-monica-ec5ef7/,"2452 Lincoln Blvd, Santa Monica, CA 90405-3802",Santa Monica,CA,90405-3802,US,34.0081396,-118.4780763,+13103923966,http://www.oceanparkinn.net/,hotel,49.6,settled-1.1-facts,2026-10-04,26,overture-places@2026-09-23.1,cdla-permissive-2.0
ov:ec609db7-9eb6-4855-a378-73386b4f5718,Santa Fe Inn,https://journeyed.org/hotel/santa-fe-inn-huntington-park-ec609d/,"6340 Santa Fe Ave, Huntington Park, CA 90255-3806",Huntington Park,CA,90255-3806,US,33.982329,-118.229869,+13235895971,http://www.santafeinnlosangeles.com,motel,35.5,settled-1.1-facts,2026-10-04,0,overture-places@2026-09-23.1,cdla-permissive-2.0
ov:ec795883-cad5-4df0-81b5-1de8988f611a,Regency Inn and Suites Downey,https://journeyed.org/hotel/regency-inn-and-suites-downey-downey-ec7958/,"9050 Imperial Hwy., Downey, CA 90242",Downey,CA,90242,US,33.9166746,-118.1359452,+15628616014,http://www.regencyinnla.com,motel,68.1,settled-1.1-facts,2026-10-04,50,overture-places@2026-09-23.1,cdla-permissive-2.0
ov:ec834f4a-394e-430f-8b10-ea9925dd5a43,Pacific Motel,https://journeyed.org/hotel/pacific-motel-harbor-city-ec834f/,"1404 Pacific Coast Hwy, Harbor City, CA 90710-2740",Harbor City,CA,90710-2740,US,33.7891,-118.3015763,+13105395995,http://www.pacificmotelgridley.com,hotel,36.5,settled-1.1-facts,2026-10-04,0,overture-places@2026-09-23.1,cdla-permissive-2.0
ov:ecd68c48-a655-4e39-9664-beb3b7182b71,The Peninsula Beverly Hills,https://journeyed.org/hotel/the-peninsula-beverly-hills-beverly-hills-ecd68c/,"9882 S Santa Monica Blvd, Beverly Hills, CA 90212",Beverly Hills,CA,90212,US,34.0660124,-118.4106542,+13105512888,http://www.peninsula.com/beverlyhills,hotel,40.7,settled-1.1-facts,2026-10-04,4,overture-places@2026-09-23.1,cdla-permissive-2.0
ov:ecf6f923-0124-4e2c-9747-480a0d3c90dd,Raymond Hotel,https://journeyed.org/hotel/raymond-hotel-santa-monica-ecf6f9/,"1020 Wilshire Blvd, Santa Monica, CA 90401-1907",Santa Monica,CA,90401-1907,US,34.023902,-118.492182,,,hotel,19.4,settled-1.1-facts,2026-10-04,4,overture-places@2026-09-23.1,cdla-permissive-2.0
ov:ed0c426b-9b4d-4eb8-b518-d466b38567df,Rodeway Inn & Suites Pasadena,https://journeyed.org/hotel/rodeway-inn-and-suites-pasadena-pasadena-ed0c42/,"2860 E Colorado Blvd, Pasadena, CA 91107",Pasadena,CA,91107,US,34.1459787,-118.0914676,+16267923700,https://www.choicehotels.com/california/pasadena/rodeway-inn-hotels/ca343?pmf=yext&mc=llyxyxpx,hotel,38.8,settled-1.1-facts,2026-10-04,1,overture-places@2026-09-23.1,cdla-permissive-2.0
ov:ed383041-c6a6-417b-bb9a-f7fa27a63648,Wyndham Hotel at Los Angeles,https://journeyed.org/hotel/wyndham-hotel-at-los-angeles-los-angeles-ed3830/,"360 N La Cienega Blvd, Los Angeles, CA 90048-1950",Los Angeles,CA,90048-1950,US,34.077728,-118.37634,+13106709000,,hotel,29.3,settled-1.1-facts,2026-10-04,9,overture-places@2026-09-23.1,cdla-permissive-2.0
ov:ed537470-379f-4dd6-af72-354bfe743ab3,Diamond Bell Inn and Suites,https://journeyed.org/hotel/diamond-bell-inn-and-suites-bell-ed5374/,"4810 Florence Ave, Bell, CA 90201",Bell,CA,90201,US,33.9690783,-118.1816073,+13237490522,http://www.diamondbellinn.com/,hotel,38.8,settled-1.1-facts,2026-10-04,1,overture-places@2026-09-23.1,cdla-permissive-2.0
ov:ed6e3928-60cb-4d64-84e8-529ee8898912,Econo Lodge Long Beach I-405,https://journeyed.org/hotel/econo-lodge-long-beach-i-405-long-beach-ed6e39/,"3624 E Pacific Coast Hwy, Long Beach, CA 90804",Long Beach,CA,90804,US,33.7896334,-118.1494859,+15623431820,https://www.choicehotels.com/california/long-beach/econo-lodge-hotels/cab83?pmf=yext&mc=llyxyxpx,motel,38.5,settled-1.1-facts,2026-10-04,1,overture-places@2026-09-23.1,cdla-permissive-2.0
ov:ed768f12-96a8-43d2-9d4f-ff5ed92d580e,Motel De Ville,https://journeyed.org/hotel/motel-de-ville-los-angeles-ed768f/,"1123 W 7th St, Los Angeles, CA 90017-2409",Los Angeles,CA,90017-2409,US,34.051471,-118.264855,,https://www.dtlahotel.us,lodging,30.6,settled-1.1-facts,2026-10-04,17,overture-places@2026-09-23.1,cdla-permissive-2.0
ov:ed802da0-7dd4-4149-a751-40ab4103481c,Broadway Motel,https://journeyed.org/hotel/broadway-motel-los-angeles-ed802d/,"301 W 49th St, Los Angeles, CA 90037-3242",Los Angeles,CA,90037-3242,US,33.998437,-118.278713,+13232314303,https://broadway-motel-los-angeles.booked.net,hotel,39.7,settled-1.1-facts,2026-10-04,3,overture-places@2026-09-23.1,cdla-permissive-2.0
ov:ed8b69b9-6efa-48d5-a779-df770047462e,Best Western Route 66 Glendora Inn,https://journeyed.org/hotel/best-western-route-66-glendora-inn-glendora-ed8b69/,"625 E Rte 66, Glendora, CA 91740",Glendora,CA,91740,US,34.1291621,-117.85576,+16263352817,https://www.bestwestern.com/en_US/book/hotel-rooms.05671.html?iata=00171890&ssob=BLBWI0003G&cid=BLBWI0003G%3Ayext%3Awebsite%3A05671,hotel,37.2,settled-1.1-facts,2026-10-04,0,overture-places@2026-09-23.1,cdla-permissive-2.0
ov:ed9664d5-98fa-4e25-a6e5-6fde5dbffa9c,Pleasant Holiday Motel,https://journeyed.org/hotel/pleasant-holiday-motel-los-angeles-ed9664/,"1440 CA-1, Los Angeles, CA 90710",Los Angeles,CA,90710,US,33.7892739,-118.3025184,+13105308300,http://holidayinn.com,motel,36.5,settled-1.1-facts,2026-10-04,0,overture-places@2026-09-23.1,cdla-permissive-2.0
ov:eda20d72-3c97-43db-bbdd-4d0cedf84d83,Good Knight Inn Motel,https://journeyed.org/hotel/good-knight-inn-motel-los-angeles-eda20d/,"9247 Sepulveda Blvd, Los Angeles, CA 91343",Los Angeles,CA,91343,US,34.2388546,-118.4680401,+18188300073,http://www.goodknightinnmotel.com/,motel,35.8,settled-1.1-facts,2026-10-04,0,overture-places@2026-09-23.1,cdla-permissive-2.0
ov:eddc9997-0aa6-44a2-b179-47d318f352dd,Heritage Valley Inn,https://journeyed.org/hotel/heritage-valley-inn-piru-eddc99/,"691 Main St, Piru, CA 93040-8030",Piru,CA,93040-8030,US,34.415186,-118.794915,+18055210700,,hotel,14.8,settled-1.1-facts,2026-10-04,0,overture-places@2026-09-23.1,cdla-permissive-2.0
ov:ede98e95-dced-4e1d-993e-83f024a9b5a1,Samesun Venice Beach,https://journeyed.org/hotel/samesun-venice-beach-venice-ede98e/,"25 Windward Ave, Venice, CA 90291-4102",Venice,CA,90291-4102,US,33.9872753,-118.4732355,+13103997649,https://www.samesun.com,hostel,40.6,settled-1.1-facts,2026-10-04,10,overture-places@2026-09-23.1,cdla-permissive-2.0
ov:ee0e8a05-05bc-418c-8696-75c3fbca5316,Palihouse Santa Monica,https://journeyed.org/hotel/palihouse-santa-monica-santa-monica-ee0e8a/,"1001 3rd St, Santa Monica, CA 90403-3703",Santa Monica,CA,90403-3703,US,34.021156,-118.501938,+13103941279,https://www.palisociety.com,hotel,40.5,settled-1.1-facts,2026-10-04,4,overture-places@2026-09-23.1,cdla-permissive-2.0
ov:ee15eaa0-d982-4006-acd3-788a6d64aa84,Home2 Suites by Hilton,https://journeyed.org/hotel/home2-suites-by-hilton-palmdale-ee15ea/,"38750 5th St W, Palmdale, CA 93551",Palmdale,CA,93551,US,34.5863317,-118.1378391,+16612728839,http://www3.hilton.com/en/hotels/0/PMDFWHT/index.html?WT.mc_id=zDA01MB2OLG34YX,hotel,26.5,settled-1.1-facts,2026-10-04,0,overture-places@2026-09-23.1,cdla-permissive-2.0
ov:ee4020ed-695e-4c9a-9a5e-f209cecc7aa6,La Quinta Inn and Suites,https://journeyed.org/hotel/la-quinta-inn-and-suites-hawaiian-gardens-ee4020/,"12441 Carson St, Hawaiian Gardens, CA 90716-1605",Hawaiian Gardens,CA,90716-1605,US,33.8318922,-118.0663623,+15625218433,http://www.laquintalongbeachcypress.com/?cid=local_6059,hotel,39.1,settled-1.1-facts,2026-10-04,1,overture-places@2026-09-23.1,cdla-permissive-2.0
ov:ee475af1-6fb5-4daf-915f-cabffb93b11e,Courtyard by Marriott Los Angeles LAX/Century Boulevard,https://journeyed.org/hotel/courtyard-by-marriott-los-angeles-lax-century-boulevard-los-angeles-ee475a/,"6161 W Century Blvd, Los Angeles, CA 90045",Los Angeles,CA,90045,US,33.9467599,-118.3936447,+13106491400,https://www.marriott.com/hotels/travel/laxcy-courtyard-los-angeles-lax-century-boulevard/?scid=45f93f1b-bd77-45c9-8dab-83b6a417f6fe&y_source=1_MTYzODkzMS04MzEtbG9jYXRpb24ud2Vic2l0ZQ%3D%3D,hotel,40.2,settled-1.1-facts,2026-10-04,5,overture-places@2026-09-23.1,cdla-permissive-2.0
ov:ee60903d-36a4-42bb-b2c9-f0155a889f5a,Hampton Inn and Suites Anaheim Resort Convention Center,https://journeyed.org/hotel/hampton-inn-and-suites-anaheim-resort-convention-center-anaheim-ee6090/,"100 W Katella Ave, Anaheim, CA 92802",Anaheim,CA,92802,US,33.8029499,-117.9070814,+17145331500,https://secure3.hilton.com/en/es/reservation/book.htm?datesFlex=true&stop_mobi=yes&inputModule=HOTEL&ctyhocn=ANAACHX,hotel,40.3,settled-1.1-facts,2026-10-04,9,overture-places@2026-09-23.1,cdla-permissive-2.0
ov:ee6b0a51-eb8c-4420-9194-35938444e1b1,Cecil Hotel,https://journeyed.org/hotel/cecil-hotel-los-angeles-ee6b0a/,"640 S Main St, Los Angeles, CA 90014",Los Angeles,CA,90014,US,34.0443994,-118.2508413,+12136244545,,resort,29.4,settled-1.1-facts,2026-10-04,14,overture-places@2026-09-23.1,cdla-permissive-2.0
ov:ee7f074d-1735-416c-a547-1fa0c228a8cf,DoubleTree by Hilton Palmdale,https://journeyed.org/hotel/doubletree-by-hilton-palmdale-palmdale-ee7f07/,"300 W Palmdale Blvd, Palmdale, CA 93551",Palmdale,CA,93551,US,34.5813018,-118.1354272,+16612651749,http://www.dtpalmdale.doubletree.com/,hotel,26.5,settled-1.1-facts,2026-10-04,0,overture-places@2026-09-23.1,cdla-permissive-2.0
ov:ee8725d0-126a-4abb-af33-ef08012fc971,Sylmar Motel,https://journeyed.org/hotel/sylmar-motel-sylmar-ee8725/,"12225 San Fernando Rd, Sylmar, CA 91342-5086",Sylmar,CA,91342-5086,US,34.2922742,-118.4513745,+18183628707,https://www.delmonicomotelsylmar.us,motel,30.5,settled-1.1-facts,2026-10-04,0,overture-places@2026-09-23.1,cdla-permissive-2.0
ov:eedb4649-3f39-4e7e-b342-ab44f45011a9,Venice Suites,https://journeyed.org/hotel/venice-suites-venice-eedb46/,"417 Ocean Front Walk, Venice, CA 90291",Venice,CA,90291,US,33.9936909,-118.4794003,+13105665224,https://www.venicesuites.com/,hotel,59.8,settled-1.1-facts,2026-10-04,41,overture-places@2026-09-23.1,cdla-permissive-2.0
ov:eeeb67e1-52b2-4b01-9975-e146878b3920,Park Suites Hotel,https://journeyed.org/hotel/park-suites-hotel-south-el-monte-eeeb67/,"1089 Santa Anita Ave, South El Monte, CA 91733",South El Monte,CA,91733,US,34.041845,-118.0514976,+16263509588,http://www.ramada.com/,hotel,37.8,settled-1.1-facts,2026-10-04,0,overture-places@2026-09-23.1,cdla-permissive-2.0
ov:eeef6bc6-1b9b-4b16-8030-efc675f26e6d,Hotel Barato,https://journeyed.org/hotel/hotel-barato-los-angeles-eeef6b/,"229 N Soto St, Los Angeles, CA 90033",Los Angeles,CA,90033,US,34.0460515,-118.208939,+13232645574,http://www.antoniohotella.com,hotel,38.9,settled-1.1-facts,2026-10-04,5,overture-places@2026-09-23.1,cdla-permissive-2.0
ov:ef020669-b644-487a-91fe-62ad4220f22d,Pacific Inn,https://journeyed.org/hotel/pacific-inn-los-angeles-ef0206/,"2701 W Sunset Blvd, Los Angeles, CA 90026-2101",Los Angeles,CA,90026-2101,US,34.0807515,-118.270393,,,lodging,18.9,settled-1.1-facts,2026-10-04,8,overture-places@2026-09-23.1,cdla-permissive-2.0
ov:ef270115-be47-458a-800d-ceb6a07243da,Langham Huntington Hotel & Spa,https://journeyed.org/hotel/langham-huntington-hotel-and-spa-pasadena-ef2701/,"Pasadena, CA",Pasadena,CA,,US,34.1480986,-118.1349435,+16265683700,http://pasadena.langhamhotels.com/,hotel,35.8,settled-1.1-facts,2026-10-04,3,overture-places@2026-09-23.1,cdla-permissive-2.0
ov:ef5aeb18-7c34-4587-9f77-5e651e19a735,Santa Monica Proper Hotel,https://journeyed.org/hotel/santa-monica-proper-hotel-santa-monica-ef5aeb/,"700 Wilshire Blvd, Santa Monica, CA 90401-1708",Santa Monica,CA,90401-1708,US,34.0208189,-118.4945871,+13106209990,https://www.properhotel.com/santa-monica/?utm_source=local-listings&utm_medium=organic&utm_campaign=local-listings,hotel,75.2,settled-1.1-facts,2026-10-04,71,overture-places@2026-09-23.1,cdla-permissive-2.0
ov:ef68e692-f01d-49ff-a3bd-ec3561ff82e6,Hotel June West LA,https://journeyed.org/hotel/hotel-june-west-la-los-angeles-ef68e6/,"8639 Lincoln Blvd, Los Angeles, CA 90045",Los Angeles,CA,90045,US,33.9587318,-118.4188115,+13106450400,https://cutt.ly/RhTCXDc,hotel,39.9,settled-1.1-facts,2026-10-04,6,overture-places@2026-09-23.1,cdla-permissive-2.0
ov:ef6a6e54-7bbb-4039-a0fc-ee71bd7b3f93,Crown Motel,https://journeyed.org/hotel/crown-motel-los-angeles-ef6a6e/,"2111 E Imperial Hwy, Los Angeles, CA 90059-2205",Los Angeles,CA,90059-2205,US,33.929503,-118.234093,+13235676524,,motel,26.2,settled-1.1-facts,2026-10-04,0,overture-places@2026-09-23.1,cdla-permissive-2.0
ov:ef9de42a-95be-4494-88ea-538f704c6c71,La Sky Hotel,https://journeyed.org/hotel/la-sky-hotel-los-angeles-ef9de4/,"2352 Westwood Blvd, Los Angeles, CA 90064-2110",Los Angeles,CA,90064-2110,US,34.0413844,-118.4291243,+13104754551,,hotel,27.7,settled-1.1-facts,2026-10-04,2,overture-places@2026-09-23.1,cdla-permissive-2.0
ov:efac88ea-5882-4b7e-addf-1e4f91053919,Motel 6 Fountain Valley,https://journeyed.org/hotel/motel-6-fountain-valley-fountain-valley-efac88/,"9125 Recreation Cir, Fountain Valley, CA 92708",Fountain Valley,CA,92708,US,33.7171507,-117.9693818,+17149270473,http://www.motel6.com/,motel,40,settled-1.1-facts,2026-10-04,1,overture-places@2026-09-23.1,cdla-permissive-2.0
ov:efb64a2d-1a4e-47c9-ab5b-2addbf522d29,Holiday Inn,https://journeyed.org/hotel/holiday-inn-redondo-beach-efb64a/,"300 N Harbor Dr, Redondo Beach, CA 90277-2552",Redondo Beach,CA,90277-2552,US,33.84537,-118.392405,+13107501149,http://www.holidayinn.com,hotel,40.9,settled-1.1-facts,2026-10-04,4,overture-places@2026-09-23.1,cdla-permissive-2.0
ov:efd2f211-115b-4421-a44f-d7d6e7037f0a,Liu's Hostel,https://journeyed.org/hotel/lius-hostel-los-angeles-efd2f2/,"1282 W 29th St, Los Angeles, CA 90007-3140",Los Angeles,CA,90007-3140,US,34.0282651,-118.2890308,,,hostel,19.1,settled-1.1-facts,2026-10-04,6,overture-places@2026-09-23.1,cdla-permissive-2.0
ov:efee649f-f6fa-4795-9eb1-115854e69189,Extended Stay America,https://journeyed.org/hotel/extended-stay-america-signal-hill-efee64/,"2525 Cherry Ave, Signal Hill, CA 90755",Signal Hill,CA,90755,US,33.8030748,-118.1681659,+15629815880,http://www.extendedstayamerica.com,hotel,39.4,settled-1.1-facts,2026-10-04,1,overture-places@2026-09-23.1,cdla-permissive-2.0
ov:eff9813e-76b8-4852-ac14-9ab70159a0fb,Wilmington Motel,https://journeyed.org/hotel/wilmington-motel-wilmington-eff981/,"111 E C St, Wilmington, CA 90744-5835",Wilmington,CA,90744-5835,US,33.77288,-118.261374,+13105220822,http://www.wilmingtonmotel.com,hotel,38.4,settled-1.1-facts,2026-10-04,1,overture-places@2026-09-23.1,cdla-permissive-2.0
ov:f009d13f-aab4-436d-800c-b6107fa30707,Greenwood Suites Anaheim Resort,https://journeyed.org/hotel/greenwood-suites-anaheim-resort-anaheim-f009d1/,"1733 S Anaheim Blvd, Anaheim, CA 92805-6518",Anaheim,CA,92805-6518,US,33.805096,-117.907517,+17148089000,http://www.greenwoodsuitesanaheimresort.com,hotel,40.2,settled-1.1-facts,2026-10-04,9,overture-places@2026-09-23.1,cdla-permissive-2.0
ov:f0123181-076e-4fc7-84f0-b10961f5aa67,Palmdale Pelican Inn,https://journeyed.org/hotel/palmdale-pelican-inn-lancaster-f01231/,"42445 Sierra Hwy, Lancaster, CA 93535-5135",Lancaster,CA,93535-5135,US,34.6541194,-118.1299334,+16619458696,,hotel,14.8,settled-1.1-facts,2026-10-04,0,overture-places@2026-09-23.1,cdla-permissive-2.0
ov:f01db268-4b6f-4c6f-959c-eef1bd51b895,"Holiday Inn Express North Hollywood - Burbank Area, An Ihg Hotel",https://journeyed.org/hotel/holiday-inn-express-north-hollywood-burbank-area-an-ihg-hotel-north-f01db2/,"11350 Burbank Blvd, North Hollywood, CA 91601-2441",North Hollywood,CA,91601-2441,US,34.17185,-118.378086,+18188218031,https://www.ihg.com,hotel,40.7,settled-1.1-facts,2026-10-04,4,overture-places@2026-09-23.1,cdla-permissive-2.0
ov:f04169f0-e86c-4050-951b-ed97cb9270e7,Marriott Hotel - Los Angeles,https://journeyed.org/hotel/marriott-hotel-los-angeles-torrance-f04169/,"1925 W 190th St, Torrance, CA 90504-6202",Torrance,CA,90504-6202,US,33.8591349,-118.3120993,+13105321722,http://www.marriott.com/hotels/travel/sfobg-san-francisco-airport-marriott/,hotel,38.7,settled-1.1-facts,2026-10-04,2,overture-places@2026-09-23.1,cdla-permissive-2.0
ov:f05adc2a-9e39-4014-8e1a-216072428dbc,Hotel Pepper Tree,https://journeyed.org/hotel/hotel-pepper-tree-anaheim-f05adc/,"2375 W Lincoln Ave, Anaheim, CA 92801",Anaheim,CA,92801,US,33.8328886,-117.967103,+17147747370,http://www.hotelpeppertree.com/,hotel,67.5,settled-1.1-facts,2026-10-04,44,overture-places@2026-09-23.1,cdla-permissive-2.0
ov:f083eebc-1c2d-4772-bef4-dc4413c6bde9,Furst Motel,https://journeyed.org/hotel/furst-motel-los-angeles-f083ee/,"5735 S Figueroa St, Los Angeles, CA 90037",Los Angeles,CA,90037,US,33.9898436,-118.2830626,+13237507681,,motel,27.3,settled-1.1-facts,2026-10-04,2,overture-places@2026-09-23.1,cdla-permissive-2.0
ov:f0850b22-4eae-4f47-9c40-fb288907b4cb,Scottish Inns Whittier,https://journeyed.org/hotel/scottish-inns-whittier-whittier-f0850b/,"11435 Whittier Blvd, Whittier, CA 90601",Whittier,CA,90601,US,33.984678,-118.055694,+15626995199,http://www.bookroomsnow.com/locations/SCAWT,hotel,39.3,settled-1.1-facts,2026-10-04,1,overture-places@2026-09-23.1,cdla-permissive-2.0
ov:f0d1f0f8-f601-40a0-adbd-00796b97030f,Catalina Lodge,https://journeyed.org/hotel/catalina-lodge-avalon-f0d1f0/,"235 Sumner Ave, Avalon, CA 90704-2873",Avalon,CA,90704-2873,US,33.3424677,-118.3274731,+13105101070,http://www.catalina-lodge.com/,motel,26.5,settled-1.1-facts,2026-10-04,0,overture-places@2026-09-23.1,cdla-permissive-2.0
ov:f0ebe53b-f799-4ebd-ba6d-8f78854e404c,La Hamaca Hostel,https://journeyed.org/hotel/la-hamaca-hostel-santa-monica-f0ebe5/,"2453 Santa Monica Blvd, Santa Monica, CA 90404-2038",Santa Monica,CA,90404-2038,US,34.03264,-118.47562,+13109988500,https://lahamacahostelutila.com/,hotel,39.6,settled-1.1-facts,2026-10-04,4,overture-places@2026-09-23.1,cdla-permissive-2.0
ov:f10422d0-7fc6-48c3-9353-d1ac8f7b3a7e,Coronado Inn,https://journeyed.org/hotel/coronado-inn-los-angeles-f10422/,"682 S Coronado St, Los Angeles, CA 90057-3406",Los Angeles,CA,90057-3406,US,34.05923,-118.281934,,,hotel,17.8,settled-1.1-facts,2026-10-04,13,overture-places@2026-09-23.1,cdla-permissive-2.0
ov:f124bf3f-fa75-4f3c-9dd4-aa91d39859ff,Westport Beach Club,https://journeyed.org/hotel/westport-beach-club-playa-del-rey-f124bf/,"7301 Vista del Mar, Playa del Rey, CA 90293-7628",Playa del Rey,CA,90293-7628,US,33.954575,-118.4479224,+13108211339,,hotel,27.4,settled-1.1-facts,2026-10-04,6,overture-places@2026-09-23.1,cdla-permissive-2.0
ov:f1391ab1-755d-4506-90ec-4c144c8f4890,Wilmington Inn,https://journeyed.org/hotel/wilmington-inn-wilmington-f1391a/,"903 N Fries Ave, Wilmington, CA 90744",Wilmington,CA,90744,US,33.7809576,-118.2650435,+13108356740,http://wilmingtoninn.com,inn,37.7,settled-1.1-facts,2026-10-04,1,overture-places@2026-09-23.1,cdla-permissive-2.0
ov:f1690950-178b-4f1b-9a9b-a6204bef5fa8,Holiday Inn La Mirada,https://journeyed.org/hotel/holiday-inn-la-mirada-la-mirada-f16909/,"14299 Firestone Blvd, La Mirada, CA 90638",La Mirada,CA,90638,US,33.8850174,-118.026458,+17147398500,http://www.holidayinn.com/,hotel,38.5,settled-1.1-facts,2026-10-04,0,overture-places@2026-09-23.1,cdla-permissive-2.0
ov:f16c2645-414c-4630-a070-644b3216679f,The Anza A Calabasas Hotel,https://journeyed.org/hotel/the-anza-a-calabasas-hotel-calabasas-f16c26/,"23627 Calabasas Rd, Calabasas, CA 91302-1502",Calabasas,CA,91302-1502,US,34.156968,-118.642171,+18182225300,https://theanzahotel.com,hotel,28.5,settled-1.1-facts,2026-10-04,0,overture-places@2026-09-23.1,cdla-permissive-2.0
ov:f18565ef-05bc-45cd-beac-866af8b84945,Quality Inn Downey,https://journeyed.org/hotel/quality-inn-downey-downey-f18565/,"9438 Firestone Blvd, Downey, CA 90241",Downey,CA,90241,US,33.9311457,-118.1156484,+15628033555,https://www.choicehotels.com/california/downey/quality-inn-hotels/ca103?pmf=yext&mc=llyxyxpx,hotel,40,settled-1.1-facts,2026-10-04,1,overture-places@2026-09-23.1,cdla-permissive-2.0
ov:f1910dcb-7e65-467c-b732-db91b9707001,Extended Stay America,https://journeyed.org/hotel/extended-stay-america-la-mirada-f1910d/,"14775 Firestone Blvd, La Mirada, CA 90638",La Mirada,CA,90638,US,33.8787366,-118.016253,+17146708579,https://www.extendedstayamerica.com/,hotel,39.5,settled-1.1-facts,2026-10-04,2,overture-places@2026-09-23.1,cdla-permissive-2.0
ov:f1e42b35-2c6e-4ba5-a7c4-1b7dc658bf65,Sea Sprite Beach Club,https://journeyed.org/hotel/sea-sprite-beach-club-hermosa-beach-f1e42b/,"1016 The Strand, Hermosa Beach, CA 90254",Hermosa Beach,CA,90254,US,33.8606332,-118.4009594,+13103766933,https://www.seaspritebeachclub.com/,hotel,65.4,settled-1.1-facts,2026-10-04,34,overture-places@2026-09-23.1,cdla-permissive-2.0
ov:f204e330-e43d-4f1e-923e-40d8d2078929,Hotel Koxie,https://journeyed.org/hotel/hotel-koxie-los-angeles-f204e3/,"3411 W Olympic Blvd, Los Angeles, CA 90019",Los Angeles,CA,90019,US,34.0527943,-118.3124653,+13237341001,http://www.rotexplazahotel.com,hotel,40.4,settled-1.1-facts,2026-10-04,5,overture-places@2026-09-23.1,cdla-permissive-2.0
ov:f20ba8e5-781d-4327-8075-786d23dfce0b,New Century Inn,https://journeyed.org/hotel/new-century-inn-san-gabriel-f20ba8/,"1114 E Las Tunas Dr, San Gabriel, CA 91776",San Gabriel,CA,91776,US,34.1032908,-118.0833685,+16262850921,http://www.newcenturyinn.net,motel,39.3,settled-1.1-facts,2026-10-04,2,overture-places@2026-09-23.1,cdla-permissive-2.0
ov:f20d2505-9c05-44c8-bbb6-b7d3f7a653bf,Tivoli Motor Hotel,https://journeyed.org/hotel/tivoli-motor-hotel-inglewood-f20d25/,"4861 W Century Blvd, Inglewood, CA 90304-1314",Inglewood,CA,90304-1314,US,33.945743,-118.363441,+13106779181,http://www.tivolihotels.com/en/home.aspx,hotel,40.1,settled-1.1-facts,2026-10-04,11,overture-places@2026-09-23.1,cdla-permissive-2.0
ov:f235ead2-9100-4ebe-b415-5b187c40e7cf,Best Western Plus Glendale,https://journeyed.org/hotel/best-western-plus-glendale-los-angeles-f235ea/,"2911 Colorado Blvd, Los Angeles, CA 90041-1011",Los Angeles,CA,90041-1011,US,34.143111,-118.228224,+13232567711,https://www.bestwestern.com,hotel,39.7,settled-1.1-facts,2026-10-04,1,overture-places@2026-09-23.1,cdla-permissive-2.0
ov:f23a66bf-8a0f-4591-939c-023146ec9b3f,Mini Mansion,https://journeyed.org/hotel/mini-mansion-los-angeles-f23a66/,"3211 Dos Palos Dr, Los Angeles, CA 90068",Los Angeles,CA,90068,US,34.1272549,-118.3482504,+18882518646,https://mini-mansion-in-hollywood-hills.los-angeles-hotel.com/en/,bed_and_breakfast,40.1,settled-1.1-facts,2026-10-04,9,overture-places@2026-09-23.1,cdla-permissive-2.0
ov:f2425b46-c8f9-4fa0-a98c-59fe33c67347,Garvey Inn,https://journeyed.org/hotel/garvey-inn-monterey-park-f2425b/,"1040 E Garvey Ave, Monterey Park, CA 91755",Monterey Park,CA,91755,US,34.0623366,-118.1084332,+16262808989,http://www.garveyinn.com,motel,39.3,settled-1.1-facts,2026-10-04,1,overture-places@2026-09-23.1,cdla-permissive-2.0
ov:f2463951-6b98-4716-989f-3fb4f8c2d74a,Studio City Court Yard Hotel,https://journeyed.org/hotel/studio-city-court-yard-hotel-los-angeles-f24639/,"12933 Ventura Blvd, Los Angeles, CA 91604",Los Angeles,CA,91604,US,34.1456095,-118.415027,+18187896900,http://www.studiocitycourtyard.com/,hotel,73.8,settled-1.1-facts,2026-10-04,46,overture-places@2026-09-23.1,cdla-permissive-2.0
ov:f253e0ca-92f7-4c2f-b35b-53faa730f014,Casa Blanca Inn & Suites,https://journeyed.org/hotel/casa-blanca-inn-and-suites-whittier-f253e0/,"12702 Whittier Blvd, Whittier, CA 90602",Whittier,CA,90602,US,33.9669468,-118.039994,+15629680000,http://www.casablancainnandsuites.com,motel,40.5,settled-1.1-facts,2026-10-04,1,overture-places@2026-09-23.1,cdla-permissive-2.0
ov:f257cb23-8d03-4d56-ac35-c09c28295cfd,Quality Inn & Suites Anaheim Resort,https://journeyed.org/hotel/quality-inn-and-suites-anaheim-resort-anaheim-f257cb/,"1441 S Manchester Ave, Anaheim, CA 92802",Anaheim,CA,92802,US,33.81174,-117.91229,+17149918100,http://www.anaheimqualityinn.com/,resort,40.8,settled-1.1-facts,2026-10-04,9,overture-places@2026-09-23.1,cdla-permissive-2.0
ov:f2753864-d5aa-463d-a4cd-d396e90cb0ca,Best Western Plus Anaheim Orange County Hotel,https://journeyed.org/hotel/best-western-plus-anaheim-orange-county-hotel-placentia-f27538/,"118 E Orangethorpe Ave, Placentia, CA 92870",Placentia,CA,92870,US,33.8614034,-117.8722209,+17145287778,https://www.bestwestern.com/en_US/book/hotel-rooms.05696.html?iata=00171890&ssob=BLBWI0003G&cid=BLBWI0003G%3Ayext%3Awebsite%3A05696,hotel,36.5,settled-1.1-facts,2026-10-04,0,overture-places@2026-09-23.1,cdla-permissive-2.0
ov:f28202f7-c751-4c63-83b1-5eb65eb1304a,Desert Palms Hotel and Suites,https://journeyed.org/hotel/desert-palms-hotel-and-suites-anaheim-f28202/,"631 W Katella Ave, Anaheim, CA 92802",Anaheim,CA,92802,US,33.8037272,-117.9163747,+17145351133,https://www.desertpalmshotel.com/?utm_source=facebook&utm_medium=organic&utm_campaign=facebook_listing,hotel,89.5,settled-1.1-facts,2026-10-04,102,overture-places@2026-09-23.1,cdla-permissive-2.0
ov:f2930b67-f4ef-4eaa-9d4f-d01929d29877,Comfort Inn,https://journeyed.org/hotel/comfort-inn-monterey-park-f2930b/,"588 S Atlantic Blvd, Monterey Park, CA 91754",Monterey Park,CA,91754,US,34.0557669,-118.1348396,+16263089600,https://www.choicehotels.com/california/monterey-park/comfort-inn-hotels/ca692?pmf=yext&mc=llyxyxpx,hotel,40.9,settled-1.1-facts,2026-10-04,1,overture-places@2026-09-23.1,cdla-permissive-2.0
ov:f2951f21-68fe-4a8d-ac0a-ca0bcf49251a,Redwood Lodge Motel,https://journeyed.org/hotel/redwood-lodge-motel-sun-valley-f2951f/,"9029 San Fernando Rd, Sun Valley, CA 91352-1401",Sun Valley,CA,91352-1401,US,34.232775,-118.387276,,,hotel,15.7,settled-1.1-facts,2026-10-04,1,overture-places@2026-09-23.1,cdla-permissive-2.0
ov:f2995048-dd9a-4e11-bbc3-54c1531bea7a,Evanston Inn,https://journeyed.org/hotel/evanston-inn-pasadena-f29950/,"395 S Marengo Ave, Pasadena, CA 91101",Pasadena,CA,91101,US,34.1388966,-118.1461394,,,hotel,18.9,settled-1.1-facts,2026-10-04,3,overture-places@2026-09-23.1,cdla-permissive-2.0
ov:f2ac0702-5ef7-488f-b12f-34d49b7088cb,Manor Motel,https://journeyed.org/hotel/manor-motel-hawthorne-f2ac07/,"4191 W El Segundo Blvd, Hawthorne, CA 90250",Hawthorne,CA,90250,US,33.9165785,-118.3480311,+13106759179,http://www.manor-motel.com,motel,39.7,settled-1.1-facts,2026-10-04,8,overture-places@2026-09-23.1,cdla-permissive-2.0
ov:f2b66d7a-9762-40a4-a0ba-83aef22fe954,Ramona Motel,https://journeyed.org/hotel/ramona-motel-los-angeles-f2b66d/,"3211 W Jefferson Blvd, Los Angeles, CA 90018-3231",Los Angeles,CA,90018-3231,US,34.025892,-118.331023,+13237359077,http://www.laramonamotel.com,hotel,38,settled-1.1-facts,2026-10-04,2,overture-places@2026-09-23.1,cdla-permissive-2.0
ov:f2b72eaf-4564-495f-bade-dc1ee06fa23b,Rodeway Inn Carson - Los Angeles South,https://journeyed.org/hotel/rodeway-inn-carson-los-angeles-south-carson-f2b72e/,"1325 E Carson St, Carson, CA 90745",Carson,CA,90745,US,33.831848,-118.25013,+13108308044,https://www.choicehotels.com/california/carson/rodeway-inn-hotels/ca431?mc=llbillpx&pmf=local,resort,41.3,settled-1.1-facts,2026-10-04,1,overture-places@2026-09-23.1,cdla-permissive-2.0
ov:f2c7af3b-273c-4f16-97f6-71e9156ef694,Laguna Beach House,https://journeyed.org/hotel/laguna-beach-house-laguna-beach-f2c7af/,"475 N Coast Hwy, Laguna Beach, CA 92651",Laguna Beach,CA,92651,US,33.5446959,-117.7916421,+18002970007,https://www.thelagunabeachhouse.com/,hotel,49.2,settled-1.1-facts,2026-10-04,6,overture-places@2026-09-23.1,cdla-permissive-2.0
ov:f2d3d6cb-d82c-4172-9274-2871b5282a73,Cara Hotel,https://journeyed.org/hotel/cara-hotel-los-angeles-f2d3d6/,"1730 N Western Ave, Los Angeles, CA 90027",Los Angeles,CA,90027,US,34.1028459,-118.3089207,+13236728990,http://carahotel.com/,hotel,39.9,settled-1.1-facts,2026-10-04,32,overture-places@2026-09-23.1,cdla-permissive-2.0
ov:f2f90194-0381-4b6b-80d4-3215b8c471f8,Shade Hotel Manhattan Beach,https://journeyed.org/hotel/shade-hotel-manhattan-beach-manhattan-beach-f2f901/,"1221 N Valley Dr, Manhattan Beach, CA 90266",Manhattan Beach,CA,90266,US,33.8865616,-118.4083747,+13105464995,https://www.yelp.com/biz/shade-hotel-manhattan-beach-manhattan-beach?sort_by=date_desc,hotel,29.3,settled-1.1-facts,2026-10-04,6,overture-places@2026-09-23.1,cdla-permissive-2.0
ov:f30253f3-6eaf-4d11-b386-f1e791f4d254,Long Beach,https://journeyed.org/hotel/long-beach-long-beach-f30253/,"1725 Long Beach Blvd, Long Beach, CA 90813-1931",Long Beach,CA,90813-1931,US,33.7887526,-118.1900249,+15625995555,https://www.bestwestern.com/en_US/book/hotel-rooms.05508.html?iata=00171890&ssob=BLBWI0003G,hotel,39.4,settled-1.1-facts,2026-10-04,3,overture-places@2026-09-23.1,cdla-permissive-2.0
ov:f309bfb3-fe1b-48a0-b9fd-dc4595eb2e57,La Quinta Inn & Suites Inglewood,https://journeyed.org/hotel/la-quinta-inn-and-suites-inglewood-inglewood-f309bf/,"3945 W Imperial Hwy, Inglewood, CA 90303",Inglewood,CA,90303,US,33.9311877,-118.3434115,+13106803333,http://www.laquintainglewoodca.com/?cid=local_6015,hotel,40.2,settled-1.1-facts,2026-10-04,11,overture-places@2026-09-23.1,cdla-permissive-2.0
ov:f311b840-e3c9-45c5-8231-95ef45e6a3d1,Seaside Motel,https://journeyed.org/hotel/seaside-motel-redondo-beach-f311b8/,"1935 Artesia Blvd, Redondo Beach, CA 90278",Redondo Beach,CA,90278,US,33.872985,-118.3786176,+13103760430,http://www.seasidemotel.net,motel,44.3,settled-1.1-facts,2026-10-04,10,overture-places@2026-09-23.1,cdla-permissive-2.0
ov:f34adad5-9967-49bc-8db1-20474de9902e,Pink Cloud Motel,https://journeyed.org/hotel/pink-cloud-motel-north-hills-f34ada/,"9355 Sepulveda Blvd, North Hills, CA 91343-3303",North Hills,CA,91343-3303,US,34.2406555,-118.4680455,+18188928918,,motel,24,settled-1.1-facts,2026-10-04,0,overture-places@2026-09-23.1,cdla-permissive-2.0
ov:f3507973-fc1d-4ba2-9963-31844892049d,Su Casa at Venice Beach,https://journeyed.org/hotel/su-casa-at-venice-beach-venice-f35079/,"431 Ocean Front Walk, Venice, CA 90291-2402",Venice,CA,90291-2402,US,33.9934744,-118.4790201,+13104529700,http://www.sucasavenice.com/,hotel,55,settled-1.1-facts,2026-10-04,24,overture-places@2026-09-23.1,cdla-permissive-2.0
ov:f36b1c10-c873-4572-8817-d4826a2d9a9e,Kings Motel,https://journeyed.org/hotel/kings-motel-montebello-f36b1c/,"101 Washington Blvd, Montebello, CA 90640",Montebello,CA,90640,US,33.991935,-118.1122363,+13238881627,http://kingsmotellax.com/,motel,39,settled-1.1-facts,2026-10-04,1,overture-places@2026-09-23.1,cdla-permissive-2.0
ov:f384075f-f7dd-41cf-9be0-aa35f7e05f3b,Petit Ermitage,https://journeyed.org/hotel/petit-ermitage-west-hollywood-f38407/,"8822 Cynthia St, West Hollywood, CA 90069-4502",West Hollywood,CA,90069-4502,US,34.0872057,-118.3839021,+13108541114,http://www.petitermitage.com/,hotel,45.1,settled-1.1-facts,2026-10-04,25,overture-places@2026-09-23.1,cdla-permissive-2.0
ov:f3874b40-373e-4b27-9d3f-edc8d2d15e28,Hollywood Pensione,https://journeyed.org/hotel/hollywood-pensione-los-angeles-f3874b/,"1845 N Wilton Pl, Los Angeles, CA 90028",Los Angeles,CA,90028,US,34.1047494,-118.3139667,+13233692411,http://www.hollywoodpensione.com,bed_and_breakfast,40.3,settled-1.1-facts,2026-10-04,10,overture-places@2026-09-23.1,cdla-permissive-2.0
ov:f389ee40-ae3a-40e8-9bb3-914fd3509d1b,Vagabond Inn Hotels,https://journeyed.org/hotel/vagabond-inn-hotels-el-segundo-f389ee/,"2225 Campus Dr, El Segundo, CA 90245-0001",El Segundo,CA,90245-0001,US,33.925729,-118.385056,+13107258233,http://www.vagabondinn.com,lodging,38.8,settled-1.1-facts,2026-10-04,5,overture-places@2026-09-23.1,cdla-permissive-2.0
ov:f4067e73-e54b-4dec-a2e8-3c74295c4b07,Silver Lake Pool & Inn,https://journeyed.org/hotel/silver-lake-pool-and-inn-los-angeles-f4067e/,"4141 Santa Monica Blvd, Los Angeles, CA 90029",Los Angeles,CA,90029,US,34.0917354,-118.282777,+13234867225,http://www.silverlakepoolandinn.com/,hotel,40.3,settled-1.1-facts,2026-10-04,8,overture-places@2026-09-23.1,cdla-permissive-2.0
ov:f43ccd5b-0fe0-4b89-861e-bce5f45914a8,Days Inn Hotel,https://journeyed.org/hotel/days-inn-hotel-inglewood-f43ccd/,"901 W Manchester Blvd, Inglewood, CA 90301-1526",Inglewood,CA,90301-1526,US,33.9616269,-118.3722014,+13102563917,https://www.daysinnlaxairport.com/,hotel,64,settled-1.1-facts,2026-10-04,46,overture-places@2026-09-23.1,cdla-permissive-2.0
ov:f46af374-584c-4c2a-8e47-24bec1a4f27f,Bevonshire Lodge Motel,https://journeyed.org/hotel/bevonshire-lodge-motel-los-angeles-f46af3/,"7575 Beverly Blvd, Los Angeles, CA 90036",Los Angeles,CA,90036,US,34.076399,-118.355056,+13239366154,http://www.bevonshire.com,motel,41,settled-1.1-facts,2026-10-04,10,overture-places@2026-09-23.1,cdla-permissive-2.0
ov:f4a5e27a-7c36-47dc-8cec-e565cf114ef9,Best Western Plus Desert Poppy Inn,https://journeyed.org/hotel/best-western-plus-desert-poppy-inn-lancaster-f4a5e2/,"2038 W Avenue I, Lancaster, CA 93536",Lancaster,CA,93536,US,34.702931,-118.167455,+16614180550,https://www.bwlancaster.com/?utm_source=BingPlaces,resort,26.5,settled-1.1-facts,2026-10-04,0,overture-places@2026-09-23.1,cdla-permissive-2.0
ov:f4badcda-3bf0-45f4-af21-e92daa2de268,Anaheim National Inn,https://journeyed.org/hotel/anaheim-national-inn-anaheim-f4badc/,"2784 W Lincoln Ave, Anaheim, CA 92801-6333",Anaheim,CA,92801-6333,US,33.8319816,-117.9841445,+17147619900,http://anaheimnationalinn.wordpress.com/,motel,39.6,settled-1.1-facts,2026-10-04,1,overture-places@2026-09-23.1,cdla-permissive-2.0
ov:f4bb83d1-8903-4dbe-ac1c-69c12c508b6b,Motel 6,https://journeyed.org/hotel/motel-6-santa-ana-f4bb83/,"1623 E 1st St, Santa Ana, CA 92701",Santa Ana,CA,92701,US,33.7458984,-117.8453934,+17144522805,http://www.motel6.com/,motel,39.8,settled-1.1-facts,2026-10-04,2,overture-places@2026-09-23.1,cdla-permissive-2.0
ov:f4bd0d7a-dfcb-44f4-a8d1-12e311d795e5,Hotel Olyver,https://journeyed.org/hotel/hotel-olyver-los-angeles-f4bd0d/,"2666 W Olympic Blvd, Los Angeles, CA 90006-2808",Los Angeles,CA,90006-2808,US,34.0521214,-118.290235,+12133816262,,motel,28.2,settled-1.1-facts,2026-10-04,8,overture-places@2026-09-23.1,cdla-permissive-2.0
ov:f4bfd622-dbc1-4b36-85cd-083756fad423,The Inn on Mt. Ada,https://journeyed.org/hotel/the-inn-on-mt-ada-avalon-f4bfd6/,"200 Marilla Ave, Avalon, CA 90704-3151",Avalon,CA,90704-3151,US,33.34478,-118.3287,+13105102030,http://www.visitcatalinaisland.com/hotels-packages/avalon/inn-on-mt-ada,hotel,26.5,settled-1.1-facts,2026-10-04,0,overture-places@2026-09-23.1,cdla-permissive-2.0
ov:f4cbd48f-ddbf-4a3c-9afa-be86b6fa517a,Le Petit Pali Laguna Beach,https://journeyed.org/hotel/le-petit-pali-laguna-beach-laguna-beach-f4cbd4/,"30806 Coast Hwy, Laguna Beach, CA 92651",Laguna Beach,CA,92651,US,33.5166387,-117.7568936,+19494644495,https://www.lepetitpali.com/locations/laguna-beach,hotel,27.6,settled-1.1-facts,2026-10-04,0,overture-places@2026-09-23.1,cdla-permissive-2.0
ov:f4ce839f-1c3d-4a47-9117-124b799665f6,Seal Beach Inn & Gardens,https://journeyed.org/hotel/seal-beach-inn-and-gardens-seal-beach-f4ce83/,"212 5th St, Seal Beach, CA 90740-6115",Seal Beach,CA,90740-6115,US,33.743543,-118.107885,+15624932416,http://www.sealbeachinn.com,hotel,41.2,settled-1.1-facts,2026-10-04,2,overture-places@2026-09-23.1,cdla-permissive-2.0
ov:f4f6e807-41e6-4116-8cbb-7a86fcd1c284,Best Western Pasadena Royale Inn & Suites,https://journeyed.org/hotel/best-western-pasadena-royale-inn-and-suites-pasadena-f4f6e8/,"3600 E Colorado Blvd, Pasadena, CA 91107",Pasadena,CA,91107,US,34.1460024,-118.0761633,+16267930950,https://www.bestwestern.com/en_US/book/hotel-rooms.05441.html?iata=00171890&ssob=BLBWI0003G&cid=BLBWI0003G%3Ayext%3Awebsite%3A05441,hotel,38.2,settled-1.1-facts,2026-10-04,1,overture-places@2026-09-23.1,cdla-permissive-2.0
ov:f4ff08b9-b6a9-4d8c-9a6e-1d5e0e00be5b,The Rock Brentwood Extended Stay,https://journeyed.org/hotel/the-rock-brentwood-extended-stay-los-angeles-f4ff08/,"101 S Rockingham Ave, Los Angeles, CA 90049",Los Angeles,CA,90049,US,34.058385,-118.493393,+12029052727,https://m.facebook.com/TheRockBrentwood/,hotel,28,settled-1.1-facts,2026-10-04,2,overture-places@2026-09-23.1,cdla-permissive-2.0
ov:f510e746-4e9a-41b7-8364-b368f5baecee,Zane Grey Pueblo Hotel,https://journeyed.org/hotel/zane-grey-pueblo-hotel-avalon-f510e7/,"199 Chimes Tower Rd, Avalon, CA 90704",Avalon,CA,90704,US,33.3467466,-118.3286066,+13105100966,http://zanegreyhotel.com/,hotel,36.2,settled-1.1-facts,2026-10-04,0,overture-places@2026-09-23.1,cdla-permissive-2.0
ov:f524285b-40d9-4ee4-81fc-fc7aaada0fd7,The Maybourne Beverly Hills,https://journeyed.org/hotel/the-maybourne-beverly-hills-beverly-hills-f52428/,"225 N Canon Dr, Beverly Hills, CA 90210",Beverly Hills,CA,90210,US,34.0680493,-118.3985931,+13108607800,http://maybournebeverlyhills.com/,hotel,41.2,settled-1.1-facts,2026-10-04,5,overture-places@2026-09-23.1,cdla-permissive-2.0
ov:f5292dc9-625f-4d5b-9e63-0918b233dad9,Florentine Motel,https://journeyed.org/hotel/florentine-motel-bell-f5292d/,"4922 Florence Ave, Bell, CA 90201",Bell,CA,90201,US,33.9686868,-118.1794113,+12133068076,,motel,27.3,settled-1.1-facts,2026-10-04,1,overture-places@2026-09-23.1,cdla-permissive-2.0
ov:f531901b-889e-4d4c-b48f-c0a3864e46eb,El Segundo Inn,https://journeyed.org/hotel/el-segundo-inn-hawthorne-f53190/,"4930 W El Segundo Blvd, Hawthorne, CA 90250",Hawthorne,CA,90250,US,33.916207,-118.3654158,+13106444944,http://www.elsegundoinnhawthorne.us,motel,67.4,settled-1.1-facts,2026-10-04,46,overture-places@2026-09-23.1,cdla-permissive-2.0
ov:f5417447-91df-4cc0-8c01-da1f0941ef27,Le Parc at Melrose,https://journeyed.org/hotel/le-parc-at-melrose-west-hollywood-f54174/,"733 N W Knoll Dr, West Hollywood, CA 90069",West Hollywood,CA,90069,US,34.0843966,-118.3777528,+13108558888,https://www.leparcsuites.com/,hotel,64.8,settled-1.1-facts,2026-10-04,75,overture-places@2026-09-23.1,cdla-permissive-2.0
ov:f54da147-9eba-4085-b4a0-eab9b1c6b9e7,Jewel City Inn Glendale,https://journeyed.org/hotel/jewel-city-inn-glendale-glendale-f54da1/,"1012 Winchester Ave, Glendale, CA 91201",Glendale,CA,91201,US,34.1684977,-118.2904306,+18182440788,http://www.glencapri.com/,hotel,39.5,settled-1.1-facts,2026-10-04,1,overture-places@2026-09-23.1,cdla-permissive-2.0
ov:f565ba13-98df-48bd-b2d3-dc9b7b6df9f8,Hotel Mdr Marina Del Rey - A Doubletree By Hilton,https://journeyed.org/hotel/hotel-mdr-marina-del-rey-a-doubletree-by-hilton-marina-del-rey-f565ba/,"13480 Maxella Ave, Marina del Rey, CA 90292-5620",Marina del Rey,CA,90292-5620,US,33.985147,-118.441101,+13108228555,https://www.hilton.com,hotel,40.5,settled-1.1-facts,2026-10-04,9,overture-places@2026-09-23.1,cdla-permissive-2.0
ov:f5807b13-cc76-4d7b-a7b9-0cacddf57d1c,Garden Cottage B & B,https://journeyed.org/hotel/garden-cottage-b-and-b-los-angeles-f5807b/,"8318 W 4th St, Los Angeles, CA 90048-4203",Los Angeles,CA,90048-4203,US,34.070712,-118.371039,+13236535616,http://www.gardencottagela.com,hotel,40.5,settled-1.1-facts,2026-10-04,10,overture-places@2026-09-23.1,cdla-permissive-2.0
ov:f59bb2bd-5ecc-441a-b7ec-a5deb64b6a08,Anaheim La Palma Inn,https://journeyed.org/hotel/anaheim-la-palma-inn-anaheim-f59bb2/,"2691 W La Palma Ave, Anaheim, CA 92801-1300",Anaheim,CA,92801-1300,US,33.847339,-117.98045,+17148268855,https://www.lapalmamotel.com,hotel,28,settled-1.1-facts,2026-10-04,2,overture-places@2026-09-23.1,cdla-permissive-2.0
ov:f5abfe55-eea5-4d11-bae7-747cb0e8b486,Hotel Roomerz,https://journeyed.org/hotel/hotel-roomerz-los-angeles-f5abfe/,"10100 CA-2, Los Angeles, CA 90067",Los Angeles,CA,90067,US,34.0615791,-118.4167601,+18883399648,http://www.hotelroomerz.com/,hotel,41,settled-1.1-facts,2026-10-04,5,overture-places@2026-09-23.1,cdla-permissive-2.0
ov:f5b8c698-9dfd-42dd-914d-aa9b25932111,Extended Stay America,https://journeyed.org/hotel/extended-stay-america-irvine-f5b8c6/,"30 Technology Dr W, Irvine, CA 92618",Irvine,CA,92618,US,33.6537498,-117.738679,+19497274228,http://dms.netmng.com/si/cm/tracking/dgtrackingredirect.aspx?siclientid=2918&sisearchengine=1524&siredirect=http:%2f%2fwww.extendedstayamerica.com%2fhotels%2fca%2forange-county%2firvine-spectrum&siproduct=bespt_bus,hotel,40.9,settled-1.1-facts,2026-10-04,1,overture-places@2026-09-23.1,cdla-permissive-2.0
ov:f5bfc1a2-1841-4ef0-b6d5-faa55990703a,Omeo Suites - Alhambra,https://journeyed.org/hotel/omeo-suites-alhambra-alhambra-f5bfc1/,"2720 W Valley Blvd, Alhambra, CA 91803-1815",Alhambra,CA,91803-1815,US,34.076447,-118.1537104,+16265668290,https://omeo.vip,hotel,27,settled-1.1-facts,2026-10-04,1,overture-places@2026-09-23.1,cdla-permissive-2.0
ov:f5c71d5d-f7a1-4ded-828a-5a3e10e56d2b,Showtime Motel,https://journeyed.org/hotel/showtime-motel-los-angeles-f5c71d/,"Los Angeles, CA",Los Angeles,CA,,US,34.1412776,-118.3730148,+18189808333,http://www.showtimetravel.com,hotel,35,settled-1.1-facts,2026-10-04,4,overture-places@2026-09-23.1,cdla-permissive-2.0
ov:f5e8b14d-bce7-48ed-be28-22d08e84ef41,OYO Hotel,https://journeyed.org/hotel/oyo-hotel-palmdale-f5e8b1/,"217 E Palmdale Blvd, Palmdale, CA 93550",Palmdale,CA,93550,US,34.5801449,-118.1271071,+16614435301,https://oyorooms.com/us/84696/,motel,26.5,settled-1.1-facts,2026-10-04,0,overture-places@2026-09-23.1,cdla-permissive-2.0
ov:f60fb7b4-e8c8-4b87-bb8a-b214e3d17ffd,"The Commodore Hollywood, Apartment Hotel",https://journeyed.org/hotel/the-commodore-hollywood-apartment-hotel-los-angeles-f60fb7/,"1830 N Cherokee Ave, Los Angeles, CA 90028",Los Angeles,CA,90028,US,34.1041294,-118.334341,+18339741830,http://www.wilshireskyline.com,service_apartment,40.9,settled-1.1-facts,2026-10-04,13,overture-places@2026-09-23.1,cdla-permissive-2.0
ov:f622406b-1b32-474c-b916-0c41b88d82c3,Satellite Motel,https://journeyed.org/hotel/satellite-motel-los-angeles-f62240/,"12012 S Figueroa St, Los Angeles, CA 90061",Los Angeles,CA,90061,US,33.9232744,-118.2823754,+13237569200,http://satelliteflorida.com,motel,37.5,settled-1.1-facts,2026-10-04,0,overture-places@2026-09-23.1,cdla-permissive-2.0
ov:f6319ad5-c390-467d-8e0b-98af6f70f4b5,Residence Inn,https://journeyed.org/hotel/residence-inn-los-angeles-f6319a/,"20524 Lassen Street, Los Angeles, CA 91311",Los Angeles,CA,91311,US,34.2498175,-118.5805031,+17472065385,http://www.Marriott.com/laxrt,hotel,32.8,settled-1.1-facts,2026-10-04,0,overture-places@2026-09-23.1,cdla-permissive-2.0
ov:f635dfa3-03d1-42e8-93ea-62e73c3fecc2,Howard Johnson by Wyndham Anaheim Hotel and Water Playground,https://journeyed.org/hotel/howard-johnson-by-wyndham-anaheim-hotel-and-water-playground-anaheim-f635df/,"1380 S Harbor Blvd, Anaheim, CA 92802",Anaheim,CA,92802,US,33.8130279,-117.9137146,+17147766120,http://www.hojoanaheim.com/,hotel,40.9,settled-1.1-facts,2026-10-04,9,overture-places@2026-09-23.1,cdla-permissive-2.0
ov:f66f9cba-2716-4d50-a4ba-4b582d57d6af,SpringHill Suites,https://journeyed.org/hotel/springhill-suites-anaheim-f66f9c/,"1160 West Ball Road, Anaheim, CA 92802",Anaheim,CA,92802,US,33.8172116,-117.9282556,+17142154000,https://www.resortpass.com/hotels/springhill-suites-anaheim-maingate?preview=true,hotel,40.7,settled-1.1-facts,2026-10-04,8,overture-places@2026-09-23.1,cdla-permissive-2.0
ov:f6743790-9470-40cb-bc97-256c4b631f0d,Aurora Hotel,https://journeyed.org/hotel/aurora-hotel-avalon-f67437/,"137 Marilla Ave, Avalon, CA 90704",Avalon,CA,90704,US,33.3451286,-118.3283114,+13105100454,https://bit.ly/3X7gWJl,hotel,26.5,settled-1.1-facts,2026-10-04,0,overture-places@2026-09-23.1,cdla-permissive-2.0
ov:f6b6c81b-2239-4303-b8c0-34942a6ab531,Samesun Hollywood,https://journeyed.org/hotel/samesun-hollywood-los-angeles-f6b6c8/,"6820 Hollywood Blvd, Los Angeles, CA 90028",Los Angeles,CA,90028,US,34.1013973,-118.3394142,+13234632750,https://samesun.com/hollywood-hostel/,hostel,41.3,settled-1.1-facts,2026-10-04,15,overture-places@2026-09-23.1,cdla-permissive-2.0
ov:f6bbd56b-52b0-4d17-a078-f193c73f069e,WorldMark Dolphin's Cove,https://journeyed.org/hotel/worldmark-dolphins-cove-anaheim-f6bbd5/,"465 W Orangewood Ave, Anaheim, CA 92802",Anaheim,CA,92802,US,33.7963934,-117.913604,+17149800830,https://www.extraholidays.com/anaheim-california/dolphins-cove-resort?lid=loc&identifier=loc&hotelid=5705&utm_medium=referral&utm_source=yext-en&utm_campaign=yext&utm_content=dolphinscoveresort,resort,40.7,settled-1.1-facts,2026-10-04,9,overture-places@2026-09-23.1,cdla-permissive-2.0
ov:f6bd316a-f746-467a-b7e5-35a1cfc45324,Embassy Suites Hotel Los Angeles-International Airport South,https://journeyed.org/hotel/embassy-suites-hotel-los-angeles-international-airport-south-los-f6bd31/,"1440 E Imperial Hwy, Los Angeles, CA 90059-2460",Los Angeles,CA,90059-2460,US,33.9293355,-118.249053,+13106403600,http://www.embassysuites.hilton.com/,hotel,37.4,settled-1.1-facts,2026-10-04,0,overture-places@2026-09-23.1,cdla-permissive-2.0
ov:f6e664e0-a1d9-4ec0-99fd-4897f4d011cd,Super 8 Upland Ontario CA,https://journeyed.org/hotel/super-8-upland-ontario-ca-upland-f6e664/,"1282 W 7th St, Upland, CA 91786",Upland,CA,91786,US,34.088143,-117.672365,+19095792243,https://www.wyndhamhotels.com/super-8/upland-california/super-8-upland-ontario-ca/overview,motel,48.1,settled-1.1-facts,2026-10-04,0,overture-places@2026-09-23.1,cdla-permissive-2.0
ov:f6fd4569-2aa9-41c9-a146-7da562582c29,Venice Beach Suites & Hotel,https://journeyed.org/hotel/venice-beach-suites-and-hotel-venice-f6fd45/,"1305 Ocean Front Walk, Venice, CA 90291",Venice,CA,90291,US,33.9884267,-118.4747824,+13103964559,https://www.venicebeachsuites.com,hotel,40.5,settled-1.1-facts,2026-10-04,11,overture-places@2026-09-23.1,cdla-permissive-2.0
ov:f7063176-422f-47c4-8793-b2ce5c6124c4,Embassy Suites by Hilton Irvine Orange County Airport,https://journeyed.org/hotel/embassy-suites-by-hilton-irvine-orange-county-airport-irvine-f70631/,"2120 Main St, Irvine, CA 92614",Irvine,CA,92614,US,33.683885,-117.8497142,+19495538332,https://www.hilton.com/en/hotels/kolcaes-embassy-suites-irvine-orange-county-airport/?fbclid=IwAR2d9iOHrUP7QKrbWua-TJ7KpIfD3OsKpzErp5tZM9gcYdfK1wknXpa1AJ0,hotel,39.7,settled-1.1-facts,2026-10-04,1,overture-places@2026-09-23.1,cdla-permissive-2.0
ov:f7223db6-e7b6-4267-8e28-751cff0135a0,Kettle Motor Hotel,https://journeyed.org/hotel/kettle-motor-hotel-anaheim-f7223d/,"1760 W Lincoln Ave #6714, Anaheim, CA 92801",Anaheim,CA,92801,US,33.8317903,-117.9442357,+17147740996,http://www.kettlemotorhotel.com,motel,38.6,settled-1.1-facts,2026-10-04,3,overture-places@2026-09-23.1,cdla-permissive-2.0
ov:f7284066-c1ca-454c-b831-48b237aaa245,Hyatt House Los Angeles Lax Manhattan Beach,https://journeyed.org/hotel/hyatt-house-los-angeles-lax-manhattan-beach-el-segundo-f72840/,"810 S Douglas St, El Segundo, CA 90245",El Segundo,CA,90245,US,33.9037473,-118.3826012,+13105041507,http://www.hyatthouseelsegundo.com/,hotel,38.1,settled-1.1-facts,2026-10-04,4,overture-places@2026-09-23.1,cdla-permissive-2.0
ov:f7319689-df8e-4d44-89f1-6399da9f7314,Travel King Motel,https://journeyed.org/hotel/travel-king-motel-long-beach-f73196/,"4916 Long Beach Blvd, Long Beach, CA 90805",Long Beach,CA,90805,US,33.845301,-118.1929134,+15624281743,,motel,25.3,settled-1.1-facts,2026-10-04,0,overture-places@2026-09-23.1,cdla-permissive-2.0
ov:f73ed16f-d2d3-418d-847a-c34a3bdf0933,Holiday Inn Santa ANA-Orange Co.,https://journeyed.org/hotel/holiday-inn-santa-ana-orange-co-santa-ana-f73ed1/,"2726 S Grand Ave, Santa Ana, CA 92705",Santa Ana,CA,92705,US,33.7099771,-117.8519991,+17144816300,https://www.ihg.com/holidayinn/hotels/us/en/santa-ana/jwaca/hoteldetail?cm_mmc=FacebookMaps-_-HI-_-US-_-JWACA,hotel,37.6,settled-1.1-facts,2026-10-04,1,overture-places@2026-09-23.1,cdla-permissive-2.0
ov:f758e0a7-1365-4eb0-bcd2-fabdf3198619,Hoover Motel,https://journeyed.org/hotel/hoover-motel-los-angeles-f758e0/,"9710 S Hoover St, Los Angeles, CA 90044",Los Angeles,CA,90044,US,33.9476445,-118.2868256,+13237559272,,motel,25.3,settled-1.1-facts,2026-10-04,0,overture-places@2026-09-23.1,cdla-permissive-2.0
ov:f7593a4b-b384-4ec3-b4ce-eee41f48ab77,El Dorado Inn,https://journeyed.org/hotel/el-dorado-inn-anaheim-f7593a/,"3360 W Lincoln Ave, Anaheim, CA 92801",Anaheim,CA,92801,US,33.8307337,-118.0079617,+17148213330,http://www.eldoradoinnanaheim.com,motel,40,settled-1.1-facts,2026-10-04,2,overture-places@2026-09-23.1,cdla-permissive-2.0
ov:f78d2f1e-f20f-43e7-b3eb-c46859b0a9a1,Hampton Inn & Suites Mission Viejo,https://journeyed.org/hotel/hampton-inn-and-suites-mission-viejo-mission-viejo-f78d2f/,"28682 Marguerite Pkwy, Mission Viejo, CA 92692",Mission Viejo,CA,92692,US,33.5461054,-117.670794,+19494295222,https://www.hilton.com/en/locations/usa/,hotel,30.9,settled-1.1-facts,2026-10-04,0,overture-places@2026-09-23.1,cdla-permissive-2.0
ov:f7958741-5073-444e-89c3-880bca1b209c,Harbor Motel,https://journeyed.org/hotel/harbor-motel-garden-grove-f79587/,"12812 Palm St, Garden Grove, CA 92840-6424",Garden Grove,CA,92840-6424,US,33.7768657,-117.9141871,+17145378008,http://www.stayharbormotel.com,motel,48.7,settled-1.1-facts,2026-10-04,34,overture-places@2026-09-23.1,cdla-permissive-2.0
ov:f795ccbf-3424-4a35-a880-e89f96e15e9c,La Siesta Inn,https://journeyed.org/hotel/la-siesta-inn-south-gate-f795cc/,"9706 Long Beach Blvd, South Gate, CA 90280",South Gate,CA,90280,US,33.9475066,-118.216643,+13235664013,https://la-siesta-inn.allhotelscalifornia.com/en,motel,36,settled-1.1-facts,2026-10-04,0,overture-places@2026-09-23.1,cdla-permissive-2.0
ov:f7aabf4c-509d-4a22-890a-908435c48aaf,14 West Boutique Hotel,https://journeyed.org/hotel/14-west-boutique-hotel-laguna-beach-f7aabf/,"690 S Coast Hwy, Laguna Beach, CA 92651-2444",Laguna Beach,CA,92651-2444,US,33.5380173,-117.7796648,+19494941001,http://www.14westlagunabeach.com/,hotel,29.4,settled-1.1-facts,2026-10-04,0,overture-places@2026-09-23.1,cdla-permissive-2.0
ov:f7f43698-e4f9-4527-bb2f-9cf1250574c9,Anaheim Tropic Motel,https://journeyed.org/hotel/anaheim-tropic-motel-anaheim-f7f436/,"899 S Harbor Blvd, Anaheim, CA 92805-5159",Anaheim,CA,92805-5159,US,33.822,-117.915935,+17145352801,https://anaheimtropicmotel.com,motel,28.9,settled-1.1-facts,2026-10-04,9,overture-places@2026-09-23.1,cdla-permissive-2.0
ov:f7f8038e-4e8d-4d4e-ad62-3a70477746ce,The Haas Suites,https://journeyed.org/hotel/the-haas-suites-los-angeles-f7f803/,"209 W 7th St, Los Angeles, CA 90014-1851",Los Angeles,CA,90014-1851,US,34.0451639,-118.2530344,+12138801425,https://www.aparthotelstays.com/,hotel,41.1,settled-1.1-facts,2026-10-04,14,overture-places@2026-09-23.1,cdla-permissive-2.0
ov:f8040eb8-d956-4858-b63e-c5ff1c321835,Noho Hotel (Listing Partner),https://journeyed.org/hotel/noho-hotel-listing-partner-north-hollywood-f8040e/,"6021 Lankershim Blvd, North Hollywood, CA 91606",North Hollywood,CA,91606,US,34.1800648,-118.3838649,+16783971930,https://www.oyorooms.com/205164/,resort,39.7,settled-1.1-facts,2026-10-04,2,overture-places@2026-09-23.1,cdla-permissive-2.0
ov:f81ae8e4-f24a-452e-b30b-c406b272cb92,Malibu Beach Inn,https://journeyed.org/hotel/malibu-beach-inn-malibu-f81ae8/,"22878 Pacific Coast Highway, Malibu, CA 90265 U.S.A., Malibu, CA",Malibu,CA,,US,34.038111,-118.674412,,https://www.lhw.com/hotel/Malibu-Beach-Inn-Malibu-CA,hotel,31.3,settled-1.1-facts,2026-10-04,1,overture-places@2026-09-23.1,cdla-permissive-2.0
ov:f84dd808-4e84-4cf7-8bc1-feedf9623ce9,Clarion Hotel Anaheim Resort,https://journeyed.org/hotel/clarion-hotel-anaheim-resort-anaheim-f84dd8/,"616 Convention Way, Anaheim, CA 92802",Anaheim,CA,92802,US,33.799179,-117.9161527,+16572074887,https://www.choicehotels.com/california/anaheim/clarion-hotels/ca002?pmf=yext&mc=llyxyxpx,resort,41,settled-1.1-facts,2026-10-04,9,overture-places@2026-09-23.1,cdla-permissive-2.0
ov:f867769a-0a2b-426a-af62-5a3da06e2a06,Courtyard By Marriott,https://journeyed.org/hotel/courtyard-by-marriott-irvine-f86776/,"2701 Main Street, Irvine, CA 92614",Irvine,CA,92614,US,33.6817179,-117.8396248,+19497571200,https://www.marriott.com/hotels/travel/laxch-courtyard-irvine-john-wayne-airport-orange-county/?scid=5d6c9ba8-fdb3-45cd-90d4-fc3cbfe3681c&y_source=1_NjUwNDM5LTU1OS1sb2NhdGlvbi53ZWJzaXRl,hotel,38.9,settled-1.1-facts,2026-10-04,1,overture-places@2026-09-23.1,cdla-permissive-2.0
ov:f87a24eb-009b-43c8-8e2c-b2eccb7afe80,Hilton Vacation Club Riviera Beach & Shores,https://journeyed.org/hotel/hilton-vacation-club-riviera-beach-and-shores-dana-point-f87a24/,"34630 Pacific Coast Highway, Dana Point, CA 92624",Dana Point,CA,92624,US,33.459928,-117.674322,+19492482944,https://www.diamondresortsandhotels.com/Resorts/Riviera-Shores-Resort,hotel,26.5,settled-1.1-facts,2026-10-04,0,overture-places@2026-09-23.1,cdla-permissive-2.0
ov:f87b2cbc-f6fc-4ba4-90c7-45fc9bc8619a,Holiday Inn Express & Suites Valencia - Santa Clarita By Ihg,https://journeyed.org/hotel/holiday-inn-express-and-suites-valencia-santa-clarita-by-ihg-valencia-f87b2c/,"27501 Wayne Mills Pl, Valencia, CA 91355-4980",Valencia,CA,91355-4980,US,34.420035,-118.5806,+16612842101,https://www.ihg.com,hotel,40,settled-1.1-facts,2026-10-04,2,overture-places@2026-09-23.1,cdla-permissive-2.0
ov:f88b8883-c536-42b9-a455-0e4e5f25b634,Bluestem Hotel,https://journeyed.org/hotel/bluestem-hotel-torrance-f88b88/,"2448 Sepulveda Blvd, Torrance, CA 90501",Torrance,CA,90501,US,33.8211597,-118.3271072,+13105399888,https://www.choicehotels.com/california/torrance/ascend-hotels/cae97?mc=llyxyxpx,hotel,39.4,settled-1.1-facts,2026-10-04,2,overture-places@2026-09-23.1,cdla-permissive-2.0
ov:f8ab8939-6c32-4886-860f-563afa54827e,Plaza Inn South Gate,https://journeyed.org/hotel/plaza-inn-south-gate-south-gate-f8ab89/,"2761 Firestone Blvd, South Gate, CA 90280",South Gate,CA,90280,US,33.95618,-118.22256,+13237490006,,resort,23.5,settled-1.1-facts,2026-10-04,0,overture-places@2026-09-23.1,cdla-permissive-2.0
ov:f8b6d968-78f2-4ee1-a459-33385e0dfb59,Embassy Suites by Hilton Los AngelesCovina,https://journeyed.org/hotel/embassy-suites-by-hilton-los-angelescovina-covina-f8b6d9/,"1211 E Garvey Ave, Covina, CA 91724",Covina,CA,91724,US,34.071658,-117.864986,+18882712681,http://www.parkinn.com/covinaca,hotel,38.8,settled-1.1-facts,2026-10-04,1,overture-places@2026-09-23.1,cdla-permissive-2.0
ov:f8bf9b8f-8499-49ef-b315-cf726c0ded54,Coral Motel,https://journeyed.org/hotel/coral-motel-buena-park-f8bf9b/,"7891 Whitaker St, Buena Park, CA 90621",Buena Park,CA,90621,US,33.8664501,-117.9957217,+17145215686,http://www.ipass.com,motel,41.1,settled-1.1-facts,2026-10-04,2,overture-places@2026-09-23.1,cdla-permissive-2.0
ov:f8c1acc6-71e4-4738-bcdc-07d5f763d4ba,Courtyard by Marriott Ventura Simi Valley,https://journeyed.org/hotel/courtyard-by-marriott-ventura-simi-valley-simi-valley-f8c1ac/,"191 Cochran St, Simi Valley, CA 93065",Simi Valley,CA,93065,US,34.2823744,-118.7930631,+18059155000,https://www.marriott.com/hotels/travel/oxrcy-courtyard-ventura-simi-valley/?scid=5d6c9ba8-fdb3-45cd-90d4-fc3cbfe3681c&y_source=1_MjgxOTI0OS01NTktbG9jYXRpb24ud2Vic2l0ZQ%3D%3D,hotel,29.3,settled-1.1-facts,2026-10-04,0,overture-places@2026-09-23.1,cdla-permissive-2.0
ov:f8c88c3f-564c-42e3-a2c4-9f3bc2155fcd,Venice Hotel,https://journeyed.org/hotel/venice-hotel-los-angeles-f8c88c/,"2215 Venice Blvd, Los Angeles, CA 90006-5107",Los Angeles,CA,90006-5107,US,34.043777,-118.306369,+13237353232,http://www.1st-venice-hotels.com,lodging,39.6,settled-1.1-facts,2026-10-04,6,overture-places@2026-09-23.1,cdla-permissive-2.0
ov:f8cc2831-8f51-45da-9274-9821c29958fe,Hometel Suites,https://journeyed.org/hotel/hometel-suites-los-angeles-f8cc28/,"3160 W 8th St, Los Angeles, CA 90005",Los Angeles,CA,90005,US,34.0575755,-118.2967604,+12133847788,http://www.hometelsuites.com/,hotel,40.6,settled-1.1-facts,2026-10-04,3,overture-places@2026-09-23.1,cdla-permissive-2.0
ov:f8d0452c-7b81-4e4e-af59-e3109f6b724c,Hilton Checkers Los Angeles,https://journeyed.org/hotel/hilton-checkers-los-angeles-los-angeles-f8d045/,"535 South Grand Avenue, Los Angeles, CA 90071",Los Angeles,CA,90071,US,34.049615,-118.254978,+12136240000,https://www.hilton.com/en/hotels/laxchhf-hilton-checkers-los-angeles/,hotel,41.3,settled-1.1-facts,2026-10-04,13,overture-places@2026-09-23.1,cdla-permissive-2.0
ov:f8dd71cf-adb6-4e69-bc6a-9cf5838e06da,Harvard House Motel,https://journeyed.org/hotel/harvard-house-motel-los-angeles-f8dd71/,"5251 Hollywood Blvd, Los Angeles, CA 90027",Los Angeles,CA,90027,US,34.101928,-118.3052254,+13234633238,http://www.harvardandstone.com,motel,39.8,settled-1.1-facts,2026-10-04,7,overture-places@2026-09-23.1,cdla-permissive-2.0
ov:f8f37f8b-4be1-484c-9c2c-ba5c194632d9,Hotel Hermosa,https://journeyed.org/hotel/hotel-hermosa-redondo-beach-f8f37f/,"215 S Pacific Coast Hwy, Redondo Beach, CA 90277-3353",Redondo Beach,CA,90277-3353,US,33.839543,-118.385727,+13103186936,,hotel,29.2,settled-1.1-facts,2026-10-04,4,overture-places@2026-09-23.1,cdla-permissive-2.0
ov:f9001522-9977-405d-ad59-c6b41aee8cd5,Conrad Hotels,https://journeyed.org/hotel/conrad-hotels-beverly-hills-f90015/,"9350 Civic Center Dr, Beverly Hills, CA 90210-3629",Beverly Hills,CA,90210-3629,US,34.074141,-118.398547,+13102788768,,hotel,29.1,settled-1.1-facts,2026-10-04,5,overture-places@2026-09-23.1,cdla-permissive-2.0
ov:f901e383-78b2-4d01-a0a2-a0e8ce772f1f,The Westin Pasadena,https://journeyed.org/hotel/the-westin-pasadena-pasadena-f901e3/,"191 North Los Robles, Pasadena, CA 91101",Pasadena,CA,91101,US,34.1492356,-118.1420051,+16267922727,https://www.marriott.com/en-us/hotels/laxpw-the-westin-pasadena/overview/?scid=d2406702-e8ea-4b45-bb9b-69cddaaef03d,hotel,41.2,settled-1.1-facts,2026-10-04,3,overture-places@2026-09-23.1,cdla-permissive-2.0
ov:f92472af-4754-4165-8fe1-80f6f2267e9b,Hgi Redondo Beach,https://journeyed.org/hotel/hgi-redondo-beach-redondo-beach-f92472/,"2410 Marine Ave, Redondo Beach, CA 90278-1103",Redondo Beach,CA,90278-1103,US,33.8938763,-118.3666514,+13107279998,,hotel,25.7,settled-1.1-facts,2026-10-04,4,overture-places@2026-09-23.1,cdla-permissive-2.0
ov:f9383b52-7954-407c-9b64-fe339d9e137d,Motel 6,https://journeyed.org/hotel/motel-6-westminster-f9383b/,"13100 Goldenwest St, Westminster, CA 92683",Westminster,CA,92683,US,33.7726641,-118.0071132,+17149270474,http://www.motel6.com/,motel,39.1,settled-1.1-facts,2026-10-04,1,overture-places@2026-09-23.1,cdla-permissive-2.0
ov:f93fe94e-0478-4f5e-a58c-ee6f080643a6,Capistrano Surfside Inn,https://journeyed.org/hotel/capistrano-surfside-inn-laguna-hills-f93fe9/,"23091 Mill Creek Dr, Laguna Hills, CA 92653-1258",Laguna Hills,CA,92653-1258,US,33.626892,-117.735718,+19495872400,http://www.capistranosurfsideinn.com,hotel,39,settled-1.1-facts,2026-10-04,1,overture-places@2026-09-23.1,cdla-permissive-2.0
ov:f9454dcc-027d-40af-836f-676bac0c3c89,Eaglerock Inn and Suites,https://journeyed.org/hotel/eaglerock-inn-and-suites-los-angeles-f9454d/,"2911 Colorado Blvd, Los Angeles, CA 90041-1011",Los Angeles,CA,90041-1011,US,34.1430917,-118.228344,+13232567711,https://www.bestwestern.com/en_US/book/hotel-rooms.05518.html?iata=00171890&ssob=BLBWI0003G&cid=BLBWI0003G%3Ayext%3Awebsite%3A05518,hotel,39.8,settled-1.1-facts,2026-10-04,1,overture-places@2026-09-23.1,cdla-permissive-2.0
ov:f94ea763-bcdc-48d0-a843-2a6103e5f3fe,Avalon Hotel Beverly Hills,https://journeyed.org/hotel/avalon-hotel-beverly-hills-beverly-hills-f94ea7/,"9400 W Olympic Blvd, Beverly Hills, CA 90212",Beverly Hills,CA,90212,US,34.0590163,-118.3972819,+13102775221,https://cutt.ly/rhTCHex,hotel,40.5,settled-1.1-facts,2026-10-04,5,overture-places@2026-09-23.1,cdla-permissive-2.0
ov:f9522bd6-5fa0-443e-8833-0200da220e1b,Royal Palace Westwood,https://journeyed.org/hotel/royal-palace-westwood-los-angeles-f9522b/,"1052 Tiverton Ave, Los Angeles, CA 90024",Los Angeles,CA,90024,US,34.0606589,-118.4430386,+18006310100,http://www.royalpalacewestwood.com/,hotel,79.7,settled-1.1-facts,2026-10-04,69,overture-places@2026-09-23.1,cdla-permissive-2.0
ov:f98ab6dd-abcc-4e25-8d8a-eb73ccff074a,O Hotel,https://journeyed.org/hotel/o-hotel-los-angeles-f98ab6/,"819 S Flower St, Los Angeles, CA 90017-4607",Los Angeles,CA,90017-4607,US,34.0469374,-118.26072,+12136239904,http://www.ohotelgroup.com,hotel,40.8,settled-1.1-facts,2026-10-04,16,overture-places@2026-09-23.1,cdla-permissive-2.0
ov:f99e24b1-0a70-4a1a-a396-47a5feb3a81c,"Tiller House, Laguna Hills, A Tribute Portfolio Hotel",https://journeyed.org/hotel/tiller-house-laguna-hills-a-tribute-portfolio-hotel-laguna-hills-f99e24/,"23061 Avenida De La Carlota, Laguna Hills, CA 92653",Laguna Hills,CA,92653,US,33.6268543,-117.7235645,+19498590166,https://www.tillerhouse.com/groups-events.htm,hotel,87.1,settled-1.1-facts,2026-10-04,7,overture-places@2026-09-23.1,cdla-permissive-2.0
ov:f9c7af06-c255-4572-895b-88d8e1c4b388,Sea Rock Inn,https://journeyed.org/hotel/sea-rock-inn-los-angeles-f9c7af/,"14032 S Vermont Ave, Los Angeles, CA 90247",Los Angeles,CA,90247,US,33.9041522,-118.2913673,+15624944393,http://www.SeaRockLA.com/,hotel,39.1,settled-1.1-facts,2026-10-04,1,overture-places@2026-09-23.1,cdla-permissive-2.0
ov:f9cc297f-63a0-4b50-bdc9-39c2caf540a2,Aiden Los Angeles Downtown Dragon Gate Inn,https://journeyed.org/hotel/aiden-los-angeles-downtown-dragon-gate-inn-los-angeles-f9cc29/,"818 N Hill St, Los Angeles, CA 90012-2395",Los Angeles,CA,90012-2395,US,34.0630901,-118.2389186,+12136173077,https://www.bestwestern.com,hotel,40.7,settled-1.1-facts,2026-10-04,11,overture-places@2026-09-23.1,cdla-permissive-2.0
ov:fa081bda-fbcf-4766-840e-c8f90f18e66d,Saga Motor Hotel,https://journeyed.org/hotel/saga-motor-hotel-pasadena-fa081b/,"1633 E Colorado Blvd, Pasadena, CA 91106",Pasadena,CA,91106,US,34.1462842,-118.1167539,+16267950431,http://www.thesagamotorhotel.com/,motel,59,settled-1.1-facts,2026-10-04,21,overture-places@2026-09-23.1,cdla-permissive-2.0
ov:fa189679-46fc-459c-b560-43e1d1279699,Travelodge,https://journeyed.org/hotel/travelodge-costa-mesa-fa1896/,"1400 Bristol St, Costa Mesa, CA 92626",Costa Mesa,CA,92626,US,33.6671273,-117.8828996,+17145578700,http://www.travelodge.com/hotels/california/costa-mesa/travelodge-orange-county-airport-costa-mesa/hotel-overview?reg=Local-_-all-_-TL-_-all&cid=IP_Local&wid=local&iata=00065402,resort,39.9,settled-1.1-facts,2026-10-04,2,overture-places@2026-09-23.1,cdla-permissive-2.0
ov:fa238560-a8c7-4d50-bd05-657e47ab05f0,Sunset Pacific Motel,https://journeyed.org/hotel/sunset-pacific-motel-los-angeles-fa2385/,"4301 W Sunset Blvd, Los Angeles, CA 90029-2111",Los Angeles,CA,90029-2111,US,34.0948233,-118.2827864,+13236664400,https://www.kcet.org/.../artbound/reimagining-silver-lakes-bates-motel,hotel,40.2,settled-1.1-facts,2026-10-04,8,overture-places@2026-09-23.1,cdla-permissive-2.0
ov:fa24c39b-6c11-4c2c-804c-599ab9180e3b,La Cienega Inn Motel,https://journeyed.org/hotel/la-cienega-inn-motel-los-angeles-fa24c3/,"1725 S La Cienega Blvd, Los Angeles, CA 90035",Los Angeles,CA,90035,US,34.0465521,-118.3763945,+13105591570,,motel,27,settled-1.1-facts,2026-10-04,3,overture-places@2026-09-23.1,cdla-permissive-2.0
ov:fa42afdf-ec14-4b6c-9760-08ad02f3ef2a,St Moritz Hotel,https://journeyed.org/hotel/st-moritz-hotel-los-angeles-fa42af/,"5849 W Sunset Blvd, Los Angeles, CA 90028-3400",Los Angeles,CA,90028-3400,US,34.098434,-118.317459,+13234672174,http://stmoritzhotelsf.com,hotel,40.6,settled-1.1-facts,2026-10-04,11,overture-places@2026-09-23.1,cdla-permissive-2.0
ov:fa5b56aa-f66a-49ed-b426-ebf7834607d0,Embassy Suites by Hilton,https://journeyed.org/hotel/embassy-suites-by-hilton-garden-grove-fa5b56/,"11767 Harbor Blvd, Garden Grove, CA 92840",Garden Grove,CA,92840,US,33.7912634,-117.9165825,+17145393300,https://www.hilton.com/en/hotels/laxgdes-embassy-suites-anaheim-south/offers/,hotel,40.4,settled-1.1-facts,2026-10-04,9,overture-places@2026-09-23.1,cdla-permissive-2.0
ov:fa944e41-a083-45c0-b467-03c3aab0f6ec,Grand Motel,https://journeyed.org/hotel/grand-motel-los-angeles-fa944e/,"1479 S La Cienega Blvd, Los Angeles, CA 90035",Los Angeles,CA,90035,US,34.0509075,-118.3765918,+13106523644,http://www.grandhotel.com,hotel,38.9,settled-1.1-facts,2026-10-04,6,overture-places@2026-09-23.1,cdla-permissive-2.0
ov:fa9965fc-b693-490a-9518-35e1dbfe309a,Santa’s Garden,https://journeyed.org/hotel/santas-garden-la-habra-fa9965/,"777 S Beach Blvd, La Habra, CA 90631-6415",La Habra,CA,90631-6415,US,33.9237006,-117.9687464,+17147139758,https://santasgarden.net,hotel,35.5,settled-1.1-facts,2026-10-04,0,overture-places@2026-09-23.1,cdla-permissive-2.0
ov:faa678b2-1312-4454-8bc4-b0e444f32900,Palihotel Hollywood,https://journeyed.org/hotel/palihotel-hollywood-los-angeles-faa678/,"7023 Sunset Blvd, Los Angeles, CA 90028",Los Angeles,CA,90028,US,34.0982053,-118.3422244,+13235450535,http://palisociety.com/,hotel,41.1,settled-1.1-facts,2026-10-04,15,overture-places@2026-09-23.1,cdla-permissive-2.0
ov:fad0a64b-59ab-487c-9ec0-391faaf95aa8,Hotel Hwood,https://journeyed.org/hotel/hotel-hwood-los-angeles-fad0a6/,"6826 Sunset Blvd, Los Angeles, CA 90028",Los Angeles,CA,90028,US,34.0978077,-118.3396041,+13238965173,https://hollywoodhotelsnearme.com/,hotel,41,settled-1.1-facts,2026-10-04,14,overture-places@2026-09-23.1,cdla-permissive-2.0
ov:fad9007a-5486-4608-beaf-1a9ebba737ba,Coronado Motel,https://journeyed.org/hotel/coronado-motel-long-beach-fad900/,"1037 E Pacific Coast Hwy, Long Beach, CA 90806",Long Beach,CA,90806,US,33.7901601,-118.1797081,+15625991891,http://coronado-motel.hotels-long-beach-ca.com/en,motel,39.1,settled-1.1-facts,2026-10-04,3,overture-places@2026-09-23.1,cdla-permissive-2.0
ov:faf3952a-9dbd-4b46-9eb3-0025bb5a6001,Studio 6,https://journeyed.org/hotel/studio-6-bellflower-faf395/,"17220 Downey Ave, Bellflower, CA 90706",Bellflower,CA,90706,US,33.8761971,-118.1503537,+15623636256,https://www.studio6.com/en/home/motels.ca.bellflower.7332.html,hotel,38.5,settled-1.1-facts,2026-10-04,1,overture-places@2026-09-23.1,cdla-permissive-2.0
ov:fb1ad46b-ca90-400f-8f60-cc7a51219cf9,Hollywood Studio Inn & Suites,https://journeyed.org/hotel/hollywood-studio-inn-and-suites-los-angeles-fb1ad4/,"7160 W Sunset Blvd, Los Angeles, CA 90046-3422",Los Angeles,CA,90046-3422,US,34.097787,-118.346029,+13238746660,http://www.hollywoodstudiola.com,hotel,40.8,settled-1.1-facts,2026-10-04,15,overture-places@2026-09-23.1,cdla-permissive-2.0
ov:fb1bab29-a4da-4162-8299-3e4697ed8600,Hollywood Center Motel,https://journeyed.org/hotel/hollywood-center-motel-los-angeles-fb1bab/,"6720 W Sunset Blvd, Los Angeles, CA 90028-7108",Los Angeles,CA,90028-7108,US,34.0976,-118.337068,+13234626051,https://hollywood-7-star-motel-los-angeles.booked.net,hotel,29.2,settled-1.1-facts,2026-10-04,13,overture-places@2026-09-23.1,cdla-permissive-2.0
ov:fb2563e5-863e-4a62-96a0-95e869fcbaf1,Rodeway Inn,https://journeyed.org/hotel/rodeway-inn-artesia-fb2563/,"11854 Artesia Blvd, Artesia, CA 90701",Artesia,CA,90701,US,33.8728981,-118.0803536,+15624020070,http://www.rodewayinn.com/,hotel,39,settled-1.1-facts,2026-10-04,1,overture-places@2026-09-23.1,cdla-permissive-2.0
ov:fb27779f-04e3-419f-97a3-2a5afcaff262,Grove Motel,https://journeyed.org/hotel/grove-motel-garden-grove-fb2777/,"8791 Garden Grove Blvd, Garden Grove, CA 92844-1211",Garden Grove,CA,92844-1211,US,33.774144,-117.978848,+16194663155,,hotel,28,settled-1.1-facts,2026-10-04,2,overture-places@2026-09-23.1,cdla-permissive-2.0
ov:fb2a70c5-a781-4ade-ade0-d7a9cfafebdf,The Buena Park Grand Hotel & Suites,https://journeyed.org/hotel/the-buena-park-grand-hotel-and-suites-buena-park-fb2a70/,"7762 Beach Blvd, Buena Park, CA 90620",Buena Park,CA,90620,US,33.8499751,-117.9974979,+17147395600,https://buenaparkgrandhotel.com/,hotel,40.8,settled-1.1-facts,2026-10-04,3,overture-places@2026-09-23.1,cdla-permissive-2.0
ov:fb3b5c31-f507-403b-aecc-dfea2b2548a3,Sheraton,https://journeyed.org/hotel/sheraton-agoura-hills-fb3b5c/,"30100 Agoura Road, Agoura Hills, CA 91301",Agoura Hills,CA,91301,US,34.1444208,-118.7793301,+18187071220,https://www.marriott.com/hotels/travel/BURAH,hotel,39.2,settled-1.1-facts,2026-10-04,1,overture-places@2026-09-23.1,cdla-permissive-2.0
ov:fb533447-33c5-4ac8-9307-43d61b9da0be,Highland Gardens Hotel,https://journeyed.org/hotel/highland-gardens-hotel-los-angeles-fb5334/,"7047 Franklin Ave, Los Angeles, CA 90028",Los Angeles,CA,90028,US,34.1042966,-118.3432074,+13238500536,https://www.highlandgardenshotel.com/,hotel,70.3,settled-1.1-facts,2026-10-04,90,overture-places@2026-09-23.1,cdla-permissive-2.0
ov:fb533b8d-3304-414a-a999-673582e35425,"Motel 6 Anaheim, CA - Maingate",https://journeyed.org/hotel/motel-6-anaheim-ca-maingate-anaheim-fb533b/,"100 Disney Way, Anaheim, CA 92802",Anaheim,CA,92802,US,33.8058069,-117.9079181,+17144522826,http://www.motel6.com/,motel,40.2,settled-1.1-facts,2026-10-04,9,overture-places@2026-09-23.1,cdla-permissive-2.0
ov:fb69f4da-08ff-4413-be90-a42590e4d9bf,Paradise Inn,https://journeyed.org/hotel/paradise-inn-los-angeles-fb69f4/,"10641 S Vermont Ave, Los Angeles, CA 90044-3023",Los Angeles,CA,90044-3023,US,33.9390553,-118.2920968,+13237773841,http://www.paradiseinn.com,hotel,37.8,settled-1.1-facts,2026-10-04,2,overture-places@2026-09-23.1,cdla-permissive-2.0
ov:fb7af93c-4f93-445a-8792-cbf32154f75a,Signal Hill Motel,https://journeyed.org/hotel/signal-hill-motel-signal-hill-fb7af9/,"3101 CA-1, Signal Hill, CA 90755",Signal Hill,CA,90755,US,33.790009,-118.1555161,+15629001891,http://www.signalhillmotel.com/,motel,53.1,settled-1.1-facts,2026-10-04,10,overture-places@2026-09-23.1,cdla-permissive-2.0
ov:fbfa0262-8cee-48a9-bec2-2514d926e883,Staybridge Suites Anaheim at the Park,https://journeyed.org/hotel/staybridge-suites-anaheim-at-the-park-anaheim-fbfa02/,"1050 W Ball Rd, Anaheim, CA 92802",Anaheim,CA,92802,US,33.8177222,-117.9232133,+17148604660,https://www.ihg.com/staybridge/hotels/us/en/anaheim/laxba/hoteldetail,hotel,41,settled-1.1-facts,2026-10-04,9,overture-places@2026-09-23.1,cdla-permissive-2.0
ov:fc07e8c0-752f-4826-bae8-17d9daaee51d,Guest House,https://journeyed.org/hotel/guest-house-los-angeles-fc07e8/,"827 S Catalina St, Los Angeles, CA 90005-1913",Los Angeles,CA,90005-1913,US,34.056881,-118.2958027,,,hostel,18.9,settled-1.1-facts,2026-10-04,3,overture-places@2026-09-23.1,cdla-permissive-2.0
ov:fc1867ed-19a3-4ddd-a9b3-66b970274978,The Godfrey Hotel Hollywood,https://journeyed.org/hotel/the-godfrey-hotel-hollywood-los-angeles-fc1867/,"1400 N Cahuenga Blvd, Los Angeles, CA 90028",Los Angeles,CA,90028,US,34.0963944,-118.3293054,+13237621000,https://www.godfreyhotelhollywood.com/,hotel,45.7,settled-1.1-facts,2026-10-04,23,overture-places@2026-09-23.1,cdla-permissive-2.0
ov:fc4eae8b-88b8-4aab-b751-738c2a42787c,Don's Turf Motel,https://journeyed.org/hotel/dons-turf-motel-los-alamitos-fc4eae/,"4732 Katella Ave, Los Alamitos, CA 90720",Los Alamitos,CA,90720,US,33.8026878,-118.0502217,+15624316563,https://www.instagram.com/donsturfmotel/,motel,27.4,settled-1.1-facts,2026-10-04,1,overture-places@2026-09-23.1,cdla-permissive-2.0
ov:fcb69f53-9102-4719-b2b9-d3f7eb7ec7e4,Double Tree Hilton Lounge,https://journeyed.org/hotel/double-tree-hilton-lounge-monrovia-fcb69f/,"998 W Huntington Dr, Monrovia, CA 91016-3112",Monrovia,CA,91016-3112,US,34.1415416,-118.0197759,,http://doubletree1.hilton.com/en_US/dt/hotel/BWICHDT-DoubleTree-by-Hilton-Hotel-Columbia-Maryland/index.do,hotel,29.8,settled-1.1-facts,2026-10-04,2,overture-places@2026-09-23.1,cdla-permissive-2.0
ov:fccfbda0-be90-4e72-a644-49b6eb4882c6,Laguna Brisas Hotel,https://journeyed.org/hotel/laguna-brisas-hotel-laguna-beach-fccfbd/,"1600 S Coast Hwy, Laguna Beach, CA 92651",Laguna Beach,CA,92651,US,33.529825,-117.772239,+19494977272,https://www.lagunabrisashotel.com/,resort,28.8,settled-1.1-facts,2026-10-04,0,overture-places@2026-09-23.1,cdla-permissive-2.0
ov:fcdb7bc4-dc6c-4433-84fd-0354b13945e9,Best Western Royal Palace Inn & Suites,https://journeyed.org/hotel/best-western-royal-palace-inn-and-suites-los-angeles-fcdb7b/,"2528 S Sepulveda Blvd, Los Angeles, CA 90064",Los Angeles,CA,90064,US,34.0345726,-118.4333307,+13104779066,https://www.bestwestern.com/en_US/book/hotel-rooms.05268.html?iata=00171890&ssob=BLBWI0003G&cid=BLBWI0003G%3Ayext%3Awebsite%3A05268,hotel,38.6,settled-1.1-facts,2026-10-04,1,overture-places@2026-09-23.1,cdla-permissive-2.0
ov:fcf5c0e1-db4e-4408-bae1-a9939fae13dc,Travelodge by Wyndham Fullerton Near Anaheim,https://journeyed.org/hotel/travelodge-by-wyndham-fullerton-near-anaheim-fullerton-fcf5c0/,"1415 S Euclid St, Fullerton, CA 92832",Fullerton,CA,92832,US,33.8572522,-117.9421715,+17148885985,https://www.wyndhamhotels.com/travelodge/fullerton-california/travelodge-fullerton-near-anaheim/overview?CID=LC%3ATL%3A%3AGGL%3ARIO%3ANational%3A47834&iata=00093796,motel,39.7,settled-1.1-facts,2026-10-04,5,overture-places@2026-09-23.1,cdla-permissive-2.0
ov:fd03fcb1-d8b9-4c6f-9bb6-d090bed5ecc3,Comfort Inn Pomona,https://journeyed.org/hotel/comfort-inn-pomona-pomona-fd03fc/,"1421 S Garey Ave, Pomona, CA 91766",Pomona,CA,91766,US,34.0455551,-117.7498953,+19096181404,https://www.choicehotels.com/california/pomona/comfort-inn-hotels/caa54?pmf=yext&mc=llyxyxpx,hotel,40.4,settled-1.1-facts,2026-10-04,1,overture-places@2026-09-23.1,cdla-permissive-2.0
ov:fd2e2a1b-c48d-4764-ac6f-593c5efb118e,Residence Inn,https://journeyed.org/hotel/residence-inn-anaheim-fd2e2a/,"125 South Festival Drive, Anaheim, CA 92808",Anaheim,CA,92808,US,33.8668717,-117.7527585,+17149748880,https://www.marriott.com/en-us/hotels/laxal-residence-inn-anaheim-hills-yorba-linda/overview/?scid=d2406702-e8ea-4b45-bb9b-69cddaaef03d,hotel,29.7,settled-1.1-facts,2026-10-04,0,overture-places@2026-09-23.1,cdla-permissive-2.0
ov:fd458d8f-9ca0-4e1c-9ae8-62145a8af028,Corona Motel,https://journeyed.org/hotel/corona-motel-los-angeles-fd458d/,"841 E Manchester Ave, Los Angeles, CA 90001-3634",Los Angeles,CA,90001-3634,US,33.960342,-118.259265,+13235828800,,hotel,23.7,settled-1.1-facts,2026-10-04,0,overture-places@2026-09-23.1,cdla-permissive-2.0
ov:fd75a072-1434-4539-8ac8-3ef0fe96b51d,Sonesta Simply Suites Irvine Spectrum,https://journeyed.org/hotel/sonesta-simply-suites-irvine-spectrum-irvine-fd75a0/,"16150 Sand Canyon Ave, Irvine, CA 92618",Irvine,CA,92618,US,33.66211,-117.76993,+19497880500,https://www.sonesta.com/sonesta-simply-suites/ca/irvine/sonesta-simply-suites-irvine-spectrum?utm_medium=soci&utm_source=bing,resort,38.8,settled-1.1-facts,2026-10-04,1,overture-places@2026-09-23.1,cdla-permissive-2.0
ov:fd87fb7f-a646-47e6-9333-7887791ac693,Coast Motel,https://journeyed.org/hotel/coast-motel-long-beach-fd87fb/,"2520 CA-1, Long Beach, CA 90804",Long Beach,CA,90804,US,33.7896887,-118.1613171,+15625971583,http://www.coastmotellongbeach.us,motel,38.4,settled-1.1-facts,2026-10-04,1,overture-places@2026-09-23.1,cdla-permissive-2.0
ov:fdc1195f-f68c-4acb-9c03-6fe5c003be05,Best Western Courtesy Inn,https://journeyed.org/hotel/best-western-courtesy-inn-anaheim-fdc119/,"1070 W Ball Rd, Anaheim, CA 92802",Anaheim,CA,92802,US,33.8176236,-117.9235836,+17147722470,https://www.bestwestern.com/en_US/book/hotel-rooms.05364.html?iata=00171890&ssob=BLBWI0003G&cid=BLBWI0003G%3Ayext%3Awebsite%3A05364,hotel,40.9,settled-1.1-facts,2026-10-04,9,overture-places@2026-09-23.1,cdla-permissive-2.0
ov:fe380d56-cc73-463d-ae10-7c669b8f1e19,Courtyard By Marriott,https://journeyed.org/hotel/courtyard-by-marriott-anaheim-fe380d/,"2045 S Harbor Blvd, Anaheim, CA 92802-3513",Anaheim,CA,92802-3513,US,33.7976213,-117.9166165,+17147402645,https://www.marriott.com/en-us/hotels/laxad-courtyard-anaheim-resort-convention-center/overview/,resort,41,settled-1.1-facts,2026-10-04,9,overture-places@2026-09-23.1,cdla-permissive-2.0
ov:fe39d702-6df9-4415-83f4-33c79f2ab73f,Crowne Plaza Costa Mesa Orange County,https://journeyed.org/hotel/crowne-plaza-costa-mesa-orange-county-costa-mesa-fe39d7/,"3131 Bristol St, Costa Mesa, CA 92626",Costa Mesa,CA,92626,US,33.684527,-117.8863102,+17145573000,https://www.ihg.com/crowneplaza/hotels/us/en/costa-mesa/laxcm/hoteldetail?cm_mmc=FacebookMaps-_-CP-_-US-_-LAXCM,hotel,39.7,settled-1.1-facts,2026-10-04,2,overture-places@2026-09-23.1,cdla-permissive-2.0
ov:fe3a3eea-1b05-48d5-b358-2b1bbb121444,Starlite Motel,https://journeyed.org/hotel/starlite-motel-bellflower-fe3a3e/,"16206 Bellflower Blvd, Bellflower, CA 90706",Bellflower,CA,90706,US,33.8875576,-118.1251448,+15628663284,http://www.starlitemotelbellflower.com/,motel,40.6,settled-1.1-facts,2026-10-04,1,overture-places@2026-09-23.1,cdla-permissive-2.0
ov:fe75c034-956b-418c-99c7-5fc6b73d3a82,Motel 6,https://journeyed.org/hotel/motel-6-anaheim-fe75c0/,"1440 N State College Blvd, Anaheim, CA 92806",Anaheim,CA,92806,US,33.8559042,-117.8888095,+17149270472,http://www.motel6.com/,motel,37.6,settled-1.1-facts,2026-10-04,0,overture-places@2026-09-23.1,cdla-permissive-2.0
ov:fe77ec86-7c9c-4e4d-b786-e5fea242ea3e,Sea Rock Inn,https://journeyed.org/hotel/sea-rock-inn-long-beach-fe77ec/,"2900 E Pacific Coast Hwy, Long Beach, CA 90804",Long Beach,CA,90804,US,33.7894995,-118.15746,+15624944393,http://www.searockinn.net,motel,72.5,settled-1.1-facts,2026-10-04,46,overture-places@2026-09-23.1,cdla-permissive-2.0
ov:fe7a411f-378d-412b-a60c-ec93740f0c86,Ramada Burbank,https://journeyed.org/hotel/ramada-burbank-burbank-fe7a41/,"2006 W Magnolia Blvd, Burbank, CA 91506-1730",Burbank,CA,91506-1730,US,34.173436,-118.329914,,http://www.ramadaburbank.com/,hotel,29.4,settled-1.1-facts,2026-10-04,4,overture-places@2026-09-23.1,cdla-permissive-2.0
ov:fe7bb622-1d39-44a4-8c8d-35956a7fb3a6,Vogue Motel,https://journeyed.org/hotel/vogue-motel-south-gate-fe7bb6/,"9506 Long Beach Blvd, South Gate, CA 90280",South Gate,CA,90280,US,33.9494343,-118.2172197,+13235665544,,motel,24.1,settled-1.1-facts,2026-10-04,0,overture-places@2026-09-23.1,cdla-permissive-2.0
ov:fe9edf85-f309-4523-b616-2da24ecabd3d,Don's Motel,https://journeyed.org/hotel/dons-motel-long-beach-fe9edf/,"4915 CA-1, Long Beach, CA 90804",Long Beach,CA,90804,US,33.7855648,-118.1354198,+15624944567,http://donsmotel.com,motel,38.5,settled-1.1-facts,2026-10-04,2,overture-places@2026-09-23.1,cdla-permissive-2.0
ov:fecbe969-53fe-4e8d-9067-1fb66dad8d78,Amber Motel LLP,https://journeyed.org/hotel/amber-motel-llp-inglewood-fecbe9/,"10825 Crenshaw Blvd, Inglewood, CA 90303",Inglewood,CA,90303,US,33.9370994,-118.3267865,+13104129999,https://amber-motel-llp.hub.biz,motel,40,settled-1.1-facts,2026-10-04,10,overture-places@2026-09-23.1,cdla-permissive-2.0
ov:ff15920d-51b1-47d8-b53d-e172a37c2b95,Pasada Motel,https://journeyed.org/hotel/pasada-motel-pasadena-ff1592/,"3625 E Colorado Blvd, Pasadena, CA 91107",Pasadena,CA,91107,US,34.1464185,-118.0756795,+16267959951,,motel,26.6,settled-1.1-facts,2026-10-04,1,overture-places@2026-09-23.1,cdla-permissive-2.0
ov:ff70f014-ae63-4a65-94cf-2352a1f21d56,AIR Venice,https://journeyed.org/hotel/air-venice-venice-ff70f0/,"5 Rose Ave, Venice, CA 90291-2411",Venice,CA,90291-2411,US,33.9948334,-118.4803475,+13104528247,http://www.airinvenice.com/,hotel,69.5,settled-1.1-facts,2026-10-04,50,overture-places@2026-09-23.1,cdla-permissive-2.0
ov:ff7ece1f-8726-407b-bad4-a3c2bebaa309,Hotel Mai,https://journeyed.org/hotel/hotel-mai-long-beach-ff7ece/,"107 Long Beach Blvd, Long Beach, CA 90802",Long Beach,CA,90802,US,33.768237,-118.189696,+15623378770,http://hotelmai.com,hotel,80.1,settled-1.1-facts,2026-10-04,25,overture-places@2026-09-23.1,cdla-permissive-2.0
ov:ffd752e5-1a40-473b-8d6c-15abd1039e8a,Ramona Motel,https://journeyed.org/hotel/ramona-motel-stanton-ffd752/,"10301 Beach Blvd, Stanton, CA 90680-1606",Stanton,CA,90680-1606,US,33.812789,-117.993604,+17148266060,,hotel,26.5,settled-1.1-facts,2026-10-04,1,overture-places@2026-09-23.1,cdla-permissive-2.0
ov:ffdd86e2-c7e8-4ddd-a24c-a43d99e0b7f4,Best Budget Inn,https://journeyed.org/hotel/best-budget-inn-anaheim-ffdd86/,"420 S Beach Blvd, Anaheim, CA 92804-1809",Anaheim,CA,92804-1809,US,33.8265044,-117.993041,+17145270105,http://bestbudgetinnanaheim.com/?desktop=1,motel,39.6,settled-1.1-facts,2026-10-04,1,overture-places@2026-09-23.1,cdla-permissive-2.0
ov:fffa0412-5669-4df0-bf07-fc8a36e6ca38,Ayres Hotel Seal Beach - Cypress,https://journeyed.org/hotel/ayres-hotel-seal-beach-cypress-seal-beach-fffa04/,"12850 Seal Beach Blvd, Seal Beach, CA 90740",Seal Beach,CA,90740,US,33.7760844,-118.07251,+15625968330,http://ayreshotels.com/ayres-hotel-seal-beach,hotel,37,settled-1.1-facts,2026-10-04,0,overture-places@2026-09-23.1,cdla-permissive-2.0
