question,url,anchor,anchor_url,anchor_lat,anchor_lon,direct_answer,ranked_total,unverified_total,formula_version,as_of
Can I stay near LAX and visit Disneyland?,https://journeyed.ai/hotels/los-angeles/can-i-stay-near-lax-and-visit-disneyland/,Los Angeles International Airport,https://journeyed.ai/hotels/los-angeles/anchors/lax/,33.9425,-118.40805,"Cambria Hotel is the top match for this question, 1.9 miles from Los Angeles International Airport. Travelodge by Wyndham LAX and Embassy Suites by Hilton Los Angeles International Airport North come next among 205 hotels compared within 5 miles.",205,0,settled-1.1-facts,2026-10-02
How much is the incidental deposit at hotels in Los Angeles?,https://journeyed.ai/hotels/los-angeles/how-much-is-the-incidental-deposit-at-hotels-in-los-angeles/,Downtown Los Angeles,https://journeyed.ai/hotels/los-angeles/anchors/downtown-la/,,,"1 Hotel is the top match for this question, 7.7 miles from Downtown Los Angeles. The Delphi Downtown LA and Downtown LA Proper Hotel come next among 1398 hotels compared within 15 miles.",21,1377,settled-1.1-facts,2026-10-02
What are the check-in and checkout times at hotels in Downtown LA?,https://journeyed.ai/hotels/los-angeles/what-are-the-check-in-and-checkout-times-at-hotels-in-downtown-la/,Downtown Los Angeles,https://journeyed.ai/hotels/los-angeles/anchors/downtown-la/,,,"kodō hotel is the top match for this question, 1.7 miles from Downtown Los Angeles. The Delphi Downtown LA and Vector Travel come next among 157 hotels compared within 2 miles.",13,144,settled-1.1-facts,2026-10-02
What are the check-in and checkout times at hotels in Hollywood?,https://journeyed.ai/hotels/los-angeles/what-are-the-check-in-and-checkout-times-at-hotels-in-hollywood/,Hollywood,https://journeyed.ai/hotels/los-angeles/anchors/hollywood/,,,"Hollywood Hills Hotel is the top match for this question, 0.9 miles from Hollywood. The Hotel Hollywood and Lexen Hotel come next among 123 hotels compared within 2 miles.",11,112,settled-1.1-facts,2026-10-02
What are the check-in and checkout times at hotels in Santa Monica?,https://journeyed.ai/hotels/los-angeles/what-are-the-check-in-and-checkout-times-at-hotels-in-santa-monica/,Santa Monica,https://journeyed.ai/hotels/los-angeles/anchors/santa-monica/,,,"Sea Blue Hotel is the top match for this question, 0.7 miles from Santa Monica. Santa Monica Hotel and Santa Monica Proper Hotel come next among 65 hotels compared within 2 miles.",12,53,settled-1.1-facts,2026-10-02
What are the check-in and checkout times at hotels in Venice?,https://journeyed.ai/hotels/los-angeles/what-are-the-check-in-and-checkout-times-at-hotels-in-venice/,Venice,https://journeyed.ai/hotels/los-angeles/anchors/venice/,,,"Santa Monica Hotel is the top match for this question, 1.4 miles from Venice. Sea Blue Hotel and Hotel Erwin come next among 74 hotels compared within 2 miles.",14,60,settled-1.1-facts,2026-10-02
What are the check-in and checkout times at hotels in West Hollywood?,https://journeyed.ai/hotels/los-angeles/what-are-the-check-in-and-checkout-times-at-hotels-in-west-hollywood/,West Hollywood,https://journeyed.ai/hotels/los-angeles/anchors/west-hollywood/,,,"Hollywood Hills Hotel is the top match for this question, 1.8 miles from West Hollywood. Elan Hotel and 1 Hotel come next among 96 hotels compared within 2 miles.",12,84,settled-1.1-facts,2026-10-02
What are the check-in and checkout times at hotels near Angel Stadium?,https://journeyed.ai/hotels/los-angeles/what-are-the-check-in-and-checkout-times-at-hotels-near-angel-stadium/,Angel Stadium,https://journeyed.ai/hotels/los-angeles/anchors/angel-stadium/,,,"Desert Palms Hotel and Suites is the top match for this question, 2.0 miles from Angel Stadium. Castaway Motel and The Viv Hotel, Anaheim, a Tribute Portfolio Hotel come next among 174 hotels compared within 3 miles.",17,157,settled-1.1-facts,2026-10-02
What are the check-in and checkout times at hotels near Cedars-Sinai Medical Center?,https://journeyed.ai/hotels/los-angeles/what-are-the-check-in-and-checkout-times-at-hotels-near-cedars-sinai-medical-center/,Cedars-Sinai Medical Center,https://journeyed.ai/hotels/los-angeles/anchors/cedars-sinai/,,,"Elan Hotel is the top match for this question, 0.4 miles from Cedars-Sinai Medical Center. Palihouse West Hollywood and Hotel Beverly Terrace - Beverly Hills / West Hollywood come next among 150 hotels compared within 3 miles.",13,137,settled-1.1-facts,2026-10-02
What are the check-in and checkout times at hotels near Crypto.com Arena?,https://journeyed.ai/hotels/los-angeles/what-are-the-check-in-and-checkout-times-at-hotels-near-crypto-com-arena/,Crypto.com Arena,https://journeyed.ai/hotels/los-angeles/anchors/crypto-com-arena/,,,"kodō hotel is the top match for this question, 2.2 miles from Crypto.com Arena. Hotel Figueroa and Downtown LA Proper Hotel come next among 220 hotels compared within 3 miles.",17,203,settled-1.1-facts,2026-10-02
What are the check-in and checkout times at hotels near Disneyland?,https://journeyed.ai/hotels/los-angeles/what-are-the-check-in-and-checkout-times-at-hotels-near-disneyland/,Disneyland Resort,https://journeyed.ai/hotels/los-angeles/anchors/disneyland/,,,"Desert Palms Hotel and Suites is the top match for this question, 0.7 miles from Disneyland Resort. Camelot Inn and Suites and Tropicana Inn & Suites come next among 177 hotels compared within 3 miles.",16,161,settled-1.1-facts,2026-10-02
What are the check-in and checkout times at hotels near Dodger Stadium?,https://journeyed.ai/hotels/los-angeles/what-are-the-check-in-and-checkout-times-at-hotels-near-dodger-stadium/,Dodger Stadium,https://journeyed.ai/hotels/los-angeles/anchors/dodger-stadium/,,,"kodō hotel is the top match for this question, 2.8 miles from Dodger Stadium. Noon on Sunset Hill and Metro Plaza Hotel come next among 179 hotels compared within 3 miles.",14,165,settled-1.1-facts,2026-10-02
What are the check-in and checkout times at hotels near Griffith Observatory?,https://journeyed.ai/hotels/los-angeles/what-are-the-check-in-and-checkout-times-at-hotels-near-griffith-observatory/,Griffith Observatory,https://journeyed.ai/hotels/los-angeles/anchors/griffith-observatory/,,,"Hollywood Hotel is the top match for this question, 1.8 miles from Griffith Observatory. Hollywood Hills Hotel and Hollywood Premiere Motel come next among 137 hotels compared within 3 miles.",13,124,settled-1.1-facts,2026-10-02
What are the check-in and checkout times at hotels near Honda Center?,https://journeyed.ai/hotels/los-angeles/what-are-the-check-in-and-checkout-times-at-hotels-near-honda-center/,Honda Center,https://journeyed.ai/hotels/los-angeles/anchors/honda-center/,,,"Desert Palms Hotel and Suites is the top match for this question, 2.3 miles from Honda Center. Castaway Motel and The Viv Hotel, Anaheim, a Tribute Portfolio Hotel come next among 168 hotels compared within 3 miles.",17,151,settled-1.1-facts,2026-10-02
What are the check-in and checkout times at hotels near Intuit Dome?,https://journeyed.ai/hotels/los-angeles/what-are-the-check-in-and-checkout-times-at-hotels-near-intuit-dome/,Intuit Dome,https://journeyed.ai/hotels/los-angeles/anchors/intuit-dome/,,,"The Lum Hotel Los Angeles Stadium District is the top match for this question, 0.1 miles from Intuit Dome. Hollywood Inn Express LAX and Crystal Inn Suites & Spas LAX come next among 111 hotels compared within 3 miles.",14,97,settled-1.1-facts,2026-10-02
What are the check-in and checkout times at hotels near LAX?,https://journeyed.ai/hotels/los-angeles/what-are-the-check-in-and-checkout-times-at-hotels-near-lax/,Los Angeles International Airport,https://journeyed.ai/hotels/los-angeles/anchors/lax/,33.9425,-118.40805,"H Hotel Los Angeles, Curio Collection by Hilton is the top match for this question, 0.9 miles from Los Angeles International Airport. Embassy Suites by Hilton Los Angeles International Airport North and Cambria Hotel come next among 205 hotels compared within 5 miles.",25,180,settled-1.1-facts,2026-10-02
What are the check-in and checkout times at hotels near Long Beach Airport?,https://journeyed.ai/hotels/los-angeles/what-are-the-check-in-and-checkout-times-at-hotels-near-long-beach-airport/,Long Beach Airport,https://journeyed.ai/hotels/los-angeles/anchors/long-beach-airport/,33.81793,-118.15189,"Signal Hill Motel is the top match for this question, 1.9 miles from Long Beach Airport. WoodSpring Suites Bellflower - Los Angeles and Sea Rock Inn come next among 141 hotels compared within 5 miles.",11,130,settled-1.1-facts,2026-10-02
What are the check-in and checkout times at hotels near Los Angeles Union Station?,https://journeyed.ai/hotels/los-angeles/what-are-the-check-in-and-checkout-times-at-hotels-near-los-angeles-union-station/,Los Angeles Union Station,https://journeyed.ai/hotels/los-angeles/anchors/union-station/,,,"kodō hotel is the top match for this question, 1.6 miles from Los Angeles Union Station. Metro Plaza Hotel and Vector Travel come next among 171 hotels compared within 3 miles.",13,158,settled-1.1-facts,2026-10-02
What are the check-in and checkout times at hotels near SoFi Stadium?,https://journeyed.ai/hotels/los-angeles/what-are-the-check-in-and-checkout-times-at-hotels-near-sofi-stadium/,SoFi Stadium,https://journeyed.ai/hotels/los-angeles/anchors/sofi-stadium/,,,"The Lum Hotel Los Angeles Stadium District is the top match for this question, 0.6 miles from SoFi Stadium. Hollywood Inn Express LAX and Geneva Motel come next among 105 hotels compared within 3 miles.",15,90,settled-1.1-facts,2026-10-02
What are the check-in and checkout times at hotels near SpaceX Headquarters?,https://journeyed.ai/hotels/los-angeles/what-are-the-check-in-and-checkout-times-at-hotels-near-spacex-headquarters/,SpaceX Headquarters,https://journeyed.ai/hotels/los-angeles/anchors/spacex-hawthorne/,,,"El Rancho Inn is the top match for this question, 0.8 miles from SpaceX Headquarters. Tourist Lodge and Casa Bell Motel come next among 116 hotels compared within 3 miles.",13,103,settled-1.1-facts,2026-10-02
What are the check-in and checkout times at hotels near TCL Chinese Theatre?,https://journeyed.ai/hotels/los-angeles/what-are-the-check-in-and-checkout-times-at-hotels-near-tcl-chinese-theatre/,TCL Chinese Theatre,https://journeyed.ai/hotels/los-angeles/anchors/tcl-chinese-theatre/,,,"Hollywood Hills Hotel is the top match for this question, 0.3 miles from TCL Chinese Theatre. Hollywood Hotel and Elan Hotel come next among 189 hotels compared within 3 miles.",20,169,settled-1.1-facts,2026-10-02
What are the check-in and checkout times at hotels near the Anaheim Convention Center?,https://journeyed.ai/hotels/los-angeles/what-are-the-check-in-and-checkout-times-at-hotels-near-the-anaheim-convention-center/,Anaheim Convention Center,https://journeyed.ai/hotels/los-angeles/anchors/anaheim-convention-center/,,,"Desert Palms Hotel and Suites is the top match for this question, 0.3 miles from Anaheim Convention Center. Cortona Inn and Suites and Alamo Inn and Suites come next among 170 hotels compared within 3 miles.",18,152,settled-1.1-facts,2026-10-02
What are the check-in and checkout times at hotels near the Grove?,https://journeyed.ai/hotels/los-angeles/what-are-the-check-in-and-checkout-times-at-hotels-near-the-grove/,The Grove,https://journeyed.ai/hotels/los-angeles/anchors/the-grove/,,,"Hollywood Hills Hotel is the top match for this question, 2.5 miles from The Grove. Elan Hotel and Palihotel Melrose come next among 204 hotels compared within 3 miles.",18,186,settled-1.1-facts,2026-10-02
What are the check-in and checkout times at hotels near the Hollywood Bowl?,https://journeyed.ai/hotels/los-angeles/what-are-the-check-in-and-checkout-times-at-hotels-near-the-hollywood-bowl/,Hollywood Bowl,https://journeyed.ai/hotels/los-angeles/anchors/hollywood-bowl/,,,"Hollywood Hills Hotel is the top match for this question, 0.5 miles from Hollywood Bowl. Lexen Hotel and Hollywood Celebrity Hotel come next among 171 hotels compared within 3 miles.",15,156,settled-1.1-facts,2026-10-02
What are the check-in and checkout times at hotels near the Santa Monica Pier?,https://journeyed.ai/hotels/los-angeles/what-are-the-check-in-and-checkout-times-at-hotels-near-the-santa-monica-pier/,Santa Monica Pier,https://journeyed.ai/hotels/los-angeles/anchors/santa-monica-pier/,,,"Sea Blue Hotel is the top match for this question, 0.2 miles from Santa Monica Pier. Santa Monica Hotel and The Pierside Santa Monica come next among 97 hotels compared within 3 miles.",18,79,settled-1.1-facts,2026-10-02
What are the check-in and checkout times at hotels near Universal Studios Hollywood?,https://journeyed.ai/hotels/los-angeles/what-are-the-check-in-and-checkout-times-at-hotels-near-universal-studios-hollywood/,Universal Studios Hollywood,https://journeyed.ai/hotels/los-angeles/anchors/universal-studios-hollywood/,,,"Hollywood Hills Hotel is the top match for this question, 2.4 miles from Universal Studios Hollywood. Nite Inn at Universal City and El Patio Inn come next among 96 hotels compared within 3 miles.",10,86,settled-1.1-facts,2026-10-02
What are the check-in and checkout times at hotels near Venice Beach?,https://journeyed.ai/hotels/los-angeles/what-are-the-check-in-and-checkout-times-at-hotels-near-venice-beach/,Venice Beach,https://journeyed.ai/hotels/los-angeles/anchors/venice-beach/,,,"Santa Monica Hotel is the top match for this question, 2.2 miles from Venice Beach. Sea Blue Hotel and Venice on the Beach Hotel come next among 87 hotels compared within 3 miles.",16,71,settled-1.1-facts,2026-10-02
What are the pet weight limits at hotels in Los Angeles?,https://journeyed.ai/hotels/los-angeles/what-are-the-pet-weight-limits-at-hotels-in-los-angeles/,Downtown Los Angeles,https://journeyed.ai/hotels/los-angeles/anchors/downtown-la/,,,"The Wayfarer Downtown LA, Tapestry Collection by Hilton is the top match for this question, 0.4 miles from Downtown Los Angeles. Downtown LA Proper Hotel and Hotel Figueroa come next among 1323 hotels compared within 15 miles.",15,1308,settled-1.1-facts,2026-10-02
What are the pet weight limits at hotels in the San Fernando Valley and Hollywood area?,https://journeyed.ai/hotels/los-angeles/what-are-the-pet-weight-limits-at-hotels-in-the-san-fernando-valley-and-hollywood-area/,Universal Studios Hollywood,https://journeyed.ai/hotels/los-angeles/anchors/universal-studios-hollywood/,,,"Palihotel Melrose is the top match for this question, 3.9 miles from Universal Studios Hollywood. Palihouse West Hollywood and Palihotel Westwood Village come next among 479 hotels compared within 8 miles.",8,471,settled-1.1-facts,2026-10-02
What are the pet weight limits at hotels near Crypto.com Arena?,https://journeyed.ai/hotels/los-angeles/what-are-the-pet-weight-limits-at-hotels-near-crypto-com-arena/,Crypto.com Arena,https://journeyed.ai/hotels/los-angeles/anchors/crypto-com-arena/,,,"Hotel Figueroa is the top match for this question, 0.3 miles from Crypto.com Arena. The Wayfarer Downtown LA, Tapestry Collection by Hilton and Downtown LA Proper Hotel come next among 212 hotels compared within 3 miles.",5,207,settled-1.1-facts,2026-10-02
What are the pet weight limits at hotels on the Westside?,https://journeyed.ai/hotels/los-angeles/what-are-the-pet-weight-limits-at-hotels-on-the-westside/,UCLA,https://journeyed.ai/hotels/los-angeles/anchors/ucla/,,,"Palihotel Westwood Village is the top match for this question, 0.7 miles from UCLA. Palihouse West Hollywood and Palihotel Melrose come next among 255 hotels compared within 6 miles.",8,247,settled-1.1-facts,2026-10-02
What cancellation policies do hotels in Los Angeles state?,https://journeyed.ai/hotels/los-angeles/what-cancellation-policies-do-hotels-in-los-angeles-state/,Downtown Los Angeles,https://journeyed.ai/hotels/los-angeles/anchors/downtown-la/,,,"Downtown LA Proper Hotel is the top match for this question, 0.7 miles from Downtown Los Angeles. The Ivory and Santa Monica Proper Hotel come next among 1398 hotels compared within 15 miles.",31,1367,settled-1.1-facts,2026-10-02
What hotels are close to Angel Stadium?,https://journeyed.ai/hotels/los-angeles/what-hotels-are-close-to-angel-stadium/,Angel Stadium,https://journeyed.ai/hotels/los-angeles/anchors/angel-stadium/,,,"Ayres Hotel Anaheim is the top match for this question, 0.4 miles from Angel Stadium. TownePlace Suites and Embassy Suites by Hilton Anaheim Orange come next among 174 hotels compared within 3 miles.",174,0,settled-1.1-facts,2026-10-02
What hotels are close to Burbank Airport?,https://journeyed.ai/hotels/los-angeles/what-hotels-are-close-to-burbank-airport/,Hollywood Burbank Airport,https://journeyed.ai/hotels/los-angeles/anchors/burbank-airport/,34.20069,-118.35867,"Cambria Hotel is the top match for this question, 0.6 miles from Hollywood Burbank Airport. Los Angeles Marriott Burbank Airport and Hampton Inn and Suites Los Angeles Burbank Airport come next among 29 hotels compared within 3 miles.",29,0,settled-1.1-facts,2026-10-02
What hotels are close to Cedars-Sinai Medical Center?,https://journeyed.ai/hotels/los-angeles/what-hotels-are-close-to-cedars-sinai-medical-center/,Cedars-Sinai Medical Center,https://journeyed.ai/hotels/los-angeles/anchors/cedars-sinai/,,,"Elk Mountain Resort is the top match for this question, 0.1 miles from Cedars-Sinai Medical Center. Sofitel Los Angeles at Beverly Hills and Mainstay Suites come next among 89 hotels compared within 2 miles.",89,0,settled-1.1-facts,2026-10-02
What hotels are close to Crypto.com Arena?,https://journeyed.ai/hotels/los-angeles/what-hotels-are-close-to-crypto-com-arena/,Crypto.com Arena,https://journeyed.ai/hotels/los-angeles/anchors/crypto-com-arena/,,,"The Ritz-Carlton, Los Angeles is the top match for this question, 0.2 miles from Crypto.com Arena. AC Hotel Downtown Los Angeles and E-Central Downtown Los Angeles Hotel come next among 139 hotels compared within 1.5 miles.",139,0,settled-1.1-facts,2026-10-02
What hotels are close to Disneyland?,https://journeyed.ai/hotels/los-angeles/what-hotels-are-close-to-disneyland/,Disneyland Resort,https://journeyed.ai/hotels/los-angeles/anchors/disneyland/,,,"Great American Land Co is the top match for this question, 0.3 miles from Disneyland Resort. Days Inn by Wyndham Anaheim West and Four Points By Sheraton come next among 177 hotels compared within 3 miles.",177,0,settled-1.1-facts,2026-10-02
What hotels are close to Dodger Stadium?,https://journeyed.ai/hotels/los-angeles/what-hotels-are-close-to-dodger-stadium/,Dodger Stadium,https://journeyed.ai/hotels/los-angeles/anchors/dodger-stadium/,,,"The Royal Pagoda Motel is the top match for this question, 0.5 miles from Dodger Stadium. Super 8 and Aiden Los Angeles Downtown Dragon Gate Inn come next among 179 hotels compared within 3 miles.",179,0,settled-1.1-facts,2026-10-02
What hotels are close to Griffith Observatory?,https://journeyed.ai/hotels/los-angeles/what-hotels-are-close-to-griffith-observatory/,Griffith Observatory,https://journeyed.ai/hotels/los-angeles/anchors/griffith-observatory/,,,"Hollywood Inn Express North is the top match for this question, 1.1 miles from Griffith Observatory. Harvard House Motel and Cara Hotel come next among 137 hotels compared within 3 miles.",137,0,settled-1.1-facts,2026-10-02
What hotels are close to Honda Center?,https://journeyed.ai/hotels/los-angeles/what-hotels-are-close-to-honda-center/,Honda Center,https://journeyed.ai/hotels/los-angeles/anchors/honda-center/,,,"Ayres Hotel Anaheim is the top match for this question, 0.2 miles from Honda Center. Extended Stay America and TownePlace Suites come next among 39 hotels compared within 2 miles.",39,0,settled-1.1-facts,2026-10-02
What hotels are close to Intuit Dome?,https://journeyed.ai/hotels/los-angeles/what-hotels-are-close-to-intuit-dome/,Intuit Dome,https://journeyed.ai/hotels/los-angeles/anchors/intuit-dome/,,,"The Lum Hotel Los Angeles Stadium District is the top match for this question, 0.1 miles from Intuit Dome. Hotel and Rodeway Inn & Suites come next among 68 hotels compared within 2 miles.",68,0,settled-1.1-facts,2026-10-02
What hotels are close to John Wayne Airport?,https://journeyed.ai/hotels/los-angeles/what-hotels-are-close-to-john-wayne-airport/,John Wayne Airport,https://journeyed.ai/hotels/los-angeles/anchors/john-wayne-airport/,33.67566,-117.86823,"Hilton Irvine is the top match for this question, 0.4 miles from John Wayne Airport. Atrium Hotel and Hampton Inn & Suites Irvine-Orange County Airport come next among 72 hotels compared within 3 miles.",72,0,settled-1.1-facts,2026-10-02
What hotels are close to Knott's Berry Farm?,https://journeyed.ai/hotels/los-angeles/what-hotels-are-close-to-knotts-berry-farm/,Knott's Berry Farm,https://journeyed.ai/hotels/los-angeles/anchors/knotts-berry-farm/,,,"Knott's Hotel is the top match for this question, 0.3 miles from Knott's Berry Farm. Rodeway Inn Near Maingate Knott's and Colony Inn Buena Park come next among 76 hotels compared within 3 miles.",76,0,settled-1.1-facts,2026-10-02
What hotels are close to LAX?,https://journeyed.ai/hotels/los-angeles/what-hotels-are-close-to-lax/,Los Angeles International Airport,https://journeyed.ai/hotels/los-angeles/anchors/lax/,33.9425,-118.40805,"Hyatt Regency Los Angeles International Airport is the top match for this question, 0.8 miles from Los Angeles International Airport. Radisson Hotel at Los Angeles Airport and Courtyard by Marriott Los Angeles LAX/Century Boulevard come next among 73 hotels compared within 3 miles.",73,0,settled-1.1-facts,2026-10-02
What hotels are close to Long Beach Airport?,https://journeyed.ai/hotels/los-angeles/what-hotels-are-close-to-long-beach-airport/,Long Beach Airport,https://journeyed.ai/hotels/los-angeles/anchors/long-beach-airport/,33.81793,-118.15189,"Homewood Suites by Hilton is the top match for this question, 0.8 miles from Long Beach Airport. Hampton Inn Long Beach Airport and Courtyard By Marriott come next among 54 hotels compared within 3 miles.",54,0,settled-1.1-facts,2026-10-02
What hotels are close to Los Angeles Union Station?,https://journeyed.ai/hotels/los-angeles/what-hotels-are-close-to-los-angeles-union-station/,Los Angeles Union Station,https://journeyed.ai/hotels/los-angeles/anchors/union-station/,,,"Metro Plaza Hotel is the top match for this question, 0.2 miles from Los Angeles Union Station. Aiden Los Angeles Downtown Dragon Gate Inn and Organ Hotel come next among 130 hotels compared within 2 miles.",130,0,settled-1.1-facts,2026-10-02
What hotels are close to Ronald Reagan UCLA Medical Center?,https://journeyed.ai/hotels/los-angeles/what-hotels-are-close-to-ronald-reagan-ucla-medical-center/,Ronald Reagan UCLA Medical Center,https://journeyed.ai/hotels/los-angeles/anchors/ucla-medical-center/,,,"UCLA Tiverton House is the top match for this question, 0.3 miles from Ronald Reagan UCLA Medical Center. Hilgard House and Hilgard Homes come next among 44 hotels compared within 2 miles.",44,0,settled-1.1-facts,2026-10-02
What hotels are close to Six Flags Magic Mountain?,https://journeyed.ai/hotels/los-angeles/what-hotels-are-close-to-six-flags-magic-mountain/,Six Flags Magic Mountain,https://journeyed.ai/hotels/los-angeles/anchors/six-flags-magic-mountain/,,,"Hilton Garden Inn Valencia Six Flags is the top match for this question, 0.7 miles from Six Flags Magic Mountain. Best Western Valencia Six Flags Inn & Suites and SpringHill Suites come next among 9 hotels compared within 3 miles.",9,0,settled-1.1-facts,2026-10-02
What hotels are close to SoFi Stadium?,https://journeyed.ai/hotels/los-angeles/what-hotels-are-close-to-sofi-stadium/,SoFi Stadium,https://journeyed.ai/hotels/los-angeles/anchors/sofi-stadium/,,,"Hollywood Park Motel is the top match for this question, 0.3 miles from SoFi Stadium. The Lum Hotel Los Angeles Stadium District and Hotel come next among 105 hotels compared within 3 miles.",105,0,settled-1.1-facts,2026-10-02
What hotels are close to SpaceX Headquarters?,https://journeyed.ai/hotels/los-angeles/what-hotels-are-close-to-spacex-headquarters/,SpaceX Headquarters,https://journeyed.ai/hotels/los-angeles/anchors/spacex-hawthorne/,,,"Marriott is the top match for this question, 0.5 miles from SpaceX Headquarters. Dream Inn and Palm Inn come next among 45 hotels compared within 2 miles.",45,0,settled-1.1-facts,2026-10-02
What hotels are close to TCL Chinese Theatre?,https://journeyed.ai/hotels/los-angeles/what-hotels-are-close-to-tcl-chinese-theatre/,TCL Chinese Theatre,https://journeyed.ai/hotels/los-angeles/anchors/tcl-chinese-theatre/,,,"The Hollywood Roosevelt is the top match for this question, 0.1 miles from TCL Chinese Theatre. Samesun Hollywood and Orange Drive Hostel come next among 128 hotels compared within 2 miles.",128,0,settled-1.1-facts,2026-10-02
What hotels are close to the Anaheim Convention Center?,https://journeyed.ai/hotels/los-angeles/what-hotels-are-close-to-the-anaheim-convention-center/,Anaheim Convention Center,https://journeyed.ai/hotels/los-angeles/anchors/anaheim-convention-center/,,,"Westin is the top match for this question, 0.2 miles from Anaheim Convention Center. Hilton Anaheim and Anaheim Marriott come next among 146 hotels compared within 2 miles.",146,0,settled-1.1-facts,2026-10-02
What hotels are close to the Getty Center?,https://journeyed.ai/hotels/los-angeles/what-hotels-are-close-to-the-getty-center/,Getty Center,https://journeyed.ai/hotels/los-angeles/anchors/getty-center/,,,"Hotel Angeleno is the top match for this question, 0.4 miles from Getty Center. Luxe Sunset Boulevard Hotel and UCLA Saxon Suites come next among 37 hotels compared within 3 miles.",37,0,settled-1.1-facts,2026-10-02
What hotels are close to the Grove?,https://journeyed.ai/hotels/los-angeles/what-hotels-are-close-to-the-grove/,The Grove,https://journeyed.ai/hotels/los-angeles/anchors/the-grove/,,,"Short Stories Hotel is the top match for this question, 0.2 miles from The Grove. Beverly Inn and SureStay Hotel come next among 83 hotels compared within 2 miles.",83,0,settled-1.1-facts,2026-10-02
What hotels are close to the Hollywood Bowl?,https://journeyed.ai/hotels/los-angeles/what-hotels-are-close-to-the-hollywood-bowl/,Hollywood Bowl,https://journeyed.ai/hotels/los-angeles/anchors/hollywood-bowl/,,,"Best Western Hollywood Plaza Inn is the top match for this question, 0.4 miles from Hollywood Bowl. Lexen Hotel and The Blvd Hotel & Suites come next among 112 hotels compared within 2 miles.",112,0,settled-1.1-facts,2026-10-02
What hotels are close to the Huntington Library?,https://journeyed.ai/hotels/los-angeles/what-hotels-are-close-to-the-huntington-library/,The Huntington Library,https://journeyed.ai/hotels/los-angeles/anchors/huntington-library/,,,"Ritz Carlton Huntington is the top match for this question, 1.2 miles from The Huntington Library. The Aqua Courtyard Suites and Howard Johnson come next among 48 hotels compared within 3 miles.",48,0,settled-1.1-facts,2026-10-02
What hotels are close to the Kia Forum?,https://journeyed.ai/hotels/los-angeles/what-hotels-are-close-to-the-kia-forum/,Kia Forum,https://journeyed.ai/hotels/los-angeles/anchors/kia-forum/,,,"Hollywood Park Motel is the top match for this question, 0.4 miles from Kia Forum. Holly Crest Hotel and Motel 6 Inglewood, Ca come next among 61 hotels compared within 2 miles.",61,0,settled-1.1-facts,2026-10-02
What hotels are close to the LA Convention Center?,https://journeyed.ai/hotels/los-angeles/what-hotels-are-close-to-the-la-convention-center/,Los Angeles Convention Center,https://journeyed.ai/hotels/los-angeles/anchors/la-convention-center/,,,"AC Hotel Downtown Los Angeles is the top match for this question, 0.1 miles from Los Angeles Convention Center. Level Los Angeles - Downtown Flower and Morrison Hotel come next among 130 hotels compared within 1.5 miles.",130,0,settled-1.1-facts,2026-10-02
What hotels are close to the Long Beach Convention Center?,https://journeyed.ai/hotels/los-angeles/what-hotels-are-close-to-the-long-beach-convention-center/,Long Beach Convention Center,https://journeyed.ai/hotels/los-angeles/anchors/long-beach-convention-center/,,,"Hyatt Regency Long Beach is the top match for this question, 0.1 miles from Long Beach Convention Center. Luxury Inn Norwalk California Hotel and Fairmont Breakers Long Beach come next among 56 hotels compared within 2 miles.",56,0,settled-1.1-facts,2026-10-02
What hotels are close to the Long Beach Cruise Terminal?,https://journeyed.ai/hotels/los-angeles/what-hotels-are-close-to-the-long-beach-cruise-terminal/,Long Beach Cruise Terminal,https://journeyed.ai/hotels/los-angeles/anchors/long-beach-cruise-terminal/,,,"The Queen Mary is the top match for this question, 0.1 miles from Long Beach Cruise Terminal. Hotel Maya - A Doubletree By Hilton and Dockside Boat & Bed- Long Beach come next among 63 hotels compared within 3 miles.",63,0,settled-1.1-facts,2026-10-02
What hotels are close to the Los Angeles Memorial Coliseum?,https://journeyed.ai/hotels/los-angeles/what-hotels-are-close-to-the-los-angeles-memorial-coliseum/,Los Angeles Memorial Coliseum,https://journeyed.ai/hotels/los-angeles/anchors/la-memorial-coliseum/,,,"Forty First Place - Boutique Hostel is the top match for this question, 0.4 miles from Los Angeles Memorial Coliseum. USC Hotel and Jesus Saves Hostel come next among 125 hotels compared within 3 miles.",125,0,settled-1.1-facts,2026-10-02
What hotels are close to the Los Angeles World Cruise Center?,https://journeyed.ai/hotels/los-angeles/what-hotels-are-close-to-the-los-angeles-world-cruise-center/,Los Angeles World Cruise Center,https://journeyed.ai/hotels/los-angeles/anchors/la-world-cruise-center/,,,"Crowne Plaza Los Angeles Harbor Hotel is the top match for this question, 0.6 miles from Los Angeles World Cruise Center. Barton Hill Hotel and All Star Inn come next among 28 hotels compared within 3 miles.",28,0,settled-1.1-facts,2026-10-02
What hotels are close to the Malibu Pier?,https://journeyed.ai/hotels/los-angeles/what-hotels-are-close-to-the-malibu-pier/,Malibu Pier,https://journeyed.ai/hotels/los-angeles/anchors/malibu-pier/,,,"Malibu Colony is the top match for this question, 0.1 miles from Malibu Pier. Malibu Inn and The Surfrider Malibu come next among 7 hotels compared within 2 miles.",7,0,settled-1.1-facts,2026-10-02
What hotels are close to the Manhattan Beach Pier?,https://journeyed.ai/hotels/los-angeles/what-hotels-are-close-to-the-manhattan-beach-pier/,Manhattan Beach Pier,https://journeyed.ai/hotels/los-angeles/anchors/manhattan-beach-pier/,,,"Shade Hotel Manhattan Beach is the top match for this question, 0.3 miles from Manhattan Beach Pier. Manhattan Beach Buddha House and Seahorse Inn Manhattan Beach - Lax come next among 22 hotels compared within 2 miles.",22,0,settled-1.1-facts,2026-10-02
What hotels are close to the Redondo Beach Pier?,https://journeyed.ai/hotels/los-angeles/what-hotels-are-close-to-the-redondo-beach-pier/,Redondo Beach Pier,https://journeyed.ai/hotels/los-angeles/anchors/redondo-beach-pier/,,,"Holiday Inn is the top match for this question, 0.4 miles from Redondo Beach Pier. Sonesta Redondo Beach & Marina and Redondo Pier Inn come next among 26 hotels compared within 2 miles.",26,0,settled-1.1-facts,2026-10-02
What hotels are close to the Rose Bowl?,https://journeyed.ai/hotels/los-angeles/what-hotels-are-close-to-the-rose-bowl/,Rose Bowl Stadium,https://journeyed.ai/hotels/los-angeles/anchors/rose-bowl/,,,"Chateau Tivoli Bed and Breakfast is the top match for this question, 0.1 miles from Rose Bowl Stadium. Lincoln Motel and Residence Inn come next among 27 hotels compared within 3 miles.",27,0,settled-1.1-facts,2026-10-02
What hotels are close to the Santa Monica Pier?,https://journeyed.ai/hotels/los-angeles/what-hotels-are-close-to-the-santa-monica-pier/,Santa Monica Pier,https://journeyed.ai/hotels/los-angeles/anchors/santa-monica-pier/,,,"Sea Blue Hotel is the top match for this question, 0.2 miles from Santa Monica Pier. Regent Santa Monica Beach and The Pierside Santa Monica come next among 63 hotels compared within 2 miles.",63,0,settled-1.1-facts,2026-10-02
What hotels are close to UCLA?,https://journeyed.ai/hotels/los-angeles/what-hotels-are-close-to-ucla/,UCLA,https://journeyed.ai/hotels/los-angeles/anchors/ucla/,,,"UCLA Saxon Suites is the top match for this question, 0.3 miles from UCLA. UCLA Guest House and Hilgard Homes come next among 34 hotels compared within 2 miles.",34,0,settled-1.1-facts,2026-10-02
What hotels are close to Universal Studios Hollywood?,https://journeyed.ai/hotels/los-angeles/what-hotels-are-close-to-universal-studios-hollywood/,Universal Studios Hollywood,https://journeyed.ai/hotels/los-angeles/anchors/universal-studios-hollywood/,,,"Hilton Los Angeles/Universal City is the top match for this question, 0.3 miles from Universal Studios Hollywood. Nite Inn at Universal City and Boulevard Hotel Los Angeles come next among 96 hotels compared within 3 miles.",96,0,settled-1.1-facts,2026-10-02
What hotels are close to USC?,https://journeyed.ai/hotels/los-angeles/what-hotels-are-close-to-usc/,USC,https://journeyed.ai/hotels/los-angeles/anchors/usc/,,,"USC Hotel is the top match for this question, 0.3 miles from USC. Vagabond Inn - Los Angeles At Usc and Holiday Inn come next among 47 hotels compared within 2 miles.",47,0,settled-1.1-facts,2026-10-02
What hotels are close to Venice Beach?,https://journeyed.ai/hotels/los-angeles/what-hotels-are-close-to-venice-beach/,Venice Beach,https://journeyed.ai/hotels/los-angeles/anchors/venice-beach/,,,"Venice on the Beach Hotel is the top match for this question, 0.1 miles from Venice Beach. The Venice Beach House and Venice/Marina Beachfront Bungalow come next among 53 hotels compared within 2 miles.",53,0,settled-1.1-facts,2026-10-02
What hotels are close to Warner Bros. Studio Tour Hollywood?,https://journeyed.ai/hotels/los-angeles/what-hotels-are-close-to-warner-bros-studio-tour-hollywood/,Warner Bros. Studio Tour Hollywood,https://journeyed.ai/hotels/los-angeles/anchors/warner-bros-studio-tour/,,,"The Tangerine is the top match for this question, 0.3 miles from Warner Bros Studio Tour Hollywood. Best Western Plus Media Center Inn & Suites and Hotel Amarano come next among 19 hotels compared within 2 miles.",19,0,settled-1.1-facts,2026-10-02
What hotels are in Alhambra?,https://journeyed.ai/hotels/los-angeles/what-hotels-are-in-alhambra/,Alhambra,https://journeyed.ai/hotels/los-angeles/anchors/alhambra/,,,"Days Inn is the top match for this question, 0.2 miles from Alhambra. Hotel marruecos and Sacred Heart Retreat House come next among 16 hotels compared within 2 miles.",16,0,settled-1.1-facts,2026-10-02
What hotels are in Arcadia?,https://journeyed.ai/hotels/los-angeles/what-hotels-are-in-arcadia/,Arcadia,https://journeyed.ai/hotels/los-angeles/anchors/arcadia/,,,"Le Méridien Pasadena Arcadia is the top match for this question, 0.3 miles from Arcadia. Motel 6 Arcadia and SpringHill Suites by Marriott Pasadena Arcadia come next among 18 hotels compared within 2 miles.",18,0,settled-1.1-facts,2026-10-02
What hotels are in Azusa?,https://journeyed.ai/hotels/los-angeles/what-hotels-are-in-azusa/,Azusa,https://journeyed.ai/hotels/los-angeles/anchors/azusa/,,,"Mantra Coffee & BnB is the top match for this question, 0.2 miles from Azusa. Stardust Motel Azusa and All 8 Motel come next among 12 hotels compared within 2 miles.",12,0,settled-1.1-facts,2026-10-02
What hotels are in Bell Gardens?,https://journeyed.ai/hotels/los-angeles/what-hotels-are-in-bell-gardens/,Bell Gardens,https://journeyed.ai/hotels/los-angeles/anchors/bell-gardens/,,,"Fiesta Inn is the top match for this question, 0.4 miles from Bell Gardens. Comfort Inn & Suites and Quality Inn and Suites Bell Gardens Los Angeles come next among 18 hotels compared within 2 miles.",18,0,settled-1.1-facts,2026-10-02
What hotels are in Bellflower?,https://journeyed.ai/hotels/los-angeles/what-hotels-are-in-bellflower/,Bellflower,https://journeyed.ai/hotels/los-angeles/anchors/bellflower/,,,"Value Inn Bellflower is the top match for this question, 0.4 miles from Bellflower. Century Inn and Starlite Motel come next among 24 hotels compared within 2 miles.",24,0,settled-1.1-facts,2026-10-02
What hotels are in Belmont Shore?,https://journeyed.ai/hotels/los-angeles/what-hotels-are-in-belmont-shore/,Belmont Shore,https://journeyed.ai/hotels/los-angeles/anchors/belmont-shore/,,,"The Belmont Shore Inn is the top match for this question, 0.6 miles from Belmont Shore. Đức Mẹ Long Beach and Seaport Marina Hotel come next among 13 hotels compared within 2 miles.",13,0,settled-1.1-facts,2026-10-02
What hotels are in Beverly Hills?,https://journeyed.ai/hotels/los-angeles/what-hotels-are-in-beverly-hills/,Beverly Hills,https://journeyed.ai/hotels/los-angeles/anchors/beverly-hills/,,,"Found Hotels is the top match for this question, 0.1 miles from Beverly Hills. The Maybourne Beverly Hills and SIRTAJ Hotel come next among 69 hotels compared within 2 miles.",69,0,settled-1.1-facts,2026-10-02
What hotels are in Brentwood?,https://journeyed.ai/hotels/los-angeles/what-hotels-are-in-brentwood/,Brentwood,https://journeyed.ai/hotels/los-angeles/anchors/brentwood/,,,"Brentwood Inn is the top match for this question, 0.5 miles from Brentwood. Wilshire Motel and FOUND Hotel Santa Monica come next among 27 hotels compared within 2 miles.",27,0,settled-1.1-facts,2026-10-02
What hotels are in Buena Park?,https://journeyed.ai/hotels/los-angeles/what-hotels-are-in-buena-park/,Buena Park,https://journeyed.ai/hotels/los-angeles/anchors/buena-park/,,,"Coral Motel is the top match for this question, 0.3 miles from Buena Park. Travelodge and Commonwealth Airport Inn come next among 23 hotels compared within 2 miles.",23,0,settled-1.1-facts,2026-10-02
What hotels are in Burbank?,https://journeyed.ai/hotels/los-angeles/what-hotels-are-in-burbank/,Burbank,https://journeyed.ai/hotels/los-angeles/anchors/burbank/,,,"Hotel Burbank is the top match for this question, 0.1 miles from Burbank. Hilton Garden Inn and Residence Inn by Marriott Los Angeles Burbank/Downtown come next among 21 hotels compared within 2 miles.",21,0,settled-1.1-facts,2026-10-02
What hotels are in Carson?,https://journeyed.ai/hotels/los-angeles/what-hotels-are-in-carson/,Carson,https://journeyed.ai/hotels/los-angeles/anchors/carson/,,,"Rodeway Inn Carson - Los Angeles South is the top match for this question, 0.1 miles from Carson. Econo Lodge Carson near StubHub Center and DoubleTree by Hilton Hotel Carson come next among 8 hotels compared within 2 miles.",8,0,settled-1.1-facts,2026-10-02
What hotels are in Century City?,https://journeyed.ai/hotels/los-angeles/what-hotels-are-in-century-city/,Century City,https://journeyed.ai/hotels/los-angeles/anchors/century-city/,,,"Fairmont Century Plaza is the top match for this question, 0.1 miles from Century City. Hyatt Regency Century Plaza and Mari Los Angeles come next among 61 hotels compared within 2 miles.",61,0,settled-1.1-facts,2026-10-02
What hotels are in Cerritos?,https://journeyed.ai/hotels/los-angeles/what-hotels-are-in-cerritos/,Cerritos,https://journeyed.ai/hotels/los-angeles/anchors/cerritos/,,,"Sheraton is the top match for this question, 0.5 miles from Cerritos. La Quinta Inn & Suites and Motel 6 come next among 9 hotels compared within 2 miles.",9,0,settled-1.1-facts,2026-10-02
What hotels are in City of Industry?,https://journeyed.ai/hotels/los-angeles/what-hotels-are-in-city-of-industry/,City of Industry,https://journeyed.ai/hotels/los-angeles/anchors/city-of-industry/,,,"Vagabond Inn Hacienda Heights is the top match for this question, 0.8 miles from City of Industry. Comfort Suites Near City of Industry - Los Angeles and La Puente Motel come next among 8 hotels compared within 2 miles.",8,0,settled-1.1-facts,2026-10-02
What hotels are in Commerce?,https://journeyed.ai/hotels/los-angeles/what-hotels-are-in-commerce/,Commerce,https://journeyed.ai/hotels/los-angeles/anchors/commerce/,,,"DoubleTree by Hilton Hotel Los Angeles - Commerce is the top match for this question, 0.2 miles from Commerce. Bob's Motel and Crowne Plaza Hotels & Resorts come next among 15 hotels compared within 2 miles.",15,0,settled-1.1-facts,2026-10-02
What hotels are in Compton?,https://journeyed.ai/hotels/los-angeles/what-hotels-are-in-compton/,Compton,https://journeyed.ai/hotels/los-angeles/anchors/compton/,,,"Royal Inn Motel is the top match for this question, 1.3 miles from Compton. Travel Plaza Inn and LA Crystal Hotel come next among 14 hotels compared within 2 miles.",14,0,settled-1.1-facts,2026-10-02
What hotels are in Costa Mesa?,https://journeyed.ai/hotels/los-angeles/what-hotels-are-in-costa-mesa/,Costa Mesa,https://journeyed.ai/hotels/los-angeles/anchors/costa-mesa/,,,"Regency Inn is the top match for this question, 0.3 miles from Costa Mesa. OC Hotel Costa Mesa and Best Western Plus Newport Mesa Inn come next among 29 hotels compared within 2 miles.",29,0,settled-1.1-facts,2026-10-02
What hotels are in Covina?,https://journeyed.ai/hotels/los-angeles/what-hotels-are-in-covina/,Covina,https://journeyed.ai/hotels/los-angeles/anchors/covina/,,,"Five Star Inn is the top match for this question, 1.2 miles from Covina. Days Inn by Wyndham West Covina and Hampton Inn come next among 12 hotels compared within 2 miles.",12,0,settled-1.1-facts,2026-10-02
What hotels are in Culver City?,https://journeyed.ai/hotels/los-angeles/what-hotels-are-in-culver-city/,Culver City,https://journeyed.ai/hotels/los-angeles/anchors/culver-city/,,,"West End Hotel is the top match for this question, 0.2 miles from Culver City. The Ritz-Carlton and Palihotel Culver City come next among 20 hotels compared within 2 miles.",20,0,settled-1.1-facts,2026-10-02
What hotels are in Cypress?,https://journeyed.ai/hotels/los-angeles/what-hotels-are-in-cypress/,Cypress,https://journeyed.ai/hotels/los-angeles/anchors/cypress/,,,"Rodeway Inn is the top match for this question, 0.5 miles from Cypress. Studio 6 and Cloud 9 Motel come next among 18 hotels compared within 2 miles.",18,0,settled-1.1-facts,2026-10-02
What hotels are in Downey?,https://journeyed.ai/hotels/los-angeles/what-hotels-are-in-downey/,Downey,https://journeyed.ai/hotels/los-angeles/anchors/downey/,,,"Embassy Suites by Hilton Los Angeles Downey is the top match for this question, 0.1 miles from Downey. Days Inn by Wyndham Downey and SpringHill Suites come next among 19 hotels compared within 2 miles.",19,0,settled-1.1-facts,2026-10-02
What hotels are in Downtown LA?,https://journeyed.ai/hotels/los-angeles/what-hotels-are-in-downtown-la/,Downtown Los Angeles,https://journeyed.ai/hotels/los-angeles/anchors/downtown-la/,,,"Biltmore Hotel And Resorts is the top match for this question, 0.0 miles from Downtown Los Angeles. Hilton Checkers Los Angeles and Hotel Clark come next among 157 hotels compared within 2 miles.",157,0,settled-1.1-facts,2026-10-02
What hotels are in Echo Park?,https://journeyed.ai/hotels/los-angeles/what-hotels-are-in-echo-park/,Echo Park,https://journeyed.ai/hotels/los-angeles/anchors/echo-park/,,,"Noon on Sunset Hill is the top match for this question, 0.3 miles from Echo Park. Super 8 and The Lexmar - Dodger Stadium/hollywood come next among 64 hotels compared within 2 miles.",64,0,settled-1.1-facts,2026-10-02
What hotels are in El Monte?,https://journeyed.ai/hotels/los-angeles/what-hotels-are-in-el-monte/,El Monte,https://journeyed.ai/hotels/los-angeles/anchors/el-monte/,,,"Motel 6 El Monte - Los Angeles is the top match for this question, 0.6 miles from El Monte. Gibson Inn and Budget Inn come next among 19 hotels compared within 2 miles.",19,0,settled-1.1-facts,2026-10-02
What hotels are in El Segundo?,https://journeyed.ai/hotels/los-angeles/what-hotels-are-in-el-segundo/,El Segundo,https://journeyed.ai/hotels/los-angeles/anchors/el-segundo/,,,"Shelaton Garden Inn is the top match for this question, 0.2 miles from El Segundo. Hotel 2 Twenty One and Aloft come next among 20 hotels compared within 2 miles.",20,0,settled-1.1-facts,2026-10-02
What hotels are in Fountain Valley?,https://journeyed.ai/hotels/los-angeles/what-hotels-are-in-fountain-valley/,Fountain Valley,https://journeyed.ai/hotels/los-angeles/anchors/fountain-valley/,,,"Sonesta ES Suites Huntington Beach Fountain Valley is the top match for this question, 0.5 miles from Fountain Valley. Sonesta Select Huntington Beach Fountain Valley and Ayres Hotel Fountain Valley - Huntington Beach come next among 8 hotels compared within 2 miles.",8,0,settled-1.1-facts,2026-10-02
What hotels are in Fullerton?,https://journeyed.ai/hotels/los-angeles/what-hotels-are-in-fullerton/,Fullerton,https://journeyed.ai/hotels/los-angeles/anchors/fullerton/,,,"Jims Castle Inn is the top match for this question, 0.7 miles from Fullerton. Lucky Motel and Grand Inn come next among 18 hotels compared within 2 miles.",18,0,settled-1.1-facts,2026-10-02
What hotels are in Garden Grove?,https://journeyed.ai/hotels/los-angeles/what-hotels-are-in-garden-grove/,Garden Grove,https://journeyed.ai/hotels/los-angeles/anchors/garden-grove/,,,"Ramada Plaza is the top match for this question, 0.7 miles from Garden Grove. Sonesta Simply Suites Garden Grove Anaheim and National Inn come next among 20 hotels compared within 2 miles.",20,0,settled-1.1-facts,2026-10-02
What hotels are in Gardena?,https://journeyed.ai/hotels/los-angeles/what-hotels-are-in-gardena/,Gardena,https://journeyed.ai/hotels/los-angeles/anchors/gardena/,,,"Plaza Hotel Gardena is the top match for this question, 0.2 miles from Gardena. El Dorado Motel and Rodeway Inn Near Stubhub Center come next among 36 hotels compared within 2 miles.",36,0,settled-1.1-facts,2026-10-02
What hotels are in Glendale?,https://journeyed.ai/hotels/los-angeles/what-hotels-are-in-glendale/,Glendale,https://journeyed.ai/hotels/los-angeles/anchors/glendale/,,,"Residence Inn is the top match for this question, 0.3 miles from Glendale. Hotel Xilo Glendale and Holiday Inn Express & Suites Glendale Downtown By Ihg come next among 28 hotels compared within 2 miles.",28,0,settled-1.1-facts,2026-10-02
What hotels are in Hermosa Beach?,https://journeyed.ai/hotels/los-angeles/what-hotels-are-in-hermosa-beach/,Hermosa Beach,https://journeyed.ai/hotels/los-angeles/anchors/hermosa-beach/,,,"H2O Hermosa is the top match for this question, 0.1 miles from Hermosa Beach. Grandview Inn and Beach House Hotel Hermosa Beach come next among 29 hotels compared within 2 miles.",29,0,settled-1.1-facts,2026-10-02
What hotels are in Hollywood?,https://journeyed.ai/hotels/los-angeles/what-hotels-are-in-hollywood/,Hollywood,https://journeyed.ai/hotels/los-angeles/anchors/hollywood/,,,"W Hollywood is the top match for this question, 0.1 miles from Hollywood. Knickerbocker Hotel and Hollywood Le Bon Hotel come next among 123 hotels compared within 2 miles.",123,0,settled-1.1-facts,2026-10-02
What hotels are in Huntington Beach?,https://journeyed.ai/hotels/los-angeles/what-hotels-are-in-huntington-beach/,Huntington Beach,https://journeyed.ai/hotels/los-angeles/anchors/huntington-beach/,,,"Kimpton Shorebreak Resort is the top match for this question, 0.3 miles from Huntington Beach. Huntington Surf Inn and Huntington Beach Inn come next among 8 hotels compared within 2 miles.",8,0,settled-1.1-facts,2026-10-02
What hotels are in Inglewood?,https://journeyed.ai/hotels/los-angeles/what-hotels-are-in-inglewood/,Inglewood,https://journeyed.ai/hotels/los-angeles/anchors/inglewood/,,,"Hollywood Park Motel is the top match for this question, 0.5 miles from Inglewood. Geneva Motel and Lotus Motel come next among 68 hotels compared within 2 miles.",68,0,settled-1.1-facts,2026-10-02
What hotels are in Irvine Spectrum?,https://journeyed.ai/hotels/los-angeles/what-hotels-are-in-irvine-spectrum/,Irvine Spectrum,https://journeyed.ai/hotels/los-angeles/anchors/irvine-spectrum/,,,"Extended Stay America is the top match for this question, 0.4 miles from Irvine Spectrum. Global Luxury Suites at The Village and Courtyard by Marriott Irvine Spectrum come next among 17 hotels compared within 2 miles.",17,0,settled-1.1-facts,2026-10-02
What hotels are in Koreatown?,https://journeyed.ai/hotels/los-angeles/what-hotels-are-in-koreatown/,Koreatown,https://journeyed.ai/hotels/los-angeles/anchors/koreatown/,,,"JJ Grand Hotel is the top match for this question, 0.1 miles from Koreatown. Libra Hotel and Wilshire Serrano Motel come next among 81 hotels compared within 2 miles.",81,0,settled-1.1-facts,2026-10-02
What hotels are in Lake Forest?,https://journeyed.ai/hotels/los-angeles/what-hotels-are-in-lake-forest/,Lake Forest,https://journeyed.ai/hotels/los-angeles/anchors/lake-forest/,,,"Sonesta Simply Suites East Irvine Spectrum is the top match for this question, 0.2 miles from Lake Forest. Vacation Resorts International and Holiday Inn Express & Suites come next among 11 hotels compared within 2 miles.",11,0,settled-1.1-facts,2026-10-02
What hotels are in Los Feliz?,https://journeyed.ai/hotels/los-angeles/what-hotels-are-in-los-feliz/,Los Feliz,https://journeyed.ai/hotels/los-angeles/anchors/los-feliz/,,,"Suites of the World is the top match for this question, 0.2 miles from Los Feliz. Omni Hotels & Resorts and Los Feliz Lodge come next among 47 hotels compared within 2 miles.",47,0,settled-1.1-facts,2026-10-02
What hotels are in Marina del Rey?,https://journeyed.ai/hotels/los-angeles/what-hotels-are-in-marina-del-rey/,Marina del Rey,https://journeyed.ai/hotels/los-angeles/anchors/marina-del-rey/,,,"Marina Del Rey Hotel is the top match for this question, 0.2 miles from Marina del Rey. The Ritz-Carlton and Courtyard by Marriott Marina del Rey come next among 45 hotels compared within 2 miles.",45,0,settled-1.1-facts,2026-10-02
What hotels are in Mid-Wilshire?,https://journeyed.ai/hotels/los-angeles/what-hotels-are-in-mid-wilshire/,Mid-Wilshire,https://journeyed.ai/hotels/los-angeles/anchors/mid-wilshire/,,,"Relax Inn Motel is the top match for this question, 0.4 miles from Mid-Wilshire. LA Kingsley House and 639 LaBrea come next among 46 hotels compared within 2 miles.",46,0,settled-1.1-facts,2026-10-02
What hotels are in Monrovia?,https://journeyed.ai/hotels/los-angeles/what-hotels-are-in-monrovia/,Monrovia,https://journeyed.ai/hotels/los-angeles/anchors/monrovia/,,,"Arthur Blair Historic Inn is the top match for this question, 0.2 miles from Monrovia. Isla Marisol Resort and Courtyard By Marriott come next among 20 hotels compared within 2 miles.",20,0,settled-1.1-facts,2026-10-02
What hotels are in Montebello?,https://journeyed.ai/hotels/los-angeles/what-hotels-are-in-montebello/,Montebello,https://journeyed.ai/hotels/los-angeles/anchors/montebello/,,,"Whittier Motel is the top match for this question, 0.7 miles from Montebello. Montebello Motel and Royala Motel come next among 12 hotels compared within 2 miles.",12,0,settled-1.1-facts,2026-10-02
What hotels are in Monterey Park?,https://journeyed.ai/hotels/los-angeles/what-hotels-are-in-monterey-park/,Monterey Park,https://journeyed.ai/hotels/los-angeles/anchors/monterey-park/,,,"Comfort Inn is the top match for this question, 0.4 miles from Monterey Park. Kings Lodge Motel and （林肯酒店）Lincoln Hotel come next among 17 hotels compared within 2 miles.",17,0,settled-1.1-facts,2026-10-02
What hotels are in Newport Beach?,https://journeyed.ai/hotels/los-angeles/what-hotels-are-in-newport-beach/,Newport Beach,https://journeyed.ai/hotels/los-angeles/anchors/newport-beach/,,,"Lido House Autograph Collection is the top match for this question, 0.0 miles from Newport Beach. Little Inn By the Bay and Newport Beach Hotel come next among 19 hotels compared within 2 miles.",19,0,settled-1.1-facts,2026-10-02
What hotels are in North Hollywood?,https://journeyed.ai/hotels/los-angeles/what-hotels-are-in-north-hollywood/,North Hollywood,https://journeyed.ai/hotels/los-angeles/anchors/north-hollywood/,,,"Lexen Hotel is the top match for this question, 0.3 miles from North Hollywood. Colony Inn and Holiday Inn Express North Hollywood - Burbank Area, An Ihg Hotel come next among 25 hotels compared within 2 miles.",25,0,settled-1.1-facts,2026-10-02
What hotels are in Norwalk?,https://journeyed.ai/hotels/los-angeles/what-hotels-are-in-norwalk/,Norwalk,https://journeyed.ai/hotels/los-angeles/anchors/norwalk/,,,"Espana Motel is the top match for this question, 0.3 miles from Norwalk. Star Motel and Best Value Motel come next among 15 hotels compared within 2 miles.",15,0,settled-1.1-facts,2026-10-02
What hotels are in Ontario?,https://journeyed.ai/hotels/los-angeles/what-hotels-are-in-ontario/,Ontario,https://journeyed.ai/hotels/los-angeles/anchors/ontario/,,,"American Inn is the top match for this question, 0.5 miles from Ontario. Golden Bear Inn and Lotus By Hotel Inn come next among 10 hotels compared within 2 miles.",10,0,settled-1.1-facts,2026-10-02
What hotels are in Orange?,https://journeyed.ai/hotels/los-angeles/what-hotels-are-in-orange/,Orange,https://journeyed.ai/hotels/los-angeles/anchors/orange/,,,"The Richland is the top match for this question, 0.2 miles from Orange. Ruta's Old Towne Inn and The French Estate come next among 19 hotels compared within 2 miles.",19,0,settled-1.1-facts,2026-10-02
What hotels are in Pasadena?,https://journeyed.ai/hotels/los-angeles/what-hotels-are-in-pasadena/,Pasadena,https://journeyed.ai/hotels/los-angeles/anchors/pasadena/,,,"The Westin Pasadena is the top match for this question, 0.2 miles from Pasadena. Hyatt Place Pasadena and AC Hotel Pasadena come next among 24 hotels compared within 2 miles.",24,0,settled-1.1-facts,2026-10-02
What hotels are in Playa Vista?,https://journeyed.ai/hotels/los-angeles/what-hotels-are-in-playa-vista/,Playa Vista,https://journeyed.ai/hotels/los-angeles/anchors/playa-vista/,,,"Hotel June West LA is the top match for this question, 1.2 miles from Playa Vista. Relais in LA and Hilton Los Angeles Culver City come next among 23 hotels compared within 2 miles.",23,0,settled-1.1-facts,2026-10-02
What hotels are in Pomona?,https://journeyed.ai/hotels/los-angeles/what-hotels-are-in-pomona/,Pomona,https://journeyed.ai/hotels/los-angeles/anchors/pomona/,,,"Heritage Inn is the top match for this question, 0.5 miles from Pomona. OYO Hotel Pomona CA - I-10 & Hwy 71 and Comfort Inn Pomona come next among 16 hotels compared within 2 miles.",16,0,settled-1.1-facts,2026-10-02
What hotels are in San Gabriel?,https://journeyed.ai/hotels/los-angeles/what-hotels-are-in-san-gabriel/,San Gabriel,https://journeyed.ai/hotels/los-angeles/anchors/san-gabriel/,,,"Regent Suites is the top match for this question, 0.6 miles from San Gabriel. Sacred Heart Retreat House and Days Inn come next among 7 hotels compared within 2 miles.",7,0,settled-1.1-facts,2026-10-02
What hotels are in San Pedro?,https://journeyed.ai/hotels/los-angeles/what-hotels-are-in-san-pedro/,San Pedro,https://journeyed.ai/hotels/los-angeles/anchors/san-pedro/,,,"All Star Inn is the top match for this question, 0.4 miles from San Pedro. Vagabond Inn San Pedro and Palos Verdes Inn Hotel come next among 18 hotels compared within 2 miles.",18,0,settled-1.1-facts,2026-10-02
What hotels are in Santa Ana?,https://journeyed.ai/hotels/los-angeles/what-hotels-are-in-santa-ana/,Santa Ana,https://journeyed.ai/hotels/los-angeles/anchors/santa-ana/,,,"Novo Hotel is the top match for this question, 0.3 miles from Santa Ana. Santa Ana Travel Inn and Royal Grand Inn come next among 16 hotels compared within 2 miles.",16,0,settled-1.1-facts,2026-10-02
What hotels are in Santa Clarita?,https://journeyed.ai/hotels/los-angeles/what-hotels-are-in-santa-clarita/,Santa Clarita,https://journeyed.ai/hotels/los-angeles/anchors/santa-clarita/,,,"Hyatt Regency Valencia is the top match for this question, 0.6 miles from Santa Clarita. Holiday Inn Express & Suites Valencia - Santa Clarita By Ihg and Residence Inn come next among 7 hotels compared within 2 miles.",7,0,settled-1.1-facts,2026-10-02
What hotels are in Santa Monica?,https://journeyed.ai/hotels/los-angeles/what-hotels-are-in-santa-monica/,Santa Monica,https://journeyed.ai/hotels/los-angeles/anchors/santa-monica/,,,"Proper Hotels is the top match for this question, 0.1 miles from Santa Monica. Santa Monica Proper Hotel and Hampton Inn and Suites Santa Monica come next among 65 hotels compared within 2 miles.",65,0,settled-1.1-facts,2026-10-02
What hotels are in Seal Beach?,https://journeyed.ai/hotels/los-angeles/what-hotels-are-in-seal-beach/,Seal Beach,https://journeyed.ai/hotels/los-angeles/anchors/seal-beach/,,,"Seal Beach Inn & Gardens is the top match for this question, 0.2 miles from Seal Beach. The Pacific Inn and Seaport Marina Hotel come next among 9 hotels compared within 2 miles.",9,0,settled-1.1-facts,2026-10-02
What hotels are in Sherman Oaks?,https://journeyed.ai/hotels/los-angeles/what-hotels-are-in-sherman-oaks/,Sherman Oaks,https://journeyed.ai/hotels/los-angeles/anchors/sherman-oaks/,,,"Sweet Dreams Bed & Breakfast is the top match for this question, 0.8 miles from Sherman Oaks. Courtyard By Marriott and Sava.net come next among 12 hotels compared within 2 miles.",12,0,settled-1.1-facts,2026-10-02
What hotels are in Silver Lake?,https://journeyed.ai/hotels/los-angeles/what-hotels-are-in-silver-lake/,Silver Lake,https://journeyed.ai/hotels/los-angeles/anchors/silver-lake/,,,"Olive Motel is the top match for this question, 0.6 miles from Silver Lake. Comfort Inn Los Angeles near Hollywood and Silver Lake Pool & Inn come next among 34 hotels compared within 2 miles.",34,0,settled-1.1-facts,2026-10-02
What hotels are in Studio City?,https://journeyed.ai/hotels/los-angeles/what-hotels-are-in-studio-city/,Studio City,https://journeyed.ai/hotels/los-angeles/anchors/studio-city/,,,"Carlton Motor Lodge is the top match for this question, 0.6 miles from Studio City. Studio City Inn and Sportsmen's Lodge come next among 22 hotels compared within 2 miles.",22,0,settled-1.1-facts,2026-10-02
What hotels are in Torrance?,https://journeyed.ai/hotels/los-angeles/what-hotels-are-in-torrance/,Torrance,https://journeyed.ai/hotels/los-angeles/anchors/torrance/,,,"Extended Stay America is the top match for this question, 0.4 miles from Torrance. Best Western Plus Avita Suites and Torrance Marriott Redondo Beach come next among 20 hotels compared within 2 miles.",20,0,settled-1.1-facts,2026-10-02
What hotels are in Tustin?,https://journeyed.ai/hotels/los-angeles/what-hotels-are-in-tustin/,Tustin,https://journeyed.ai/hotels/los-angeles/anchors/tustin/,,,"Bel Air Motor Hotel is the top match for this question, 0.1 miles from Tustin. Tustin Motor Lodge and Sunland Motel come next among 17 hotels compared within 2 miles.",17,0,settled-1.1-facts,2026-10-02
What hotels are in Van Nuys?,https://journeyed.ai/hotels/los-angeles/what-hotels-are-in-van-nuys/,Van Nuys,https://journeyed.ai/hotels/los-angeles/anchors/van-nuys/,,,"Van Nuys Soul is the top match for this question, 0.3 miles from Van Nuys. Cinema Motel and Le Rendezvous Motel come next among 19 hotels compared within 2 miles.",19,0,settled-1.1-facts,2026-10-02
What hotels are in Venice?,https://journeyed.ai/hotels/los-angeles/what-hotels-are-in-venice/,Venice,https://journeyed.ai/hotels/los-angeles/anchors/venice/,,,"Aliza Hotel | Boutique Stay Near Venice Beach & Abbot Kinney is the top match for this question, 0.4 miles from Venice. Venice Beach Eco Cottages and Venice Beach House come next among 74 hotels compared within 2 miles.",74,0,settled-1.1-facts,2026-10-02
What hotels are in West Covina?,https://journeyed.ai/hotels/los-angeles/what-hotels-are-in-west-covina/,West Covina,https://journeyed.ai/hotels/los-angeles/anchors/west-covina/,,,"Walnut Inn & Suites is the top match for this question, 0.3 miles from West Covina. Covina Motel and Courtyard by Marriott Los Angeles Baldwin Park come next among 7 hotels compared within 2 miles.",7,0,settled-1.1-facts,2026-10-02
What hotels are in West Hollywood?,https://journeyed.ai/hotels/los-angeles/what-hotels-are-in-west-hollywood/,West Hollywood,https://journeyed.ai/hotels/los-angeles/anchors/west-hollywood/,,,"Sunset Tower Hotel is the top match for this question, 0.3 miles from West Hollywood. Best Western Plus Sunset Plaza Hotel and Pendry West Hollywood come next among 96 hotels compared within 2 miles.",96,0,settled-1.1-facts,2026-10-02
What hotels are in Westchester?,https://journeyed.ai/hotels/los-angeles/what-hotels-are-in-westchester/,Westchester,https://journeyed.ai/hotels/los-angeles/anchors/westchester/,,,"Relais in LA is the top match for this question, 0.4 miles from Westchester. Holiday Inn Express Los Angeles - LAX Airport and Courtyard by Marriott Los Angeles LAX/Century Boulevard come next among 37 hotels compared within 2 miles.",37,0,settled-1.1-facts,2026-10-02
What hotels are in Westlake Village?,https://journeyed.ai/hotels/los-angeles/what-hotels-are-in-westlake-village/,Westlake Village,https://journeyed.ai/hotels/los-angeles/anchors/westlake-village/,,,"Residence Inn by Marriott is the top match for this question, 0.4 miles from Westlake Village. Westlake Village Inn and Renaissance At Westlake Village come next among 9 hotels compared within 2 miles.",9,0,settled-1.1-facts,2026-10-02
What hotels are in Westminster?,https://journeyed.ai/hotels/los-angeles/what-hotels-are-in-westminster/,Westminster,https://journeyed.ai/hotels/los-angeles/anchors/westminster/,,,"Best Western Palm Garden Inn is the top match for this question, 0.5 miles from Westminster. Westminster Motor Inn and America's Best Value Inn come next among 20 hotels compared within 2 miles.",20,0,settled-1.1-facts,2026-10-02
What hotels are in Whittier?,https://journeyed.ai/hotels/los-angeles/what-hotels-are-in-whittier/,Whittier,https://journeyed.ai/hotels/los-angeles/anchors/whittier/,,,"Doubletree By Hilton Whittier Los Angeles is the top match for this question, 0.2 miles from Whittier. Blue Pacific Motel and Casa Blanca Inn & Suites come next among 13 hotels compared within 2 miles.",13,0,settled-1.1-facts,2026-10-02
What hotels are in Woodland Hills?,https://journeyed.ai/hotels/los-angeles/what-hotels-are-in-woodland-hills/,Woodland Hills,https://journeyed.ai/hotels/los-angeles/anchors/woodland-hills/,,,"Best Western Woodland Hills Inn is the top match for this question, 0.2 miles from Woodland Hills. Knights Inn Woodland Hills and Warner Center Marriott Woodland Hills come next among 10 hotels compared within 2 miles.",10,0,settled-1.1-facts,2026-10-02
What hotels are within walking distance of Cedars-Sinai Medical Center?,https://journeyed.ai/hotels/los-angeles/what-hotels-are-within-walking-distance-of-cedars-sinai-medical-center/,Cedars-Sinai Medical Center,https://journeyed.ai/hotels/los-angeles/anchors/cedars-sinai/,,,"Elk Mountain Resort is the top match for this question, 0.1 miles from Cedars-Sinai Medical Center. Sofitel Los Angeles at Beverly Hills and Mainstay Suites come next among 16 hotels compared within 0.8 miles.",16,0,settled-1.1-facts,2026-10-02
What hotels are within walking distance of Crypto.com Arena?,https://journeyed.ai/hotels/los-angeles/what-hotels-are-within-walking-distance-of-crypto-com-arena/,Crypto.com Arena,https://journeyed.ai/hotels/los-angeles/anchors/crypto-com-arena/,,,"The Ritz-Carlton, Los Angeles is the top match for this question, 0.2 miles from Crypto.com Arena. AC Hotel Downtown Los Angeles and E-Central Downtown Los Angeles Hotel come next among 45 hotels compared within 0.8 miles.",45,0,settled-1.1-facts,2026-10-02
What hotels are within walking distance of Disneyland?,https://journeyed.ai/hotels/los-angeles/what-hotels-are-within-walking-distance-of-disneyland/,Disneyland Resort,https://journeyed.ai/hotels/los-angeles/anchors/disneyland/,,,"Great American Land Co is the top match for this question, 0.3 miles from Disneyland Resort. Days Inn by Wyndham Anaheim West and Four Points By Sheraton come next among 56 hotels compared within 0.8 miles.",56,0,settled-1.1-facts,2026-10-02
What hotels are within walking distance of Intuit Dome?,https://journeyed.ai/hotels/los-angeles/what-hotels-are-within-walking-distance-of-intuit-dome/,Intuit Dome,https://journeyed.ai/hotels/los-angeles/anchors/intuit-dome/,,,"The Lum Hotel Los Angeles Stadium District is the top match for this question, 0.1 miles from Intuit Dome. Hotel and Rodeway Inn & Suites come next among 19 hotels compared within 0.8 miles.",19,0,settled-1.1-facts,2026-10-02
What hotels are within walking distance of Knott's Berry Farm?,https://journeyed.ai/hotels/los-angeles/what-hotels-are-within-walking-distance-of-knotts-berry-farm/,Knott's Berry Farm,https://journeyed.ai/hotels/los-angeles/anchors/knotts-berry-farm/,,,"Knott's Hotel is the top match for this question, 0.3 miles from Knott's Berry Farm. Rodeway Inn Near Maingate Knott's and Colony Inn Buena Park come next among 9 hotels compared within 0.8 miles.",9,0,settled-1.1-facts,2026-10-02
What hotels are within walking distance of Los Angeles Union Station?,https://journeyed.ai/hotels/los-angeles/what-hotels-are-within-walking-distance-of-los-angeles-union-station/,Los Angeles Union Station,https://journeyed.ai/hotels/los-angeles/anchors/union-station/,,,"Metro Plaza Hotel is the top match for this question, 0.2 miles from Los Angeles Union Station. Aiden Los Angeles Downtown Dragon Gate Inn and Organ Hotel come next among 12 hotels compared within 0.8 miles.",12,0,settled-1.1-facts,2026-10-02
What hotels are within walking distance of Ronald Reagan UCLA Medical Center?,https://journeyed.ai/hotels/los-angeles/what-hotels-are-within-walking-distance-of-ronald-reagan-ucla-medical-center/,Ronald Reagan UCLA Medical Center,https://journeyed.ai/hotels/los-angeles/anchors/ucla-medical-center/,,,"UCLA Tiverton House is the top match for this question, 0.3 miles from Ronald Reagan UCLA Medical Center. Hilgard House and Hilgard Homes come next among 14 hotels compared within 0.8 miles.",14,0,settled-1.1-facts,2026-10-02
What hotels are within walking distance of SoFi Stadium?,https://journeyed.ai/hotels/los-angeles/what-hotels-are-within-walking-distance-of-sofi-stadium/,SoFi Stadium,https://journeyed.ai/hotels/los-angeles/anchors/sofi-stadium/,,,"Hollywood Park Motel is the top match for this question, 0.3 miles from SoFi Stadium. The Lum Hotel Los Angeles Stadium District and Hotel come next among 8 hotels compared within 0.8 miles.",8,0,settled-1.1-facts,2026-10-02
What hotels are within walking distance of TCL Chinese Theatre?,https://journeyed.ai/hotels/los-angeles/what-hotels-are-within-walking-distance-of-tcl-chinese-theatre/,TCL Chinese Theatre,https://journeyed.ai/hotels/los-angeles/anchors/tcl-chinese-theatre/,,,"The Hollywood Roosevelt is the top match for this question, 0.1 miles from TCL Chinese Theatre. Samesun Hollywood and Orange Drive Hostel come next among 65 hotels compared within 0.8 miles.",65,0,settled-1.1-facts,2026-10-02
What hotels are within walking distance of the Anaheim Convention Center?,https://journeyed.ai/hotels/los-angeles/what-hotels-are-within-walking-distance-of-the-anaheim-convention-center/,Anaheim Convention Center,https://journeyed.ai/hotels/los-angeles/anchors/anaheim-convention-center/,,,"Westin is the top match for this question, 0.2 miles from Anaheim Convention Center. Hilton Anaheim and Anaheim Marriott come next among 76 hotels compared within 0.8 miles.",76,0,settled-1.1-facts,2026-10-02
What hotels are within walking distance of the Grove?,https://journeyed.ai/hotels/los-angeles/what-hotels-are-within-walking-distance-of-the-grove/,The Grove,https://journeyed.ai/hotels/los-angeles/anchors/the-grove/,,,"Short Stories Hotel is the top match for this question, 0.2 miles from The Grove. Beverly Inn and SureStay Hotel come next among 8 hotels compared within 0.8 miles.",8,0,settled-1.1-facts,2026-10-02
What hotels are within walking distance of the Hollywood Bowl?,https://journeyed.ai/hotels/los-angeles/what-hotels-are-within-walking-distance-of-the-hollywood-bowl/,Hollywood Bowl,https://journeyed.ai/hotels/los-angeles/anchors/hollywood-bowl/,,,"Best Western Hollywood Plaza Inn is the top match for this question, 0.4 miles from Hollywood Bowl. Lexen Hotel and The Blvd Hotel & Suites come next among 27 hotels compared within 0.8 miles.",27,0,settled-1.1-facts,2026-10-02
What hotels are within walking distance of the LA Convention Center?,https://journeyed.ai/hotels/los-angeles/what-hotels-are-within-walking-distance-of-the-la-convention-center/,Los Angeles Convention Center,https://journeyed.ai/hotels/los-angeles/anchors/la-convention-center/,,,"AC Hotel Downtown Los Angeles is the top match for this question, 0.1 miles from Los Angeles Convention Center. Level Los Angeles - Downtown Flower and Morrison Hotel come next among 36 hotels compared within 0.8 miles.",36,0,settled-1.1-facts,2026-10-02
What hotels are within walking distance of the Long Beach Convention Center?,https://journeyed.ai/hotels/los-angeles/what-hotels-are-within-walking-distance-of-the-long-beach-convention-center/,Long Beach Convention Center,https://journeyed.ai/hotels/los-angeles/anchors/long-beach-convention-center/,,,"Hyatt Regency Long Beach is the top match for this question, 0.1 miles from Long Beach Convention Center. Luxury Inn Norwalk California Hotel and Fairmont Breakers Long Beach come next among 29 hotels compared within 0.8 miles.",29,0,settled-1.1-facts,2026-10-02
What hotels are within walking distance of the Redondo Beach Pier?,https://journeyed.ai/hotels/los-angeles/what-hotels-are-within-walking-distance-of-the-redondo-beach-pier/,Redondo Beach Pier,https://journeyed.ai/hotels/los-angeles/anchors/redondo-beach-pier/,,,"Holiday Inn is the top match for this question, 0.4 miles from Redondo Beach Pier. Sonesta Redondo Beach & Marina and Redondo Pier Inn come next among 11 hotels compared within 0.8 miles.",11,0,settled-1.1-facts,2026-10-02
What hotels are within walking distance of the Santa Monica Pier?,https://journeyed.ai/hotels/los-angeles/what-hotels-are-within-walking-distance-of-the-santa-monica-pier/,Santa Monica Pier,https://journeyed.ai/hotels/los-angeles/anchors/santa-monica-pier/,,,"Sea Blue Hotel is the top match for this question, 0.2 miles from Santa Monica Pier. Regent Santa Monica Beach and Ocean Lodge Santa Monica Beach Hotel come next among 27 hotels compared within 0.8 miles.",27,0,settled-1.1-facts,2026-10-02
What hotels are within walking distance of UCLA?,https://journeyed.ai/hotels/los-angeles/what-hotels-are-within-walking-distance-of-ucla/,UCLA,https://journeyed.ai/hotels/los-angeles/anchors/ucla/,,,"UCLA Saxon Suites is the top match for this question, 0.3 miles from UCLA. UCLA Guest House and Hilgard Homes come next among 10 hotels compared within 0.8 miles.",10,0,settled-1.1-facts,2026-10-02
What hotels are within walking distance of Venice Beach?,https://journeyed.ai/hotels/los-angeles/what-hotels-are-within-walking-distance-of-venice-beach/,Venice Beach,https://journeyed.ai/hotels/los-angeles/anchors/venice-beach/,,,"Venice on the Beach Hotel is the top match for this question, 0.1 miles from Venice Beach. The Venice Beach House and Venice/Marina Beachfront Bungalow come next among 22 hotels compared within 0.8 miles.",22,0,settled-1.1-facts,2026-10-02
What hotels in Beverly Hills are good for families?,https://journeyed.ai/hotels/los-angeles/what-hotels-in-beverly-hills-are-good-for-families/,Beverly Hills,https://journeyed.ai/hotels/los-angeles/anchors/beverly-hills/,,,"Fairmont Century Plaza is the top match for this question, 1.1 miles from Beverly Hills. L'Ermitage Beverly Hills and Beverly Hills Plaza Hotel & Spa come next among 69 hotels compared within 2 miles.",69,0,settled-1.1-facts,2026-10-02
"What hotels in Beverly Hills have parking, and what does it cost?",https://journeyed.ai/hotels/los-angeles/what-hotels-in-beverly-hills-have-parking-and-what-does-it-cost/,Beverly Hills,https://journeyed.ai/hotels/los-angeles/anchors/beverly-hills/,,,"Mosaic Hotel is the top match for this question, 0.5 miles from Beverly Hills. L'Ermitage Beverly Hills and Fairmont Century Plaza come next among 68 hotels compared within 2 miles.",12,56,settled-1.1-facts,2026-10-02
What hotels in Downtown LA are good for families?,https://journeyed.ai/hotels/los-angeles/what-hotels-in-downtown-la-are-good-for-families/,Downtown Los Angeles,https://journeyed.ai/hotels/los-angeles/anchors/downtown-la/,,,"Hotel Per La, Autograph Collection is the top match for this question, 0.2 miles from Downtown Los Angeles. Downtown LA Proper Hotel and Stile Downtown Los Angeles By Kasa come next among 157 hotels compared within 2 miles.",157,0,settled-1.1-facts,2026-10-02
"What hotels in Downtown LA have parking, and what does it cost?",https://journeyed.ai/hotels/los-angeles/what-hotels-in-downtown-la-have-parking-and-what-does-it-cost/,Downtown Los Angeles,https://journeyed.ai/hotels/los-angeles/anchors/downtown-la/,,,"Hotel Clark is the top match for this question, 0.2 miles from Downtown Los Angeles. The Audemar Hotel and Kawada Hotel come next among 156 hotels compared within 2 miles.",14,142,settled-1.1-facts,2026-10-02
What hotels in Hollywood are good for families?,https://journeyed.ai/hotels/los-angeles/what-hotels-in-hollywood-are-good-for-families/,Hollywood,https://journeyed.ai/hotels/los-angeles/anchors/hollywood/,,,"Hollywood Hills Hotel is the top match for this question, 0.9 miles from Hollywood. Magic Castle Hotel and Highland Gardens Hotel come next among 123 hotels compared within 2 miles.",123,0,settled-1.1-facts,2026-10-02
"What hotels in Hollywood have parking, and what does it cost?",https://journeyed.ai/hotels/los-angeles/what-hotels-in-hollywood-have-parking-and-what-does-it-cost/,Hollywood,https://journeyed.ai/hotels/los-angeles/anchors/hollywood/,,,"Lexen Hotel is the top match for this question, 0.7 miles from Hollywood. Kimpton Everly Hotel and Hollywood Hills Suites come next among 123 hotels compared within 2 miles.",17,106,settled-1.1-facts,2026-10-02
"What hotels in Inglewood have parking, and what does it cost?",https://journeyed.ai/hotels/los-angeles/what-hotels-in-inglewood-have-parking-and-what-does-it-cost/,Inglewood,https://journeyed.ai/hotels/los-angeles/anchors/inglewood/,,,"Geneva Motel is the top match for this question, 0.6 miles from Inglewood. LA Adventure Hotel and Holly Crest Hotel come next among 68 hotels compared within 2 miles.",13,55,settled-1.1-facts,2026-10-02
What hotels in Santa Monica are good for families?,https://journeyed.ai/hotels/los-angeles/what-hotels-in-santa-monica-are-good-for-families/,Santa Monica,https://journeyed.ai/hotels/los-angeles/anchors/santa-monica/,,,"Regent Santa Monica Beach is the top match for this question, 0.7 miles from Santa Monica. Cal Mar Hotel Suites and Shutters on the Beach come next among 65 hotels compared within 2 miles.",65,0,settled-1.1-facts,2026-10-02
"What hotels in Santa Monica have parking, and what does it cost?",https://journeyed.ai/hotels/los-angeles/what-hotels-in-santa-monica-have-parking-and-what-does-it-cost/,Santa Monica,https://journeyed.ai/hotels/los-angeles/anchors/santa-monica/,,,"Hotel Carmel is the top match for this question, 0.5 miles from Santa Monica. The Pierside Santa Monica and Cal Mar Hotel Suites come next among 63 hotels compared within 2 miles.",13,50,settled-1.1-facts,2026-10-02
"What hotels in Venice have parking, and what does it cost?",https://journeyed.ai/hotels/los-angeles/what-hotels-in-venice-have-parking-and-what-does-it-cost/,Venice,https://journeyed.ai/hotels/los-angeles/anchors/venice/,,,"Hotel Erwin is the top match for this question, 0.6 miles from Venice. Marina Seven Motel and Ocean Park Inn come next among 73 hotels compared within 2 miles.",13,60,settled-1.1-facts,2026-10-02
What hotels in West Hollywood are good for families?,https://journeyed.ai/hotels/los-angeles/what-hotels-in-west-hollywood-are-good-for-families/,West Hollywood,https://journeyed.ai/hotels/los-angeles/anchors/west-hollywood/,,,"1 Hotel is the top match for this question, 0.4 miles from West Hollywood. Le Parc at Melrose and Hotel 850 SVB come next among 96 hotels compared within 2 miles.",96,0,settled-1.1-facts,2026-10-02
"What hotels in West Hollywood have parking, and what does it cost?",https://journeyed.ai/hotels/los-angeles/what-hotels-in-west-hollywood-have-parking-and-what-does-it-cost/,West Hollywood,https://journeyed.ai/hotels/los-angeles/anchors/west-hollywood/,,,"1 Hotel is the top match for this question, 0.4 miles from West Hollywood. Chamberlain West Hollywood Hotel and Ramada Plaza come next among 95 hotels compared within 2 miles.",16,79,settled-1.1-facts,2026-10-02
What hotels near Angel Stadium are good for a concert or game night?,https://journeyed.ai/hotels/los-angeles/what-hotels-near-angel-stadium-are-good-for-a-concert-or-game-night/,Angel Stadium,https://journeyed.ai/hotels/los-angeles/anchors/angel-stadium/,,,"Castaway Motel is the top match for this question, 1.0 miles from Angel Stadium. Queens Inn Anaheim near The Park & Convention Center and The Viv Hotel, Anaheim, a Tribute Portfolio Hotel come next among 174 hotels compared within 3 miles.",174,0,settled-1.1-facts,2026-10-02
What hotels near Angel Stadium are good for families?,https://journeyed.ai/hotels/los-angeles/what-hotels-near-angel-stadium-are-good-for-families/,Angel Stadium,https://journeyed.ai/hotels/los-angeles/anchors/angel-stadium/,,,"Hilton Garden Inn Anaheim Resort is the top match for this question, 1.9 miles from Angel Stadium. Desert Palms Hotel and Suites and Park Vue Inn come next among 174 hotels compared within 3 miles.",174,0,settled-1.1-facts,2026-10-02
What hotels near Angel Stadium have a 24-hour front desk?,https://journeyed.ai/hotels/los-angeles/what-hotels-near-angel-stadium-have-a-24-hour-front-desk/,Angel Stadium,https://journeyed.ai/hotels/los-angeles/anchors/angel-stadium/,,,"Castaway Motel is the top match for this question, 1.0 miles from Angel Stadium. Stanford Inn & Suites and Queens Inn Anaheim near The Park & Convention Center come next among 174 hotels compared within 3 miles.",12,162,settled-1.1-facts,2026-10-02
What hotels near Angel Stadium have a heated pool?,https://journeyed.ai/hotels/los-angeles/what-hotels-near-angel-stadium-have-a-heated-pool/,Angel Stadium,https://journeyed.ai/hotels/los-angeles/anchors/angel-stadium/,,,"Cortona Inn and Suites is the top match for this question, 2.0 miles from Angel Stadium. Stanford Inn & Suites and Anaheim Islander Inn and Suites come next among 174 hotels compared within 3 miles.",14,160,settled-1.1-facts,2026-10-02
What hotels near Angel Stadium have a pool and free breakfast?,https://journeyed.ai/hotels/los-angeles/what-hotels-near-angel-stadium-have-a-pool-and-free-breakfast/,Angel Stadium,https://journeyed.ai/hotels/los-angeles/anchors/angel-stadium/,,,"Hilton Garden Inn Anaheim Resort is the top match for this question, 1.9 miles from Angel Stadium. Desert Palms Hotel and Suites and Lemon Tree Hotel and suites come next among 173 hotels compared within 3 miles.",13,160,settled-1.1-facts,2026-10-02
What hotels near Angel Stadium have a pool?,https://journeyed.ai/hotels/los-angeles/what-hotels-near-angel-stadium-have-a-pool/,Angel Stadium,https://journeyed.ai/hotels/los-angeles/anchors/angel-stadium/,,,"The Viv Hotel, Anaheim, a Tribute Portfolio Hotel is the top match for this question, 1.5 miles from Angel Stadium. Anaheim Islander Inn and Suites and Americas Best Value Inn & Suites Anaheim Convention Center come next among 174 hotels compared within 3 miles.",27,147,settled-1.1-facts,2026-10-02
What hotels near Angel Stadium have a roll-in shower?,https://journeyed.ai/hotels/los-angeles/what-hotels-near-angel-stadium-have-a-roll-in-shower/,Angel Stadium,https://journeyed.ai/hotels/los-angeles/anchors/angel-stadium/,,,"Big A Motel is the top match for this question, 1.7 miles from Angel Stadium. Anaheim Islander Inn and Suites and Kings Inn Anaheim at The Park & Convention Center come next among 174 hotels compared within 3 miles.",14,160,settled-1.1-facts,2026-10-02
What hotels near Angel Stadium have accessible rooms?,https://journeyed.ai/hotels/los-angeles/what-hotels-near-angel-stadium-have-accessible-rooms/,Angel Stadium,https://journeyed.ai/hotels/los-angeles/anchors/angel-stadium/,,,"Days Inn is the top match for this question, 1.4 miles from Angel Stadium. Big A Motel and Anaheim Islander Inn and Suites come next among 174 hotels compared within 3 miles.",23,151,settled-1.1-facts,2026-10-02
What hotels near Angel Stadium have free parking?,https://journeyed.ai/hotels/los-angeles/what-hotels-near-angel-stadium-have-free-parking/,Angel Stadium,https://journeyed.ai/hotels/los-angeles/anchors/angel-stadium/,,,"Castaway Motel is the top match for this question, 1.0 miles from Angel Stadium. Big A Motel and Anaheim Islander Inn and Suites come next among 165 hotels compared within 3 miles.",11,154,settled-1.1-facts,2026-10-02
What hotels near Angel Stadium have free Wi-Fi?,https://journeyed.ai/hotels/los-angeles/what-hotels-near-angel-stadium-have-free-wi-fi/,Angel Stadium,https://journeyed.ai/hotels/los-angeles/anchors/angel-stadium/,,,"Castaway Motel is the top match for this question, 1.0 miles from Angel Stadium. Days Inn and The Viv Hotel, Anaheim, a Tribute Portfolio Hotel come next among 174 hotels compared within 3 miles.",32,142,settled-1.1-facts,2026-10-02
"What hotels near Angel Stadium have parking, and what does it cost?",https://journeyed.ai/hotels/los-angeles/what-hotels-near-angel-stadium-have-parking-and-what-does-it-cost/,Angel Stadium,https://journeyed.ai/hotels/los-angeles/anchors/angel-stadium/,,,"The Viv Hotel, Anaheim, a Tribute Portfolio Hotel is the top match for this question, 1.5 miles from Angel Stadium. Great Wolf Lodge | Southern California and Castaway Motel come next among 174 hotels compared within 3 miles.",26,148,settled-1.1-facts,2026-10-02
What hotels near Burbank Airport have a 24-hour front desk?,https://journeyed.ai/hotels/los-angeles/what-hotels-near-burbank-airport-have-a-24-hour-front-desk/,Hollywood Burbank Airport,https://journeyed.ai/hotels/los-angeles/anchors/burbank-airport/,34.20069,-118.35867,"Economy Inn - Burbank Airport is the top match for this question, 1.6 miles from Hollywood Burbank Airport. Colony Inn and Portofino Inn Burbank come next among 76 hotels compared within 5 miles.",10,66,settled-1.1-facts,2026-10-02
"What hotels near Burbank Airport have parking, and what does it cost?",https://journeyed.ai/hotels/los-angeles/what-hotels-near-burbank-airport-have-parking-and-what-does-it-cost/,Hollywood Burbank Airport,https://journeyed.ai/hotels/los-angeles/anchors/burbank-airport/,34.20069,-118.35867,"Economy Inn - Burbank Airport is the top match for this question, 1.6 miles from Hollywood Burbank Airport. Colony Inn and Portofino Inn Burbank come next among 76 hotels compared within 5 miles.",12,64,settled-1.1-facts,2026-10-02
What hotels near Cedars-Sinai Medical Center have a roll-in shower?,https://journeyed.ai/hotels/los-angeles/what-hotels-near-cedars-sinai-medical-center-have-a-roll-in-shower/,Cedars-Sinai Medical Center,https://journeyed.ai/hotels/los-angeles/anchors/cedars-sinai/,,,"Sofitel Los Angeles at Beverly Hills is the top match for this question, 0.2 miles from Cedars-Sinai Medical Center. Le Parc at Melrose and Hotel 850 SVB come next among 150 hotels compared within 3 miles.",10,140,settled-1.1-facts,2026-10-02
"What hotels near Cedars-Sinai Medical Center have parking, and what does it cost?",https://journeyed.ai/hotels/los-angeles/what-hotels-near-cedars-sinai-medical-center-have-parking-and-what-does-it-cost/,Cedars-Sinai Medical Center,https://journeyed.ai/hotels/los-angeles/anchors/cedars-sinai/,,,"Elan Hotel is the top match for this question, 0.4 miles from Cedars-Sinai Medical Center. L'Ermitage Beverly Hills and Montrose at Beverly Hills come next among 149 hotels compared within 3 miles.",20,129,settled-1.1-facts,2026-10-02
What hotels near Crypto.com Arena allow pets?,https://journeyed.ai/hotels/los-angeles/what-hotels-near-crypto-com-arena-allow-pets/,Crypto.com Arena,https://journeyed.ai/hotels/los-angeles/anchors/crypto-com-arena/,,,"Hotel Figueroa is the top match for this question, 0.3 miles from Crypto.com Arena. The Wayfarer Downtown LA, Tapestry Collection by Hilton and Downtown LA Proper Hotel come next among 212 hotels compared within 3 miles.",14,198,settled-1.1-facts,2026-10-02
What hotels near Crypto.com Arena are good for a concert or game night?,https://journeyed.ai/hotels/los-angeles/what-hotels-near-crypto-com-arena-are-good-for-a-concert-or-game-night/,Crypto.com Arena,https://journeyed.ai/hotels/los-angeles/anchors/crypto-com-arena/,,,"Hotel Figueroa is the top match for this question, 0.3 miles from Crypto.com Arena. Downtown LA Proper Hotel and My Sunshine Hotel come next among 139 hotels compared within 1.5 miles.",139,0,settled-1.1-facts,2026-10-02
What hotels near Crypto.com Arena are good for families?,https://journeyed.ai/hotels/los-angeles/what-hotels-near-crypto-com-arena-are-good-for-families/,Crypto.com Arena,https://journeyed.ai/hotels/los-angeles/anchors/crypto-com-arena/,,,"Downtown LA Proper Hotel is the top match for this question, 0.5 miles from Crypto.com Arena. Hotel Per La, Autograph Collection and Stile Downtown Los Angeles By Kasa come next among 220 hotels compared within 3 miles.",220,0,settled-1.1-facts,2026-10-02
What hotels near Crypto.com Arena have a 24-hour front desk?,https://journeyed.ai/hotels/los-angeles/what-hotels-near-crypto-com-arena-have-a-24-hour-front-desk/,Crypto.com Arena,https://journeyed.ai/hotels/los-angeles/anchors/crypto-com-arena/,,,"Downtown LA Proper Hotel is the top match for this question, 0.5 miles from Crypto.com Arena. Stuart Hotel and Hollywood Inn Express South come next among 220 hotels compared within 3 miles.",10,210,settled-1.1-facts,2026-10-02
What hotels near Crypto.com Arena have a roll-in shower?,https://journeyed.ai/hotels/los-angeles/what-hotels-near-crypto-com-arena-have-a-roll-in-shower/,Crypto.com Arena,https://journeyed.ai/hotels/los-angeles/anchors/crypto-com-arena/,,,"Hotel Figueroa is the top match for this question, 0.3 miles from Crypto.com Arena. The Wayfarer Downtown LA, Tapestry Collection by Hilton and Downtown LA Proper Hotel come next among 220 hotels compared within 3 miles.",12,208,settled-1.1-facts,2026-10-02
What hotels near Crypto.com Arena have free Wi-Fi?,https://journeyed.ai/hotels/los-angeles/what-hotels-near-crypto-com-arena-have-free-wi-fi/,Crypto.com Arena,https://journeyed.ai/hotels/los-angeles/anchors/crypto-com-arena/,,,"E-Central Downtown Los Angeles Hotel is the top match for this question, 0.2 miles from Crypto.com Arena. Hotel Figueroa and Downtown LA Proper Hotel come next among 219 hotels compared within 3 miles.",25,194,settled-1.1-facts,2026-10-02
What hotels near Crypto.com Arena have meeting space?,https://journeyed.ai/hotels/los-angeles/what-hotels-near-crypto-com-arena-have-meeting-space/,Crypto.com Arena,https://journeyed.ai/hotels/los-angeles/anchors/crypto-com-arena/,,,"Downtown LA Proper Hotel is the top match for this question, 0.5 miles from Crypto.com Arena. Hotel Per La, Autograph Collection and The Delphi Downtown LA come next among 220 hotels compared within 3 miles.",14,206,settled-1.1-facts,2026-10-02
"What hotels near Crypto.com Arena have parking, and what does it cost?",https://journeyed.ai/hotels/los-angeles/what-hotels-near-crypto-com-arena-have-parking-and-what-does-it-cost/,Crypto.com Arena,https://journeyed.ai/hotels/los-angeles/anchors/crypto-com-arena/,,,"Hotel Normandie LA is the top match for this question, 2.4 miles from Crypto.com Arena. Hotel Figueroa and My Sunshine Hotel come next among 219 hotels compared within 3 miles.",20,199,settled-1.1-facts,2026-10-02
What hotels near Disneyland are good for families?,https://journeyed.ai/hotels/los-angeles/what-hotels-near-disneyland-are-good-for-families/,Disneyland Resort,https://journeyed.ai/hotels/los-angeles/anchors/disneyland/,,,"Park Vue Inn is the top match for this question, 0.4 miles from Disneyland Resort. Hilton Garden Inn Anaheim Resort and Desert Palms Hotel and Suites come next among 177 hotels compared within 3 miles.",177,0,settled-1.1-facts,2026-10-02
What hotels near Disneyland have a 24-hour front desk?,https://journeyed.ai/hotels/los-angeles/what-hotels-near-disneyland-have-a-24-hour-front-desk/,Disneyland Resort,https://journeyed.ai/hotels/los-angeles/anchors/disneyland/,,,"Camelot Inn and Suites is the top match for this question, 0.3 miles from Disneyland Resort. Tropicana Inn & Suites and Alamo Inn and Suites come next among 177 hotels compared within 3 miles.",11,166,settled-1.1-facts,2026-10-02
What hotels near Disneyland have a guest laundry?,https://journeyed.ai/hotels/los-angeles/what-hotels-near-disneyland-have-a-guest-laundry/,Disneyland Resort,https://journeyed.ai/hotels/los-angeles/anchors/disneyland/,,,"Tropicana Inn & Suites is the top match for this question, 0.4 miles from Disneyland Resort. Park Vue Inn and Desert Palms Hotel and Suites come next among 177 hotels compared within 3 miles.",17,160,settled-1.1-facts,2026-10-02
What hotels near Disneyland have a heated pool?,https://journeyed.ai/hotels/los-angeles/what-hotels-near-disneyland-have-a-heated-pool/,Disneyland Resort,https://journeyed.ai/hotels/los-angeles/anchors/disneyland/,,,"Cortona Inn and Suites is the top match for this question, 1.1 miles from Disneyland Resort. Stanford Inn & Suites and Tropicana Inn & Suites come next among 177 hotels compared within 3 miles.",14,163,settled-1.1-facts,2026-10-02
What hotels near Disneyland have a pool and free breakfast?,https://journeyed.ai/hotels/los-angeles/what-hotels-near-disneyland-have-a-pool-and-free-breakfast/,Disneyland Resort,https://journeyed.ai/hotels/los-angeles/anchors/disneyland/,,,"Hilton Garden Inn Anaheim Resort is the top match for this question, 0.4 miles from Disneyland Resort. Desert Palms Hotel and Suites and Lemon Tree Hotel and suites come next among 176 hotels compared within 3 miles.",15,161,settled-1.1-facts,2026-10-02
What hotels near Disneyland have a pool?,https://journeyed.ai/hotels/los-angeles/what-hotels-near-disneyland-have-a-pool/,Disneyland Resort,https://journeyed.ai/hotels/los-angeles/anchors/disneyland/,,,"Camelot Inn and Suites is the top match for this question, 0.3 miles from Disneyland Resort. Tropicana Inn & Suites and Travelodge Inn & Suites come next among 177 hotels compared within 3 miles.",29,148,settled-1.1-facts,2026-10-02
What hotels near Disneyland have a roll-in shower?,https://journeyed.ai/hotels/los-angeles/what-hotels-near-disneyland-have-a-roll-in-shower/,Disneyland Resort,https://journeyed.ai/hotels/los-angeles/anchors/disneyland/,,,"Camelot Inn and Suites is the top match for this question, 0.3 miles from Disneyland Resort. Tropicana Inn & Suites and Park Vue Inn come next among 177 hotels compared within 3 miles.",13,164,settled-1.1-facts,2026-10-02
What hotels near Disneyland have accessible rooms?,https://journeyed.ai/hotels/los-angeles/what-hotels-near-disneyland-have-accessible-rooms/,Disneyland Resort,https://journeyed.ai/hotels/los-angeles/anchors/disneyland/,,,"Camelot Inn and Suites is the top match for this question, 0.3 miles from Disneyland Resort. Tropicana Inn & Suites and Park Vue Inn come next among 177 hotels compared within 3 miles.",23,154,settled-1.1-facts,2026-10-02
What hotels near Disneyland have both free breakfast and free parking?,https://journeyed.ai/hotels/los-angeles/what-hotels-near-disneyland-have-both-free-breakfast-and-free-parking/,Disneyland Resort,https://journeyed.ai/hotels/los-angeles/anchors/disneyland/,,,"Travelodge Inn & Suites is the top match for this question, 0.4 miles from Disneyland Resort. Candy Cane Inn and Americas Best Value Inn & Suites Anaheim Convention Center come next among 167 hotels compared within 3 miles.",7,160,settled-1.1-facts,2026-10-02
What hotels near Disneyland have free parking?,https://journeyed.ai/hotels/los-angeles/what-hotels-near-disneyland-have-free-parking/,Disneyland Resort,https://journeyed.ai/hotels/los-angeles/anchors/disneyland/,,,"Travelodge Inn & Suites is the top match for this question, 0.4 miles from Disneyland Resort. Candy Cane Inn and Castle Inn & Suites come next among 168 hotels compared within 3 miles.",12,156,settled-1.1-facts,2026-10-02
What hotels near Disneyland have free Wi-Fi?,https://journeyed.ai/hotels/los-angeles/what-hotels-near-disneyland-have-free-wi-fi/,Disneyland Resort,https://journeyed.ai/hotels/los-angeles/anchors/disneyland/,,,"Camelot Inn and Suites is the top match for this question, 0.3 miles from Disneyland Resort. Tropicana Inn & Suites and Travelodge Inn & Suites come next among 177 hotels compared within 3 miles.",31,146,settled-1.1-facts,2026-10-02
"What hotels near Disneyland have parking, and what does it cost?",https://journeyed.ai/hotels/los-angeles/what-hotels-near-disneyland-have-parking-and-what-does-it-cost/,Disneyland Resort,https://journeyed.ai/hotels/los-angeles/anchors/disneyland/,,,"The Viv Hotel, Anaheim, a Tribute Portfolio Hotel is the top match for this question, 0.8 miles from Disneyland Resort. Great Wolf Lodge | Southern California and Travelodge Inn & Suites come next among 177 hotels compared within 3 miles.",27,150,settled-1.1-facts,2026-10-02
What hotels near Dodger Stadium are good for a concert or game night?,https://journeyed.ai/hotels/los-angeles/what-hotels-near-dodger-stadium-are-good-for-a-concert-or-game-night/,Dodger Stadium,https://journeyed.ai/hotels/los-angeles/anchors/dodger-stadium/,,,"The Lexmar - Dodger Stadium/hollywood is the top match for this question, 1.5 miles from Dodger Stadium. Metro Plaza Hotel and Super 8 come next among 179 hotels compared within 3 miles.",179,0,settled-1.1-facts,2026-10-02
What hotels near Dodger Stadium are good for families?,https://journeyed.ai/hotels/los-angeles/what-hotels-near-dodger-stadium-are-good-for-families/,Dodger Stadium,https://journeyed.ai/hotels/los-angeles/anchors/dodger-stadium/,,,"Hotel Per La, Autograph Collection is the top match for this question, 2.0 miles from Dodger Stadium. Downtown LA Proper Hotel and Stile Downtown Los Angeles By Kasa come next among 179 hotels compared within 3 miles.",179,0,settled-1.1-facts,2026-10-02
"What hotels near Dodger Stadium have parking, and what does it cost?",https://journeyed.ai/hotels/los-angeles/what-hotels-near-dodger-stadium-have-parking-and-what-does-it-cost/,Dodger Stadium,https://journeyed.ai/hotels/los-angeles/anchors/dodger-stadium/,,,"The Lexmar - Dodger Stadium/hollywood is the top match for this question, 1.5 miles from Dodger Stadium. Kawada Hotel and Hotel Clark come next among 178 hotels compared within 3 miles.",15,163,settled-1.1-facts,2026-10-02
What hotels near Griffith Observatory are good for families?,https://journeyed.ai/hotels/los-angeles/what-hotels-near-griffith-observatory-are-good-for-families/,Griffith Observatory,https://journeyed.ai/hotels/los-angeles/anchors/griffith-observatory/,,,"Hollywood Inn Express North is the top match for this question, 1.1 miles from Griffith Observatory. The Dixie Hollywood Hotel and The Steady come next among 137 hotels compared within 3 miles.",137,0,settled-1.1-facts,2026-10-02
"What hotels near Griffith Observatory have parking, and what does it cost?",https://journeyed.ai/hotels/los-angeles/what-hotels-near-griffith-observatory-have-parking-and-what-does-it-cost/,Griffith Observatory,https://journeyed.ai/hotels/los-angeles/anchors/griffith-observatory/,,,"Lexen Hotel is the top match for this question, 2.2 miles from Griffith Observatory. The Dixie Hollywood Hotel and Roxy Hotel come next among 137 hotels compared within 3 miles.",17,120,settled-1.1-facts,2026-10-02
What hotels near Honda Center are good for families?,https://journeyed.ai/hotels/los-angeles/what-hotels-near-honda-center-are-good-for-families/,Honda Center,https://journeyed.ai/hotels/los-angeles/anchors/honda-center/,,,"Hilton Garden Inn Anaheim Resort is the top match for this question, 2.1 miles from Honda Center. Park Vue Inn and Desert Palms Hotel and Suites come next among 168 hotels compared within 3 miles.",168,0,settled-1.1-facts,2026-10-02
What hotels near Honda Center have a 24-hour front desk?,https://journeyed.ai/hotels/los-angeles/what-hotels-near-honda-center-have-a-24-hour-front-desk/,Honda Center,https://journeyed.ai/hotels/los-angeles/anchors/honda-center/,,,"Castaway Motel is the top match for this question, 1.4 miles from Honda Center. Tropicana Inn & Suites and Camelot Inn and Suites come next among 168 hotels compared within 3 miles.",12,156,settled-1.1-facts,2026-10-02
What hotels near Honda Center have a heated pool?,https://journeyed.ai/hotels/los-angeles/what-hotels-near-honda-center-have-a-heated-pool/,Honda Center,https://journeyed.ai/hotels/los-angeles/anchors/honda-center/,,,"Cortona Inn and Suites is the top match for this question, 2.4 miles from Honda Center. Stanford Inn & Suites and Hilton Garden Inn Anaheim Resort come next among 168 hotels compared within 3 miles.",14,154,settled-1.1-facts,2026-10-02
What hotels near Honda Center have a pool and free breakfast?,https://journeyed.ai/hotels/los-angeles/what-hotels-near-honda-center-have-a-pool-and-free-breakfast/,Honda Center,https://journeyed.ai/hotels/los-angeles/anchors/honda-center/,,,"Hilton Garden Inn Anaheim Resort is the top match for this question, 2.1 miles from Honda Center. Desert Palms Hotel and Suites and Lemon Tree Hotel and suites come next among 167 hotels compared within 3 miles.",13,154,settled-1.1-facts,2026-10-02
What hotels near Honda Center have a pool?,https://journeyed.ai/hotels/los-angeles/what-hotels-near-honda-center-have-a-pool/,Honda Center,https://journeyed.ai/hotels/los-angeles/anchors/honda-center/,,,"The Viv Hotel, Anaheim, a Tribute Portfolio Hotel is the top match for this question, 1.7 miles from Honda Center. Hilton Garden Inn Anaheim Resort and Kings Inn Anaheim at The Park & Convention Center come next among 168 hotels compared within 3 miles.",26,142,settled-1.1-facts,2026-10-02
What hotels near Honda Center have a roll-in shower?,https://journeyed.ai/hotels/los-angeles/what-hotels-near-honda-center-have-a-roll-in-shower/,Honda Center,https://journeyed.ai/hotels/los-angeles/anchors/honda-center/,,,"Big A Motel is the top match for this question, 1.3 miles from Honda Center. Kings Inn Anaheim at The Park & Convention Center and Anaheim Islander Inn and Suites come next among 168 hotels compared within 3 miles.",14,154,settled-1.1-facts,2026-10-02
What hotels near Honda Center have accessible rooms?,https://journeyed.ai/hotels/los-angeles/what-hotels-near-honda-center-have-accessible-rooms/,Honda Center,https://journeyed.ai/hotels/los-angeles/anchors/honda-center/,,,"Big A Motel is the top match for this question, 1.3 miles from Honda Center. Days Inn and Kings Inn Anaheim at The Park & Convention Center come next among 168 hotels compared within 3 miles.",23,145,settled-1.1-facts,2026-10-02
What hotels near Honda Center have free parking?,https://journeyed.ai/hotels/los-angeles/what-hotels-near-honda-center-have-free-parking/,Honda Center,https://journeyed.ai/hotels/los-angeles/anchors/honda-center/,,,"Big A Motel is the top match for this question, 1.3 miles from Honda Center. Castaway Motel and Americas Best Value Inn & Suites Anaheim Convention Center come next among 159 hotels compared within 3 miles.",11,148,settled-1.1-facts,2026-10-02
What hotels near Honda Center have free Wi-Fi?,https://journeyed.ai/hotels/los-angeles/what-hotels-near-honda-center-have-free-wi-fi/,Honda Center,https://journeyed.ai/hotels/los-angeles/anchors/honda-center/,,,"Big A Motel is the top match for this question, 1.3 miles from Honda Center. Castaway Motel and Days Inn come next among 168 hotels compared within 3 miles.",31,137,settled-1.1-facts,2026-10-02
"What hotels near Honda Center have parking, and what does it cost?",https://journeyed.ai/hotels/los-angeles/what-hotels-near-honda-center-have-parking-and-what-does-it-cost/,Honda Center,https://journeyed.ai/hotels/los-angeles/anchors/honda-center/,,,"The Viv Hotel, Anaheim, a Tribute Portfolio Hotel is the top match for this question, 1.7 miles from Honda Center. Great Wolf Lodge | Southern California and Big A Motel come next among 168 hotels compared within 3 miles.",25,143,settled-1.1-facts,2026-10-02
What hotels near Intuit Dome are good for a concert or game night?,https://journeyed.ai/hotels/los-angeles/what-hotels-near-intuit-dome-are-good-for-a-concert-or-game-night/,Intuit Dome,https://journeyed.ai/hotels/los-angeles/anchors/intuit-dome/,,,"The Lum Hotel Los Angeles Stadium District is the top match for this question, 0.1 miles from Intuit Dome. Holly Crest Hotel and Tourist Lodge come next among 68 hotels compared within 2 miles.",68,0,settled-1.1-facts,2026-10-02
What hotels near Intuit Dome have a 24-hour front desk?,https://journeyed.ai/hotels/los-angeles/what-hotels-near-intuit-dome-have-a-24-hour-front-desk/,Intuit Dome,https://journeyed.ai/hotels/los-angeles/anchors/intuit-dome/,,,"Tourist Lodge is the top match for this question, 0.9 miles from Intuit Dome. Trend Hotel LAX and Geneva Motel come next among 111 hotels compared within 3 miles.",11,100,settled-1.1-facts,2026-10-02
What hotels near Intuit Dome have free parking?,https://journeyed.ai/hotels/los-angeles/what-hotels-near-intuit-dome-have-free-parking/,Intuit Dome,https://journeyed.ai/hotels/los-angeles/anchors/intuit-dome/,,,"Holly Crest Hotel is the top match for this question, 0.2 miles from Intuit Dome. LA Adventure Hotel and Crystal Inn Suites & Spas LAX come next among 111 hotels compared within 3 miles.",14,97,settled-1.1-facts,2026-10-02
What hotels near Intuit Dome have free Wi-Fi?,https://journeyed.ai/hotels/los-angeles/what-hotels-near-intuit-dome-have-free-wi-fi/,Intuit Dome,https://journeyed.ai/hotels/los-angeles/anchors/intuit-dome/,,,"The Lum Hotel Los Angeles Stadium District is the top match for this question, 0.1 miles from Intuit Dome. Holly Crest Hotel and LA Adventure Hotel come next among 111 hotels compared within 3 miles.",21,90,settled-1.1-facts,2026-10-02
"What hotels near Intuit Dome have parking, and what does it cost?",https://journeyed.ai/hotels/los-angeles/what-hotels-near-intuit-dome-have-parking-and-what-does-it-cost/,Intuit Dome,https://journeyed.ai/hotels/los-angeles/anchors/intuit-dome/,,,"The Lum Hotel Los Angeles Stadium District is the top match for this question, 0.1 miles from Intuit Dome. Holly Crest Hotel and LA Adventure Hotel come next among 111 hotels compared within 3 miles.",18,93,settled-1.1-facts,2026-10-02
What hotels near Knott's Berry Farm have free parking?,https://journeyed.ai/hotels/los-angeles/what-hotels-near-knotts-berry-farm-have-free-parking/,Knott's Berry Farm,https://journeyed.ai/hotels/los-angeles/anchors/knotts-berry-farm/,,,"The Buena Park Hotel & Suites is the top match for this question, 0.8 miles from Knott's Berry Farm. Motel 6 Anaheim- Ca - Buena Park and Travelodge come next among 76 hotels compared within 3 miles.",10,66,settled-1.1-facts,2026-10-02
"What hotels near Knott's Berry Farm have parking, and what does it cost?",https://journeyed.ai/hotels/los-angeles/what-hotels-near-knotts-berry-farm-have-parking-and-what-does-it-cost/,Knott's Berry Farm,https://journeyed.ai/hotels/los-angeles/anchors/knotts-berry-farm/,,,"The Buena Park Hotel & Suites is the top match for this question, 0.8 miles from Knott's Berry Farm. Motel 6 Anaheim- Ca - Buena Park and Travelodge come next among 76 hotels compared within 3 miles.",12,64,settled-1.1-facts,2026-10-02
What hotels near LAX are good for an early morning flight?,https://journeyed.ai/hotels/los-angeles/what-hotels-near-lax-are-good-for-an-early-morning-flight/,Los Angeles International Airport,https://journeyed.ai/hotels/los-angeles/anchors/lax/,33.9425,-118.40805,"Motel 6 is the top match for this question, 2.4 miles from Los Angeles International Airport. Geneva Motel and El Segundo Inn come next among 205 hotels compared within 5 miles.",16,189,settled-1.1-facts,2026-10-02
What hotels near LAX are good for families?,https://journeyed.ai/hotels/los-angeles/what-hotels-near-lax-are-good-for-families/,Los Angeles International Airport,https://journeyed.ai/hotels/los-angeles/anchors/lax/,33.9425,-118.40805,"Hotel Erwin is the top match for this question, 4.8 miles from Los Angeles International Airport. Embassy Suites by Hilton Los Angeles International Airport North and Sea View Inn at the Beach come next among 205 hotels compared within 5 miles.",205,0,settled-1.1-facts,2026-10-02
What hotels near LAX have a 24-hour front desk?,https://journeyed.ai/hotels/los-angeles/what-hotels-near-lax-have-a-24-hour-front-desk/,Los Angeles International Airport,https://journeyed.ai/hotels/los-angeles/anchors/lax/,33.9425,-118.40805,"Geneva Motel is the top match for this question, 3.0 miles from Los Angeles International Airport. El Segundo Inn and Trend Hotel LAX come next among 205 hotels compared within 5 miles.",16,189,settled-1.1-facts,2026-10-02
What hotels near LAX have a roll-in shower?,https://journeyed.ai/hotels/los-angeles/what-hotels-near-lax-have-a-roll-in-shower/,Los Angeles International Airport,https://journeyed.ai/hotels/los-angeles/anchors/lax/,33.9425,-118.40805,"Cambria Hotel is the top match for this question, 1.9 miles from Los Angeles International Airport. Geneva Motel and Trend Hotel LAX come next among 205 hotels compared within 5 miles.",14,191,settled-1.1-facts,2026-10-02
What hotels near LAX have accessible rooms?,https://journeyed.ai/hotels/los-angeles/what-hotels-near-lax-have-accessible-rooms/,Los Angeles International Airport,https://journeyed.ai/hotels/los-angeles/anchors/lax/,33.9425,-118.40805,"H Hotel Los Angeles, Curio Collection by Hilton is the top match for this question, 0.9 miles from Los Angeles International Airport. Embassy Suites by Hilton Los Angeles International Airport North and Cambria Hotel come next among 205 hotels compared within 5 miles.",23,182,settled-1.1-facts,2026-10-02
What hotels near LAX have free parking?,https://journeyed.ai/hotels/los-angeles/what-hotels-near-lax-have-free-parking/,Los Angeles International Airport,https://journeyed.ai/hotels/los-angeles/anchors/lax/,33.9425,-118.40805,"Geneva Motel is the top match for this question, 3.0 miles from Los Angeles International Airport. El Segundo Inn and Trend Hotel LAX come next among 202 hotels compared within 5 miles.",18,184,settled-1.1-facts,2026-10-02
What hotels near LAX have free Wi-Fi?,https://journeyed.ai/hotels/los-angeles/what-hotels-near-lax-have-free-wi-fi/,Los Angeles International Airport,https://journeyed.ai/hotels/los-angeles/anchors/lax/,33.9425,-118.40805,"H Hotel Los Angeles, Curio Collection by Hilton is the top match for this question, 0.9 miles from Los Angeles International Airport. Travelodge by Wyndham LAX and Embassy Suites by Hilton Los Angeles International Airport North come next among 205 hotels compared within 5 miles.",35,170,settled-1.1-facts,2026-10-02
"What hotels near LAX have parking, and what does it cost?",https://journeyed.ai/hotels/los-angeles/what-hotels-near-lax-have-parking-and-what-does-it-cost/,Los Angeles International Airport,https://journeyed.ai/hotels/los-angeles/anchors/lax/,33.9425,-118.40805,"Travelodge by Wyndham LAX is the top match for this question, 1.2 miles from Los Angeles International Airport. Cambria Hotel and Geneva Motel come next among 205 hotels compared within 5 miles.",31,174,settled-1.1-facts,2026-10-02
What hotels near Long Beach Airport have free parking?,https://journeyed.ai/hotels/los-angeles/what-hotels-near-long-beach-airport-have-free-parking/,Long Beach Airport,https://journeyed.ai/hotels/los-angeles/anchors/long-beach-airport/,33.81793,-118.15189,"Sea Rock Inn is the top match for this question, 2.0 miles from Long Beach Airport. Marina Motel and Monterey Motel come next among 138 hotels compared within 5 miles.",11,127,settled-1.1-facts,2026-10-02
"What hotels near Long Beach Airport have parking, and what does it cost?",https://journeyed.ai/hotels/los-angeles/what-hotels-near-long-beach-airport-have-parking-and-what-does-it-cost/,Long Beach Airport,https://journeyed.ai/hotels/los-angeles/anchors/long-beach-airport/,33.81793,-118.15189,"Sea Rock Inn is the top match for this question, 2.0 miles from Long Beach Airport. Marina Motel and Monterey Motel come next among 141 hotels compared within 5 miles.",16,125,settled-1.1-facts,2026-10-02
What hotels near Los Angeles Union Station are good for families?,https://journeyed.ai/hotels/los-angeles/what-hotels-near-los-angeles-union-station-are-good-for-families/,Los Angeles Union Station,https://journeyed.ai/hotels/los-angeles/anchors/union-station/,,,"Hotel Per La, Autograph Collection is the top match for this question, 1.3 miles from Los Angeles Union Station. Downtown LA Proper Hotel and Stile Downtown Los Angeles By Kasa come next among 171 hotels compared within 3 miles.",171,0,settled-1.1-facts,2026-10-02
"What hotels near Los Angeles Union Station have parking, and what does it cost?",https://journeyed.ai/hotels/los-angeles/what-hotels-near-los-angeles-union-station-have-parking-and-what-does-it-cost/,Los Angeles Union Station,https://journeyed.ai/hotels/los-angeles/anchors/union-station/,,,"Kawada Hotel is the top match for this question, 0.7 miles from Los Angeles Union Station. Hotel Clark and The Audemar Hotel come next among 170 hotels compared within 3 miles.",14,156,settled-1.1-facts,2026-10-02
What hotels near SoFi Stadium are good for a concert or game night?,https://journeyed.ai/hotels/los-angeles/what-hotels-near-sofi-stadium-are-good-for-a-concert-or-game-night/,SoFi Stadium,https://journeyed.ai/hotels/los-angeles/anchors/sofi-stadium/,,,"Geneva Motel is the top match for this question, 1.4 miles from SoFi Stadium. Tourist Lodge and The Lum Hotel Los Angeles Stadium District come next among 105 hotels compared within 3 miles.",105,0,settled-1.1-facts,2026-10-02
What hotels near SoFi Stadium can host a team and have parking?,https://journeyed.ai/hotels/los-angeles/what-hotels-near-sofi-stadium-can-host-a-team-and-have-parking/,SoFi Stadium,https://journeyed.ai/hotels/los-angeles/anchors/sofi-stadium/,,,"The Lum Hotel Los Angeles Stadium District is the top match for this question, 0.6 miles from SoFi Stadium. Holly Crest Hotel and LA Adventure Hotel come next among 105 hotels compared within 3 miles.",20,85,settled-1.1-facts,2026-10-02
What hotels near SoFi Stadium have a 24-hour front desk?,https://journeyed.ai/hotels/los-angeles/what-hotels-near-sofi-stadium-have-a-24-hour-front-desk/,SoFi Stadium,https://journeyed.ai/hotels/los-angeles/anchors/sofi-stadium/,,,"Geneva Motel is the top match for this question, 1.4 miles from SoFi Stadium. Tourist Lodge and Trend Hotel LAX come next among 105 hotels compared within 3 miles.",12,93,settled-1.1-facts,2026-10-02
What hotels near SoFi Stadium have free parking?,https://journeyed.ai/hotels/los-angeles/what-hotels-near-sofi-stadium-have-free-parking/,SoFi Stadium,https://journeyed.ai/hotels/los-angeles/anchors/sofi-stadium/,,,"Holly Crest Hotel is the top match for this question, 0.6 miles from SoFi Stadium. LA Adventure Hotel and Geneva Motel come next among 105 hotels compared within 3 miles.",15,90,settled-1.1-facts,2026-10-02
What hotels near SoFi Stadium have free Wi-Fi?,https://journeyed.ai/hotels/los-angeles/what-hotels-near-sofi-stadium-have-free-wi-fi/,SoFi Stadium,https://journeyed.ai/hotels/los-angeles/anchors/sofi-stadium/,,,"The Lum Hotel Los Angeles Stadium District is the top match for this question, 0.6 miles from SoFi Stadium. Holly Crest Hotel and LA Adventure Hotel come next among 105 hotels compared within 3 miles.",20,85,settled-1.1-facts,2026-10-02
"What hotels near SoFi Stadium have parking, and what does it cost?",https://journeyed.ai/hotels/los-angeles/what-hotels-near-sofi-stadium-have-parking-and-what-does-it-cost/,SoFi Stadium,https://journeyed.ai/hotels/los-angeles/anchors/sofi-stadium/,,,"The Lum Hotel Los Angeles Stadium District is the top match for this question, 0.6 miles from SoFi Stadium. Holly Crest Hotel and LA Adventure Hotel come next among 105 hotels compared within 3 miles.",20,85,settled-1.1-facts,2026-10-02
What hotels near SpaceX Headquarters have a 24-hour front desk?,https://journeyed.ai/hotels/los-angeles/what-hotels-near-spacex-headquarters-have-a-24-hour-front-desk/,SpaceX Headquarters,https://journeyed.ai/hotels/los-angeles/anchors/spacex-hawthorne/,,,"El Rancho Inn is the top match for this question, 0.8 miles from SpaceX Headquarters. Tourist Lodge and Los Angeles Inn and Suites come next among 116 hotels compared within 3 miles.",12,104,settled-1.1-facts,2026-10-02
What hotels near SpaceX Headquarters have free parking?,https://journeyed.ai/hotels/los-angeles/what-hotels-near-spacex-headquarters-have-free-parking/,SpaceX Headquarters,https://journeyed.ai/hotels/los-angeles/anchors/spacex-hawthorne/,,,"El Rancho Inn is the top match for this question, 0.8 miles from SpaceX Headquarters. Tourist Lodge and Encore Inn come next among 115 hotels compared within 3 miles.",14,101,settled-1.1-facts,2026-10-02
What hotels near SpaceX Headquarters have free Wi-Fi?,https://journeyed.ai/hotels/los-angeles/what-hotels-near-spacex-headquarters-have-free-wi-fi/,SpaceX Headquarters,https://journeyed.ai/hotels/los-angeles/anchors/spacex-hawthorne/,,,"El Rancho Inn is the top match for this question, 0.8 miles from SpaceX Headquarters. Tourist Lodge and Encore Inn come next among 116 hotels compared within 3 miles.",21,95,settled-1.1-facts,2026-10-02
What hotels near TCL Chinese Theatre are good for families?,https://journeyed.ai/hotels/los-angeles/what-hotels-near-tcl-chinese-theatre-are-good-for-families/,TCL Chinese Theatre,https://journeyed.ai/hotels/los-angeles/anchors/tcl-chinese-theatre/,,,"Magic Castle Hotel is the top match for this question, 0.2 miles from TCL Chinese Theatre. Highland Gardens Hotel and Fenix Hotel Hollywood come next among 189 hotels compared within 3 miles.",189,0,settled-1.1-facts,2026-10-02
What hotels near TCL Chinese Theatre have a roll-in shower?,https://journeyed.ai/hotels/los-angeles/what-hotels-near-tcl-chinese-theatre-have-a-roll-in-shower/,TCL Chinese Theatre,https://journeyed.ai/hotels/los-angeles/anchors/tcl-chinese-theatre/,,,"The Hollywood Grande, Autograph Collection is the top match for this question, 0.6 miles from TCL Chinese Theatre. Hotel West Inn Hollywood and The Hotel Hollywood come next among 189 hotels compared within 3 miles.",13,176,settled-1.1-facts,2026-10-02
What hotels near TCL Chinese Theatre have accessible rooms?,https://journeyed.ai/hotels/los-angeles/what-hotels-near-tcl-chinese-theatre-have-accessible-rooms/,TCL Chinese Theatre,https://journeyed.ai/hotels/los-angeles/anchors/tcl-chinese-theatre/,,,"Highland Gardens Hotel is the top match for this question, 0.2 miles from TCL Chinese Theatre. Hotel Rudra and Hollywood Hills Hotel come next among 189 hotels compared within 3 miles.",26,163,settled-1.1-facts,2026-10-02
What hotels near TCL Chinese Theatre have free Wi-Fi?,https://journeyed.ai/hotels/los-angeles/what-hotels-near-tcl-chinese-theatre-have-free-wi-fi/,TCL Chinese Theatre,https://journeyed.ai/hotels/los-angeles/anchors/tcl-chinese-theatre/,,,"Orange Drive Hostel is the top match for this question, 0.1 miles from TCL Chinese Theatre. Hollywood Celebrity Hotel and Highland Gardens Hotel come next among 189 hotels compared within 3 miles.",29,160,settled-1.1-facts,2026-10-02
"What hotels near TCL Chinese Theatre have parking, and what does it cost?",https://journeyed.ai/hotels/los-angeles/what-hotels-near-tcl-chinese-theatre-have-parking-and-what-does-it-cost/,TCL Chinese Theatre,https://journeyed.ai/hotels/los-angeles/anchors/tcl-chinese-theatre/,,,"Lexen Hotel is the top match for this question, 0.4 miles from TCL Chinese Theatre. Orange Drive Hostel and Hollywood Celebrity Hotel come next among 188 hotels compared within 3 miles.",27,161,settled-1.1-facts,2026-10-02
What hotels near the Anaheim Convention Center are good for families?,https://journeyed.ai/hotels/los-angeles/what-hotels-near-the-anaheim-convention-center-are-good-for-families/,Anaheim Convention Center,https://journeyed.ai/hotels/los-angeles/anchors/anaheim-convention-center/,,,"Desert Palms Hotel and Suites is the top match for this question, 0.3 miles from Anaheim Convention Center. Park Vue Inn and Hilton Garden Inn Anaheim Resort come next among 170 hotels compared within 3 miles.",170,0,settled-1.1-facts,2026-10-02
What hotels near the Anaheim Convention Center have a 24-hour front desk?,https://journeyed.ai/hotels/los-angeles/what-hotels-near-the-anaheim-convention-center-have-a-24-hour-front-desk/,Anaheim Convention Center,https://journeyed.ai/hotels/los-angeles/anchors/anaheim-convention-center/,,,"Alamo Inn and Suites is the top match for this question, 0.4 miles from Anaheim Convention Center. Queens Inn Anaheim near The Park & Convention Center and Stanford Inn & Suites come next among 170 hotels compared within 3 miles.",12,158,settled-1.1-facts,2026-10-02
What hotels near the Anaheim Convention Center have a guest laundry?,https://journeyed.ai/hotels/los-angeles/what-hotels-near-the-anaheim-convention-center-have-a-guest-laundry/,Anaheim Convention Center,https://journeyed.ai/hotels/los-angeles/anchors/anaheim-convention-center/,,,"Desert Palms Hotel and Suites is the top match for this question, 0.3 miles from Anaheim Convention Center. Park Vue Inn and Tropicana Inn & Suites come next among 170 hotels compared within 3 miles.",17,153,settled-1.1-facts,2026-10-02
What hotels near the Anaheim Convention Center have a heated pool?,https://journeyed.ai/hotels/los-angeles/what-hotels-near-the-anaheim-convention-center-have-a-heated-pool/,Anaheim Convention Center,https://journeyed.ai/hotels/los-angeles/anchors/anaheim-convention-center/,,,"Cortona Inn and Suites is the top match for this question, 0.3 miles from Anaheim Convention Center. Stanford Inn & Suites and Desert Palms Hotel and Suites come next among 170 hotels compared within 3 miles.",14,156,settled-1.1-facts,2026-10-02
What hotels near the Anaheim Convention Center have a pool and free breakfast?,https://journeyed.ai/hotels/los-angeles/what-hotels-near-the-anaheim-convention-center-have-a-pool-and-free-breakfast/,Anaheim Convention Center,https://journeyed.ai/hotels/los-angeles/anchors/anaheim-convention-center/,,,"Desert Palms Hotel and Suites is the top match for this question, 0.3 miles from Anaheim Convention Center. Hilton Garden Inn Anaheim Resort and Cortona Inn and Suites come next among 169 hotels compared within 3 miles.",13,156,settled-1.1-facts,2026-10-02
What hotels near the Anaheim Convention Center have a pool?,https://journeyed.ai/hotels/los-angeles/what-hotels-near-the-anaheim-convention-center-have-a-pool/,Anaheim Convention Center,https://journeyed.ai/hotels/los-angeles/anchors/anaheim-convention-center/,,,"Eden Roc Inn & Suites is the top match for this question, 0.2 miles from Anaheim Convention Center. Cortona Inn and Suites and Anaheim Discovery Inn & Suites at the Park come next among 170 hotels compared within 3 miles.",27,143,settled-1.1-facts,2026-10-02
What hotels near the Anaheim Convention Center have a roll-in shower?,https://journeyed.ai/hotels/los-angeles/what-hotels-near-the-anaheim-convention-center-have-a-roll-in-shower/,Anaheim Convention Center,https://journeyed.ai/hotels/los-angeles/anchors/anaheim-convention-center/,,,"Eden Roc Inn & Suites is the top match for this question, 0.2 miles from Anaheim Convention Center. Anaheim Discovery Inn & Suites at the Park and Anaheim Portofino Inn & Suites come next among 170 hotels compared within 3 miles.",13,157,settled-1.1-facts,2026-10-02
What hotels near the Anaheim Convention Center have accessible rooms?,https://journeyed.ai/hotels/los-angeles/what-hotels-near-the-anaheim-convention-center-have-accessible-rooms/,Anaheim Convention Center,https://journeyed.ai/hotels/los-angeles/anchors/anaheim-convention-center/,,,"Eden Roc Inn & Suites is the top match for this question, 0.2 miles from Anaheim Convention Center. Anaheim Discovery Inn & Suites at the Park and Anaheim Portofino Inn & Suites come next among 170 hotels compared within 3 miles.",25,145,settled-1.1-facts,2026-10-02
What hotels near the Anaheim Convention Center have both free breakfast and free parking?,https://journeyed.ai/hotels/los-angeles/what-hotels-near-the-anaheim-convention-center-have-both-free-breakfast-and-free-parking/,Anaheim Convention Center,https://journeyed.ai/hotels/los-angeles/anchors/anaheim-convention-center/,,,"Candy Cane Inn is the top match for this question, 0.4 miles from Anaheim Convention Center. Anaheim Islander Inn and Suites and Anaheim Carriage Inn come next among 161 hotels compared within 3 miles.",7,154,settled-1.1-facts,2026-10-02
What hotels near the Anaheim Convention Center have free parking?,https://journeyed.ai/hotels/los-angeles/what-hotels-near-the-anaheim-convention-center-have-free-parking/,Anaheim Convention Center,https://journeyed.ai/hotels/los-angeles/anchors/anaheim-convention-center/,,,"Anaheim Discovery Inn & Suites at the Park is the top match for this question, 0.3 miles from Anaheim Convention Center. Anaheim Portofino Inn & Suites and Candy Cane Inn come next among 162 hotels compared within 3 miles.",14,148,settled-1.1-facts,2026-10-02
What hotels near the Anaheim Convention Center have free Wi-Fi?,https://journeyed.ai/hotels/los-angeles/what-hotels-near-the-anaheim-convention-center-have-free-wi-fi/,Anaheim Convention Center,https://journeyed.ai/hotels/los-angeles/anchors/anaheim-convention-center/,,,"Eden Roc Inn & Suites is the top match for this question, 0.2 miles from Anaheim Convention Center. Cortona Inn and Suites and Anaheim Discovery Inn & Suites at the Park come next among 170 hotels compared within 3 miles.",32,138,settled-1.1-facts,2026-10-02
"What hotels near the Anaheim Convention Center have parking, and what does it cost?",https://journeyed.ai/hotels/los-angeles/what-hotels-near-the-anaheim-convention-center-have-parking-and-what-does-it-cost/,Anaheim Convention Center,https://journeyed.ai/hotels/los-angeles/anchors/anaheim-convention-center/,,,"The Viv Hotel, Anaheim, a Tribute Portfolio Hotel is the top match for this question, 1.0 miles from Anaheim Convention Center. Great Wolf Lodge | Southern California and Best Western Plus Stovall's Inn come next among 170 hotels compared within 3 miles.",28,142,settled-1.1-facts,2026-10-02
What hotels near the Grove are good for families?,https://journeyed.ai/hotels/los-angeles/what-hotels-near-the-grove-are-good-for-families/,The Grove,https://journeyed.ai/hotels/los-angeles/anchors/the-grove/,,,"Palihouse West Hollywood is the top match for this question, 0.9 miles from The Grove. Le Parc at Melrose and Level Los Angeles - Hollywood come next among 204 hotels compared within 3 miles.",204,0,settled-1.1-facts,2026-10-02
What hotels near the Grove have a fitness center?,https://journeyed.ai/hotels/los-angeles/what-hotels-near-the-grove-have-a-fitness-center/,The Grove,https://journeyed.ai/hotels/los-angeles/anchors/the-grove/,,,"Palihotel Melrose is the top match for this question, 0.8 miles from The Grove. Palihouse West Hollywood and Elan Hotel come next among 204 hotels compared within 3 miles.",21,183,settled-1.1-facts,2026-10-02
What hotels near the Grove have a heated pool?,https://journeyed.ai/hotels/los-angeles/what-hotels-near-the-grove-have-a-heated-pool/,The Grove,https://journeyed.ai/hotels/los-angeles/anchors/the-grove/,,,"Kimpton Everly Hotel is the top match for this question, 2.9 miles from The Grove. Le Parc at Melrose and Level Los Angeles - Hollywood come next among 204 hotels compared within 3 miles.",11,193,settled-1.1-facts,2026-10-02
What hotels near the Grove have a roll-in shower?,https://journeyed.ai/hotels/los-angeles/what-hotels-near-the-grove-have-a-roll-in-shower/,The Grove,https://journeyed.ai/hotels/los-angeles/anchors/the-grove/,,,"SureStay Hotel is the top match for this question, 0.3 miles from The Grove. Sofitel Los Angeles at Beverly Hills and Le Parc at Melrose come next among 204 hotels compared within 3 miles.",13,191,settled-1.1-facts,2026-10-02
What hotels near the Grove have accessible rooms?,https://journeyed.ai/hotels/los-angeles/what-hotels-near-the-grove-have-accessible-rooms/,The Grove,https://journeyed.ai/hotels/los-angeles/anchors/the-grove/,,,"SureStay Hotel is the top match for this question, 0.3 miles from The Grove. Elan Hotel and Sofitel Los Angeles at Beverly Hills come next among 204 hotels compared within 3 miles.",25,179,settled-1.1-facts,2026-10-02
What hotels near the Grove have free Wi-Fi?,https://journeyed.ai/hotels/los-angeles/what-hotels-near-the-grove-have-free-wi-fi/,The Grove,https://journeyed.ai/hotels/los-angeles/anchors/the-grove/,,,"SureStay Hotel is the top match for this question, 0.3 miles from The Grove. Palihotel Melrose and Palihouse West Hollywood come next among 204 hotels compared within 3 miles.",30,174,settled-1.1-facts,2026-10-02
"What hotels near the Grove have parking, and what does it cost?",https://journeyed.ai/hotels/los-angeles/what-hotels-near-the-grove-have-parking-and-what-does-it-cost/,The Grove,https://journeyed.ai/hotels/los-angeles/anchors/the-grove/,,,"Lexen Hotel is the top match for this question, 2.7 miles from The Grove. SureStay Hotel and Palihotel Melrose come next among 203 hotels compared within 3 miles.",29,174,settled-1.1-facts,2026-10-02
What hotels near the Hollywood Bowl are good for a concert or game night?,https://journeyed.ai/hotels/los-angeles/what-hotels-near-the-hollywood-bowl-are-good-for-a-concert-or-game-night/,Hollywood Bowl,https://journeyed.ai/hotels/los-angeles/anchors/hollywood-bowl/,,,"Lexen Hotel is the top match for this question, 0.4 miles from Hollywood Bowl. Hollywood Celebrity Hotel and Highland Gardens Hotel come next among 112 hotels compared within 2 miles.",112,0,settled-1.1-facts,2026-10-02
What hotels near the Hollywood Bowl are good for families?,https://journeyed.ai/hotels/los-angeles/what-hotels-near-the-hollywood-bowl-are-good-for-families/,Hollywood Bowl,https://journeyed.ai/hotels/los-angeles/anchors/hollywood-bowl/,,,"Hollywood Hills Hotel is the top match for this question, 0.5 miles from Hollywood Bowl. Magic Castle Hotel and Highland Gardens Hotel come next among 171 hotels compared within 3 miles.",171,0,settled-1.1-facts,2026-10-02
What hotels near the Hollywood Bowl have a roll-in shower?,https://journeyed.ai/hotels/los-angeles/what-hotels-near-the-hollywood-bowl-have-a-roll-in-shower/,Hollywood Bowl,https://journeyed.ai/hotels/los-angeles/anchors/hollywood-bowl/,,,"The Hotel Hollywood is the top match for this question, 0.8 miles from Hollywood Bowl. Hotel West Inn Hollywood and The Hollywood Grande, Autograph Collection come next among 171 hotels compared within 3 miles.",11,160,settled-1.1-facts,2026-10-02
What hotels near the Hollywood Bowl have accessible rooms?,https://journeyed.ai/hotels/los-angeles/what-hotels-near-the-hollywood-bowl-have-accessible-rooms/,Hollywood Bowl,https://journeyed.ai/hotels/los-angeles/anchors/hollywood-bowl/,,,"Hollywood Hills Hotel is the top match for this question, 0.5 miles from Hollywood Bowl. Highland Gardens Hotel and Legend Hotel Hollywood come next among 171 hotels compared within 3 miles.",22,149,settled-1.1-facts,2026-10-02
What hotels near the Hollywood Bowl have free Wi-Fi?,https://journeyed.ai/hotels/los-angeles/what-hotels-near-the-hollywood-bowl-have-free-wi-fi/,Hollywood Bowl,https://journeyed.ai/hotels/los-angeles/anchors/hollywood-bowl/,,,"Lexen Hotel is the top match for this question, 0.4 miles from Hollywood Bowl. Hollywood Celebrity Hotel and Highland Gardens Hotel come next among 171 hotels compared within 3 miles.",26,145,settled-1.1-facts,2026-10-02
"What hotels near the Hollywood Bowl have parking, and what does it cost?",https://journeyed.ai/hotels/los-angeles/what-hotels-near-the-hollywood-bowl-have-parking-and-what-does-it-cost/,Hollywood Bowl,https://journeyed.ai/hotels/los-angeles/anchors/hollywood-bowl/,,,"Lexen Hotel is the top match for this question, 0.4 miles from Hollywood Bowl. Hollywood Celebrity Hotel and Highland Gardens Hotel come next among 170 hotels compared within 3 miles.",25,145,settled-1.1-facts,2026-10-02
What hotels near the Kia Forum are good for a concert or game night?,https://journeyed.ai/hotels/los-angeles/what-hotels-near-the-kia-forum-are-good-for-a-concert-or-game-night/,Kia Forum,https://journeyed.ai/hotels/los-angeles/anchors/kia-forum/,,,"Geneva Motel is the top match for this question, 1.1 miles from Kia Forum. Holly Crest Hotel and The Lum Hotel Los Angeles Stadium District come next among 61 hotels compared within 2 miles.",61,0,settled-1.1-facts,2026-10-02
What hotels near the Kia Forum have free parking?,https://journeyed.ai/hotels/los-angeles/what-hotels-near-the-kia-forum-have-free-parking/,Kia Forum,https://journeyed.ai/hotels/los-angeles/anchors/kia-forum/,,,"Holly Crest Hotel is the top match for this question, 0.9 miles from Kia Forum. LA Adventure Hotel and Geneva Motel come next among 104 hotels compared within 3 miles.",14,90,settled-1.1-facts,2026-10-02
"What hotels near the Kia Forum have parking, and what does it cost?",https://journeyed.ai/hotels/los-angeles/what-hotels-near-the-kia-forum-have-parking-and-what-does-it-cost/,Kia Forum,https://journeyed.ai/hotels/los-angeles/anchors/kia-forum/,,,"Holly Crest Hotel is the top match for this question, 0.9 miles from Kia Forum. The Lum Hotel Los Angeles Stadium District and LA Adventure Hotel come next among 104 hotels compared within 3 miles.",19,85,settled-1.1-facts,2026-10-02
What hotels near the LA Convention Center allow pets?,https://journeyed.ai/hotels/los-angeles/what-hotels-near-the-la-convention-center-allow-pets/,Los Angeles Convention Center,https://journeyed.ai/hotels/los-angeles/anchors/la-convention-center/,,,"Hotel Figueroa is the top match for this question, 0.4 miles from Los Angeles Convention Center. Downtown LA Proper Hotel and The Wayfarer Downtown LA, Tapestry Collection by Hilton come next among 220 hotels compared within 3 miles.",14,206,settled-1.1-facts,2026-10-02
What hotels near the LA Convention Center are good for families?,https://journeyed.ai/hotels/los-angeles/what-hotels-near-the-la-convention-center-are-good-for-families/,Los Angeles Convention Center,https://journeyed.ai/hotels/los-angeles/anchors/la-convention-center/,,,"Downtown LA Proper Hotel is the top match for this question, 0.6 miles from Los Angeles Convention Center. Hotel Per La, Autograph Collection and Stile Downtown Los Angeles By Kasa come next among 228 hotels compared within 3 miles.",228,0,settled-1.1-facts,2026-10-02
"What hotels near the LA Convention Center have parking, and what does it cost?",https://journeyed.ai/hotels/los-angeles/what-hotels-near-the-la-convention-center-have-parking-and-what-does-it-cost/,Los Angeles Convention Center,https://journeyed.ai/hotels/los-angeles/anchors/la-convention-center/,,,"Hotel Normandie LA is the top match for this question, 2.4 miles from Los Angeles Convention Center. Hotel Figueroa and My Sunshine Hotel come next among 227 hotels compared within 3 miles.",20,207,settled-1.1-facts,2026-10-02
"What hotels near the Long Beach Convention Center have parking, and what does it cost?",https://journeyed.ai/hotels/los-angeles/what-hotels-near-the-long-beach-convention-center-have-parking-and-what-does-it-cost/,Long Beach Convention Center,https://journeyed.ai/hotels/los-angeles/anchors/long-beach-convention-center/,,,"Hotel Mai is the top match for this question, 0.2 miles from Long Beach Convention Center. Broadlind Hotel and Hotel Royal come next among 82 hotels compared within 3 miles.",11,71,settled-1.1-facts,2026-10-02
What hotels near the Los Angeles Memorial Coliseum are good for a concert or game night?,https://journeyed.ai/hotels/los-angeles/what-hotels-near-the-los-angeles-memorial-coliseum-are-good-for-a-concert-or-game-night/,Los Angeles Memorial Coliseum,https://journeyed.ai/hotels/los-angeles/anchors/la-memorial-coliseum/,,,"USC Hotel is the top match for this question, 0.5 miles from Los Angeles Memorial Coliseum. Stallion Motel and Forty First Place - Boutique Hostel come next among 125 hotels compared within 3 miles.",125,0,settled-1.1-facts,2026-10-02
What hotels near the Santa Monica Pier are good for families?,https://journeyed.ai/hotels/los-angeles/what-hotels-near-the-santa-monica-pier-are-good-for-families/,Santa Monica Pier,https://journeyed.ai/hotels/los-angeles/anchors/santa-monica-pier/,,,"Regent Santa Monica Beach is the top match for this question, 0.2 miles from Santa Monica Pier. Hotel Erwin and Shutters on the Beach come next among 97 hotels compared within 3 miles.",97,0,settled-1.1-facts,2026-10-02
What hotels near the Santa Monica Pier have a roll-in shower?,https://journeyed.ai/hotels/los-angeles/what-hotels-near-the-santa-monica-pier-have-a-roll-in-shower/,Santa Monica Pier,https://journeyed.ai/hotels/los-angeles/anchors/santa-monica-pier/,,,"Regent Santa Monica Beach is the top match for this question, 0.2 miles from Santa Monica Pier. The Georgian - The Unbound Collection by Hyatt and Bayside Hotel come next among 97 hotels compared within 3 miles.",12,85,settled-1.1-facts,2026-10-02
What hotels near the Santa Monica Pier have free Wi-Fi?,https://journeyed.ai/hotels/los-angeles/what-hotels-near-the-santa-monica-pier-have-free-wi-fi/,Santa Monica Pier,https://journeyed.ai/hotels/los-angeles/anchors/santa-monica-pier/,,,"Sea Blue Hotel is the top match for this question, 0.2 miles from Santa Monica Pier. Regent Santa Monica Beach and The Pierside Santa Monica come next among 97 hotels compared within 3 miles.",23,74,settled-1.1-facts,2026-10-02
"What hotels near the Santa Monica Pier have parking, and what does it cost?",https://journeyed.ai/hotels/los-angeles/what-hotels-near-the-santa-monica-pier-have-parking-and-what-does-it-cost/,Santa Monica Pier,https://journeyed.ai/hotels/los-angeles/anchors/santa-monica-pier/,,,"Sea Blue Hotel is the top match for this question, 0.2 miles from Santa Monica Pier. The Pierside Santa Monica and Shutters on the Beach come next among 95 hotels compared within 3 miles.",19,76,settled-1.1-facts,2026-10-02
"What hotels near Universal Studios Hollywood have parking, and what does it cost?",https://journeyed.ai/hotels/los-angeles/what-hotels-near-universal-studios-hollywood-have-parking-and-what-does-it-cost/,Universal Studios Hollywood,https://journeyed.ai/hotels/los-angeles/anchors/universal-studios-hollywood/,,,"Lexen Hotel is the top match for this question, 2.4 miles from Universal Studios Hollywood. The Tangerine and Hotel Amarano come next among 96 hotels compared within 3 miles.",15,81,settled-1.1-facts,2026-10-02
"What hotels near USC have parking, and what does it cost?",https://journeyed.ai/hotels/los-angeles/what-hotels-near-usc-have-parking-and-what-does-it-cost/,USC,https://journeyed.ai/hotels/los-angeles/anchors/usc/,,,"Hotel Normandie LA is the top match for this question, 3.0 miles from USC. USC Hotel and Hotel Figueroa come next among 199 hotels compared within 3 miles.",12,187,settled-1.1-facts,2026-10-02
What hotels near Venice Beach are good for families?,https://journeyed.ai/hotels/los-angeles/what-hotels-near-venice-beach-are-good-for-families/,Venice Beach,https://journeyed.ai/hotels/los-angeles/anchors/venice-beach/,,,"Hotel Erwin is the top match for this question, 0.5 miles from Venice Beach. Regent Santa Monica Beach and Shutters on the Beach come next among 87 hotels compared within 3 miles.",87,0,settled-1.1-facts,2026-10-02
"What hotels near Venice Beach have parking, and what does it cost?",https://journeyed.ai/hotels/los-angeles/what-hotels-near-venice-beach-have-parking-and-what-does-it-cost/,Venice Beach,https://journeyed.ai/hotels/los-angeles/anchors/venice-beach/,,,"Hotel Erwin is the top match for this question, 0.5 miles from Venice Beach. Foghorn Harbor Inn and Marina Seven Motel come next among 85 hotels compared within 3 miles.",14,71,settled-1.1-facts,2026-10-02
Where can a youth sports team stay near LAX?,https://journeyed.ai/hotels/los-angeles/where-can-a-youth-sports-team-stay-near-lax/,Los Angeles International Airport,https://journeyed.ai/hotels/los-angeles/anchors/lax/,33.9425,-118.40805,"Hotel Erwin is the top match for this question, 4.8 miles from Los Angeles International Airport. Embassy Suites by Hilton Los Angeles International Airport North and Cambria Hotel come next among 205 hotels compared within 5 miles.",205,0,settled-1.1-facts,2026-10-02
Where should I stay when visiting the South Bay?,https://journeyed.ai/hotels/los-angeles/where-should-i-stay-when-visiting-the-south-bay/,Redondo Beach Pier,https://journeyed.ai/hotels/los-angeles/anchors/redondo-beach-pier/,,,"Holiday Inn is the top match for this question, 0.4 miles from Redondo Beach Pier. Sonesta Redondo Beach & Marina and Redondo Pier Inn come next among 85 hotels compared within 5 miles.",85,0,settled-1.1-facts,2026-10-02
Which extended-stay hotels in Los Angeles have in-room kitchens?,https://journeyed.ai/hotels/los-angeles/which-extended-stay-hotels-in-los-angeles-have-in-room-kitchens/,Downtown Los Angeles,https://journeyed.ai/hotels/los-angeles/anchors/downtown-la/,,,"Hotel Per La, Autograph Collection is the top match for this question, 0.2 miles from Downtown Los Angeles. The Haas Building and Vector Travel come next among 1397 hotels compared within 15 miles.",66,1331,settled-1.1-facts,2026-10-02
Which extended-stay hotels in the Hollywood area have in-room kitchens?,https://journeyed.ai/hotels/los-angeles/which-extended-stay-hotels-in-the-hollywood-area-have-in-room-kitchens/,Hollywood,https://journeyed.ai/hotels/los-angeles/anchors/hollywood/,,,"Hollywood Hills Suites is the top match for this question, 0.2 miles from Hollywood. The Hollywood Grande, Autograph Collection and The James Hollywood come next among 363 hotels compared within 5 miles.",24,339,settled-1.1-facts,2026-10-02
Which extended-stay hotels in the LAX and South Bay area have kitchens?,https://journeyed.ai/hotels/los-angeles/which-extended-stay-hotels-in-the-lax-and-south-bay-area-have-kitchens/,Los Angeles International Airport,https://journeyed.ai/hotels/los-angeles/anchors/lax/,33.9425,-118.40805,"Sea View Inn at the Beach is the top match for this question, 3.0 miles from Los Angeles International Airport. Holly Crest Hotel and American Inn and Suites LAX come next among 446 hotels compared within 8 miles.",27,419,settled-1.1-facts,2026-10-02
Which extended-stay hotels on the Westside have in-room kitchens?,https://journeyed.ai/hotels/los-angeles/which-extended-stay-hotels-on-the-westside-have-in-room-kitchens/,UCLA,https://journeyed.ai/hotels/los-angeles/anchors/ucla/,,,"UCLA Tiverton House is the top match for this question, 0.6 miles from UCLA. Royal Palace Westwood and Plaza La Reina come next among 275 hotels compared within 6 miles.",27,248,settled-1.1-facts,2026-10-02
Which hotels in Los Angeles are smoke-free?,https://journeyed.ai/hotels/los-angeles/which-hotels-in-los-angeles-are-smoke-free/,Downtown Los Angeles,https://journeyed.ai/hotels/los-angeles/anchors/downtown-la/,,,"The Wayfarer Downtown LA, Tapestry Collection by Hilton is the top match for this question, 0.4 miles from Downtown Los Angeles. Downtown LA Proper Hotel and The Ivory come next among 1398 hotels compared within 15 miles.",69,1329,settled-1.1-facts,2026-10-02
Which hotels in Los Angeles have a 24-hour fitness center?,https://journeyed.ai/hotels/los-angeles/which-hotels-in-los-angeles-have-a-24-hour-fitness-center/,Downtown Los Angeles,https://journeyed.ai/hotels/los-angeles/anchors/downtown-la/,,,"Hotel Per La, Autograph Collection is the top match for this question, 0.2 miles from Downtown Los Angeles. Stile Downtown Los Angeles By Kasa and Downtown LA Proper Hotel come next among 1392 hotels compared within 15 miles.",31,1361,settled-1.1-facts,2026-10-02
Which hotels in Los Angeles have a 24-hour front desk?,https://journeyed.ai/hotels/los-angeles/which-hotels-in-los-angeles-have-a-24-hour-front-desk/,Downtown Los Angeles,https://journeyed.ai/hotels/los-angeles/anchors/downtown-la/,,,"Downtown LA Proper Hotel is the top match for this question, 0.7 miles from Downtown Los Angeles. Stuart Hotel and Metro Plaza Hotel come next among 1398 hotels compared within 15 miles.",87,1311,settled-1.1-facts,2026-10-02
Which hotels in Los Angeles have a guest laundry?,https://journeyed.ai/hotels/los-angeles/which-hotels-in-los-angeles-have-a-guest-laundry/,Downtown Los Angeles,https://journeyed.ai/hotels/los-angeles/anchors/downtown-la/,,,"Vector Travel is the top match for this question, 0.3 miles from Downtown Los Angeles. Stile Downtown Los Angeles By Kasa and Hollywood Hills Suites come next among 1398 hotels compared within 15 miles.",34,1364,settled-1.1-facts,2026-10-02
Which hotels in Los Angeles have a heated pool?,https://journeyed.ai/hotels/los-angeles/which-hotels-in-los-angeles-have-a-heated-pool/,Downtown Los Angeles,https://journeyed.ai/hotels/los-angeles/anchors/downtown-la/,,,"Hotel Per La, Autograph Collection is the top match for this question, 0.2 miles from Downtown Los Angeles. Hotel Figueroa and Kimpton Everly Hotel come next among 1398 hotels compared within 15 miles.",29,1369,settled-1.1-facts,2026-10-02
Which hotels in Los Angeles have a pool and free breakfast?,https://journeyed.ai/hotels/los-angeles/which-hotels-in-los-angeles-have-a-pool-and-free-breakfast/,Downtown Los Angeles,https://journeyed.ai/hotels/los-angeles/anchors/downtown-la/,,,"Sweet Dreams Bed & Breakfast is the top match for this question, 14.0 miles from Downtown Los Angeles. USC Hotel and Hotel Silver Lake Los Angeles come next among 1386 hotels compared within 15 miles.",15,1371,settled-1.1-facts,2026-10-02
Which hotels in Los Angeles have a roll-in shower?,https://journeyed.ai/hotels/los-angeles/which-hotels-in-los-angeles-have-a-roll-in-shower/,Downtown Los Angeles,https://journeyed.ai/hotels/los-angeles/anchors/downtown-la/,,,"The Wayfarer Downtown LA, Tapestry Collection by Hilton is the top match for this question, 0.4 miles from Downtown Los Angeles. Downtown LA Proper Hotel and Hotel Figueroa come next among 1398 hotels compared within 15 miles.",78,1320,settled-1.1-facts,2026-10-02
Which hotels in Los Angeles have both free breakfast and free parking?,https://journeyed.ai/hotels/los-angeles/which-hotels-in-los-angeles-have-both-free-breakfast-and-free-parking/,Downtown Los Angeles,https://journeyed.ai/hotels/los-angeles/anchors/downtown-la/,,,"The Lexmar - Dodger Stadium/hollywood is the top match for this question, 2.0 miles from Downtown Los Angeles. Hotel Silver Lake Los Angeles and Travelodge Inn and Suites by Wyndham Bell Los Angeles Area come next among 1356 hotels compared within 15 miles.",17,1339,settled-1.1-facts,2026-10-02
Which hotels in Los Angeles have EV charging?,https://journeyed.ai/hotels/los-angeles/which-hotels-in-los-angeles-have-ev-charging/,Downtown Los Angeles,https://journeyed.ai/hotels/los-angeles/anchors/downtown-la/,,,"Hotel Per La, Autograph Collection is the top match for this question, 0.2 miles from Downtown Los Angeles. The Ivory and Hollywood Hotel come next among 1397 hotels compared within 15 miles.",21,1376,settled-1.1-facts,2026-10-02
Which hotels in Los Angeles have free Wi-Fi?,https://journeyed.ai/hotels/los-angeles/which-hotels-in-los-angeles-have-free-wi-fi/,Downtown Los Angeles,https://journeyed.ai/hotels/los-angeles/anchors/downtown-la/,,,"Hotel Per La, Autograph Collection is the top match for this question, 0.2 miles from Downtown Los Angeles. The Delphi Downtown LA and Kawada Hotel come next among 1396 hotels compared within 15 miles.",196,1200,settled-1.1-facts,2026-10-02
Which hotels in Los Angeles have rooms with a balcony?,https://journeyed.ai/hotels/los-angeles/which-hotels-in-los-angeles-have-rooms-with-a-balcony/,Downtown Los Angeles,https://journeyed.ai/hotels/los-angeles/anchors/downtown-la/,,,"The Steady is the top match for this question, 3.4 miles from Downtown Los Angeles. Hollywood Hotel and Gold Diggers Hotel come next among 1398 hotels compared within 15 miles.",21,1377,settled-1.1-facts,2026-10-02
Which hotels in Los Angeles include free breakfast?,https://journeyed.ai/hotels/los-angeles/which-hotels-in-los-angeles-include-free-breakfast/,Downtown Los Angeles,https://journeyed.ai/hotels/los-angeles/anchors/downtown-la/,,,"E-Central Downtown Los Angeles Hotel is the top match for this question, 0.7 miles from Downtown Los Angeles. Hollywood Inn Express South and Super 8 come next among 1389 hotels compared within 15 miles.",44,1345,settled-1.1-facts,2026-10-02
Which hotels in Los Angeles let you check in at 21?,https://journeyed.ai/hotels/los-angeles/which-hotels-in-los-angeles-let-you-check-in-at-21/,Downtown Los Angeles,https://journeyed.ai/hotels/los-angeles/anchors/downtown-la/,,,"kodō hotel is the top match for this question, 1.7 miles from Downtown Los Angeles. Rodeway Inn Commerce - Los Angeles and Hollywood Hills Hotel come next among 1397 hotels compared within 15 miles.",11,1386,settled-1.1-facts,2026-10-02
Which hotels in the LAX and South Bay area are smoke-free?,https://journeyed.ai/hotels/los-angeles/which-hotels-in-the-lax-and-south-bay-area-are-smoke-free/,Los Angeles International Airport,https://journeyed.ai/hotels/los-angeles/anchors/lax/,33.9425,-118.40805,"Motel 6 is the top match for this question, 2.4 miles from Los Angeles International Airport. The Lum Hotel Los Angeles Stadium District and Santa Monica Hotel come next among 446 hotels compared within 8 miles.",26,420,settled-1.1-facts,2026-10-02
Which hotels in the LAX and South Bay area have a 24-hour front desk?,https://journeyed.ai/hotels/los-angeles/which-hotels-in-the-lax-and-south-bay-area-have-a-24-hour-front-desk/,Los Angeles International Airport,https://journeyed.ai/hotels/los-angeles/anchors/lax/,33.9425,-118.40805,"Geneva Motel is the top match for this question, 3.0 miles from Los Angeles International Airport. El Segundo Inn and Trend Hotel LAX come next among 446 hotels compared within 8 miles.",34,412,settled-1.1-facts,2026-10-02
Which hotels in the LAX and South Bay area have a heated pool?,https://journeyed.ai/hotels/los-angeles/which-hotels-in-the-lax-and-south-bay-area-have-a-heated-pool/,Los Angeles International Airport,https://journeyed.ai/hotels/los-angeles/anchors/lax/,33.9425,-118.40805,"Best Western Plus Gardena Inn & Suites is the top match for this question, 6.4 miles from Los Angeles International Airport. The Pierside Santa Monica and H Hotel Los Angeles, Curio Collection by Hilton come next among 446 hotels compared within 8 miles.",11,435,settled-1.1-facts,2026-10-02
Which hotels in the LAX and South Bay area have a roll-in shower?,https://journeyed.ai/hotels/los-angeles/which-hotels-in-the-lax-and-south-bay-area-have-a-roll-in-shower/,Los Angeles International Airport,https://journeyed.ai/hotels/los-angeles/anchors/lax/,33.9425,-118.40805,"Cambria Hotel is the top match for this question, 1.9 miles from Los Angeles International Airport. Geneva Motel and Trend Hotel LAX come next among 446 hotels compared within 8 miles.",30,416,settled-1.1-facts,2026-10-02
Which hotels in the LAX and South Bay area have free Wi-Fi?,https://journeyed.ai/hotels/los-angeles/which-hotels-in-the-lax-and-south-bay-area-have-free-wi-fi/,Los Angeles International Airport,https://journeyed.ai/hotels/los-angeles/anchors/lax/,33.9425,-118.40805,"H Hotel Los Angeles, Curio Collection by Hilton is the top match for this question, 0.9 miles from Los Angeles International Airport. Travelodge by Wyndham LAX and Embassy Suites by Hilton Los Angeles International Airport North come next among 446 hotels compared within 8 miles.",76,370,settled-1.1-facts,2026-10-02
Which hotels in the Long Beach area have a 24-hour front desk?,https://journeyed.ai/hotels/los-angeles/which-hotels-in-the-long-beach-area-have-a-24-hour-front-desk/,Long Beach Convention Center,https://journeyed.ai/hotels/los-angeles/anchors/long-beach-convention-center/,,,"Sea Rock Inn is the top match for this question, 2.6 miles from Long Beach Convention Center. Bristol Motel and Surf City Inn come next among 207 hotels compared within 8 miles.",11,196,settled-1.1-facts,2026-10-02
Which hotels in the Pasadena and San Gabriel Valley area have free Wi-Fi?,https://journeyed.ai/hotels/los-angeles/which-hotels-in-the-pasadena-and-san-gabriel-valley-area-have-free-wi-fi/,Pasadena,https://journeyed.ai/hotels/los-angeles/anchors/pasadena/,,,"Pasadena Hotel & Pool is the top match for this question, 0.7 miles from Pasadena. Pasadena Rose & Crown Hotel and Howard Johnson come next among 162 hotels compared within 8 miles.",22,140,settled-1.1-facts,2026-10-02
Which hotels in the San Fernando Valley and Hollywood area are smoke-free?,https://journeyed.ai/hotels/los-angeles/which-hotels-in-the-san-fernando-valley-and-hollywood-area-are-smoke-free/,Universal Studios Hollywood,https://journeyed.ai/hotels/los-angeles/anchors/universal-studios-hollywood/,,,"The Moment Hotel is the top match for this question, 2.9 miles from Universal Studios Hollywood. The Ivory and The Tangerine come next among 510 hotels compared within 8 miles.",34,476,settled-1.1-facts,2026-10-02
Which hotels in the San Fernando Valley and Hollywood area have a 24-hour fitness center?,https://journeyed.ai/hotels/los-angeles/which-hotels-in-the-san-fernando-valley-and-hollywood-area-have-a-24-hour-fitness-center/,Universal Studios Hollywood,https://journeyed.ai/hotels/los-angeles/anchors/universal-studios-hollywood/,,,"Kimpton Everly Hotel is the top match for this question, 3.0 miles from Universal Studios Hollywood. The Godfrey Hotel Hollywood and 1 Hotel come next among 506 hotels compared within 8 miles.",17,489,settled-1.1-facts,2026-10-02
Which hotels in the San Fernando Valley and Hollywood area have a 24-hour front desk?,https://journeyed.ai/hotels/los-angeles/which-hotels-in-the-san-fernando-valley-and-hollywood-area-have-a-24-hour-front-desk/,Universal Studios Hollywood,https://journeyed.ai/hotels/los-angeles/anchors/universal-studios-hollywood/,,,"Nite Inn at Universal City is the top match for this question, 0.6 miles from Universal Studios Hollywood. Colony Inn and Studio City Inn come next among 510 hotels compared within 8 miles.",33,477,settled-1.1-facts,2026-10-02
Which hotels in the San Fernando Valley and Hollywood area have a heated pool?,https://journeyed.ai/hotels/los-angeles/which-hotels-in-the-san-fernando-valley-and-hollywood-area-have-a-heated-pool/,Universal Studios Hollywood,https://journeyed.ai/hotels/los-angeles/anchors/universal-studios-hollywood/,,,"Kimpton Everly Hotel is the top match for this question, 3.0 miles from Universal Studios Hollywood. Studio City Court Yard Hotel and Highland Gardens Hotel come next among 510 hotels compared within 8 miles.",15,495,settled-1.1-facts,2026-10-02
Which hotels in the San Fernando Valley and Hollywood area have a roll-in shower?,https://journeyed.ai/hotels/los-angeles/which-hotels-in-the-san-fernando-valley-and-hollywood-area-have-a-roll-in-shower/,Universal Studios Hollywood,https://journeyed.ai/hotels/los-angeles/anchors/universal-studios-hollywood/,,,"The Garland is the top match for this question, 1.0 miles from Universal Studios Hollywood. Hotel Amarano and Colony Inn come next among 510 hotels compared within 8 miles.",38,472,settled-1.1-facts,2026-10-02
Which hotels in the San Fernando Valley and Hollywood area have both free breakfast and free parking?,https://journeyed.ai/hotels/los-angeles/which-hotels-in-the-san-fernando-valley-and-hollywood-area-have-both-free-breakfast-and/,Universal Studios Hollywood,https://journeyed.ai/hotels/los-angeles/anchors/universal-studios-hollywood/,,,"The Tangerine is the top match for this question, 1.2 miles from Universal Studios Hollywood. Colony Inn and Portofino Inn Burbank come next among 487 hotels compared within 8 miles.",10,477,settled-1.1-facts,2026-10-02
Which hotels in the San Fernando Valley and Hollywood area have free Wi-Fi?,https://journeyed.ai/hotels/los-angeles/which-hotels-in-the-san-fernando-valley-and-hollywood-area-have-free-wi-fi/,Universal Studios Hollywood,https://journeyed.ai/hotels/los-angeles/anchors/universal-studios-hollywood/,,,"The Garland is the top match for this question, 1.0 miles from Universal Studios Hollywood. The Tangerine and Hotel Amarano come next among 510 hotels compared within 8 miles.",79,431,settled-1.1-facts,2026-10-02
Which hotels on the Westside are smoke-free?,https://journeyed.ai/hotels/los-angeles/which-hotels-on-the-westside-are-smoke-free/,UCLA,https://journeyed.ai/hotels/los-angeles/anchors/ucla/,,,"Santa Monica Hotel is the top match for this question, 4.6 miles from UCLA. The Fairmont Miramar Hotel Santa Monica and The Pierside Santa Monica come next among 275 hotels compared within 6 miles.",23,252,settled-1.1-facts,2026-10-02
Which hotels on the Westside have a 24-hour fitness center?,https://journeyed.ai/hotels/los-angeles/which-hotels-on-the-westside-have-a-24-hour-fitness-center/,UCLA,https://journeyed.ai/hotels/los-angeles/anchors/ucla/,,,"Kimpton Hotel Palomar Los Angeles Beverly Hills is the top match for this question, 0.9 miles from UCLA. Beverly Hills Plaza Hotel & Spa and Fairmont Century Plaza come next among 272 hotels compared within 6 miles.",15,257,settled-1.1-facts,2026-10-02
Which hotels on the Westside have a 24-hour front desk?,https://journeyed.ai/hotels/los-angeles/which-hotels-on-the-westside-have-a-24-hour-front-desk/,UCLA,https://journeyed.ai/hotels/los-angeles/anchors/ucla/,,,"Royal Palace Westwood is the top match for this question, 0.7 miles from UCLA. Century Park Hotel and AKA Beverly Hills come next among 275 hotels compared within 6 miles.",14,261,settled-1.1-facts,2026-10-02
Which hotels on the Westside have a heated pool?,https://journeyed.ai/hotels/los-angeles/which-hotels-on-the-westside-have-a-heated-pool/,UCLA,https://journeyed.ai/hotels/los-angeles/anchors/ucla/,,,"The Pierside Santa Monica is the top match for this question, 4.9 miles from UCLA. Studio City Court Yard Hotel and Kimpton Hotel Palomar Los Angeles Beverly Hills come next among 275 hotels compared within 6 miles.",12,263,settled-1.1-facts,2026-10-02
Which hotels on the Westside have a roll-in shower?,https://journeyed.ai/hotels/los-angeles/which-hotels-on-the-westside-have-a-roll-in-shower/,UCLA,https://journeyed.ai/hotels/los-angeles/anchors/ucla/,,,"Royal Palace Westwood is the top match for this question, 0.7 miles from UCLA. Kimpton Hotel Palomar Los Angeles Beverly Hills and Beverly Hills Plaza Hotel & Spa come next among 275 hotels compared within 6 miles.",24,251,settled-1.1-facts,2026-10-02
Which hotels on the Westside have free Wi-Fi?,https://journeyed.ai/hotels/los-angeles/which-hotels-on-the-westside-have-free-wi-fi/,UCLA,https://journeyed.ai/hotels/los-angeles/anchors/ucla/,,,"UCLA Tiverton House is the top match for this question, 0.6 miles from UCLA. Palihotel Westwood Village and Royal Palace Westwood come next among 275 hotels compared within 6 miles.",48,227,settled-1.1-facts,2026-10-02
Which hotels within a short drive of Disneyland are smoke-free?,https://journeyed.ai/hotels/los-angeles/which-hotels-within-a-short-drive-of-disneyland-are-smoke-free/,Disneyland Resort,https://journeyed.ai/hotels/los-angeles/anchors/disneyland/,,,"Americas Best Value Inn & Suites Anaheim Convention Center is the top match for this question, 0.8 miles from Disneyland Resort. Stanford Inn & Suites and Castaway Motel come next among 534 hotels compared within 12 miles.",28,506,settled-1.1-facts,2026-10-02
Which hotels within a short drive of Disneyland have a 24-hour front desk?,https://journeyed.ai/hotels/los-angeles/which-hotels-within-a-short-drive-of-disneyland-have-a-24-hour-front-desk/,Disneyland Resort,https://journeyed.ai/hotels/los-angeles/anchors/disneyland/,,,"Tropicana Inn & Suites is the top match for this question, 0.4 miles from Disneyland Resort. Camelot Inn and Suites and Alamo Inn and Suites come next among 534 hotels compared within 12 miles.",33,501,settled-1.1-facts,2026-10-02
Which hotels within a short drive of Disneyland have a guest laundry?,https://journeyed.ai/hotels/los-angeles/which-hotels-within-a-short-drive-of-disneyland-have-a-guest-laundry/,Disneyland Resort,https://journeyed.ai/hotels/los-angeles/anchors/disneyland/,,,"Tropicana Inn & Suites is the top match for this question, 0.4 miles from Disneyland Resort. Park Vue Inn and Desert Palms Hotel and Suites come next among 534 hotels compared within 12 miles.",26,508,settled-1.1-facts,2026-10-02
Which hotels within a short drive of Disneyland have a heated pool?,https://journeyed.ai/hotels/los-angeles/which-hotels-within-a-short-drive-of-disneyland-have-a-heated-pool/,Disneyland Resort,https://journeyed.ai/hotels/los-angeles/anchors/disneyland/,,,"Cortona Inn and Suites is the top match for this question, 1.1 miles from Disneyland Resort. Stanford Inn & Suites and Tropicana Inn & Suites come next among 534 hotels compared within 12 miles.",22,512,settled-1.1-facts,2026-10-02
Which hotels within a short drive of Disneyland have a pool and free breakfast?,https://journeyed.ai/hotels/los-angeles/which-hotels-within-a-short-drive-of-disneyland-have-a-pool-and-free-breakfast/,Disneyland Resort,https://journeyed.ai/hotels/los-angeles/anchors/disneyland/,,,"Hilton Garden Inn Anaheim Resort is the top match for this question, 0.4 miles from Disneyland Resort. Desert Palms Hotel and Suites and Lemon Tree Hotel and suites come next among 531 hotels compared within 12 miles.",20,511,settled-1.1-facts,2026-10-02
Which hotels within a short drive of Disneyland have a roll-in shower?,https://journeyed.ai/hotels/los-angeles/which-hotels-within-a-short-drive-of-disneyland-have-a-roll-in-shower/,Disneyland Resort,https://journeyed.ai/hotels/los-angeles/anchors/disneyland/,,,"Tropicana Inn & Suites is the top match for this question, 0.4 miles from Disneyland Resort. Camelot Inn and Suites and Park Vue Inn come next among 534 hotels compared within 12 miles.",22,512,settled-1.1-facts,2026-10-02
Which hotels within a short drive of Disneyland have both free breakfast and free parking?,https://journeyed.ai/hotels/los-angeles/which-hotels-within-a-short-drive-of-disneyland-have-both-free-breakfast-and-free-parking/,Disneyland Resort,https://journeyed.ai/hotels/los-angeles/anchors/disneyland/,,,"Travelodge Inn & Suites is the top match for this question, 0.4 miles from Disneyland Resort. Candy Cane Inn and Americas Best Value Inn & Suites Anaheim Convention Center come next among 521 hotels compared within 12 miles.",12,509,settled-1.1-facts,2026-10-02
Which hotels within a short drive of Disneyland have free Wi-Fi?,https://journeyed.ai/hotels/los-angeles/which-hotels-within-a-short-drive-of-disneyland-have-free-wi-fi/,Disneyland Resort,https://journeyed.ai/hotels/los-angeles/anchors/disneyland/,,,"Camelot Inn and Suites is the top match for this question, 0.3 miles from Disneyland Resort. Tropicana Inn & Suites and Travelodge Inn & Suites come next among 534 hotels compared within 12 miles.",70,464,settled-1.1-facts,2026-10-02
Which hotels within a short drive of Disneyland include free breakfast?,https://journeyed.ai/hotels/los-angeles/which-hotels-within-a-short-drive-of-disneyland-include-free-breakfast/,Disneyland Resort,https://journeyed.ai/hotels/los-angeles/anchors/disneyland/,,,"Travelodge Inn & Suites is the top match for this question, 0.4 miles from Disneyland Resort. Anaheim Desert Inn and Suites and Hilton Garden Inn Anaheim Resort come next among 531 hotels compared within 12 miles.",25,506,settled-1.1-facts,2026-10-02
