venue,hotel,hotel_url,distance_mi,parking_fee_usd,parking_source_url,breakfast,airport_shuttle,checked_on
Angel Stadium,Ayres Hotel Anaheim,https://journeyed.org/hotel/ayres-hotel-anaheim-anaheim-655784/,0.4,,,,,
Angel Stadium,TownePlace Suites,https://journeyed.org/hotel/towneplace-suites-anaheim-37febc/,0.5,,,,,
Angel Stadium,Embassy Suites by Hilton Anaheim Orange,https://journeyed.org/hotel/embassy-suites-by-hilton-anaheim-orange-orange-1e0a7b/,0.6,,,,,
Angel Stadium,Extended Stay America,https://journeyed.org/hotel/extended-stay-america-orange-d97591/,0.7,,,,,
Angel Stadium,The Westin Resort Anaheim,https://journeyed.org/hotel/the-westin-resort-anaheim-anaheim-576602/,0.8,,,,,
Angel Stadium,Ayres Hotel Orange,https://journeyed.org/hotel/ayres-hotel-orange-orange-2f88d3/,0.9,,,,,
Angel Stadium,Angel Motel,https://journeyed.org/hotel/angel-motel-orange-a3ff04/,0.9,,,,,
Angel Stadium,Ayres Inn Orange,https://journeyed.org/hotel/ayres-inn-orange-orange-de6fe1/,0.9,,,,,
Angel Stadium,Motel 6,https://journeyed.org/hotel/motel-6-orange-432e01/,0.9,,,,,
Angel Stadium,Castaway Motel,https://journeyed.org/hotel/castaway-motel-orange-c2cbf9/,1,0,https://www.castawaymotelorange.us/policies.html,,,2026-10-03
Angel Stadium,Hotel Fera,https://journeyed.org/hotel/hotel-fera-orange-85235f/,1,,,,,
Angel Stadium,Double Tree Guest Suites Anaheim Resort-Convention Center,https://journeyed.org/hotel/double-tree-guest-suites-anaheim-resort-convention-center-orange-abd010/,1,,,,,
Angel Stadium,Holiday Inn Anaheim Resort,https://journeyed.org/hotel/holiday-inn-anaheim-resort-anaheim-cd050d/,1.1,,,,,
Angel Stadium,Sonesta Anaheim Resort Area,https://journeyed.org/hotel/sonesta-anaheim-resort-area-anaheim-781d1e/,1.1,,,,,
Angel Stadium,Sonesta ES Suites Anaheim Resort Area,https://journeyed.org/hotel/sonesta-es-suites-anaheim-resort-area-anaheim-c26663/,1.1,,,,,
Angel Stadium,Best Western Orange Plaza,https://journeyed.org/hotel/best-western-orange-plaza-orange-975229/,1.3,,,,,
Angel Stadium,Comfort Inn Anaheim Resort,https://journeyed.org/hotel/comfort-inn-anaheim-resort-anaheim-a351d1/,1.3,,,,,
Angel Stadium,Days Inn,https://journeyed.org/hotel/days-inn-orange-e8d284/,1.4,,,,,
Angel Stadium,Fairfield by Marriott Inn & Suites Anaheim Theme Park / Convention Area,https://journeyed.org/hotel/fairfield-by-marriott-inn-and-suites-anaheim-theme-park-convention-dae333/,1.4,,,,,
Angel Stadium,SpringHill Suites by Marriott Anaheim Theme Park / Convention Area,https://journeyed.org/hotel/springhill-suites-by-marriott-anaheim-theme-park-convention-area-96e93a/,1.4,,,,,
Angel Stadium,Cambria Hotel & Suites Anaheim Resort Area,https://journeyed.org/hotel/cambria-hotel-and-suites-anaheim-resort-area-anaheim-c017bd/,1.4,,,,,
Angel Stadium,Hampton Inn and Suites Anaheim Resort Convention Center,https://journeyed.org/hotel/hampton-inn-and-suites-anaheim-resort-convention-center-anaheim-ee6090/,1.5,,,,,
Angel Stadium,Peacock Suites,https://journeyed.org/hotel/peacock-suites-anaheim-356106/,1.5,,,,,
Angel Stadium,Candlewood Suites Anaheim - Resort Area By Ihg,https://journeyed.org/hotel/candlewood-suites-anaheim-resort-area-by-ihg-anaheim-b9906f/,1.5,,,,,
Angel Stadium,Greenwood Suites Anaheim Resort,https://journeyed.org/hotel/greenwood-suites-anaheim-resort-anaheim-f009d1/,1.5,,,,,
Angel Stadium,The French Estate,https://journeyed.org/hotel/the-french-estate-orange-4e2c12/,1.5,,,,,
Angel Stadium,"The Viv Hotel, Anaheim, a Tribute Portfolio Hotel",https://journeyed.org/hotel/the-viv-hotel-anaheim-a-tribute-portfolio-hotel-anaheim-d8ba41/,1.5,39,https://www.thevivhotelanaheim.com/contact-us,,,2026-10-03
Angel Stadium,"Motel 6 Anaheim, CA - Maingate",https://journeyed.org/hotel/motel-6-anaheim-ca-maingate-anaheim-fb533b/,1.6,,,,,
Angel Stadium,WorldMark Anaheim,https://journeyed.org/hotel/worldmark-anaheim-anaheim-b95dd6/,1.6,,,,,
Angel Stadium,Extended Stay America,https://journeyed.org/hotel/extended-stay-america-anaheim-3c0069/,1.6,,,,,
Angel Stadium,Red Roof Inn Anaheim,https://journeyed.org/hotel/red-roof-inn-anaheim-anaheim-02e435/,1.6,,,,,
Angel Stadium,Clementine Hotel & Suites Anaheim,https://journeyed.org/hotel/clementine-hotel-and-suites-anaheim-anaheim-8c9fc7/,1.6,paid,https://clementinehotel.com/faqs/,free,,2026-10-03
Angel Stadium,La Quinta Inn and Suites by Wyndham Anaheim,https://journeyed.org/hotel/la-quinta-inn-and-suites-by-wyndham-anaheim-anaheim-9fffbe/,1.6,,,,,
Angel Stadium,SunCoast Park Hotel,https://journeyed.org/hotel/suncoast-park-hotel-anaheim-770acb/,1.6,,,,,
Angel Stadium,JW Marriott,https://journeyed.org/hotel/jw-marriott-anaheim-b609b1/,1.7,,,,,
Angel Stadium,Element,https://journeyed.org/hotel/element-anaheim-73643f/,1.7,,,,,
Angel Stadium,Big A Motel,https://journeyed.org/hotel/big-a-motel-orange-68b48c/,1.7,0,https://www.bigamotel.com/amenities,,,2026-10-03
Angel Stadium,Ruta's Old Towne Inn,https://journeyed.org/hotel/rutas-old-towne-inn-orange-0bde0a/,1.8,,,,,
Angel Stadium,Best Western Plus Meridian Inn and Suites Anaheim Orange,https://journeyed.org/hotel/best-western-plus-meridian-inn-and-suites-anaheim-orange-orange-c6a7dc/,1.8,,,,,
Angel Stadium,Riviera Motel,https://journeyed.org/hotel/riviera-motel-anaheim-b05a49/,1.8,,,,,
Angel Stadium,So Cal,https://journeyed.org/hotel/so-cal-anaheim-54112d/,1.8,,,,,
Angel Stadium,Little Boy Blue Motel,https://journeyed.org/hotel/little-boy-blue-motel-anaheim-9517cb/,1.8,,,,,
Angel Stadium,Anaheim Islander Inn and Suites,https://journeyed.org/hotel/anaheim-islander-inn-and-suites-anaheim-cfe887/,1.8,0,https://www.anaheimislander.com/policies-terms,free,,2026-10-03
Angel Stadium,Kings Inn Anaheim at The Park & Convention Center,https://journeyed.org/hotel/kings-inn-anaheim-at-the-park-and-convention-center-anaheim-647c0b/,1.8,,,,,
Angel Stadium,Americas Best Value Inn & Suites Anaheim Convention Center,https://journeyed.org/hotel/americas-best-value-inn-and-suites-anaheim-convention-center-anaheim-56ec7c/,1.8,0,https://www.valueinnanaheim.com/amenities/,free,,2026-10-03
Angel Stadium,The Richland,https://journeyed.org/hotel/the-richland-orange-99dbc4/,1.8,,,,,
Angel Stadium,Homewood Suites by Hilton Anaheim Resort Convention Center,https://journeyed.org/hotel/homewood-suites-by-hilton-anaheim-resort-convention-center-anaheim-e16f16/,1.8,,,,,
Angel Stadium,Hotel Indigo,https://journeyed.org/hotel/hotel-indigo-anaheim-92aedc/,1.8,,,,,
Angel Stadium,WorldMark Dolphin's Cove,https://journeyed.org/hotel/worldmark-dolphins-cove-anaheim-f6bbd5/,1.8,,,,,
Angel Stadium,Castle Inn & Suites,https://journeyed.org/hotel/castle-inn-and-suites-anaheim-dc70a5/,1.9,0,https://www.castleinn.com/amenities.htm,,,2026-10-03
Angel Stadium,Wyndham Anaheim,https://journeyed.org/hotel/wyndham-anaheim-anaheim-dab211/,1.9,,,,,
Angel Stadium,Ramada Plaza Anaheim,https://journeyed.org/hotel/ramada-plaza-anaheim-anaheim-20542e/,1.9,,,,,
Angel Stadium,Ramada Maingate - At The Park,https://journeyed.org/hotel/ramada-maingate-at-the-park-anaheim-d7cfda/,1.9,,,,,
Angel Stadium,Hotel Lulu,https://journeyed.org/hotel/hotel-lulu-anaheim-ce8e86/,1.9,34,https://hotellulu.com/amenities/,,,2026-10-03
Angel Stadium,Red Lion Hotel Anaheim Resort,https://journeyed.org/hotel/red-lion-hotel-anaheim-resort-anaheim-539328/,1.9,,,,,
Angel Stadium,Travelodge by Wyndham,https://journeyed.org/hotel/travelodge-by-wyndham-anaheim-1057e8/,1.9,,,,,
Angel Stadium,Best Western Plus Raffles Inn & Suites,https://journeyed.org/hotel/best-western-plus-raffles-inn-and-suites-anaheim-438cc7/,1.9,,,,,
Angel Stadium,Hyatt House At Anaheim Resort/convention Center,https://journeyed.org/hotel/hyatt-house-at-anaheim-resort-convention-center-anaheim-795346/,1.9,,,,,
Angel Stadium,Quality Inn & Suites Anaheim Resort,https://journeyed.org/hotel/quality-inn-and-suites-anaheim-resort-anaheim-f257cb/,1.9,,,,,
Angel Stadium,Hacienda Inn & Suites,https://journeyed.org/hotel/hacienda-inn-and-suites-anaheim-ebaa40/,1.9,,,,,
Angel Stadium,Del Sol Inn,https://journeyed.org/hotel/del-sol-inn-anaheim-58e9c1/,1.9,,,,,
Angel Stadium,Signature Inn,https://journeyed.org/hotel/signature-inn-anaheim-8b9167/,1.9,,,,,
Angel Stadium,Hilton Garden Inn Anaheim Resort,https://journeyed.org/hotel/hilton-garden-inn-anaheim-resort-anaheim-b3ec21/,1.9,,,free,,
Angel Stadium,The Anaheim Hotel,https://journeyed.org/hotel/the-anaheim-hotel-anaheim-12b672/,1.9,,,,,
Angel Stadium,Magnolia Tree Hotel,https://journeyed.org/hotel/magnolia-tree-hotel-anaheim-7f5868/,1.9,10,https://www.magnoliatreehotel.com/amenities-services/,,,2026-10-03
Angel Stadium,Home2 Suites by Hilton Anaheim Resort,https://journeyed.org/hotel/home2-suites-by-hilton-anaheim-resort-anaheim-dc0851/,1.9,,,free,,
Angel Stadium,Anaheim Portofino Inn & Suites,https://journeyed.org/hotel/anaheim-portofino-inn-and-suites-anaheim-a29b7c/,2,,,,,
Angel Stadium,Sheraton Park Hotel at the Anaheim Resort,https://journeyed.org/hotel/sheraton-park-hotel-at-the-anaheim-resort-anaheim-de2bb1/,2,,,,,
Angel Stadium,Hyatt Place,https://journeyed.org/hotel/hyatt-place-anaheim-5f0463/,2,,,,,
Angel Stadium,Anaheim Carriage Inn,https://journeyed.org/hotel/anaheim-carriage-inn-anaheim-66123e/,2,0,https://anaheimcarriagehotel.com/about-us/,free,,2026-10-03
Angel Stadium,Holiday Inn Express & Suites Anaheim Resort Area,https://journeyed.org/hotel/holiday-inn-express-and-suites-anaheim-resort-area-anaheim-349b0e/,2,,,,,
Angel Stadium,Anaheim Desert Inn and Suites,https://journeyed.org/hotel/anaheim-desert-inn-and-suites-anaheim-cedfae/,2,27,https://www.anaheimdesertinn.com/faqs.htm,free,,2026-10-03
Angel Stadium,Best Western Plus Anaheim Inn,https://journeyed.org/hotel/best-western-plus-anaheim-inn-anaheim-07085f/,2,,,,,
Angel Stadium,Stanford Inn & Suites,https://journeyed.org/hotel/stanford-inn-and-suites-anaheim-adc3f6/,2,,,free,,
Angel Stadium,DoubleTree Suites by Hilton Hotel Anaheim Resort,https://journeyed.org/hotel/doubletree-suites-by-hilton-hotel-anaheim-resort-anaheim-024da1/,2,,,,,
Angel Stadium,Clarion Hotel Anaheim Resort,https://journeyed.org/hotel/clarion-hotel-anaheim-resort-anaheim-f84dd8/,2,,,,,
Angel Stadium,Grand Legacy At The Park,https://journeyed.org/hotel/grand-legacy-at-the-park-anaheim-8766cb/,2,,,,,
Angel Stadium,Cortona Inn and Suites,https://journeyed.org/hotel/cortona-inn-and-suites-anaheim-a88221/,2,25,https://www.cortonainn.com/faqs,free,,2026-10-03
Angel Stadium,Candy Cane Inn,https://journeyed.org/hotel/candy-cane-inn-anaheim-b3b422/,2,0,https://candycaneinn.net/amenities/,free,,2026-10-03
Angel Stadium,SpringHill Suites,https://journeyed.org/hotel/springhill-suites-anaheim-af60bc/,2,,,,,
Angel Stadium,Fairfield by Marriott Anaheim Resort,https://journeyed.org/hotel/fairfield-by-marriott-anaheim-resort-anaheim-4feded/,2,,,,,
Angel Stadium,Capri Suites Anaheim,https://journeyed.org/hotel/capri-suites-anaheim-anaheim-524c47/,2,,,,,
Angel Stadium,Marriott,https://journeyed.org/hotel/marriott-anaheim-a3b2aa/,2,,,,,
Angel Stadium,Days Inn,https://journeyed.org/hotel/days-inn-anaheim-c15846/,2,,,,,
Angel Stadium,Queens Inn Anaheim near The Park & Convention Center,https://journeyed.org/hotel/queens-inn-anaheim-near-the-park-and-convention-center-anaheim-dec383/,2,0,https://queensinnanaheim.com/rooms/,,,2026-10-03
Angel Stadium,Ramada Anaheim Convention Center,https://journeyed.org/hotel/ramada-anaheim-convention-center-anaheim-0875a1/,2,,,,,
Angel Stadium,Park Vue Inn,https://journeyed.org/hotel/park-vue-inn-anaheim-182e3c/,2,,,none,,
Angel Stadium,Anaheim Express Inn,https://journeyed.org/hotel/anaheim-express-inn-anaheim-c67a44/,2,,,,,
Angel Stadium,Desert Palms Hotel and Suites,https://journeyed.org/hotel/desert-palms-hotel-and-suites-anaheim-f28202/,2,31,https://www.desertpalmshotel.com/frequently-asked-questions,free,,2026-10-03
Angel Stadium,Best Western Plus Park Place Inn - Mini Suites,https://journeyed.org/hotel/best-western-plus-park-place-inn-mini-suites-anaheim-e60703/,2,,,,,
Angel Stadium,Courtyard By Marriott,https://journeyed.org/hotel/courtyard-by-marriott-anaheim-fe380d/,2,,,,,
Angel Stadium,Motel 6 Anaheim Convention Center,https://journeyed.org/hotel/motel-6-anaheim-convention-center-anaheim-40b49b/,2,,,,,
Angel Stadium,O.C HOUSE,https://journeyed.org/hotel/o-c-house-santa-ana-c349ed/,2,,,,,
Angel Stadium,Courtyard by Marriott Anaheim Theme Park Entrance,https://journeyed.org/hotel/courtyard-by-marriott-anaheim-theme-park-entrance-anaheim-7c0cb8/,2,,,,,
Angel Stadium,Tropicana Inn & Suites,https://journeyed.org/hotel/tropicana-inn-and-suites-anaheim-946424/,2,,,,,
Angel Stadium,Camelot Inn and Suites,https://journeyed.org/hotel/camelot-inn-and-suites-anaheim-e15e42/,2,,,,,
Angel Stadium,Hampton Inn & Suites Anaheim Garden Grove,https://journeyed.org/hotel/hampton-inn-and-suites-anaheim-garden-grove-garden-grove-c97b04/,2,,,,,
Angel Stadium,Howard Johnson by Wyndham Anaheim Hotel and Water Playground,https://journeyed.org/hotel/howard-johnson-by-wyndham-anaheim-hotel-and-water-playground-anaheim-f635df/,2,,,,,
Angel Stadium,Residence Inn by Marriott at Anaheim Resort/Convention Center,https://journeyed.org/hotel/residence-inn-by-marriott-at-anaheim-resort-convention-center-anaheim-62b046/,2,,,,,
Angel Stadium,Carousel Inn & Suites,https://journeyed.org/hotel/carousel-inn-and-suites-anaheim-57d015/,2,,,,,
Angel Stadium,Hilton Garden Inn,https://journeyed.org/hotel/hilton-garden-inn-garden-grove-a9a188/,2.1,,,,,
Angel Stadium,Residence Inn,https://journeyed.org/hotel/residence-inn-garden-grove-e27532/,2.1,,,,,
Angel Stadium,Alpine Inn,https://journeyed.org/hotel/alpine-inn-anaheim-48ec39/,2.1,,,,,
Angel Stadium,Hilton Anaheim,https://journeyed.org/hotel/hilton-anaheim-anaheim-88a662/,2.1,,,,,
Angel Stadium,Embassy Suites by Hilton,https://journeyed.org/hotel/embassy-suites-by-hilton-garden-grove-fa5b56/,2.1,,,,,
Angel Stadium,Anaheim Marriott,https://journeyed.org/hotel/anaheim-marriott-anaheim-95b42d/,2.1,,,,,
Angel Stadium,Hyatt Regency Orange County,https://journeyed.org/hotel/hyatt-regency-orange-county-garden-grove-d569c8/,2.1,,,,,
Angel Stadium,Red Roof Inn Santa Ana,https://journeyed.org/hotel/red-roof-inn-santa-ana-santa-ana-4e43f5/,2.1,,,,,
Angel Stadium,Sheraton,https://journeyed.org/hotel/sheraton-garden-grove-95aab5/,2.2,,,,,
Angel Stadium,Delta Hotels,https://journeyed.org/hotel/delta-hotels-garden-grove-e2b33c/,2.2,,,,,
Angel Stadium,Hotel 414 Anaheim,https://journeyed.org/hotel/hotel-414-anaheim-anaheim-7c695b/,2.2,,,,none,
Angel Stadium,Knights Inn Anaheim,https://journeyed.org/hotel/knights-inn-anaheim-anaheim-396d24/,2.2,,,,,
Angel Stadium,Anaheim Marriott Suites,https://journeyed.org/hotel/anaheim-marriott-suites-garden-grove-6c87cf/,2.2,,,,,
Angel Stadium,Anaheim Astoria Inn and Suites,https://journeyed.org/hotel/anaheim-astoria-inn-and-suites-anaheim-8b9d77/,2.2,,,,,
Angel Stadium,Homewood Suites By Hilton Anaheim-main Gate Area,https://journeyed.org/hotel/homewood-suites-by-hilton-anaheim-main-gate-area-garden-grove-6c3ff7/,2.2,,,,,
Angel Stadium,Agave Resort,https://journeyed.org/hotel/agave-resort-santa-ana-9205a2/,2.3,,,,,
Angel Stadium,Legacy Inn & Suites,https://journeyed.org/hotel/legacy-inn-and-suites-garden-grove-805f88/,2.3,,,,,
Angel Stadium,InterContinental Hotels & Resorts,https://journeyed.org/hotel/intercontinental-hotels-and-resorts-garden-grove-1ed6e4/,2.3,,,,,
Angel Stadium,Sonesta Simply Suites Anaheim,https://journeyed.org/hotel/sonesta-simply-suites-anaheim-garden-grove-5aa9e9/,2.3,,,,,
Angel Stadium,Four Points By Sheraton,https://journeyed.org/hotel/four-points-by-sheraton-anaheim-557370/,2.3,,,,,
Angel Stadium,The Anabella Hotel,https://journeyed.org/hotel/the-anabella-hotel-anaheim-ba9b1c/,2.3,,,,,
Angel Stadium,Hotel Marguerite,https://journeyed.org/hotel/hotel-marguerite-garden-grove-d71fea/,2.3,,,,,
Angel Stadium,Westin,https://journeyed.org/hotel/westin-anaheim-3e65b4/,2.3,,,,,
Angel Stadium,Days Inn and Suites by Wyndham Anaheim,https://journeyed.org/hotel/days-inn-and-suites-by-wyndham-anaheim-anaheim-cba698/,2.3,,,free,,
Angel Stadium,Frontier Motel,https://journeyed.org/hotel/frontier-motel-anaheim-102cf7/,2.4,,,,,
Angel Stadium,The Villas at Disney's Grand Californian Hotel & Spa,https://journeyed.org/hotel/the-villas-at-disneys-grand-californian-hotel-and-spa-anaheim-c48de7/,2.4,,,,,
Angel Stadium,Great Wolf Lodge | Southern California,https://journeyed.org/hotel/great-wolf-lodge-southern-california-garden-grove-5b1d92/,2.4,35,https://www.greatwolf.com/southern-california/faq,,,2026-10-03
Angel Stadium,Disney's Grand Californian Hotel & Spa,https://journeyed.org/hotel/disneys-grand-californian-hotel-and-spa-anaheim-4c1b3b/,2.4,,,,,
Angel Stadium,Eden Roc Inn & Suites,https://journeyed.org/hotel/eden-roc-inn-and-suites-anaheim-52c828/,2.4,,,,,
Angel Stadium,Super 7 Motel,https://journeyed.org/hotel/super-7-motel-anaheim-dad5ba/,2.4,,,,,
Angel Stadium,Ramada by Wyndham Anaheim Maingate North,https://journeyed.org/hotel/ramada-by-wyndham-anaheim-maingate-north-anaheim-bc4afd/,2.4,,,,,
Angel Stadium,California Inn,https://journeyed.org/hotel/california-inn-anaheim-0d8a9c/,2.5,,,,,
Angel Stadium,Harbor Motel,https://journeyed.org/hotel/harbor-motel-garden-grove-f79587/,2.5,,,,,
Angel Stadium,Anaheim Tropic Motel,https://journeyed.org/hotel/anaheim-tropic-motel-anaheim-f7f436/,2.5,,,,,
Angel Stadium,Best Western Plus Stovall's Inn,https://journeyed.org/hotel/best-western-plus-stovalls-inn-anaheim-caa2a1/,2.5,25,https://stovallshotels.com/faqs/,,,2026-10-03
Angel Stadium,Golden West Lodge,https://journeyed.org/hotel/golden-west-lodge-santa-ana-a6a5e3/,2.5,,,,,
Angel Stadium,Harbor Inn and Suites,https://journeyed.org/hotel/harbor-inn-and-suites-garden-grove-5e7e33/,2.5,,,,,
Angel Stadium,Pixar Place Hotel,https://journeyed.org/hotel/pixar-place-hotel-anaheim-4f365e/,2.5,,,,,
Angel Stadium,Crazy 8 Motel,https://journeyed.org/hotel/crazy-8-motel-orange-7a0909/,2.5,,,,,
Angel Stadium,Anaheim Discovery Inn & Suites at the Park,https://journeyed.org/hotel/anaheim-discovery-inn-and-suites-at-the-park-anaheim-5e7942/,2.5,0,https://www.anaheimdiscoveryinn.com/rooms,,,2026-10-03
Angel Stadium,Quality Inn and Suites Anaheim Maingate,https://journeyed.org/hotel/quality-inn-and-suites-anaheim-maingate-anaheim-d1afea/,2.5,,,,,
Angel Stadium,Alamo Inn and Suites,https://journeyed.org/hotel/alamo-inn-and-suites-anaheim-8277ca/,2.6,,,,,
Angel Stadium,Quality Inn & Suites Anaheim at the Park,https://journeyed.org/hotel/quality-inn-and-suites-anaheim-at-the-park-anaheim-e828e1/,2.6,,,,,
Angel Stadium,Anaheim Majestic Garden Hotel,https://journeyed.org/hotel/anaheim-majestic-garden-hotel-anaheim-027566/,2.6,,,,,
Angel Stadium,Anaheim Maingate Inn,https://journeyed.org/hotel/anaheim-maingate-inn-anaheim-293d04/,2.6,,,,,
Angel Stadium,Disneyland Hotel,https://journeyed.org/hotel/disneyland-hotel-anaheim-c6e079/,2.6,,,,,
Angel Stadium,Sheraton Anaheim Hotel,https://journeyed.org/hotel/sheraton-anaheim-hotel-anaheim-b03c39/,2.6,,,,,
Angel Stadium,Best Western Plus Pavilions,https://journeyed.org/hotel/best-western-plus-pavilions-anaheim-668989/,2.6,,,,,
Angel Stadium,Days Inn by Wyndham Anaheim West,https://journeyed.org/hotel/days-inn-by-wyndham-anaheim-west-anaheim-7de091/,2.6,,,,,
Angel Stadium,Budget Inn,https://journeyed.org/hotel/budget-inn-anaheim-92626c/,2.6,,,,,
Angel Stadium,Disney Vacation Club at Downtown Disney District,https://journeyed.org/hotel/disney-vacation-club-at-downtown-disney-district-anaheim-8c7c26/,2.6,,,,,
Angel Stadium,Staybridge Suites Anaheim at the Park,https://journeyed.org/hotel/staybridge-suites-anaheim-at-the-park-anaheim-fbfa02/,2.7,,,,,
Angel Stadium,Best Western Courtesy Inn,https://journeyed.org/hotel/best-western-courtesy-inn-anaheim-fdc119/,2.7,,,,,
Angel Stadium,Travelodge Inn & Suites,https://journeyed.org/hotel/travelodge-inn-and-suites-anaheim-7d1c50/,2.7,0,https://www.travelodgedisneyland.com/services,free,,2026-10-03
Angel Stadium,Abby’s Anaheimer Inn,https://journeyed.org/hotel/abbys-anaheimer-inn-anaheim-803d45/,2.7,,,,,
Angel Stadium,Super 8 by Wyndham Anaheim Disneyland Drive,https://journeyed.org/hotel/super-8-by-wyndham-anaheim-disneyland-drive-anaheim-b15351/,2.7,,,,,
Angel Stadium,Santa Ana Travel Inn,https://journeyed.org/hotel/santa-ana-travel-inn-santa-ana-cc62dc/,2.7,,,,,
Angel Stadium,Sky Palm Motel,https://journeyed.org/hotel/sky-palm-motel-orange-7335ef/,2.7,,,,,
Angel Stadium,Sandman Motel,https://journeyed.org/hotel/sandman-motel-anaheim-ca3c78/,2.8,,,,,
Angel Stadium,Anchor Inn Motel,https://journeyed.org/hotel/anchor-inn-motel-anaheim-4106b8/,2.8,,,,,
Angel Stadium,Lemon Tree Hotel and suites,https://journeyed.org/hotel/lemon-tree-hotel-and-suites-anaheim-5f958c/,2.8,paid,https://www.lemontreehotelanaheim.com/amenities-en,free,,2026-10-03
Angel Stadium,Casa Camino Hotel And Suites,https://journeyed.org/hotel/casa-camino-hotel-and-suites-orange-df2fbf/,2.9,,,,,
Angel Stadium,Howard Johnson by Wyndham Orange Hotel & Suites,https://journeyed.org/hotel/howard-johnson-by-wyndham-orange-hotel-and-suites-orange-c90935/,2.9,,,,,
Angel Stadium,Evergreen Royalle,https://journeyed.org/hotel/evergreen-royalle-anaheim-d96ac8/,2.9,,,,,
Angel Stadium,Holiday Inn and Suites Anaheim,https://journeyed.org/hotel/holiday-inn-and-suites-anaheim-anaheim-abab45/,2.9,,,,,
Angel Stadium,Conestoga Hotel,https://journeyed.org/hotel/conestoga-hotel-anaheim-089fa2/,2.9,,,,,
Angel Stadium,SpringHill Suites,https://journeyed.org/hotel/springhill-suites-anaheim-f66f9c/,2.9,,,,,
Angel Stadium,Imperial 17th Motel,https://journeyed.org/hotel/imperial-17th-motel-santa-ana-39365c/,2.9,,,,,
Angel Stadium,The Haro Hotel,https://journeyed.org/hotel/the-haro-hotel-santa-ana-4f874d/,3,,,,,
Crypto.com Arena,"The Ritz-Carlton, Los Angeles",https://journeyed.org/hotel/the-ritz-carlton-los-angeles-los-angeles-2d2026/,0.2,,,,,
Crypto.com Arena,AC Hotel Downtown Los Angeles,https://journeyed.org/hotel/ac-hotel-downtown-los-angeles-los-angeles-25f487/,0.2,,,,,
Crypto.com Arena,E-Central Downtown Los Angeles Hotel,https://journeyed.org/hotel/e-central-downtown-los-angeles-hotel-los-angeles-3093f3/,0.2,,,,,
Crypto.com Arena,Courtyard By Marriott,https://journeyed.org/hotel/courtyard-by-marriott-los-angeles-609b9a/,0.2,,,,,
Crypto.com Arena,Level Los Angeles - Downtown Flower,https://journeyed.org/hotel/level-los-angeles-downtown-flower-los-angeles-588142/,0.2,,,,,
Crypto.com Arena,Residence Inn,https://journeyed.org/hotel/residence-inn-los-angeles-1261ca/,0.2,,,,,
Crypto.com Arena,Urban Executive Suites,https://journeyed.org/hotel/urban-executive-suites-los-angeles-bf9bbf/,0.2,,,,,
Crypto.com Arena,Hotel Figueroa,https://journeyed.org/hotel/hotel-figueroa-los-angeles-6c4fda/,0.3,paid,https://www.hotelfigueroa.com/faq/,,,2026-10-03
Crypto.com Arena,Morrison Hotel,https://journeyed.org/hotel/morrison-hotel-los-angeles-50c441/,0.3,,,,,
Crypto.com Arena,Global Luxury Suites at Figueroa Street,https://journeyed.org/hotel/global-luxury-suites-at-figueroa-street-los-angeles-60e3b4/,0.3,,,,,
Crypto.com Arena,Hotel Indigo Los Angeles Downtown,https://journeyed.org/hotel/hotel-indigo-los-angeles-downtown-los-angeles-7c682c/,0.3,,,,,
Crypto.com Arena,Llaves Dtla Staples Center,https://journeyed.org/hotel/llaves-dtla-staples-center-los-angeles-730b52/,0.3,,,,,
Crypto.com Arena,O Hotel,https://journeyed.org/hotel/o-hotel-los-angeles-f98ab6/,0.5,,,,,
Crypto.com Arena,"The Wayfarer Downtown LA, Tapestry Collection by Hilton",https://journeyed.org/hotel/the-wayfarer-downtown-la-tapestry-collection-by-hilton-los-angeles-295154/,0.5,,,,,
Crypto.com Arena,Supreme Hotel,https://journeyed.org/hotel/supreme-hotel-los-angeles-e30d12/,0.5,,,,,
Crypto.com Arena,Trinity Hotel by LuxUrban,https://journeyed.org/hotel/trinity-hotel-by-luxurban-los-angeles-b873c8/,0.5,,,,,
Crypto.com Arena,Stillwell Hotel,https://journeyed.org/hotel/stillwell-hotel-los-angeles-9b2ddb/,0.5,,,,,
Crypto.com Arena,Motel 6,https://journeyed.org/hotel/motel-6-los-angeles-4bf6dc/,0.5,,,,,
Crypto.com Arena,Downtown LA Proper Hotel,https://journeyed.org/hotel/downtown-la-proper-hotel-los-angeles-6f166a/,0.5,,,paid,none,
Crypto.com Arena,Level Los Angeles - Downtown South Olive,https://journeyed.org/hotel/level-los-angeles-downtown-south-olive-los-angeles-94b270/,0.5,,,,,
Crypto.com Arena,"The Hoxton, Downtown LA",https://journeyed.org/hotel/the-hoxton-downtown-la-los-angeles-639487/,0.5,,,,,
Crypto.com Arena,South Park Hotel,https://journeyed.org/hotel/south-park-hotel-los-angeles-83bdd7/,0.6,,,,,
Crypto.com Arena,La 그린하우스 호스텔,https://journeyed.org/hotel/la-los-angeles-876375/,0.6,,,,,
Crypto.com Arena,DTLA Hotel,https://journeyed.org/hotel/dtla-hotel-los-angeles-235165/,0.6,,,,,
Crypto.com Arena,City Center Hotel,https://journeyed.org/hotel/city-center-hotel-los-angeles-9f3efb/,0.6,,,,,
Crypto.com Arena,Stile Downtown Los Angeles By Kasa,https://journeyed.org/hotel/stile-downtown-los-angeles-by-kasa-los-angeles-80c8f0/,0.6,,,,,
Crypto.com Arena,InterContinental Los Angeles Downtown by IHG,https://journeyed.org/hotel/intercontinental-los-angeles-downtown-by-ihg-los-angeles-91c39a/,0.6,,,,,
Crypto.com Arena,Motel De Ville,https://journeyed.org/hotel/motel-de-ville-los-angeles-ed768f/,0.6,,,,,
Crypto.com Arena,Sheraton Grand Los Angeles,https://journeyed.org/hotel/sheraton-grand-los-angeles-los-angeles-d2de73/,0.6,,,,,
Crypto.com Arena,Ace Hotel Downtown Los Angeles,https://journeyed.org/hotel/ace-hotel-downtown-los-angeles-los-angeles-9ef190/,0.6,,,,,
Crypto.com Arena,Level Los Angeles - Downtown South Hill,https://journeyed.org/hotel/level-los-angeles-downtown-south-hill-los-angeles-aecc33/,0.6,,,,,
Crypto.com Arena,Freehand Los Angeles,https://journeyed.org/hotel/freehand-los-angeles-los-angeles-c07eea/,0.6,,,,,
Crypto.com Arena,Hyatt Regency Los Angeles,https://journeyed.org/hotel/hyatt-regency-los-angeles-los-angeles-3da437/,0.6,,,,,
Crypto.com Arena,Orchid Gardens MayfaIr Hotel,https://journeyed.org/hotel/orchid-gardens-mayfair-hotel-los-angeles-eafa9c/,0.6,,,,,
Crypto.com Arena,Hotel Twin Dolphin,https://journeyed.org/hotel/hotel-twin-dolphin-los-angeles-acba52/,0.6,,,,,
Crypto.com Arena,My Sunshine Hotel,https://journeyed.org/hotel/my-sunshine-hotel-los-angeles-2a4b49/,0.7,0,https://www.mysunshinehotella.us/,,,2026-10-03
Crypto.com Arena,The Angels Suites,https://journeyed.org/hotel/the-angels-suites-los-angeles-2f9072/,0.7,,,,,
Crypto.com Arena,C. Allen Suites,https://journeyed.org/hotel/c-allen-suites-los-angeles-90709e/,0.7,,,,,
Crypto.com Arena,"Hotel Per La, Autograph Collection",https://journeyed.org/hotel/hotel-per-la-autograph-collection-los-angeles-0818d7/,0.7,,,paid,,
Crypto.com Arena,Residences at 616,https://journeyed.org/hotel/residences-at-616-los-angeles-13be43/,0.7,,,,,
Crypto.com Arena,Stuart Hotel,https://journeyed.org/hotel/stuart-hotel-los-angeles-7d77ab/,0.7,,,,,
Crypto.com Arena,The Hotel At The Los Angeles Athletic Club,https://journeyed.org/hotel/the-hotel-at-the-los-angeles-athletic-club-los-angeles-607626/,0.7,,,,,
Crypto.com Arena,The Audemar Hotel,https://journeyed.org/hotel/the-audemar-hotel-los-angeles-54d6f0/,0.8,35,https://theaudemar.com/your-stay/,,,2026-10-03
Crypto.com Arena,The Delphi Downtown LA,https://journeyed.org/hotel/the-delphi-downtown-la-los-angeles-df22e3/,0.8,50,https://www.thedelphihotel.com/faq,,,2026-10-03
Crypto.com Arena,The Dart Hotel,https://journeyed.org/hotel/the-dart-hotel-los-angeles-5aa6cd/,0.8,,,,,
Crypto.com Arena,Tuck Hotel,https://journeyed.org/hotel/tuck-hotel-los-angeles-d4b8c4/,0.8,,,,,
Crypto.com Arena,Motel Rocks,https://journeyed.org/hotel/motel-rocks-los-angeles-46af6f/,0.8,,,,,
Crypto.com Arena,Yorkshire Apartments & Hotel,https://journeyed.org/hotel/yorkshire-apartments-and-hotel-los-angeles-6f36bd/,0.8,,,,,
Crypto.com Arena,Sunshine Suites at The Piero,https://journeyed.org/hotel/sunshine-suites-at-the-piero-los-angeles-64324a/,0.8,,,,,
Crypto.com Arena,Metropolitan Inn & Suites,https://journeyed.org/hotel/metropolitan-inn-and-suites-los-angeles-b45996/,0.8,,,,,
Crypto.com Arena,Staples Center Inn,https://journeyed.org/hotel/staples-center-inn-los-angeles-5d896d/,0.8,,,,,
Crypto.com Arena,Rodeway Inn Convention Center,https://journeyed.org/hotel/rodeway-inn-convention-center-los-angeles-b1cf3e/,0.8,,,,,
Crypto.com Arena,The Haas Suites,https://journeyed.org/hotel/the-haas-suites-los-angeles-f7f803/,0.8,,,,,
Crypto.com Arena,The Live Hotel,https://journeyed.org/hotel/the-live-hotel-los-angeles-0c456a/,0.8,,,,,
Crypto.com Arena,The Haas Building,https://journeyed.org/hotel/the-haas-building-los-angeles-50c574/,0.8,,,,,
Crypto.com Arena,Hilton Checkers Los Angeles,https://journeyed.org/hotel/hilton-checkers-los-angeles-los-angeles-f8d045/,0.8,,,,,
Crypto.com Arena,Vector Travel,https://journeyed.org/hotel/vector-travel-los-angeles-5b03df/,0.8,,,,,
Crypto.com Arena,The Senator Hotel,https://journeyed.org/hotel/the-senator-hotel-los-angeles-7665c9/,0.8,,,,,
Crypto.com Arena,Weingart House-Good Samaritan,https://journeyed.org/hotel/weingart-house-good-samaritan-los-angeles-6a2988/,0.8,,,,,
Crypto.com Arena,Alexander Hotel,https://journeyed.org/hotel/alexander-hotel-los-angeles-7b2e87/,0.9,,,,,
Crypto.com Arena,Hotel Solaire Los Angeles,https://journeyed.org/hotel/hotel-solaire-los-angeles-los-angeles-eab788/,0.9,,,,,
Crypto.com Arena,La Tyson,https://journeyed.org/hotel/la-tyson-los-angeles-b9ae0d/,0.9,,,,,
Crypto.com Arena,Sheraton Hotel,https://journeyed.org/hotel/sheraton-hotel-los-angeles-6d0027/,0.9,,,,,
Crypto.com Arena,Biltmore Hotel And Resorts,https://journeyed.org/hotel/biltmore-hotel-and-resorts-los-angeles-b55f6f/,0.9,,,,,
Crypto.com Arena,Casa Bella Inn,https://journeyed.org/hotel/casa-bella-inn-los-angeles-c277c7/,0.9,,,,,
Crypto.com Arena,Cecil Hotel,https://journeyed.org/hotel/cecil-hotel-los-angeles-ee6b0a/,0.9,,,,,
Crypto.com Arena,"The Westin Bonaventure Hotel & Suites, Los Angeles",https://journeyed.org/hotel/the-westin-bonaventure-hotel-and-suites-los-angeles-los-angeles-670679/,0.9,,,,,
Crypto.com Arena,Stay on Main,https://journeyed.org/hotel/stay-on-main-los-angeles-2a4661/,0.9,,,,,
Crypto.com Arena,Americas Best Value Inn,https://journeyed.org/hotel/americas-best-value-inn-los-angeles-1ae129/,1,,,,,
Crypto.com Arena,Hotel Cortez,https://journeyed.org/hotel/hotel-cortez-los-angeles-a65344/,1,,,,,
Crypto.com Arena,Alvarado Palms Motel,https://journeyed.org/hotel/alvarado-palms-motel-los-angeles-e1f3bc/,1,,,,,
Crypto.com Arena,Motel 6 Los Angeles- Ca - Downtown,https://journeyed.org/hotel/motel-6-los-angeles-ca-downtown-los-angeles-87af6e/,1,,,,,
Crypto.com Arena,Olympic Hotel,https://journeyed.org/hotel/olympic-hotel-los-angeles-a05b87/,1,,,,,
Crypto.com Arena,Tuscan Garden Inn,https://journeyed.org/hotel/tuscan-garden-inn-los-angeles-57cb52/,1,,,,,
Crypto.com Arena,Hotel Clark,https://journeyed.org/hotel/hotel-clark-los-angeles-a44e91/,1,,,,,
Crypto.com Arena,The L.A. Grand Hotel Downtown,https://journeyed.org/hotel/the-l-a-grand-hotel-downtown-los-angeles-729e5d/,1.1,,,,,
Crypto.com Arena,Sanborn Hotel,https://journeyed.org/hotel/sanborn-hotel-los-angeles-c6f807/,1.1,,,,,
Crypto.com Arena,Marriott Downtown,https://journeyed.org/hotel/marriott-downtown-los-angeles-cd6574/,1.1,,,,,
Crypto.com Arena,Union Hotel,https://journeyed.org/hotel/union-hotel-los-angeles-a1ea1c/,1.1,,,,,
Crypto.com Arena,Rosslyn Hotel,https://journeyed.org/hotel/rosslyn-hotel-los-angeles-dd301a/,1.1,,,,,
Crypto.com Arena,Leonide Hotel,https://journeyed.org/hotel/leonide-hotel-los-angeles-cba9c0/,1.1,,,,,
Crypto.com Arena,Cambria Hotel Los Angeles Downtown,https://journeyed.org/hotel/cambria-hotel-los-angeles-downtown-los-angeles-5f9444/,1.1,,,,,
Crypto.com Arena,Baltimore Hotel,https://journeyed.org/hotel/baltimore-hotel-los-angeles-7d5130/,1.1,,,,,
Crypto.com Arena,Madison Hotel,https://journeyed.org/hotel/madison-hotel-los-angeles-7e7e32/,1.1,,,,,
Crypto.com Arena,The Metric Hotel,https://journeyed.org/hotel/the-metric-hotel-los-angeles-4390f3/,1.1,,,,,
Crypto.com Arena,Casitas Motel,https://journeyed.org/hotel/casitas-motel-los-angeles-1ef5d7/,1.1,,,,,
Crypto.com Arena,Jerry's Motel,https://journeyed.org/hotel/jerrys-motel-los-angeles-a38a15/,1.1,,,,,
Crypto.com Arena,Cameo Hotel,https://journeyed.org/hotel/cameo-hotel-los-angeles-be30fa/,1.1,,,,,
Crypto.com Arena,Holiday Inn Express & Suites Los Angeles Downtown West,https://journeyed.org/hotel/holiday-inn-express-and-suites-los-angeles-downtown-west-los-angeles-01ba8f/,1.2,,,,,
Crypto.com Arena,citizenM Los Angeles Downtown,https://journeyed.org/hotel/citizenm-los-angeles-downtown-los-angeles-56946b/,1.2,,,,,
Crypto.com Arena,Omni Los Angeles Hotel,https://journeyed.org/hotel/omni-los-angeles-hotel-los-angeles-3e38bf/,1.2,,,,,
Crypto.com Arena,Ramada Limited Los Angeles Downtown,https://journeyed.org/hotel/ramada-limited-los-angeles-downtown-los-angeles-b6b663/,1.2,,,,,
Crypto.com Arena,The Burlington Hotel,https://journeyed.org/hotel/the-burlington-hotel-los-angeles-d193cc/,1.2,,,,,
Crypto.com Arena,The Palmer House,https://journeyed.org/hotel/the-palmer-house-los-angeles-ad422c/,1.2,,,,,
Crypto.com Arena,Htl Intercontinental,https://journeyed.org/hotel/htl-intercontinental-los-angeles-ae72ba/,1.2,,,,,
Crypto.com Arena,The Carlton Hotel,https://journeyed.org/hotel/the-carlton-hotel-los-angeles-46510c/,1.2,,,,,
Crypto.com Arena,Barclay Hotel,https://journeyed.org/hotel/barclay-hotel-los-angeles-12b99b/,1.2,,,,,
Crypto.com Arena,Courtland Hotel,https://journeyed.org/hotel/courtland-hotel-los-angeles-d56f70/,1.2,,,,,
Crypto.com Arena,Holiday Lodge,https://journeyed.org/hotel/holiday-lodge-los-angeles-d9df00/,1.2,,,,,
Crypto.com Arena,Florence Hotel,https://journeyed.org/hotel/florence-hotel-los-angeles-718e3b/,1.2,,,,,
Crypto.com Arena,Simone Hotel,https://journeyed.org/hotel/simone-hotel-los-angeles-4fb6b7/,1.2,,,,,
Crypto.com Arena,Angelus Inn,https://journeyed.org/hotel/angelus-inn-los-angeles-3dddeb/,1.3,,,,,
Crypto.com Arena,Bixby Hotel,https://journeyed.org/hotel/bixby-hotel-los-angeles-01ed0e/,1.3,,,,,
Crypto.com Arena,Marion,https://journeyed.org/hotel/marion-los-angeles-ca04cf/,1.3,,,,,
Crypto.com Arena,Travel Inn,https://journeyed.org/hotel/travel-inn-los-angeles-b49ace/,1.3,,,,,
Crypto.com Arena,Panama Hotel,https://journeyed.org/hotel/panama-hotel-los-angeles-487d3c/,1.3,,,,,
Crypto.com Arena,Continental Hotel,https://journeyed.org/hotel/continental-hotel-los-angeles-119937/,1.3,,,,,
Crypto.com Arena,Kawada Hotel,https://journeyed.org/hotel/kawada-hotel-los-angeles-7be796/,1.3,,,,,
Crypto.com Arena,Angeles B&B,https://journeyed.org/hotel/angeles-b-and-b-los-angeles-db651d/,1.3,,,,,
Crypto.com Arena,Golden West Hotel,https://journeyed.org/hotel/golden-west-hotel-los-angeles-6ef537/,1.3,,,,,
Crypto.com Arena,St George Hotel,https://journeyed.org/hotel/st-george-hotel-los-angeles-c0a3fb/,1.3,,,,,
Crypto.com Arena,Studio Plus,https://journeyed.org/hotel/studio-plus-los-angeles-7c1385/,1.3,,,,,
Crypto.com Arena,Boyd Hotel,https://journeyed.org/hotel/boyd-hotel-los-angeles-43f458/,1.3,,,,,
Crypto.com Arena,Hollywood Delux Inn,https://journeyed.org/hotel/hollywood-delux-inn-los-angeles-243887/,1.3,,,,,
Crypto.com Arena,New Aster Motel,https://journeyed.org/hotel/new-aster-motel-los-angeles-e056fb/,1.4,,,,,
Crypto.com Arena,Conrad Los Angeles,https://journeyed.org/hotel/conrad-los-angeles-los-angeles-d4d0de/,1.4,,,,,
Crypto.com Arena,Holiday Inn,https://journeyed.org/hotel/holiday-inn-los-angeles-36276b/,1.4,,,,,
Crypto.com Arena,Eugene Hotel,https://journeyed.org/hotel/eugene-hotel-los-angeles-901d41/,1.4,,,,,
Crypto.com Arena,Ford Hotel,https://journeyed.org/hotel/ford-hotel-los-angeles-ad55bd/,1.4,,,,,
Crypto.com Arena,Prentice Hotel,https://journeyed.org/hotel/prentice-hotel-los-angeles-6fb0f6/,1.4,,,,,
Crypto.com Arena,Ellis Hotel,https://journeyed.org/hotel/ellis-hotel-los-angeles-5cf8a2/,1.4,,,,,
Crypto.com Arena,Stratford Hotel,https://journeyed.org/hotel/stratford-hotel-los-angeles-767572/,1.4,,,,,
Crypto.com Arena,La Jolla Hotel,https://journeyed.org/hotel/la-jolla-hotel-los-angeles-242173/,1.4,,,,,
Crypto.com Arena,Coronado Inn,https://journeyed.org/hotel/coronado-inn-los-angeles-f10422/,1.4,,,,,
Crypto.com Arena,New Vermont Motel,https://journeyed.org/hotel/new-vermont-motel-los-angeles-5609c9/,1.4,,,,,
Crypto.com Arena,Royal Viking Motel,https://journeyed.org/hotel/royal-viking-motel-los-angeles-6d83cd/,1.4,,,,,
Crypto.com Arena,Pod Inn,https://journeyed.org/hotel/pod-inn-los-angeles-12c90f/,1.4,,,,,
Crypto.com Arena,St Marks Hotel,https://journeyed.org/hotel/st-marks-hotel-los-angeles-3cb39d/,1.4,,,,,
Crypto.com Arena,The Regal Hotel,https://journeyed.org/hotel/the-regal-hotel-los-angeles-e4d4c9/,1.4,,,,,
Crypto.com Arena,Hotel Olyver,https://journeyed.org/hotel/hotel-olyver-los-angeles-f4bd0d/,1.5,,,,,
Crypto.com Arena,Vagabond Inn - Los Angeles At Usc,https://journeyed.org/hotel/vagabond-inn-los-angeles-at-usc-los-angeles-6a8834/,1.5,,,,,
Crypto.com Arena,Edward Hotel,https://journeyed.org/hotel/edward-hotel-los-angeles-5eb792/,1.5,,,,,
Crypto.com Arena,DoubleTree by Hilton Hotel Los Angeles Downtown,https://journeyed.org/hotel/doubletree-by-hilton-hotel-los-angeles-downtown-los-angeles-b985fd/,1.5,,,,,
Crypto.com Arena,Organ Hotel,https://journeyed.org/hotel/organ-hotel-los-angeles-9822b2/,1.5,,,,,
Crypto.com Arena,Hart Hotel,https://journeyed.org/hotel/hart-hotel-los-angeles-71338d/,1.5,,,,,
Crypto.com Arena,Olympia Hotel,https://journeyed.org/hotel/olympia-hotel-los-angeles-567d99/,1.5,,,,,
Crypto.com Arena,Rossmore Hotel,https://journeyed.org/hotel/rossmore-hotel-los-angeles-103a1f/,1.5,,,,,
Crypto.com Arena,Ariella Elsie,https://journeyed.org/hotel/ariella-elsie-los-angeles-dfd7e9/,1.5,,,,,
Crypto.com Arena,Art Boarding,https://journeyed.org/hotel/art-boarding-los-angeles-1755db/,1.6,,,,,
Crypto.com Arena,Miyako Hotel Los Angeles,https://journeyed.org/hotel/miyako-hotel-los-angeles-los-angeles-2f343b/,1.6,,,,,
Crypto.com Arena,hotel kilo,https://journeyed.org/hotel/hotel-kilo-los-angeles-1be8e1/,1.6,,,,,
Crypto.com Arena,Liu's Hostel,https://journeyed.org/hotel/lius-hostel-los-angeles-efd2f2/,1.6,,,,,
Crypto.com Arena,Eastsider Motel,https://journeyed.org/hotel/eastsider-motel-los-angeles-1d69dc/,1.6,,,,,
Crypto.com Arena,Hotel Behjou,https://journeyed.org/hotel/hotel-behjou-los-angeles-55dfe8/,1.6,,,,,
Crypto.com Arena,Las Americas Hotel,https://journeyed.org/hotel/las-americas-hotel-los-angeles-e3ff3d/,1.7,,,,,
Crypto.com Arena,Hollywood Inn Express South,https://journeyed.org/hotel/hollywood-inn-express-south-los-angeles-249c59/,1.7,,,free,,
Crypto.com Arena,Downtown Los Angeles Luxurious Resort Suite,https://journeyed.org/hotel/downtown-los-angeles-luxurious-resort-suite-los-angeles-def0a5/,1.8,,,,,
Crypto.com Arena,Knights Inn,https://journeyed.org/hotel/knights-inn-los-angeles-c1116c/,1.8,,,,,
Crypto.com Arena,American Hotel,https://journeyed.org/hotel/american-hotel-los-angeles-e4b8a5/,1.8,,,,,
Crypto.com Arena,USC Hotel,https://journeyed.org/hotel/usc-hotel-los-angeles-536d2e/,1.8,45,https://uschotel.usc.edu/our-hotel,free,,2026-10-03
Crypto.com Arena,PARADISE MOTEL,https://journeyed.org/hotel/paradise-motel-los-angeles-ba537e/,1.8,,,,,
Crypto.com Arena,Aventura Hotel,https://journeyed.org/hotel/aventura-hotel-los-angeles-9de073/,1.9,,,,,
Crypto.com Arena,California Love,https://journeyed.org/hotel/california-love-los-angeles-0b5b28/,1.9,,,,,
Crypto.com Arena,Catalina 8 Inn Motel,https://journeyed.org/hotel/catalina-8-inn-motel-los-angeles-16cdb4/,1.9,,,,,
Crypto.com Arena,Guest House,https://journeyed.org/hotel/guest-house-los-angeles-fc07e8/,1.9,,,,,
Crypto.com Arena,The California Boutique,https://journeyed.org/hotel/the-california-boutique-los-angeles-420427/,1.9,,,,,
Crypto.com Arena,PodShare DTLA,https://journeyed.org/hotel/podshare-dtla-los-angeles-b2c4e7/,1.9,,,,,
Crypto.com Arena,Hometel Suites,https://journeyed.org/hotel/hometel-suites-los-angeles-f8cc28/,2,,,,,
Crypto.com Arena,Aster,https://journeyed.org/hotel/aster-los-angeles-3e4e6e/,2,,,,,
Crypto.com Arena,Lafayette Motel,https://journeyed.org/hotel/lafayette-motel-los-angeles-c25077/,2,,,,,
Crypto.com Arena,Metro Plaza Hotel,https://journeyed.org/hotel/metro-plaza-hotel-los-angeles-190134/,2,,,,,
Crypto.com Arena,H Hotel,https://journeyed.org/hotel/h-hotel-los-angeles-8c331f/,2,,,,,
Crypto.com Arena,Best Western Plus Midtown Hotel,https://journeyed.org/hotel/best-western-plus-midtown-hotel-los-angeles-543e4a/,2.1,,,,,
Crypto.com Arena,California Hotel 1140,https://journeyed.org/hotel/california-hotel-1140-los-angeles-605752/,2.1,,,,,
Crypto.com Arena,Aiden Los Angeles Downtown Dragon Gate Inn,https://journeyed.org/hotel/aiden-los-angeles-downtown-dragon-gate-inn-los-angeles-f9cc29/,2.1,,,,,
Crypto.com Arena,Kins Hotel,https://journeyed.org/hotel/kins-hotel-los-angeles-2ccc8d/,2.2,,,,,
Crypto.com Arena,The Lexmar - Dodger Stadium/hollywood,https://journeyed.org/hotel/the-lexmar-dodger-stadium-hollywood-los-angeles-1ca44e/,2.2,0,https://www.thelexmar.com/overview,free,,2026-10-03
Crypto.com Arena,Arts District Firehouse Hotel,https://journeyed.org/hotel/arts-district-firehouse-hotel-los-angeles-0ffedb/,2.2,,,,,
Crypto.com Arena,kodō hotel,https://journeyed.org/hotel/kodo-hotel-los-angeles-a4c069/,2.2,50,https://kodohotel.com/hotel-policy/,,,2026-10-03
Crypto.com Arena,Venice Hotel,https://journeyed.org/hotel/venice-hotel-los-angeles-f8c88c/,2.2,,,,,
Crypto.com Arena,Super 8,https://journeyed.org/hotel/super-8-los-angeles-384d4a/,2.3,,,free,,
Crypto.com Arena,King Junior Hotel,https://journeyed.org/hotel/king-junior-hotel-los-angeles-7f4b74/,2.3,,,,,
Crypto.com Arena,Noon on Sunset Hill,https://journeyed.org/hotel/noon-on-sunset-hill-los-angeles-c9bd56/,2.3,,,,,
Crypto.com Arena,Golden Tower Motel,https://journeyed.org/hotel/golden-tower-motel-los-angeles-b98c50/,2.3,,,,,
Crypto.com Arena,The LINE LA,https://journeyed.org/hotel/the-line-la-los-angeles-1c473b/,2.3,22,https://www.thelinehotel.com/los-angeles/faq/,,,2026-10-03
Crypto.com Arena,Radisson Wilshire Plaza Hotel,https://journeyed.org/hotel/radisson-wilshire-plaza-hotel-los-angeles-e7a186/,2.3,,,,,
Crypto.com Arena,Mariposa Motel,https://journeyed.org/hotel/mariposa-motel-los-angeles-cfb09e/,2.4,,,,,
Crypto.com Arena,Hotel Normandie LA,https://journeyed.org/hotel/hotel-normandie-la-los-angeles-d96442/,2.4,35,https://www.hotelnormandiela.com/los-angeles-hotel-rooms,,,2026-10-03
Crypto.com Arena,The Royal Pagoda Motel,https://journeyed.org/hotel/the-royal-pagoda-motel-los-angeles-b56ae9/,2.4,,,,,
Crypto.com Arena,Central Inn Motel,https://journeyed.org/hotel/central-inn-motel-los-angeles-51bb39/,2.4,,,,,
Crypto.com Arena,Shelter Hotels,https://journeyed.org/hotel/shelter-hotels-los-angeles-eaf1c9/,2.4,,,,,
Crypto.com Arena,The Ivory,https://journeyed.org/hotel/the-ivory-los-angeles-2a2fda/,2.4,40,https://www.theivory.com/hotel-details/,,,2026-10-03
Crypto.com Arena,Sand Piper Motel,https://journeyed.org/hotel/sand-piper-motel-los-angeles-b3a03c/,2.4,,,,,
Crypto.com Arena,Wilshire Serrano Motel,https://journeyed.org/hotel/wilshire-serrano-motel-los-angeles-97874a/,2.5,,,,,
Crypto.com Arena,Americas Best Value Inn Los Angeles,https://journeyed.org/hotel/americas-best-value-inn-los-angeles-los-angeles-3e63bd/,2.5,,,,,
Crypto.com Arena,Alexandria Motel,https://journeyed.org/hotel/alexandria-motel-los-angeles-51652f/,2.5,,,,,
Crypto.com Arena,Hotel Silver Lake Los Angeles,https://journeyed.org/hotel/hotel-silver-lake-los-angeles-los-angeles-930b69/,2.5,0,http://www.hotelsilverlakela.com/amenities.html,free,,2026-10-03
Crypto.com Arena,JJ Grand Hotel,https://journeyed.org/hotel/jj-grand-hotel-los-angeles-2aa72d/,2.5,,,,,
Crypto.com Arena,The Rumi,https://journeyed.org/hotel/the-rumi-los-angeles-0a637a/,2.5,,,,,
Crypto.com Arena,Seoul Palace Hotel,https://journeyed.org/hotel/seoul-palace-hotel-los-angeles-24491e/,2.5,,,,,
Crypto.com Arena,Hometel,https://journeyed.org/hotel/hometel-los-angeles-bb6c26/,2.5,,,,,
Crypto.com Arena,Mama Apartment Hotel,https://journeyed.org/hotel/mama-apartment-hotel-los-angeles-6a0a42/,2.5,,,,,
Crypto.com Arena,Rotex Western Inn,https://journeyed.org/hotel/rotex-western-inn-los-angeles-dfe82e/,2.5,,,,,
Crypto.com Arena,Oxford Palace Hotel,https://journeyed.org/hotel/oxford-palace-hotel-los-angeles-07d73c/,2.6,,,,,
Crypto.com Arena,Park Motel,https://journeyed.org/hotel/park-motel-los-angeles-157fa2/,2.6,,,,,
Crypto.com Arena,La Spatel,https://journeyed.org/hotel/la-spatel-los-angeles-e41e5f/,2.6,,,,,
Crypto.com Arena,Pacific Inn,https://journeyed.org/hotel/pacific-inn-los-angeles-ef0206/,2.6,,,,,
Crypto.com Arena,Gramercy Place,https://journeyed.org/hotel/gramercy-place-los-angeles-a25ecf/,2.6,,,,,
Crypto.com Arena,Forty First Place - Boutique Hostel,https://journeyed.org/hotel/forty-first-place-boutique-hostel-los-angeles-86370a/,2.6,,,,,
Crypto.com Arena,Jesus Saves Hostel,https://journeyed.org/hotel/jesus-saves-hostel-los-angeles-4babcd/,2.6,,,,,
Crypto.com Arena,Comfort Inn Los Angeles near Hollywood,https://journeyed.org/hotel/comfort-inn-los-angeles-near-hollywood-los-angeles-d38e4e/,2.6,,,,,
Crypto.com Arena,Hotel Koxie,https://journeyed.org/hotel/hotel-koxie-los-angeles-f204e3/,2.7,,,,,
Crypto.com Arena,Olive Motel,https://journeyed.org/hotel/olive-motel-los-angeles-31a26f/,2.7,,,,,
Crypto.com Arena,Garden Suite Hotel,https://journeyed.org/hotel/garden-suite-hotel-los-angeles-dafedd/,2.7,paid,https://gardensuitehotel.com/,,,2026-10-03
Crypto.com Arena,The MoonPad,https://journeyed.org/hotel/the-moonpad-los-angeles-9e6663/,2.7,,,,,
Crypto.com Arena,Boyle Hotel – Cummings Block,https://journeyed.org/hotel/boyle-hotel-cummings-block-los-angeles-a18e52/,2.7,,,,,
Crypto.com Arena,Little Caesars Motel,https://journeyed.org/hotel/little-caesars-motel-los-angeles-3755c1/,2.7,,,,,
Crypto.com Arena,Ec Motel,https://journeyed.org/hotel/ec-motel-los-angeles-76a914/,2.7,,,,,
Crypto.com Arena,Libra Hotel,https://journeyed.org/hotel/libra-hotel-los-angeles-4a5ef3/,2.8,,,,,
Crypto.com Arena,Comfort Inn,https://journeyed.org/hotel/comfort-inn-los-angeles-4dccdf/,2.8,,,,,
Crypto.com Arena,Wilshire Hotel,https://journeyed.org/hotel/wilshire-hotel-los-angeles-2087fa/,2.8,,,,,
Crypto.com Arena,Ramada by Wyndham Los Angeles Koreatown West,https://journeyed.org/hotel/ramada-by-wyndham-los-angeles-koreatown-west-los-angeles-0301c1/,2.8,,,,,
Crypto.com Arena,Golden West Manor Motel,https://journeyed.org/hotel/golden-west-manor-motel-los-angeles-b59138/,2.8,,,,,
Crypto.com Arena,Oasis Hostel 2,https://journeyed.org/hotel/oasis-hostel-2-los-angeles-e3467c/,2.9,,,,,
Crypto.com Arena,Royal Inn,https://journeyed.org/hotel/royal-inn-los-angeles-64ddc7/,2.9,,,,,
Dodger Stadium,The Royal Pagoda Motel,https://journeyed.org/hotel/the-royal-pagoda-motel-los-angeles-b56ae9/,0.5,,,,,
Dodger Stadium,Super 8,https://journeyed.org/hotel/super-8-los-angeles-384d4a/,0.6,,,free,,
Dodger Stadium,Aiden Los Angeles Downtown Dragon Gate Inn,https://journeyed.org/hotel/aiden-los-angeles-downtown-dragon-gate-inn-los-angeles-f9cc29/,0.7,,,,,
Dodger Stadium,Noon on Sunset Hill,https://journeyed.org/hotel/noon-on-sunset-hill-los-angeles-c9bd56/,0.8,,,,,
Dodger Stadium,PARADISE MOTEL,https://journeyed.org/hotel/paradise-motel-los-angeles-ba537e/,0.8,,,,,
Dodger Stadium,Downtown Los Angeles Luxurious Resort Suite,https://journeyed.org/hotel/downtown-los-angeles-luxurious-resort-suite-los-angeles-def0a5/,0.9,,,,,
Dodger Stadium,Knights Inn,https://journeyed.org/hotel/knights-inn-los-angeles-c1116c/,1,,,,,
Dodger Stadium,Metro Plaza Hotel,https://journeyed.org/hotel/metro-plaza-hotel-los-angeles-190134/,1,,,,,
Dodger Stadium,America Motel,https://journeyed.org/hotel/america-motel-los-angeles-b94d90/,1.2,,,,,
Dodger Stadium,Hotel Behjou,https://journeyed.org/hotel/hotel-behjou-los-angeles-55dfe8/,1.3,,,,,
Dodger Stadium,Conrad Los Angeles,https://journeyed.org/hotel/conrad-los-angeles-los-angeles-d4d0de/,1.4,,,,,
Dodger Stadium,The Lexmar - Dodger Stadium/hollywood,https://journeyed.org/hotel/the-lexmar-dodger-stadium-hollywood-los-angeles-1ca44e/,1.5,0,https://www.thelexmar.com/overview,free,,2026-10-03
Dodger Stadium,Organ Hotel,https://journeyed.org/hotel/organ-hotel-los-angeles-9822b2/,1.5,,,,,
Dodger Stadium,Kawada Hotel,https://journeyed.org/hotel/kawada-hotel-los-angeles-7be796/,1.5,,,,,
Dodger Stadium,Htl Intercontinental,https://journeyed.org/hotel/htl-intercontinental-los-angeles-ae72ba/,1.6,,,,,
Dodger Stadium,Marriott Downtown,https://journeyed.org/hotel/marriott-downtown-los-angeles-cd6574/,1.6,,,,,
Dodger Stadium,Omni Los Angeles Hotel,https://journeyed.org/hotel/omni-los-angeles-hotel-los-angeles-3e38bf/,1.6,,,,,
Dodger Stadium,The L.A. Grand Hotel Downtown,https://journeyed.org/hotel/the-l-a-grand-hotel-downtown-los-angeles-729e5d/,1.6,,,,,
Dodger Stadium,DoubleTree by Hilton Hotel Los Angeles Downtown,https://journeyed.org/hotel/doubletree-by-hilton-hotel-los-angeles-downtown-los-angeles-b985fd/,1.6,,,,,
Dodger Stadium,Jerry's Motel,https://journeyed.org/hotel/jerrys-motel-los-angeles-a38a15/,1.6,,,,,
Dodger Stadium,The Metric Hotel,https://journeyed.org/hotel/the-metric-hotel-los-angeles-4390f3/,1.6,,,,,
Dodger Stadium,Miyako Hotel Los Angeles,https://journeyed.org/hotel/miyako-hotel-los-angeles-los-angeles-2f343b/,1.7,,,,,
Dodger Stadium,"The Westin Bonaventure Hotel & Suites, Los Angeles",https://journeyed.org/hotel/the-westin-bonaventure-hotel-and-suites-los-angeles-los-angeles-670679/,1.7,,,,,
Dodger Stadium,St George Hotel,https://journeyed.org/hotel/st-george-hotel-los-angeles-c0a3fb/,1.7,,,,,
Dodger Stadium,Sheraton Hotel,https://journeyed.org/hotel/sheraton-hotel-los-angeles-6d0027/,1.8,,,,,
Dodger Stadium,citizenM Los Angeles Downtown,https://journeyed.org/hotel/citizenm-los-angeles-downtown-los-angeles-56946b/,1.8,,,,,
Dodger Stadium,Hotel Clark,https://journeyed.org/hotel/hotel-clark-los-angeles-a44e91/,1.8,,,,,
Dodger Stadium,Holiday Lodge,https://journeyed.org/hotel/holiday-lodge-los-angeles-d9df00/,1.8,,,,,
Dodger Stadium,Hollywood Inn Express South,https://journeyed.org/hotel/hollywood-inn-express-south-los-angeles-249c59/,1.8,,,free,,
Dodger Stadium,Barclay Hotel,https://journeyed.org/hotel/barclay-hotel-los-angeles-12b99b/,1.8,,,,,
Dodger Stadium,PodShare DTLA,https://journeyed.org/hotel/podshare-dtla-los-angeles-b2c4e7/,1.8,,,,,
Dodger Stadium,Cambria Hotel Los Angeles Downtown,https://journeyed.org/hotel/cambria-hotel-los-angeles-downtown-los-angeles-5f9444/,1.8,,,,,
Dodger Stadium,Vector Travel,https://journeyed.org/hotel/vector-travel-los-angeles-5b03df/,1.8,,,,,
Dodger Stadium,Pacific Inn,https://journeyed.org/hotel/pacific-inn-los-angeles-ef0206/,1.8,,,,,
Dodger Stadium,Comfort Inn Los Angeles near Hollywood,https://journeyed.org/hotel/comfort-inn-los-angeles-near-hollywood-los-angeles-d38e4e/,1.8,,,,,
Dodger Stadium,Boyd Hotel,https://journeyed.org/hotel/boyd-hotel-los-angeles-43f458/,1.8,,,,,
Dodger Stadium,Sunshine Suites at The Piero,https://journeyed.org/hotel/sunshine-suites-at-the-piero-los-angeles-64324a/,1.9,,,,,
Dodger Stadium,Biltmore Hotel And Resorts,https://journeyed.org/hotel/biltmore-hotel-and-resorts-los-angeles-b55f6f/,1.9,,,,,
Dodger Stadium,Hilton Checkers Los Angeles,https://journeyed.org/hotel/hilton-checkers-los-angeles-los-angeles-f8d045/,1.9,,,,,
Dodger Stadium,Olive Motel,https://journeyed.org/hotel/olive-motel-los-angeles-31a26f/,1.9,,,,,
Dodger Stadium,The Delphi Downtown LA,https://journeyed.org/hotel/the-delphi-downtown-la-los-angeles-df22e3/,1.9,50,https://www.thedelphihotel.com/faq,,,2026-10-03
Dodger Stadium,Residences at 616,https://journeyed.org/hotel/residences-at-616-los-angeles-13be43/,1.9,,,,,
Dodger Stadium,Rosslyn Hotel,https://journeyed.org/hotel/rosslyn-hotel-los-angeles-dd301a/,1.9,,,,,
Dodger Stadium,Weingart House-Good Samaritan,https://journeyed.org/hotel/weingart-house-good-samaritan-los-angeles-6a2988/,1.9,,,,,
Dodger Stadium,Bixby Hotel,https://journeyed.org/hotel/bixby-hotel-los-angeles-01ed0e/,2,,,,,
Dodger Stadium,The Burlington Hotel,https://journeyed.org/hotel/the-burlington-hotel-los-angeles-d193cc/,2,,,,,
Dodger Stadium,Leonide Hotel,https://journeyed.org/hotel/leonide-hotel-los-angeles-cba9c0/,2,,,,,
Dodger Stadium,Baltimore Hotel,https://journeyed.org/hotel/baltimore-hotel-los-angeles-7d5130/,2,,,,,
Dodger Stadium,American Hotel,https://journeyed.org/hotel/american-hotel-los-angeles-e4b8a5/,2,,,,,
Dodger Stadium,Pod Inn,https://journeyed.org/hotel/pod-inn-los-angeles-12c90f/,2,,,,,
Dodger Stadium,The Angels Suites,https://journeyed.org/hotel/the-angels-suites-los-angeles-2f9072/,2,,,,,
Dodger Stadium,Sanborn Hotel,https://journeyed.org/hotel/sanborn-hotel-los-angeles-c6f807/,2,,,,,
Dodger Stadium,C. Allen Suites,https://journeyed.org/hotel/c-allen-suites-los-angeles-90709e/,2,,,,,
Dodger Stadium,Royal Viking Motel,https://journeyed.org/hotel/royal-viking-motel-los-angeles-6d83cd/,2,,,,,
Dodger Stadium,Hart Hotel,https://journeyed.org/hotel/hart-hotel-los-angeles-71338d/,2,,,,,
Dodger Stadium,Golden West Hotel,https://journeyed.org/hotel/golden-west-hotel-los-angeles-6ef537/,2,,,,,
Dodger Stadium,Panama Hotel,https://journeyed.org/hotel/panama-hotel-los-angeles-487d3c/,2,,,,,
Dodger Stadium,InterContinental Los Angeles Downtown by IHG,https://journeyed.org/hotel/intercontinental-los-angeles-downtown-by-ihg-los-angeles-91c39a/,2,,,,,
Dodger Stadium,Florence Hotel,https://journeyed.org/hotel/florence-hotel-los-angeles-718e3b/,2,,,,,
Dodger Stadium,"Hotel Per La, Autograph Collection",https://journeyed.org/hotel/hotel-per-la-autograph-collection-los-angeles-0818d7/,2,,,paid,,
Dodger Stadium,The Hotel At The Los Angeles Athletic Club,https://journeyed.org/hotel/the-hotel-at-the-los-angeles-athletic-club-los-angeles-607626/,2.1,,,,,
Dodger Stadium,Hyatt Regency Los Angeles,https://journeyed.org/hotel/hyatt-regency-los-angeles-los-angeles-3da437/,2.1,,,,,
Dodger Stadium,Courtland Hotel,https://journeyed.org/hotel/courtland-hotel-los-angeles-d56f70/,2.1,,,,,
Dodger Stadium,Angelus Inn,https://journeyed.org/hotel/angelus-inn-los-angeles-3dddeb/,2.1,,,,,
Dodger Stadium,Sheraton Grand Los Angeles,https://journeyed.org/hotel/sheraton-grand-los-angeles-los-angeles-d2de73/,2.1,,,,,
Dodger Stadium,Simone Hotel,https://journeyed.org/hotel/simone-hotel-los-angeles-4fb6b7/,2.1,,,,,
Dodger Stadium,The Carlton Hotel,https://journeyed.org/hotel/the-carlton-hotel-los-angeles-46510c/,2.1,,,,,
Dodger Stadium,St Marks Hotel,https://journeyed.org/hotel/st-marks-hotel-los-angeles-3cb39d/,2.1,,,,,
Dodger Stadium,The Palmer House,https://journeyed.org/hotel/the-palmer-house-los-angeles-ad422c/,2.1,,,,,
Dodger Stadium,Cameo Hotel,https://journeyed.org/hotel/cameo-hotel-los-angeles-be30fa/,2.1,,,,,
Dodger Stadium,Motel De Ville,https://journeyed.org/hotel/motel-de-ville-los-angeles-ed768f/,2.1,,,,,
Dodger Stadium,Travel Inn,https://journeyed.org/hotel/travel-inn-los-angeles-b49ace/,2.1,,,,,
Dodger Stadium,The Haas Building,https://journeyed.org/hotel/the-haas-building-los-angeles-50c574/,2.1,,,,,
Dodger Stadium,City Center Hotel,https://journeyed.org/hotel/city-center-hotel-los-angeles-9f3efb/,2.1,,,,,
Dodger Stadium,The Haas Suites,https://journeyed.org/hotel/the-haas-suites-los-angeles-f7f803/,2.1,,,,,
Dodger Stadium,DTLA Hotel,https://journeyed.org/hotel/dtla-hotel-los-angeles-235165/,2.1,,,,,
Dodger Stadium,Hollywood Delux Inn,https://journeyed.org/hotel/hollywood-delux-inn-los-angeles-243887/,2.1,,,,,
Dodger Stadium,Cecil Hotel,https://journeyed.org/hotel/cecil-hotel-los-angeles-ee6b0a/,2.1,,,,,
Dodger Stadium,La Tyson,https://journeyed.org/hotel/la-tyson-los-angeles-b9ae0d/,2.1,,,,,
Dodger Stadium,Stay on Main,https://journeyed.org/hotel/stay-on-main-los-angeles-2a4661/,2.1,,,,,
Dodger Stadium,Hotel Cortez,https://journeyed.org/hotel/hotel-cortez-los-angeles-a65344/,2.1,,,,,
Dodger Stadium,Edward Hotel,https://journeyed.org/hotel/edward-hotel-los-angeles-5eb792/,2.1,,,,,
Dodger Stadium,Boyle Hotel – Cummings Block,https://journeyed.org/hotel/boyle-hotel-cummings-block-los-angeles-a18e52/,2.1,,,,,
Dodger Stadium,Yorkshire Apartments & Hotel,https://journeyed.org/hotel/yorkshire-apartments-and-hotel-los-angeles-6f36bd/,2.1,,,,,
Dodger Stadium,The California Boutique,https://journeyed.org/hotel/the-california-boutique-los-angeles-420427/,2.2,,,,,
Dodger Stadium,Orchid Gardens MayfaIr Hotel,https://journeyed.org/hotel/orchid-gardens-mayfair-hotel-los-angeles-eafa9c/,2.2,,,,,
Dodger Stadium,"The Wayfarer Downtown LA, Tapestry Collection by Hilton",https://journeyed.org/hotel/the-wayfarer-downtown-la-tapestry-collection-by-hilton-los-angeles-295154/,2.2,,,,,
Dodger Stadium,Supreme Hotel,https://journeyed.org/hotel/supreme-hotel-los-angeles-e30d12/,2.2,,,,,
Dodger Stadium,The MoonPad,https://journeyed.org/hotel/the-moonpad-los-angeles-9e6663/,2.2,,,,,
Dodger Stadium,O Hotel,https://journeyed.org/hotel/o-hotel-los-angeles-f98ab6/,2.2,,,,,
Dodger Stadium,The Senator Hotel,https://journeyed.org/hotel/the-senator-hotel-los-angeles-7665c9/,2.2,,,,,
Dodger Stadium,Alexander Hotel,https://journeyed.org/hotel/alexander-hotel-los-angeles-7b2e87/,2.2,,,,,
Dodger Stadium,Studio Plus,https://journeyed.org/hotel/studio-plus-los-angeles-7c1385/,2.2,,,,,
Dodger Stadium,Freehand Los Angeles,https://journeyed.org/hotel/freehand-los-angeles-los-angeles-c07eea/,2.2,,,,,
Dodger Stadium,Holiday Inn Express & Suites Los Angeles Downtown West,https://journeyed.org/hotel/holiday-inn-express-and-suites-los-angeles-downtown-west-los-angeles-01ba8f/,2.2,,,,,
Dodger Stadium,Ramada Limited Los Angeles Downtown,https://journeyed.org/hotel/ramada-limited-los-angeles-downtown-los-angeles-b6b663/,2.2,,,,,
Dodger Stadium,Lafayette Motel,https://journeyed.org/hotel/lafayette-motel-los-angeles-c25077/,2.2,,,,,
Dodger Stadium,Budget Host,https://journeyed.org/hotel/budget-host-los-angeles-744571/,2.2,,,,,
Dodger Stadium,Hyatt House La University Medical Center,https://journeyed.org/hotel/hyatt-house-la-university-medical-center-los-angeles-56f8ff/,2.2,,,,,
Dodger Stadium,Madison Hotel,https://journeyed.org/hotel/madison-hotel-los-angeles-7e7e32/,2.2,,,,,
Dodger Stadium,La Jolla Hotel,https://journeyed.org/hotel/la-jolla-hotel-los-angeles-242173/,2.3,,,,,
Dodger Stadium,Stillwell Hotel,https://journeyed.org/hotel/stillwell-hotel-los-angeles-9b2ddb/,2.3,,,,,
Dodger Stadium,Level Los Angeles - Downtown South Hill,https://journeyed.org/hotel/level-los-angeles-downtown-south-hill-los-angeles-aecc33/,2.3,,,,,
Dodger Stadium,Trinity Hotel by LuxUrban,https://journeyed.org/hotel/trinity-hotel-by-luxurban-los-angeles-b873c8/,2.3,,,,,
Dodger Stadium,South Park Hotel,https://journeyed.org/hotel/south-park-hotel-los-angeles-83bdd7/,2.3,,,,,
Dodger Stadium,Lincoln Park Motel,https://journeyed.org/hotel/lincoln-park-motel-los-angeles-53448f/,2.3,,,,,
Dodger Stadium,The Regal Hotel,https://journeyed.org/hotel/the-regal-hotel-los-angeles-e4d4c9/,2.3,,,,,
Dodger Stadium,Tuck Hotel,https://journeyed.org/hotel/tuck-hotel-los-angeles-d4b8c4/,2.3,,,,,
Dodger Stadium,Stuart Hotel,https://journeyed.org/hotel/stuart-hotel-los-angeles-7d77ab/,2.3,,,,,
Dodger Stadium,Hotel Solaire Los Angeles,https://journeyed.org/hotel/hotel-solaire-los-angeles-los-angeles-eab788/,2.3,,,,,
Dodger Stadium,Ellis Hotel,https://journeyed.org/hotel/ellis-hotel-los-angeles-5cf8a2/,2.3,,,,,
Dodger Stadium,Level Los Angeles - Downtown South Olive,https://journeyed.org/hotel/level-los-angeles-downtown-south-olive-los-angeles-94b270/,2.3,,,,,
Dodger Stadium,Rosslyn Hotel,https://journeyed.org/hotel/rosslyn-hotel-los-angeles-c3f15a/,2.3,,,,,
Dodger Stadium,The Audemar Hotel,https://journeyed.org/hotel/the-audemar-hotel-los-angeles-54d6f0/,2.3,35,https://theaudemar.com/your-stay/,,,2026-10-03
Dodger Stadium,The Dart Hotel,https://journeyed.org/hotel/the-dart-hotel-los-angeles-5aa6cd/,2.3,,,,,
Dodger Stadium,Marion,https://journeyed.org/hotel/marion-los-angeles-ca04cf/,2.3,,,,,
Dodger Stadium,Hotel Indigo Los Angeles Downtown,https://journeyed.org/hotel/hotel-indigo-los-angeles-downtown-los-angeles-7c682c/,2.3,,,,,
Dodger Stadium,Global Luxury Suites at Figueroa Street,https://journeyed.org/hotel/global-luxury-suites-at-figueroa-street-los-angeles-60e3b4/,2.3,,,,,
Dodger Stadium,Motel 6,https://journeyed.org/hotel/motel-6-los-angeles-4bf6dc/,2.3,,,,,
Dodger Stadium,Rossmore Hotel,https://journeyed.org/hotel/rossmore-hotel-los-angeles-103a1f/,2.3,,,,,
Dodger Stadium,My Sunshine Hotel,https://journeyed.org/hotel/my-sunshine-hotel-los-angeles-2a4b49/,2.3,0,https://www.mysunshinehotella.us/,,,2026-10-03
Dodger Stadium,Continental Hotel,https://journeyed.org/hotel/continental-hotel-los-angeles-119937/,2.4,,,,,
Dodger Stadium,Hotel Figueroa,https://journeyed.org/hotel/hotel-figueroa-los-angeles-6c4fda/,2.4,paid,https://www.hotelfigueroa.com/faq/,,,2026-10-03
Dodger Stadium,Stile Downtown Los Angeles By Kasa,https://journeyed.org/hotel/stile-downtown-los-angeles-by-kasa-los-angeles-80c8f0/,2.4,,,,,
Dodger Stadium,Ace Hotel Downtown Los Angeles,https://journeyed.org/hotel/ace-hotel-downtown-los-angeles-los-angeles-9ef190/,2.4,,,,,
Dodger Stadium,Motel Rocks,https://journeyed.org/hotel/motel-rocks-los-angeles-46af6f/,2.4,,,,,
Dodger Stadium,Eugene Hotel,https://journeyed.org/hotel/eugene-hotel-los-angeles-901d41/,2.4,,,,,
Dodger Stadium,Residence Inn,https://journeyed.org/hotel/residence-inn-los-angeles-1261ca/,2.4,,,,,
Dodger Stadium,Courtyard By Marriott,https://journeyed.org/hotel/courtyard-by-marriott-los-angeles-609b9a/,2.4,,,,,
Dodger Stadium,Ford Hotel,https://journeyed.org/hotel/ford-hotel-los-angeles-ad55bd/,2.4,,,,,
Dodger Stadium,Las Americas Hotel,https://journeyed.org/hotel/las-americas-hotel-los-angeles-e3ff3d/,2.4,,,,,
Dodger Stadium,Llaves Dtla Staples Center,https://journeyed.org/hotel/llaves-dtla-staples-center-los-angeles-730b52/,2.4,,,,,
Dodger Stadium,Olympic Hotel,https://journeyed.org/hotel/olympic-hotel-los-angeles-a05b87/,2.5,,,,,
Dodger Stadium,Prentice Hotel,https://journeyed.org/hotel/prentice-hotel-los-angeles-6fb0f6/,2.5,,,,,
Dodger Stadium,E-Central Downtown Los Angeles Hotel,https://journeyed.org/hotel/e-central-downtown-los-angeles-hotel-los-angeles-3093f3/,2.5,,,,,
Dodger Stadium,Olympia Hotel,https://journeyed.org/hotel/olympia-hotel-los-angeles-567d99/,2.5,,,,,
Dodger Stadium,"The Ritz-Carlton, Los Angeles",https://journeyed.org/hotel/the-ritz-carlton-los-angeles-los-angeles-2d2026/,2.5,,,,,
Dodger Stadium,Hotel Lucile,https://journeyed.org/hotel/hotel-lucile-los-angeles-9866b7/,2.5,,,free,,
Dodger Stadium,Urban Executive Suites,https://journeyed.org/hotel/urban-executive-suites-los-angeles-bf9bbf/,2.5,,,,,
Dodger Stadium,"The Hoxton, Downtown LA",https://journeyed.org/hotel/the-hoxton-downtown-la-los-angeles-639487/,2.6,,,,,
Dodger Stadium,Union Hotel,https://journeyed.org/hotel/union-hotel-los-angeles-a1ea1c/,2.6,,,,,
Dodger Stadium,Hotel Twin Dolphin,https://journeyed.org/hotel/hotel-twin-dolphin-los-angeles-acba52/,2.6,,,,,
Dodger Stadium,Americas Best Value Inn Los Angeles,https://journeyed.org/hotel/americas-best-value-inn-los-angeles-los-angeles-3e63bd/,2.6,,,,,
Dodger Stadium,Soto Hotel,https://journeyed.org/hotel/soto-hotel-los-angeles-0e34a9/,2.6,,,,,
Dodger Stadium,Hotel Barato,https://journeyed.org/hotel/hotel-barato-los-angeles-eeef6b/,2.6,,,,,
Dodger Stadium,Hotel Silver Lake Los Angeles,https://journeyed.org/hotel/hotel-silver-lake-los-angeles-los-angeles-930b69/,2.6,0,http://www.hotelsilverlakela.com/amenities.html,free,,2026-10-03
Dodger Stadium,Coronado Inn,https://journeyed.org/hotel/coronado-inn-los-angeles-f10422/,2.6,,,,,
Dodger Stadium,Downtown LA Proper Hotel,https://journeyed.org/hotel/downtown-la-proper-hotel-los-angeles-6f166a/,2.6,,,paid,none,
Dodger Stadium,Hotel Antonio,https://journeyed.org/hotel/hotel-antonio-los-angeles-7ae4b9/,2.6,,,,,
Dodger Stadium,Americas Best Value Inn,https://journeyed.org/hotel/americas-best-value-inn-los-angeles-1ae129/,2.6,,,,,
Dodger Stadium,Ramada Inn Burbank Airport,https://journeyed.org/hotel/ramada-inn-burbank-airport-los-angeles-999369/,2.6,,,,,
Dodger Stadium,Metropolitan Inn & Suites,https://journeyed.org/hotel/metropolitan-inn-and-suites-los-angeles-b45996/,2.6,,,,,
Dodger Stadium,Staples Center Inn,https://journeyed.org/hotel/staples-center-inn-los-angeles-5d896d/,2.6,,,,,
Dodger Stadium,La 그린하우스 호스텔,https://journeyed.org/hotel/la-los-angeles-876375/,2.6,,,,,
Dodger Stadium,Motel 6 Los Angeles- Ca - Downtown,https://journeyed.org/hotel/motel-6-los-angeles-ca-downtown-los-angeles-87af6e/,2.7,,,,,
Dodger Stadium,The Live Hotel,https://journeyed.org/hotel/the-live-hotel-los-angeles-0c456a/,2.7,,,,,
Dodger Stadium,Alvarado Palms Motel,https://journeyed.org/hotel/alvarado-palms-motel-los-angeles-e1f3bc/,2.7,,,,,
Dodger Stadium,Level Los Angeles - Downtown Flower,https://journeyed.org/hotel/level-los-angeles-downtown-flower-los-angeles-588142/,2.7,,,,,
Dodger Stadium,Rodeway Inn Convention Center,https://journeyed.org/hotel/rodeway-inn-convention-center-los-angeles-b1cf3e/,2.7,,,,,
Dodger Stadium,The Big Bungalow Rooms,https://journeyed.org/hotel/the-big-bungalow-rooms-los-angeles-0cc8e0/,2.7,,,,,
Dodger Stadium,Art Boarding,https://journeyed.org/hotel/art-boarding-los-angeles-1755db/,2.7,,,,,
Dodger Stadium,Stratford Hotel,https://journeyed.org/hotel/stratford-hotel-los-angeles-767572/,2.8,,,,,
Dodger Stadium,Silver Lake Pool & Inn,https://journeyed.org/hotel/silver-lake-pool-and-inn-los-angeles-f4067e/,2.8,,,,,
Dodger Stadium,Morrison Hotel,https://journeyed.org/hotel/morrison-hotel-los-angeles-50c441/,2.8,,,,,
Dodger Stadium,AC Hotel Downtown Los Angeles,https://journeyed.org/hotel/ac-hotel-downtown-los-angeles-los-angeles-25f487/,2.8,,,,,
Dodger Stadium,Arts District Firehouse Hotel,https://journeyed.org/hotel/arts-district-firehouse-hotel-los-angeles-0ffedb/,2.8,,,,,
Dodger Stadium,kodō hotel,https://journeyed.org/hotel/kodo-hotel-los-angeles-a4c069/,2.8,50,https://kodohotel.com/hotel-policy/,,,2026-10-03
Dodger Stadium,Tuscan Garden Inn,https://journeyed.org/hotel/tuscan-garden-inn-los-angeles-57cb52/,2.8,,,,,
Dodger Stadium,Sunset Pacific Motel,https://journeyed.org/hotel/sunset-pacific-motel-los-angeles-fa2385/,2.9,,,,,
Dodger Stadium,The Bates Motel,https://journeyed.org/hotel/the-bates-motel-los-angeles-dee029/,2.9,,,,,
Dodger Stadium,Sunset Plaza,https://journeyed.org/hotel/sunset-plaza-los-angeles-521251/,2.9,,,,,
Dodger Stadium,Ariella Elsie,https://journeyed.org/hotel/ariella-elsie-los-angeles-dfd7e9/,2.9,,,,,
Dodger Stadium,Angeles B&B,https://journeyed.org/hotel/angeles-b-and-b-los-angeles-db651d/,3,,,,,
Dodger Stadium,Casa Bella Inn,https://journeyed.org/hotel/casa-bella-inn-los-angeles-c277c7/,3,,,,,
Hollywood Bowl,Best Western Hollywood Plaza Inn,https://journeyed.org/hotel/best-western-hollywood-plaza-inn-los-angeles-07c13c/,0.4,,,,,
Hollywood Bowl,Lexen Hotel,https://journeyed.org/hotel/lexen-hotel-los-angeles-10413e/,0.4,paid,https://www.lexenhotelhollywood.us/policies.html,,,2026-10-03
Hollywood Bowl,The Blvd Hotel & Suites,https://journeyed.org/hotel/the-blvd-hotel-and-suites-los-angeles-4597c3/,0.4,,,,,
Hollywood Bowl,Hilton Garden Inn Los Angeles/Hollywood,https://journeyed.org/hotel/hilton-garden-inn-los-angeles-hollywood-los-angeles-c805a0/,0.4,,,,,
Hollywood Bowl,Holiday Inn Express and Suites Hollywood Walk of Fame,https://journeyed.org/hotel/holiday-inn-express-and-suites-hollywood-walk-of-fame-los-angeles-e13526/,0.4,,,,,
Hollywood Bowl,Hollywood Hills Hotel,https://journeyed.org/hotel/hollywood-hills-hotel-los-angeles-a1571e/,0.5,,,,,
Hollywood Bowl,Magic Castle Hotel,https://journeyed.org/hotel/magic-castle-hotel-los-angeles-1aaec0/,0.6,,,,,
Hollywood Bowl,The Prospect Hollywood,https://journeyed.org/hotel/the-prospect-hollywood-los-angeles-41a2d9/,0.6,,,,,
Hollywood Bowl,Hollywood Celebrity Hotel,https://journeyed.org/hotel/hollywood-celebrity-hotel-los-angeles-718a79/,0.6,22,https://www.hotelcelebrity.com/policies.html,,,2026-10-03
Hollywood Bowl,Highland Gardens Hotel,https://journeyed.org/hotel/highland-gardens-hotel-los-angeles-fb5334/,0.6,10,https://www.highlandgardenshotel.com/index.php/en/the-rooms,,,2026-10-03
Hollywood Bowl,Hollywood VIP Hotel,https://journeyed.org/hotel/hollywood-vip-hotel-los-angeles-55e02f/,0.6,,,,,
Hollywood Bowl,Boutique 444 Nirvana,https://journeyed.org/hotel/boutique-444-nirvana-los-angeles-5aee35/,0.6,,,,,
Hollywood Bowl,Orange Drive Hostel,https://journeyed.org/hotel/orange-drive-hostel-los-angeles-4d98b8/,0.6,15,https://orangedrivehostel.com/faq/,,,2026-10-03
Hollywood Bowl,Loews Hollywood Hotel,https://journeyed.org/hotel/loews-hollywood-hotel-los-angeles-b3dd2e/,0.6,,,,,
Hollywood Bowl,The James Hollywood,https://journeyed.org/hotel/the-james-hollywood-los-angeles-468fea/,0.6,,,,,
Hollywood Bowl,"The Commodore Hollywood, Apartment Hotel",https://journeyed.org/hotel/the-commodore-hollywood-apartment-hotel-los-angeles-f60fb7/,0.6,,,,,
Hollywood Bowl,Trylon Hotel,https://journeyed.org/hotel/trylon-hotel-los-angeles-bf6e40/,0.6,,,,,
Hollywood Bowl,Fenix Hotel Hollywood,https://journeyed.org/hotel/fenix-hotel-hollywood-los-angeles-60ea7f/,0.7,,,,,
Hollywood Bowl,Hollywood Bowl Residence,https://journeyed.org/hotel/hollywood-bowl-residence-los-angeles-d753e4/,0.7,,,,,
Hollywood Bowl,Las Palmas Hotel,https://journeyed.org/hotel/las-palmas-hotel-los-angeles-9e816d/,0.7,,,,,
Hollywood Bowl,Canterbury Suites,https://journeyed.org/hotel/canterbury-suites-los-angeles-536fb9/,0.7,,,,,
Hollywood Bowl,Motel 6,https://journeyed.org/hotel/motel-6-los-angeles-49e527/,0.7,,,,,
Hollywood Bowl,Samesun Hollywood,https://journeyed.org/hotel/samesun-hollywood-los-angeles-f6b6c8/,0.7,,,,,
Hollywood Bowl,Re Tan Hotel,https://journeyed.org/hotel/re-tan-hotel-los-angeles-879e61/,0.7,,,,,
Hollywood Bowl,Hollywood Seven Star Motel,https://journeyed.org/hotel/hollywood-seven-star-motel-los-angeles-ce4e74/,0.7,,,,,
Hollywood Bowl,Walk of Fame Hostel,https://journeyed.org/hotel/walk-of-fame-hostel-los-angeles-161710/,0.7,,,,,
Hollywood Bowl,Legend Hotel Hollywood,https://journeyed.org/hotel/legend-hotel-hollywood-los-angeles-aac433/,0.8,20,http://www.legendhotelhollywood.com/amenities.asp,,,2026-10-03
Hollywood Bowl,Best Inn Hollywood,https://journeyed.org/hotel/best-inn-hollywood-los-angeles-484069/,0.8,,,,,
Hollywood Bowl,Hollywood Highland Hotel and Hostel,https://journeyed.org/hotel/hollywood-highland-hotel-and-hostel-los-angeles-04bef3/,0.8,,,,,
Hollywood Bowl,Penthouse Suite,https://journeyed.org/hotel/penthouse-suite-los-angeles-ae19e7/,0.8,,,,,
Hollywood Bowl,The Hollywood Roosevelt,https://journeyed.org/hotel/the-hollywood-roosevelt-los-angeles-169f16/,0.8,,,,,
Hollywood Bowl,Selby Hotel,https://journeyed.org/hotel/selby-hotel-los-angeles-ce97ac/,0.8,,,,,
Hollywood Bowl,Whisky Hotel Hollywood,https://journeyed.org/hotel/whisky-hotel-hollywood-los-angeles-c1f473/,0.8,,,free,none,
Hollywood Bowl,Hotel Rudra,https://journeyed.org/hotel/hotel-rudra-los-angeles-6b7afb/,0.8,,,,,
Hollywood Bowl,The Hotel Hollywood,https://journeyed.org/hotel/the-hotel-hollywood-los-angeles-d32c89/,0.8,,,,,
Hollywood Bowl,USA Hostels Hollywood,https://journeyed.org/hotel/usa-hostels-hollywood-los-angeles-9ff5b0/,0.9,,,,,
Hollywood Bowl,Vine Lodge Hotel,https://journeyed.org/hotel/vine-lodge-hotel-los-angeles-8b05e9/,0.9,,,,,
Hollywood Bowl,Hollywood,https://journeyed.org/hotel/hollywood-los-angeles-a38979/,0.9,,,,,
Hollywood Bowl,Knickerbocker Hotel,https://journeyed.org/hotel/knickerbocker-hotel-los-angeles-71f3b7/,0.9,,,,,
Hollywood Bowl,Mark Twain Hotel,https://journeyed.org/hotel/mark-twain-hotel-los-angeles-b8774b/,0.9,,,,,
Hollywood Bowl,Quality Inn Near Hollywood Walk of Fame,https://journeyed.org/hotel/quality-inn-near-hollywood-walk-of-fame-los-angeles-101dbf/,0.9,,,,,
Hollywood Bowl,Days Inn,https://journeyed.org/hotel/days-inn-hollywood-e22825/,1,,,,,
Hollywood Bowl,Caption By Hyatt,https://journeyed.org/hotel/caption-by-hyatt-los-angeles-7298a8/,1,,,,,
Hollywood Bowl,Palihouse Vine Hotel,https://journeyed.org/hotel/palihouse-vine-hotel-los-angeles-00216b/,1,,,,,
Hollywood Bowl,Comfort Inn Hollywood Walk of Fame,https://journeyed.org/hotel/comfort-inn-hollywood-walk-of-fame-los-angeles-65cf86/,1,,,,,
Hollywood Bowl,Palihotel Hollywood,https://journeyed.org/hotel/palihotel-hollywood-los-angeles-faa678/,1,,,,,
Hollywood Bowl,Dusk Hotel Hollywood,https://journeyed.org/hotel/dusk-hotel-hollywood-los-angeles-71ea01/,1,,,,,
Hollywood Bowl,Hotel West Inn Hollywood,https://journeyed.org/hotel/hotel-west-inn-hollywood-los-angeles-ddface/,1,,,,,
Hollywood Bowl,The Redbury,https://journeyed.org/hotel/the-redbury-los-angeles-d955f4/,1,,,,,
Hollywood Bowl,Hotel Hwood,https://journeyed.org/hotel/hotel-hwood-los-angeles-fad0a6/,1,,,,,
Hollywood Bowl,PodShare,https://journeyed.org/hotel/podshare-los-angeles-e688f2/,1,,,,,
Hollywood Bowl,"Dream Hollywood, by Hyatt",https://journeyed.org/hotel/dream-hollywood-by-hyatt-los-angeles-8606a8/,1,,,,,
Hollywood Bowl,Budget Inn,https://journeyed.org/hotel/budget-inn-los-angeles-d72fe2/,1,,,,,
Hollywood Bowl,Morrison Hotel,https://journeyed.org/hotel/morrison-hotel-los-angeles-c04c70/,1,,,,,
Hollywood Bowl,Hollywood Guest Inn,https://journeyed.org/hotel/hollywood-guest-inn-los-angeles-b282f7/,1,,,,,
Hollywood Bowl,The Adler A Hollywood Hotel,https://journeyed.org/hotel/the-adler-a-hollywood-hotel-los-angeles-dd0186/,1,,,,,
Hollywood Bowl,Rodeway Inn Hollywood,https://journeyed.org/hotel/rodeway-inn-hollywood-hollywood-7226b3/,1,,,,,
Hollywood Bowl,Best Western Plus Hollywood Hills Hotel,https://journeyed.org/hotel/best-western-plus-hollywood-hills-hotel-los-angeles-9f7e4f/,1,,,,,
Hollywood Bowl,Guesthouse Inn Intl,https://journeyed.org/hotel/guesthouse-inn-intl-los-angeles-2e2683/,1,,,,,
Hollywood Bowl,Kimpton Everly Hotel,https://journeyed.org/hotel/kimpton-everly-hotel-los-angeles-a953cf/,1,0,https://www.everlyhotelhollywood.com/hollywood-restaurants/written-hand-at-ever-bar/,,,2026-10-03
Hollywood Bowl,Hollywood Center Motel,https://journeyed.org/hotel/hollywood-center-motel-los-angeles-fb1bab/,1,,,,,
Hollywood Bowl,Hotel Gilbert,https://journeyed.org/hotel/hotel-gilbert-los-angeles-4d1b03/,1,,,,,
Hollywood Bowl,"The Hollywood Grande, Autograph Collection",https://journeyed.org/hotel/the-hollywood-grande-autograph-collection-los-angeles-600317/,1,,,,,
Hollywood Bowl,Verse Hollywood,https://journeyed.org/hotel/verse-hollywood-los-angeles-0627fd/,1,,,,,
Hollywood Bowl,Pacific View Palace,https://journeyed.org/hotel/pacific-view-palace-los-angeles-3a5fce/,1,,,,,
Hollywood Bowl,Hollywood Guest Suite,https://journeyed.org/hotel/hollywood-guest-suite-los-angeles-d36002/,1,,,,,
Hollywood Bowl,LA Extended Stay,https://journeyed.org/hotel/la-extended-stay-los-angeles-dbc399/,1,,,,,
Hollywood Bowl,Beachwood Canyon Retreat,https://journeyed.org/hotel/beachwood-canyon-retreat-los-angeles-153c83/,1.1,,,,,
Hollywood Bowl,Hollywood Studio Inn & Suites,https://journeyed.org/hotel/hollywood-studio-inn-and-suites-los-angeles-fb1ad4/,1.1,,,,,
Hollywood Bowl,Besant Lodge,https://journeyed.org/hotel/besant-lodge-los-angeles-ec31b1/,1.1,,,,,
Hollywood Bowl,Hollywood Hills Suites,https://journeyed.org/hotel/hollywood-hills-suites-los-angeles-b5e47a/,1.1,0,https://hollywoodhillssuites.com/,,,2026-10-03
Hollywood Bowl,Sunset 8 Motel,https://journeyed.org/hotel/sunset-8-motel-los-angeles-407f11/,1.1,,,,,
Hollywood Bowl,W Hollywood,https://journeyed.org/hotel/w-hollywood-los-angeles-c22d81/,1.1,,,,,
Hollywood Bowl,Sunset West Hotel,https://journeyed.org/hotel/sunset-west-hotel-los-angeles-88110a/,1.1,,,,,
Hollywood Bowl,La Mirage Inn,https://journeyed.org/hotel/la-mirage-inn-los-angeles-20605e/,1.1,,,,,
Hollywood Bowl,Hollywood Le Bon Hotel,https://journeyed.org/hotel/hollywood-le-bon-hotel-los-angeles-4f096f/,1.2,,,,,
Hollywood Bowl,Elaine's Hollywood Bed and Breakfast,https://journeyed.org/hotel/elaines-hollywood-bed-and-breakfast-los-angeles-a45447/,1.2,,,,,
Hollywood Bowl,Mini Mansion,https://journeyed.org/hotel/mini-mansion-los-angeles-f23a66/,1.2,,,,,
Hollywood Bowl,Dresden's Bed and Breakfast,https://journeyed.org/hotel/dresdens-bed-and-breakfast-los-angeles-2b55a2/,1.2,,,,,
Hollywood Bowl,The Moment Hotel,https://journeyed.org/hotel/the-moment-hotel-los-angeles-82b7bf/,1.2,35,https://www.themomenthotel.com/amenities/,,,2026-10-03
Hollywood Bowl,The Godfrey Hotel Hollywood,https://journeyed.org/hotel/the-godfrey-hotel-hollywood-los-angeles-fc1867/,1.2,,,,,
Hollywood Bowl,Chateau Elysee,https://journeyed.org/hotel/chateau-elysee-los-angeles-498cd9/,1.3,,,,,
Hollywood Bowl,The Manor Hotel,https://journeyed.org/hotel/the-manor-hotel-hollywood-d1608d/,1.3,,,,,
Hollywood Bowl,Tilt Hotel Universal Hollywood,https://journeyed.org/hotel/tilt-hotel-universal-hollywood-los-angeles-09f3ce/,1.3,,,,,
Hollywood Bowl,Villa Delle Stelle,https://journeyed.org/hotel/villa-delle-stelle-los-angeles-8cd81d/,1.4,,,,,
Hollywood Bowl,Banana Bungalow Hollywood Hotel & Hostel,https://journeyed.org/hotel/banana-bungalow-hollywood-hotel-and-hostel-hollywood-5b5eed/,1.4,,,,,
Hollywood Bowl,Vibe Hotel Hollywood,https://journeyed.org/hotel/vibe-hotel-hollywood-los-angeles-7d768b/,1.4,,,,,
Hollywood Bowl,Time Zone Hostel,https://journeyed.org/hotel/time-zone-hostel-los-angeles-86a634/,1.4,,,,,
Hollywood Bowl,Hollywood Palms Inn & Suites,https://journeyed.org/hotel/hollywood-palms-inn-and-suites-los-angeles-bd2a15/,1.4,0,https://www.hollywoodpalmsinnsuites.us/,,,2026-10-03
Hollywood Bowl,Hollywood Bed and Breakfast,https://journeyed.org/hotel/hollywood-bed-and-breakfast-los-angeles-081838/,1.4,,,,,
Hollywood Bowl,Hotel Samy,https://journeyed.org/hotel/hotel-samy-west-hollywood-1b8cf8/,1.5,,,,,
Hollywood Bowl,Republic Inn,https://journeyed.org/hotel/republic-inn-los-angeles-1a059b/,1.5,,,,,
Hollywood Bowl,Level Los Angeles - Hollywood,https://journeyed.org/hotel/level-los-angeles-hollywood-los-angeles-4519e8/,1.5,,,,,
Hollywood Bowl,Hilton,https://journeyed.org/hotel/hilton-los-angeles-b51c6f/,1.5,,,,,
Hollywood Bowl,Hollywood Pensione,https://journeyed.org/hotel/hollywood-pensione-los-angeles-f3874b/,1.5,,,,,
Hollywood Bowl,St Moritz Hotel,https://journeyed.org/hotel/st-moritz-hotel-los-angeles-fa42af/,1.6,,,,,
Hollywood Bowl,Hampton Inn & Suites Los Angeles Hollywood,https://journeyed.org/hotel/hampton-inn-and-suites-los-angeles-hollywood-los-angeles-094ea2/,1.6,,,,,
Hollywood Bowl,Ginosi Apartels & Hotels,https://journeyed.org/hotel/ginosi-apartels-and-hotels-los-angeles-0c1197/,1.6,,,,,
Hollywood Bowl,Secret Garden Bed and Breakfast,https://journeyed.org/hotel/secret-garden-bed-and-breakfast-los-angeles-1bdd86/,1.7,,,,,
Hollywood Bowl,Hollywood Downtowner Motel,https://journeyed.org/hotel/hollywood-downtowner-motel-los-angeles-b7ced0/,1.7,,,,,
Hollywood Bowl,Dunes Inn,https://journeyed.org/hotel/dunes-inn-los-angeles-255219/,1.8,0,http://www.dunesinnsunset.com/policies.html,,,2026-10-03
Hollywood Bowl,Cara Hotel,https://journeyed.org/hotel/cara-hotel-los-angeles-f2d3d6/,1.9,,,,,
Hollywood Bowl,Roxy Hotel,https://journeyed.org/hotel/roxy-hotel-los-angeles-4f06f8/,1.9,0,https://www.roxyhotelhollywood.com/motels-holllywood/,,,2026-10-03
Hollywood Bowl,Hollywood western hotel,https://journeyed.org/hotel/hollywood-western-hotel-los-angeles-08f163/,1.9,,,,,
Hollywood Bowl,Hollywood City Inn,https://journeyed.org/hotel/hollywood-city-inn-los-angeles-8d2202/,1.9,,,,,
Hollywood Bowl,One Lux Stay Hollywood View LA Suites,https://journeyed.org/hotel/one-lux-stay-hollywood-view-la-suites-los-angeles-e35aed/,1.9,,,,,
Hollywood Bowl,Chateau Marmont,https://journeyed.org/hotel/chateau-marmont-los-angeles-5123db/,1.9,,,,,
Hollywood Bowl,Super 8,https://journeyed.org/hotel/super-8-los-angeles-610a9d/,1.9,,,,,
Hollywood Bowl,The Dixie Hollywood Hotel,https://journeyed.org/hotel/the-dixie-hollywood-hotel-los-angeles-cebc10/,2,25,https://www.dixiehollywoodhotel.com/faq/,,none,2026-10-03
Hollywood Bowl,Hollywood Premiere Motel,https://journeyed.org/hotel/hollywood-premiere-motel-los-angeles-e15cf4/,2,,,,,
Hollywood Bowl,Hollywood Stars Inn,https://journeyed.org/hotel/hollywood-stars-inn-los-angeles-1fe467/,2,,,,,
Hollywood Bowl,Rodeway Inn,https://journeyed.org/hotel/rodeway-inn-los-angeles-98fdf0/,2,,,,,
Hollywood Bowl,Hilton Los Angeles/Universal City,https://journeyed.org/hotel/hilton-los-angeles-universal-city-universal-city-dfa19d/,2,,,,,
Hollywood Bowl,Harvard House Motel,https://journeyed.org/hotel/harvard-house-motel-los-angeles-f8dd71/,2.1,,,,,
Hollywood Bowl,333 Universal Hollywood Dr,https://journeyed.org/hotel/333-universal-hollywood-dr-universal-city-03128b/,2.1,,,,,
Hollywood Bowl,Harper West Hollywood,https://journeyed.org/hotel/harper-west-hollywood-west-hollywood-85de76/,2.1,,,,,
Hollywood Bowl,Gold Diggers Hotel,https://journeyed.org/hotel/gold-diggers-hotel-los-angeles-c4984e/,2.1,,,,,
Hollywood Bowl,Western Plaza Motel,https://journeyed.org/hotel/western-plaza-motel-los-angeles-1cd2f6/,2.1,,,,,
Hollywood Bowl,Economy Inn Hollywood,https://journeyed.org/hotel/economy-inn-hollywood-los-angeles-da0ce4/,2.1,,,,,
Hollywood Bowl,Tropicana Inn Motel,https://journeyed.org/hotel/tropicana-inn-motel-los-angeles-8d8f1c/,2.1,,,,,
Hollywood Bowl,Americas Best Value Inn Hollywood Los Angeles,https://journeyed.org/hotel/americas-best-value-inn-hollywood-los-angeles-los-angeles-51dabd/,2.2,,,,,
Hollywood Bowl,Sunset Tower Hotel,https://journeyed.org/hotel/sunset-tower-hotel-west-hollywood-c67495/,2.2,,,,,
Hollywood Bowl,Nite Inn at Universal City,https://journeyed.org/hotel/nite-inn-at-universal-city-studio-city-110c7a/,2.2,,,free,,
Hollywood Bowl,Hollywood Dream Suites,https://journeyed.org/hotel/hollywood-dream-suites-los-angeles-6b7d35/,2.2,,,,,
Hollywood Bowl,Best Western Plus Sunset Plaza Hotel,https://journeyed.org/hotel/best-western-plus-sunset-plaza-hotel-west-hollywood-a46092/,2.3,,,,,
Hollywood Bowl,Hollywood Inn Express North,https://journeyed.org/hotel/hollywood-inn-express-north-los-angeles-a55692/,2.3,,,free,,
Hollywood Bowl,Andaz West Hollywood,https://journeyed.org/hotel/andaz-west-hollywood-west-hollywood-19a081/,2.3,,,,,
Hollywood Bowl,Value Inn Hollywood,https://journeyed.org/hotel/value-inn-hollywood-los-angeles-d8fff7/,2.3,,,,,
Hollywood Bowl,BLVD Hotel Spa,https://journeyed.org/hotel/blvd-hotel-spa-los-angeles-e7077a/,2.3,,,,,
Hollywood Bowl,Pendry West Hollywood,https://journeyed.org/hotel/pendry-west-hollywood-west-hollywood-1aae7c/,2.3,,,,,
Hollywood Bowl,Boulevard Hotel Los Angeles,https://journeyed.org/hotel/boulevard-hotel-los-angeles-studio-city-94929e/,2.3,,,,,
Hollywood Bowl,"The Valorian Los Angeles, Curio Collection by Hilton",https://journeyed.org/hotel/the-valorian-los-angeles-curio-collection-by-hilton-west-hollywood-11f2d2/,2.3,,,,,
Hollywood Bowl,"BLVD Hotel and Studios Universal-Hollywood, an Ascend Collection Hotel",https://journeyed.org/hotel/blvd-hotel-and-studios-universal-hollywood-an-ascend-collection-hotel-99d8fa/,2.3,,,,,
Hollywood Bowl,Studio Place Inn,https://journeyed.org/hotel/studio-place-inn-studio-city-78b68e/,2.4,,,,,
Hollywood Bowl,Grafton On Sunset,https://journeyed.org/hotel/grafton-on-sunset-west-hollywood-aed651/,2.4,,,,,
Hollywood Bowl,Palihotel Melrose,https://journeyed.org/hotel/palihotel-melrose-los-angeles-1aa232/,2.4,0,https://www.palisociety.com/hotels/melrose/faq,,,2026-10-03
Hollywood Bowl,Orbit Hotel,https://journeyed.org/hotel/orbit-hotel-los-angeles-64e21f/,2.4,,,,,
Hollywood Bowl,Boutique Hollywood,https://journeyed.org/hotel/boutique-hollywood-los-angeles-a4fb08/,2.4,,,,,
Hollywood Bowl,1 Hotel,https://journeyed.org/hotel/1-hotel-west-hollywood-39a29d/,2.4,,,,,
Hollywood Bowl,The James West Hollywood-Sunset,https://journeyed.org/hotel/the-james-west-hollywood-sunset-west-hollywood-9670a2/,2.4,,,,,
Hollywood Bowl,The Jeremy West Hollywood,https://journeyed.org/hotel/the-jeremy-west-hollywood-west-hollywood-3ae090/,2.4,,,,,
Hollywood Bowl,Banana Bungalow West Hollywood Hotel & Hostel,https://journeyed.org/hotel/banana-bungalow-west-hollywood-hotel-and-hostel-los-angeles-89e248/,2.5,,,,,
Hollywood Bowl,Hollywood Historic Hotel,https://journeyed.org/hotel/hollywood-historic-hotel-los-angeles-1de7b4/,2.5,,,,,
Hollywood Bowl,The Charlie,https://journeyed.org/hotel/the-charlie-west-hollywood-a96f2f/,2.5,,,,,
Hollywood Bowl,Holloway Motel,https://journeyed.org/hotel/holloway-motel-los-angeles-9d0ef0/,2.6,,,,,
Hollywood Bowl,Sunset Marquis,https://journeyed.org/hotel/sunset-marquis-west-hollywood-94a578/,2.6,,,paid,,
Hollywood Bowl,Alta Cienega Motel,https://journeyed.org/hotel/alta-cienega-motel-west-hollywood-5f4612/,2.6,,,,,
Hollywood Bowl,Bevonshire Lodge Motel,https://journeyed.org/hotel/bevonshire-lodge-motel-los-angeles-f46af3/,2.6,,,,,
Hollywood Bowl,Melrose Hostel,https://journeyed.org/hotel/melrose-hostel-los-angeles-557ec5/,2.7,,,,,
Hollywood Bowl,The Lew House,https://journeyed.org/hotel/the-lew-house-los-angeles-7a3d52/,2.7,,,,,
Hollywood Bowl,Beverly Inn,https://journeyed.org/hotel/beverly-inn-los-angeles-975c00/,2.7,,,,,
Hollywood Bowl,SureStay Hotel,https://journeyed.org/hotel/surestay-hotel-los-angeles-e062f7/,2.7,0,https://www.surestaybeverlyhills.com/overview,free,,2026-10-03
Hollywood Bowl,Chamberlain West Hollywood Hotel,https://journeyed.org/hotel/chamberlain-west-hollywood-hotel-west-hollywood-c09126/,2.8,,,,,
Hollywood Bowl,Best Western Plus Media Center Inn & Suites,https://journeyed.org/hotel/best-western-plus-media-center-inn-and-suites-burbank-b3d3e4/,2.8,,,,,
Hollywood Bowl,Omni Hotels & Resorts,https://journeyed.org/hotel/omni-hotels-and-resorts-los-angeles-a74bcf/,2.8,,,,,
Hollywood Bowl,El Royale Gardens Near Universal Studios,https://journeyed.org/hotel/el-royale-gardens-near-universal-studios-los-angeles-0dc47e/,2.8,,,,,
Hollywood Bowl,The Infamous Tropicana Motel Hollywood,https://journeyed.org/hotel/the-infamous-tropicana-motel-hollywood-west-hollywood-5118b9/,2.8,,,,,
Hollywood Bowl,Ramada Plaza,https://journeyed.org/hotel/ramada-plaza-west-hollywood-5a9d89/,2.8,paid,https://www.wyndhamhotels.com/ramada/west-hollywood-california/ramada-plaza-hotel-suites-west-hollywood-beverly-hills/overview,,,2026-10-02
Hollywood Bowl,Showtime Motel,https://journeyed.org/hotel/showtime-motel-los-angeles-f5c71d/,2.8,,,,,
Hollywood Bowl,The Tangerine,https://journeyed.org/hotel/the-tangerine-burbank-1ef042/,2.8,0,https://www.thetangerine.com/best-hotel-in-burbank/,free,,2026-10-03
Hollywood Bowl,The Garland,https://journeyed.org/hotel/the-garland-north-hollywood-711779/,2.9,,,,,
Hollywood Bowl,Genre Hotels,https://journeyed.org/hotel/genre-hotels-los-angeles-bf9a7b/,2.9,,,,,
Hollywood Bowl,Beverly Laurel Hotel at West Hollywood,https://journeyed.org/hotel/beverly-laurel-hotel-at-west-hollywood-los-angeles-77a30b/,2.9,,,,,
Hollywood Bowl,Travelodge,https://journeyed.org/hotel/travelodge-los-angeles-29f6ee/,2.9,,,,,
Hollywood Bowl,Le Parc at Melrose,https://journeyed.org/hotel/le-parc-at-melrose-west-hollywood-f54174/,2.9,,,,,
Hollywood Bowl,Short Stories Hotel,https://journeyed.org/hotel/short-stories-hotel-los-angeles-00147d/,3,,,,,
Hollywood Bowl,Park Plaza Lodge,https://journeyed.org/hotel/park-plaza-lodge-los-angeles-84c69b/,3,,,,,
Hollywood Bowl,Los Angeles Guest Suites,https://journeyed.org/hotel/los-angeles-guest-suites-west-hollywood-8c530e/,3,,,,,
Hollywood Bowl,Stay On Beverly,https://journeyed.org/hotel/stay-on-beverly-los-angeles-208025/,3,,,,,
Honda Center,Ayres Hotel Anaheim,https://journeyed.org/hotel/ayres-hotel-anaheim-anaheim-655784/,0.2,,,,,
Honda Center,Extended Stay America,https://journeyed.org/hotel/extended-stay-america-orange-d97591/,0.2,,,,,
Honda Center,TownePlace Suites,https://journeyed.org/hotel/towneplace-suites-anaheim-37febc/,0.7,,,,,
Honda Center,The Westin Resort Anaheim,https://journeyed.org/hotel/the-westin-resort-anaheim-anaheim-576602/,1.1,,,,,
Honda Center,Embassy Suites by Hilton Anaheim Orange,https://journeyed.org/hotel/embassy-suites-by-hilton-anaheim-orange-orange-1e0a7b/,1.2,,,,,
Honda Center,Big A Motel,https://journeyed.org/hotel/big-a-motel-orange-68b48c/,1.3,0,https://www.bigamotel.com/amenities,,,2026-10-03
Honda Center,Castaway Motel,https://journeyed.org/hotel/castaway-motel-orange-c2cbf9/,1.4,0,https://www.castawaymotelorange.us/policies.html,,,2026-10-03
Honda Center,Angel Motel,https://journeyed.org/hotel/angel-motel-orange-a3ff04/,1.4,,,,,
Honda Center,Ayres Hotel Orange,https://journeyed.org/hotel/ayres-hotel-orange-orange-2f88d3/,1.5,,,,,
Honda Center,Ayres Inn Orange,https://journeyed.org/hotel/ayres-inn-orange-orange-de6fe1/,1.5,,,,,
Honda Center,Sonesta ES Suites Anaheim Resort Area,https://journeyed.org/hotel/sonesta-es-suites-anaheim-resort-area-anaheim-c26663/,1.5,,,,,
Honda Center,Motel 6,https://journeyed.org/hotel/motel-6-orange-432e01/,1.5,,,,,
Honda Center,Holiday Inn Anaheim Resort,https://journeyed.org/hotel/holiday-inn-anaheim-resort-anaheim-cd050d/,1.5,,,,,
Honda Center,Sonesta Anaheim Resort Area,https://journeyed.org/hotel/sonesta-anaheim-resort-area-anaheim-781d1e/,1.5,,,,,
Honda Center,Best Western Orange Plaza,https://journeyed.org/hotel/best-western-orange-plaza-orange-975229/,1.5,,,,,
Honda Center,Hotel Fera,https://journeyed.org/hotel/hotel-fera-orange-85235f/,1.6,,,,,
Honda Center,Double Tree Guest Suites Anaheim Resort-Convention Center,https://journeyed.org/hotel/double-tree-guest-suites-anaheim-resort-convention-center-orange-abd010/,1.6,,,,,
Honda Center,Comfort Inn Anaheim Resort,https://journeyed.org/hotel/comfort-inn-anaheim-resort-anaheim-a351d1/,1.6,,,,,
Honda Center,Days Inn,https://journeyed.org/hotel/days-inn-orange-e8d284/,1.7,,,,,
Honda Center,Fairfield by Marriott Inn & Suites Anaheim Theme Park / Convention Area,https://journeyed.org/hotel/fairfield-by-marriott-inn-and-suites-anaheim-theme-park-convention-dae333/,1.7,,,,,
Honda Center,SpringHill Suites by Marriott Anaheim Theme Park / Convention Area,https://journeyed.org/hotel/springhill-suites-by-marriott-anaheim-theme-park-convention-area-96e93a/,1.7,,,,,
Honda Center,Cambria Hotel & Suites Anaheim Resort Area,https://journeyed.org/hotel/cambria-hotel-and-suites-anaheim-resort-area-anaheim-c017bd/,1.7,,,,,
Honda Center,"The Viv Hotel, Anaheim, a Tribute Portfolio Hotel",https://journeyed.org/hotel/the-viv-hotel-anaheim-a-tribute-portfolio-hotel-anaheim-d8ba41/,1.7,39,https://www.thevivhotelanaheim.com/contact-us,,,2026-10-03
Honda Center,Ruta's Old Towne Inn,https://journeyed.org/hotel/rutas-old-towne-inn-orange-0bde0a/,1.8,,,,,
Honda Center,Peacock Suites,https://journeyed.org/hotel/peacock-suites-anaheim-356106/,1.8,,,,,
Honda Center,Candlewood Suites Anaheim - Resort Area By Ihg,https://journeyed.org/hotel/candlewood-suites-anaheim-resort-area-by-ihg-anaheim-b9906f/,1.8,,,,,
Honda Center,The French Estate,https://journeyed.org/hotel/the-french-estate-orange-4e2c12/,1.8,,,,,
Honda Center,Hampton Inn and Suites Anaheim Resort Convention Center,https://journeyed.org/hotel/hampton-inn-and-suites-anaheim-resort-convention-center-anaheim-ee6090/,1.8,,,,,
Honda Center,Greenwood Suites Anaheim Resort,https://journeyed.org/hotel/greenwood-suites-anaheim-resort-anaheim-f009d1/,1.8,,,,,
Honda Center,"Motel 6 Anaheim, CA - Maingate",https://journeyed.org/hotel/motel-6-anaheim-ca-maingate-anaheim-fb533b/,1.8,,,,,
Honda Center,Red Roof Inn Anaheim,https://journeyed.org/hotel/red-roof-inn-anaheim-anaheim-02e435/,1.8,,,,,
Honda Center,WorldMark Anaheim,https://journeyed.org/hotel/worldmark-anaheim-anaheim-b95dd6/,1.9,,,,,
Honda Center,SunCoast Park Hotel,https://journeyed.org/hotel/suncoast-park-hotel-anaheim-770acb/,1.9,,,,,
Honda Center,The Richland,https://journeyed.org/hotel/the-richland-orange-99dbc4/,1.9,,,,,
Honda Center,Extended Stay America,https://journeyed.org/hotel/extended-stay-america-anaheim-3c0069/,1.9,,,,,
Honda Center,Clementine Hotel & Suites Anaheim,https://journeyed.org/hotel/clementine-hotel-and-suites-anaheim-anaheim-8c9fc7/,1.9,paid,https://clementinehotel.com/faqs/,free,,2026-10-03
Honda Center,Element,https://journeyed.org/hotel/element-anaheim-73643f/,1.9,,,,,
Honda Center,La Quinta Inn and Suites by Wyndham Anaheim,https://journeyed.org/hotel/la-quinta-inn-and-suites-by-wyndham-anaheim-anaheim-9fffbe/,1.9,,,,,
Honda Center,JW Marriott,https://journeyed.org/hotel/jw-marriott-anaheim-b609b1/,2,,,,,
Honda Center,So Cal,https://journeyed.org/hotel/so-cal-anaheim-54112d/,2,,,,,
Honda Center,Quality Inn & Suites Anaheim Resort,https://journeyed.org/hotel/quality-inn-and-suites-anaheim-resort-anaheim-f257cb/,2.1,,,,,
Honda Center,Hilton Garden Inn Anaheim Resort,https://journeyed.org/hotel/hilton-garden-inn-anaheim-resort-anaheim-b3ec21/,2.1,,,free,,
Honda Center,Riviera Motel,https://journeyed.org/hotel/riviera-motel-anaheim-b05a49/,2.1,,,,,
Honda Center,Home2 Suites by Hilton Anaheim Resort,https://journeyed.org/hotel/home2-suites-by-hilton-anaheim-resort-anaheim-dc0851/,2.1,,,free,,
Honda Center,Kings Inn Anaheim at The Park & Convention Center,https://journeyed.org/hotel/kings-inn-anaheim-at-the-park-and-convention-center-anaheim-647c0b/,2.1,,,,,
Honda Center,Little Boy Blue Motel,https://journeyed.org/hotel/little-boy-blue-motel-anaheim-9517cb/,2.1,,,,,
Honda Center,Holiday Inn Express & Suites Anaheim Resort Area,https://journeyed.org/hotel/holiday-inn-express-and-suites-anaheim-resort-area-anaheim-349b0e/,2.1,,,,,
Honda Center,Ramada Maingate - At The Park,https://journeyed.org/hotel/ramada-maingate-at-the-park-anaheim-d7cfda/,2.1,,,,,
Honda Center,Crazy 8 Motel,https://journeyed.org/hotel/crazy-8-motel-orange-7a0909/,2.1,,,,,
Honda Center,Americas Best Value Inn & Suites Anaheim Convention Center,https://journeyed.org/hotel/americas-best-value-inn-and-suites-anaheim-convention-center-anaheim-56ec7c/,2.1,0,https://www.valueinnanaheim.com/amenities/,free,,2026-10-03
Honda Center,Anaheim Islander Inn and Suites,https://journeyed.org/hotel/anaheim-islander-inn-and-suites-anaheim-cfe887/,2.1,0,https://www.anaheimislander.com/policies-terms,free,,2026-10-03
Honda Center,Castle Inn & Suites,https://journeyed.org/hotel/castle-inn-and-suites-anaheim-dc70a5/,2.1,0,https://www.castleinn.com/amenities.htm,,,2026-10-03
Honda Center,Del Sol Inn,https://journeyed.org/hotel/del-sol-inn-anaheim-58e9c1/,2.1,,,,,
Honda Center,Fairfield by Marriott Anaheim Resort,https://journeyed.org/hotel/fairfield-by-marriott-anaheim-resort-anaheim-4feded/,2.1,,,,,
Honda Center,Hotel Indigo,https://journeyed.org/hotel/hotel-indigo-anaheim-92aedc/,2.2,,,,,
Honda Center,Marriott,https://journeyed.org/hotel/marriott-anaheim-a3b2aa/,2.2,,,,,
Honda Center,Howard Johnson by Wyndham Anaheim Hotel and Water Playground,https://journeyed.org/hotel/howard-johnson-by-wyndham-anaheim-hotel-and-water-playground-anaheim-f635df/,2.2,,,,,
Honda Center,Courtyard by Marriott Anaheim Theme Park Entrance,https://journeyed.org/hotel/courtyard-by-marriott-anaheim-theme-park-entrance-anaheim-7c0cb8/,2.2,,,,,
Honda Center,Wyndham Anaheim,https://journeyed.org/hotel/wyndham-anaheim-anaheim-dab211/,2.2,,,,,
Honda Center,Anaheim Desert Inn and Suites,https://journeyed.org/hotel/anaheim-desert-inn-and-suites-anaheim-cedfae/,2.2,27,https://www.anaheimdesertinn.com/faqs.htm,free,,2026-10-03
Honda Center,Ramada Plaza Anaheim,https://journeyed.org/hotel/ramada-plaza-anaheim-anaheim-20542e/,2.2,,,,,
Honda Center,Best Western Plus Anaheim Inn,https://journeyed.org/hotel/best-western-plus-anaheim-inn-anaheim-07085f/,2.2,,,,,
Honda Center,The Anaheim Hotel,https://journeyed.org/hotel/the-anaheim-hotel-anaheim-12b672/,2.2,,,,,
Honda Center,Best Western Plus Park Place Inn - Mini Suites,https://journeyed.org/hotel/best-western-plus-park-place-inn-mini-suites-anaheim-e60703/,2.2,,,,,
Honda Center,Park Vue Inn,https://journeyed.org/hotel/park-vue-inn-anaheim-182e3c/,2.2,,,none,,
Honda Center,Grand Legacy At The Park,https://journeyed.org/hotel/grand-legacy-at-the-park-anaheim-8766cb/,2.2,,,,,
Honda Center,Camelot Inn and Suites,https://journeyed.org/hotel/camelot-inn-and-suites-anaheim-e15e42/,2.2,,,,,
Honda Center,Tropicana Inn & Suites,https://journeyed.org/hotel/tropicana-inn-and-suites-anaheim-946424/,2.2,,,,,
Honda Center,Hyatt House At Anaheim Resort/convention Center,https://journeyed.org/hotel/hyatt-house-at-anaheim-resort-convention-center-anaheim-795346/,2.2,,,,,
Honda Center,Hotel Lulu,https://journeyed.org/hotel/hotel-lulu-anaheim-ce8e86/,2.2,34,https://hotellulu.com/amenities/,,,2026-10-03
Honda Center,Hotel 414 Anaheim,https://journeyed.org/hotel/hotel-414-anaheim-anaheim-7c695b/,2.2,,,,none,
Honda Center,Red Lion Hotel Anaheim Resort,https://journeyed.org/hotel/red-lion-hotel-anaheim-resort-anaheim-539328/,2.2,,,,,
Honda Center,Knights Inn Anaheim,https://journeyed.org/hotel/knights-inn-anaheim-anaheim-396d24/,2.2,,,,,
Honda Center,Homewood Suites by Hilton Anaheim Resort Convention Center,https://journeyed.org/hotel/homewood-suites-by-hilton-anaheim-resort-convention-center-anaheim-e16f16/,2.2,,,,,
Honda Center,Carousel Inn & Suites,https://journeyed.org/hotel/carousel-inn-and-suites-anaheim-57d015/,2.2,,,,,
Honda Center,Anaheim Astoria Inn and Suites,https://journeyed.org/hotel/anaheim-astoria-inn-and-suites-anaheim-8b9d77/,2.2,,,,,
Honda Center,WorldMark Dolphin's Cove,https://journeyed.org/hotel/worldmark-dolphins-cove-anaheim-f6bbd5/,2.3,,,,,
Honda Center,Candy Cane Inn,https://journeyed.org/hotel/candy-cane-inn-anaheim-b3b422/,2.3,0,https://candycaneinn.net/amenities/,free,,2026-10-03
Honda Center,Anaheim Portofino Inn & Suites,https://journeyed.org/hotel/anaheim-portofino-inn-and-suites-anaheim-a29b7c/,2.3,,,,,
Honda Center,SpringHill Suites,https://journeyed.org/hotel/springhill-suites-anaheim-af60bc/,2.3,,,,,
Honda Center,Sheraton Park Hotel at the Anaheim Resort,https://journeyed.org/hotel/sheraton-park-hotel-at-the-anaheim-resort-anaheim-de2bb1/,2.3,,,,,
Honda Center,Best Western Plus Raffles Inn & Suites,https://journeyed.org/hotel/best-western-plus-raffles-inn-and-suites-anaheim-438cc7/,2.3,,,,,
Honda Center,Desert Palms Hotel and Suites,https://journeyed.org/hotel/desert-palms-hotel-and-suites-anaheim-f28202/,2.3,31,https://www.desertpalmshotel.com/frequently-asked-questions,free,,2026-10-03
Honda Center,Travelodge by Wyndham,https://journeyed.org/hotel/travelodge-by-wyndham-anaheim-1057e8/,2.3,,,,,
Honda Center,Super 7 Motel,https://journeyed.org/hotel/super-7-motel-anaheim-dad5ba/,2.3,,,,,
Honda Center,Best Western Plus Meridian Inn and Suites Anaheim Orange,https://journeyed.org/hotel/best-western-plus-meridian-inn-and-suites-anaheim-orange-orange-c6a7dc/,2.4,,,,,
Honda Center,Clarion Hotel Anaheim Resort,https://journeyed.org/hotel/clarion-hotel-anaheim-resort-anaheim-f84dd8/,2.4,,,,,
Honda Center,Hyatt Place,https://journeyed.org/hotel/hyatt-place-anaheim-5f0463/,2.4,,,,,
Honda Center,Residence Inn by Marriott at Anaheim Resort/Convention Center,https://journeyed.org/hotel/residence-inn-by-marriott-at-anaheim-resort-convention-center-anaheim-62b046/,2.4,,,,,
Honda Center,Cortona Inn and Suites,https://journeyed.org/hotel/cortona-inn-and-suites-anaheim-a88221/,2.4,25,https://www.cortonainn.com/faqs,free,,2026-10-03
Honda Center,Anaheim Maingate Inn,https://journeyed.org/hotel/anaheim-maingate-inn-anaheim-293d04/,2.4,,,,,
Honda Center,Alpine Inn,https://journeyed.org/hotel/alpine-inn-anaheim-48ec39/,2.4,,,,,
Honda Center,Four Points By Sheraton,https://journeyed.org/hotel/four-points-by-sheraton-anaheim-557370/,2.4,,,,,
Honda Center,Hacienda Inn & Suites,https://journeyed.org/hotel/hacienda-inn-and-suites-anaheim-ebaa40/,2.4,,,,,
Honda Center,Days Inn and Suites by Wyndham Anaheim,https://journeyed.org/hotel/days-inn-and-suites-by-wyndham-anaheim-anaheim-cba698/,2.4,,,free,,
Honda Center,DoubleTree Suites by Hilton Hotel Anaheim Resort,https://journeyed.org/hotel/doubletree-suites-by-hilton-hotel-anaheim-resort-anaheim-024da1/,2.4,,,,,
Honda Center,Frontier Motel,https://journeyed.org/hotel/frontier-motel-anaheim-102cf7/,2.4,,,,,
Honda Center,Magnolia Tree Hotel,https://journeyed.org/hotel/magnolia-tree-hotel-anaheim-7f5868/,2.4,10,https://www.magnoliatreehotel.com/amenities-services/,,,2026-10-03
Honda Center,Signature Inn,https://journeyed.org/hotel/signature-inn-anaheim-8b9167/,2.4,,,,,
Honda Center,Anaheim Carriage Inn,https://journeyed.org/hotel/anaheim-carriage-inn-anaheim-66123e/,2.4,0,https://anaheimcarriagehotel.com/about-us/,free,,2026-10-03
Honda Center,Courtyard By Marriott,https://journeyed.org/hotel/courtyard-by-marriott-anaheim-fe380d/,2.4,,,,,
Honda Center,Queens Inn Anaheim near The Park & Convention Center,https://journeyed.org/hotel/queens-inn-anaheim-near-the-park-and-convention-center-anaheim-dec383/,2.4,0,https://queensinnanaheim.com/rooms/,,,2026-10-03
Honda Center,Days Inn,https://journeyed.org/hotel/days-inn-anaheim-c15846/,2.4,,,,,
Honda Center,Stanford Inn & Suites,https://journeyed.org/hotel/stanford-inn-and-suites-anaheim-adc3f6/,2.4,,,free,,
Honda Center,Anaheim Express Inn,https://journeyed.org/hotel/anaheim-express-inn-anaheim-c67a44/,2.4,,,,,
Honda Center,Capri Suites Anaheim,https://journeyed.org/hotel/capri-suites-anaheim-anaheim-524c47/,2.4,,,,,
Honda Center,Hilton Anaheim,https://journeyed.org/hotel/hilton-anaheim-anaheim-88a662/,2.4,,,,,
Honda Center,Ramada Anaheim Convention Center,https://journeyed.org/hotel/ramada-anaheim-convention-center-anaheim-0875a1/,2.4,,,,,
Honda Center,Evergreen Royalle,https://journeyed.org/hotel/evergreen-royalle-anaheim-d96ac8/,2.4,,,,,
Honda Center,Lemon Tree Hotel and suites,https://journeyed.org/hotel/lemon-tree-hotel-and-suites-anaheim-5f958c/,2.4,paid,https://www.lemontreehotelanaheim.com/amenities-en,free,,2026-10-03
Honda Center,Anchor Inn Motel,https://journeyed.org/hotel/anchor-inn-motel-anaheim-4106b8/,2.5,,,,,
Honda Center,Motel 6 Anaheim Convention Center,https://journeyed.org/hotel/motel-6-anaheim-convention-center-anaheim-40b49b/,2.5,,,,,
Honda Center,Ramada by Wyndham Anaheim Maingate North,https://journeyed.org/hotel/ramada-by-wyndham-anaheim-maingate-north-anaheim-bc4afd/,2.5,,,,,
Honda Center,California Inn,https://journeyed.org/hotel/california-inn-anaheim-0d8a9c/,2.5,,,,,
Honda Center,Anaheim Tropic Motel,https://journeyed.org/hotel/anaheim-tropic-motel-anaheim-f7f436/,2.5,,,,,
Honda Center,Anaheim Marriott,https://journeyed.org/hotel/anaheim-marriott-anaheim-95b42d/,2.5,,,,,
Honda Center,Sandman Motel,https://journeyed.org/hotel/sandman-motel-anaheim-ca3c78/,2.5,,,,,
Honda Center,Howard Johnson by Wyndham Orange Hotel & Suites,https://journeyed.org/hotel/howard-johnson-by-wyndham-orange-hotel-and-suites-orange-c90935/,2.5,,,,,
Honda Center,Casa Camino Hotel And Suites,https://journeyed.org/hotel/casa-camino-hotel-and-suites-orange-df2fbf/,2.5,,,,,
Honda Center,Quality Inn and Suites Anaheim Maingate,https://journeyed.org/hotel/quality-inn-and-suites-anaheim-maingate-anaheim-d1afea/,2.5,,,,,
Honda Center,Hampton Inn & Suites Anaheim Garden Grove,https://journeyed.org/hotel/hampton-inn-and-suites-anaheim-garden-grove-garden-grove-c97b04/,2.5,,,,,
Honda Center,Hilton Garden Inn,https://journeyed.org/hotel/hilton-garden-inn-garden-grove-a9a188/,2.5,,,,,
Honda Center,Residence Inn,https://journeyed.org/hotel/residence-inn-garden-grove-e27532/,2.6,,,,,
Honda Center,Red Roof Inn Santa Ana,https://journeyed.org/hotel/red-roof-inn-santa-ana-santa-ana-4e43f5/,2.6,,,,,
Honda Center,Villa Park Motel,https://journeyed.org/hotel/villa-park-motel-orange-02031b/,2.6,,,,,
Honda Center,Embassy Suites by Hilton,https://journeyed.org/hotel/embassy-suites-by-hilton-garden-grove-fa5b56/,2.6,,,,,
Honda Center,O.C HOUSE,https://journeyed.org/hotel/o-c-house-santa-ana-c349ed/,2.6,,,,,
Honda Center,TownePlace Suites Anaheim Maingate Near Angel Stadium,https://journeyed.org/hotel/towneplace-suites-anaheim-maingate-near-angel-stadium-anaheim-1c06f9/,2.6,,,,,
Honda Center,Embassy Suites Anaheim-Orange,https://journeyed.org/hotel/embassy-suites-anaheim-orange-anaheim-910b16/,2.6,,,,,
Honda Center,Hyatt Regency Orange County,https://journeyed.org/hotel/hyatt-regency-orange-county-garden-grove-d569c8/,2.6,,,,,
Honda Center,The Anabella Hotel,https://journeyed.org/hotel/the-anabella-hotel-anaheim-ba9b1c/,2.6,,,,,
Honda Center,Sky Palm Motel,https://journeyed.org/hotel/sky-palm-motel-orange-7335ef/,2.6,,,,,
Honda Center,The Villas at Disney's Grand Californian Hotel & Spa,https://journeyed.org/hotel/the-villas-at-disneys-grand-californian-hotel-and-spa-anaheim-c48de7/,2.7,,,,,
Honda Center,Disney's Grand Californian Hotel & Spa,https://journeyed.org/hotel/disneys-grand-californian-hotel-and-spa-anaheim-4c1b3b/,2.7,,,,,
Honda Center,Westin,https://journeyed.org/hotel/westin-anaheim-3e65b4/,2.7,,,,,
Honda Center,Anaheim Majestic Garden Hotel,https://journeyed.org/hotel/anaheim-majestic-garden-hotel-anaheim-027566/,2.7,,,,,
Honda Center,Sheraton,https://journeyed.org/hotel/sheraton-garden-grove-95aab5/,2.7,,,,,
Honda Center,Delta Hotels,https://journeyed.org/hotel/delta-hotels-garden-grove-e2b33c/,2.7,,,,,
Honda Center,Anaheim Marriott Suites,https://journeyed.org/hotel/anaheim-marriott-suites-garden-grove-6c87cf/,2.7,,,,,
Honda Center,Sheraton Anaheim Hotel,https://journeyed.org/hotel/sheraton-anaheim-hotel-anaheim-b03c39/,2.7,,,,,
Honda Center,Days Inn by Wyndham Anaheim West,https://journeyed.org/hotel/days-inn-by-wyndham-anaheim-west-anaheim-7de091/,2.7,,,,,
Honda Center,Budget Inn,https://journeyed.org/hotel/budget-inn-anaheim-92626c/,2.7,,,,,
Honda Center,Homewood Suites By Hilton Anaheim-main Gate Area,https://journeyed.org/hotel/homewood-suites-by-hilton-anaheim-main-gate-area-garden-grove-6c3ff7/,2.7,,,,,
Honda Center,Eden Roc Inn & Suites,https://journeyed.org/hotel/eden-roc-inn-and-suites-anaheim-52c828/,2.7,,,,,
Honda Center,Pixar Place Hotel,https://journeyed.org/hotel/pixar-place-hotel-anaheim-4f365e/,2.8,,,,,
Honda Center,Staybridge Suites Anaheim at the Park,https://journeyed.org/hotel/staybridge-suites-anaheim-at-the-park-anaheim-fbfa02/,2.8,,,,,
Honda Center,Agave Resort,https://journeyed.org/hotel/agave-resort-santa-ana-9205a2/,2.8,,,,,
Honda Center,Super 8 by Wyndham Anaheim Disneyland Drive,https://journeyed.org/hotel/super-8-by-wyndham-anaheim-disneyland-drive-anaheim-b15351/,2.8,,,,,
Honda Center,Travelodge Inn & Suites,https://journeyed.org/hotel/travelodge-inn-and-suites-anaheim-7d1c50/,2.8,0,https://www.travelodgedisneyland.com/services,free,,2026-10-03
Honda Center,Best Western Courtesy Inn,https://journeyed.org/hotel/best-western-courtesy-inn-anaheim-fdc119/,2.8,,,,,
Honda Center,Best Western Plus Stovall's Inn,https://journeyed.org/hotel/best-western-plus-stovalls-inn-anaheim-caa2a1/,2.8,25,https://stovallshotels.com/faqs/,,,2026-10-03
Honda Center,Legacy Inn & Suites,https://journeyed.org/hotel/legacy-inn-and-suites-garden-grove-805f88/,2.8,,,,,
Honda Center,Anaheim Discovery Inn & Suites at the Park,https://journeyed.org/hotel/anaheim-discovery-inn-and-suites-at-the-park-anaheim-5e7942/,2.8,0,https://www.anaheimdiscoveryinn.com/rooms,,,2026-10-03
Honda Center,Disneyland Hotel,https://journeyed.org/hotel/disneyland-hotel-anaheim-c6e079/,2.9,,,,,
Honda Center,Alamo Inn and Suites,https://journeyed.org/hotel/alamo-inn-and-suites-anaheim-8277ca/,2.9,,,,,
Honda Center,InterContinental Hotels & Resorts,https://journeyed.org/hotel/intercontinental-hotels-and-resorts-garden-grove-1ed6e4/,2.9,,,,,
Honda Center,Sonesta Simply Suites Anaheim,https://journeyed.org/hotel/sonesta-simply-suites-anaheim-garden-grove-5aa9e9/,2.9,,,,,
Honda Center,Quality Inn & Suites Anaheim at the Park,https://journeyed.org/hotel/quality-inn-and-suites-anaheim-at-the-park-anaheim-e828e1/,2.9,,,,,
Honda Center,Disney Vacation Club at Downtown Disney District,https://journeyed.org/hotel/disney-vacation-club-at-downtown-disney-district-anaheim-8c7c26/,2.9,,,,,
Honda Center,Golden West Lodge,https://journeyed.org/hotel/golden-west-lodge-santa-ana-a6a5e3/,2.9,,,,,
Honda Center,Hotel Marguerite,https://journeyed.org/hotel/hotel-marguerite-garden-grove-d71fea/,2.9,,,,,
Honda Center,Best Western Plus Pavilions,https://journeyed.org/hotel/best-western-plus-pavilions-anaheim-668989/,2.9,,,,,
Honda Center,Great Wolf Lodge | Southern California,https://journeyed.org/hotel/great-wolf-lodge-southern-california-garden-grove-5b1d92/,3,35,https://www.greatwolf.com/southern-california/faq,,,2026-10-03
Intuit Dome,The Lum Hotel Los Angeles Stadium District,https://journeyed.org/hotel/the-lum-hotel-los-angeles-stadium-district-inglewood-a4ac55/,0.1,,,,,
Intuit Dome,Airport Park View Hotel,https://journeyed.org/hotel/airport-park-view-hotel-inglewood-7d053e/,0.1,,,,,
Intuit Dome,Rodeway Inn & Suites,https://journeyed.org/hotel/rodeway-inn-and-suites-inglewood-8b17d5/,0.1,,,,,
Intuit Dome,Holly Crest Hotel,https://journeyed.org/hotel/holly-crest-hotel-inglewood-3cce81/,0.2,0,https://www.hollycrestinglewood.com/weekly-hotel-inglewood/,,,2026-10-03
Intuit Dome,Inglewood Plaza Inn,https://journeyed.org/hotel/inglewood-plaza-inn-inglewood-bab5cd/,0.3,,,,,
Intuit Dome,"Motel 6 Inglewood, Ca",https://journeyed.org/hotel/motel-6-inglewood-ca-inglewood-a33e8a/,0.3,,,,,
Intuit Dome,Royal Game Resort,https://journeyed.org/hotel/royal-game-resort-inglewood-4d1547/,0.4,,,,,
Intuit Dome,LA Adventure Hotel,https://journeyed.org/hotel/la-adventure-hotel-inglewood-09a075/,0.4,0,https://www.laadventureinglewood.com/amenities-services/,free,,2026-10-03
Intuit Dome,Royal Comfort Motel Budget Host Inns,https://journeyed.org/hotel/royal-comfort-motel-budget-host-inns-inglewood-90283f/,0.4,,,,,
Intuit Dome,Super 8 by Wyndham Inglewood LAX LA Airport,https://journeyed.org/hotel/super-8-by-wyndham-inglewood-lax-la-airport-inglewood-8e4b56/,0.4,,,,,
Intuit Dome,Hollywood Inn Express LAX,https://journeyed.org/hotel/hollywood-inn-express-lax-inglewood-6c5fc0/,0.5,,,free,free,
Intuit Dome,Sea Breeze Inn,https://journeyed.org/hotel/sea-breeze-inn-inglewood-a9cb0d/,0.5,,,,,
Intuit Dome,Royal Century Hotel,https://journeyed.org/hotel/royal-century-hotel-inglewood-8864af/,0.5,,,,,
Intuit Dome,Topper Motel,https://journeyed.org/hotel/topper-motel-inglewood-654286/,0.5,,,,,
Intuit Dome,American Inn and Suites LAX,https://journeyed.org/hotel/american-inn-and-suites-lax-inglewood-19e766/,0.6,,,,,
Intuit Dome,Hollywood Park Motel,https://journeyed.org/hotel/hollywood-park-motel-inglewood-4493e4/,0.7,,,,,
Intuit Dome,Welcome Inn,https://journeyed.org/hotel/welcome-inn-inglewood-562ca1/,0.7,,,,,
Intuit Dome,Crystal Inn Suites & Spas LAX,https://journeyed.org/hotel/crystal-inn-suites-and-spas-lax-inglewood-6dffc6/,0.7,0,https://www.crystalinnlax.com/amenities/,,,2026-10-03
Intuit Dome,La Quinta Inn & Suites Inglewood,https://journeyed.org/hotel/la-quinta-inn-and-suites-inglewood-inglewood-f309bf/,0.9,,,,,
Intuit Dome,Casa Bell Motel,https://journeyed.org/hotel/casa-bell-motel-inglewood-2fe9e6/,0.9,0,https://www.casabellmotelinglewood.com/amenities-services/,,,2026-10-03
Intuit Dome,Villa Inn and Suites,https://journeyed.org/hotel/villa-inn-and-suites-hawthorne-034ff5/,0.9,,,,,
Intuit Dome,Diamond Inn,https://journeyed.org/hotel/diamond-inn-inglewood-4ad151/,0.9,,,,,
Intuit Dome,Encore Inn,https://journeyed.org/hotel/encore-inn-inglewood-bfca1e/,0.9,0,https://www.encoreinnlax.com/overview,,,2026-10-03
Intuit Dome,Tourist Lodge,https://journeyed.org/hotel/tourist-lodge-inglewood-0687c1/,0.9,0,https://www.touristlodgeinglewood.us/amenities.html,,,2026-10-03
Intuit Dome,Trend Hotel LAX,https://journeyed.org/hotel/trend-hotel-lax-inglewood-ad1aaa/,1,0,https://www.trendhotellax.com/amenities-services/,,,2026-10-03
Intuit Dome,Acacia Inn,https://journeyed.org/hotel/acacia-inn-inglewood-4599b7/,1,,,,,
Intuit Dome,Amber Motel LLP,https://journeyed.org/hotel/amber-motel-llp-inglewood-fecbe9/,1,,,,,
Intuit Dome,Kings Motel Inglewood,https://journeyed.org/hotel/kings-motel-inglewood-inglewood-98ccec/,1,,,,,
Intuit Dome,Hampton Inn Los Angeles Intl Airport Hawthorne,https://journeyed.org/hotel/hampton-inn-los-angeles-intl-airport-hawthorne-hawthorne-c84688/,1,,,,,
Intuit Dome,Value Inn Worldwide Inglewood,https://journeyed.org/hotel/value-inn-worldwide-inglewood-inglewood-c4c461/,1.1,,,,,
Intuit Dome,Candlewood Suites Lax Hawthorne By Ihg,https://journeyed.org/hotel/candlewood-suites-lax-hawthorne-by-ihg-hawthorne-7bb727/,1.1,,,,,
Intuit Dome,Comfort Inn Cockatoo,https://journeyed.org/hotel/comfort-inn-cockatoo-hawthorne-67af3a/,1.1,,,,,
Intuit Dome,Holiday Inn Express and Suites Los Angeles Airport Hawthorne,https://journeyed.org/hotel/holiday-inn-express-and-suites-los-angeles-airport-hawthorne-hawthorne-a80f39/,1.1,,,,,
Intuit Dome,Palm Inn,https://journeyed.org/hotel/palm-inn-inglewood-b79c6a/,1.1,,,,,
Intuit Dome,LAX Stadium Inn,https://journeyed.org/hotel/lax-stadium-inn-inglewood-768512/,1.2,,,,,
Intuit Dome,Dream Inn,https://journeyed.org/hotel/dream-inn-inglewood-90dfc9/,1.2,,,,,
Intuit Dome,Century Inn,https://journeyed.org/hotel/century-inn-inglewood-643e05/,1.2,,,,,
Intuit Dome,Tivoli Motor Hotel,https://journeyed.org/hotel/tivoli-motor-hotel-inglewood-f20d25/,1.2,,,,,
Intuit Dome,Del Aire Inn Hotel,https://journeyed.org/hotel/del-aire-inn-hotel-hawthorne-cab5f1/,1.2,,,,,
Intuit Dome,Quality Inn & Suites Los Angeles Airport,https://journeyed.org/hotel/quality-inn-and-suites-los-angeles-airport-inglewood-b44888/,1.3,,,,,
Intuit Dome,Comfort Inn & Suites,https://journeyed.org/hotel/comfort-inn-and-suites-inglewood-125f66/,1.3,,,,,
Intuit Dome,Best Western Plus Suites Hotel - LAX Airport LA Stadium,https://journeyed.org/hotel/best-western-plus-suites-hotel-lax-airport-la-stadium-inglewood-4e4e50/,1.4,,,,,
Intuit Dome,Days Inn,https://journeyed.org/hotel/days-inn-inglewood-9bc19a/,1.4,,,,,
Intuit Dome,Motel 6,https://journeyed.org/hotel/motel-6-inglewood-98a4b0/,1.4,,,,free,
Intuit Dome,Hawthorne Plaza Inn,https://journeyed.org/hotel/hawthorne-plaza-inn-hawthorne-4bfbf9/,1.6,0,https://www.hawthorneplazainn.com/overview,,,2026-10-03
Intuit Dome,Hampton Inn Los Angeles Airport,https://journeyed.org/hotel/hampton-inn-los-angeles-airport-inglewood-03fd59/,1.6,,,,,
Intuit Dome,Wingate by Wyndham Los Angeles International Airport LAX,https://journeyed.org/hotel/wingate-by-wyndham-los-angeles-international-airport-lax-inglewood-2f6832/,1.6,,,,,
Intuit Dome,Geneva Motel,https://journeyed.org/hotel/geneva-motel-inglewood-455aa6/,1.6,0,https://www.genevainnlax.com/amenities/,,,2026-10-03
Intuit Dome,Holiday Inn Los Angeles - LAX Airport,https://journeyed.org/hotel/holiday-inn-los-angeles-lax-airport-los-angeles-d0720c/,1.7,,,,,
Intuit Dome,La Quinta Inn & Suites LAX,https://journeyed.org/hotel/la-quinta-inn-and-suites-lax-los-angeles-9bd654/,1.7,,,,,
Intuit Dome,Lotus Motel,https://journeyed.org/hotel/lotus-motel-inglewood-b36228/,1.7,,,,,
Intuit Dome,Economy Inn LAX,https://journeyed.org/hotel/economy-inn-lax-inglewood-eb15df/,1.7,,,,,
Intuit Dome,The Westin Los Angeles Airport,https://journeyed.org/hotel/the-westin-los-angeles-airport-los-angeles-59e64c/,1.8,,,,,
Intuit Dome,Look Motel Inn,https://journeyed.org/hotel/look-motel-inn-los-angeles-cc79a9/,1.8,,,,,
Intuit Dome,Marriott,https://journeyed.org/hotel/marriott-hawthorne-65126f/,1.8,,,,,
Intuit Dome,Ricky Motel,https://journeyed.org/hotel/ricky-motel-los-angeles-99b4e1/,1.9,,,,,
Intuit Dome,Best Western Airpark Hotel,https://journeyed.org/hotel/best-western-airpark-hotel-inglewood-7a6c69/,1.9,,,,,
Intuit Dome,Manor Motel,https://journeyed.org/hotel/manor-motel-hawthorne-f2ac07/,1.9,,,,,
Intuit Dome,Hill Top Motor Inn,https://journeyed.org/hotel/hill-top-motor-inn-los-angeles-6c200a/,1.9,,,,,
Intuit Dome,Anand Motel,https://journeyed.org/hotel/anand-motel-los-angeles-cb0879/,1.9,,,,,
Intuit Dome,El Rancho Inn,https://journeyed.org/hotel/el-rancho-inn-hawthorne-e9ddd1/,1.9,0,https://www.elranchoinnhawthorne.us/,,,2026-10-03
Intuit Dome,TownePlace Suites,https://journeyed.org/hotel/towneplace-suites-hawthorne-15ce22/,1.9,,,,,
Intuit Dome,Colony Motel,https://journeyed.org/hotel/colony-motel-los-angeles-e7e0ae/,1.9,,,,,
Intuit Dome,Colonial Hotel,https://journeyed.org/hotel/colonial-hotel-hawthorne-422704/,1.9,,,,,
Intuit Dome,Sofi Motel,https://journeyed.org/hotel/sofi-motel-los-angeles-c6c9b8/,2,,,,,
Intuit Dome,Courtyard by Marriott Los Angeles LAX/Hawthorne,https://journeyed.org/hotel/courtyard-by-marriott-los-angeles-lax-hawthorne-hawthorne-c98eaa/,2,,,,,
Intuit Dome,La Brea Hotel,https://journeyed.org/hotel/la-brea-hotel-inglewood-ca44b3/,2,,,,,
Intuit Dome,Travelodge Hotel At Lax,https://journeyed.org/hotel/travelodge-hotel-at-lax-los-angeles-8d8853/,2,,,,,
Intuit Dome,Sandman Motel,https://journeyed.org/hotel/sandman-motel-inglewood-dd26f0/,2.1,,,,,
Intuit Dome,Lax Airport Hotel,https://journeyed.org/hotel/lax-airport-hotel-inglewood-804241/,2.1,,,,,
Intuit Dome,Days Inn Hotel,https://journeyed.org/hotel/days-inn-hotel-inglewood-f43ccd/,2.1,,,,,
Intuit Dome,Los Angeles Inn and Suites,https://journeyed.org/hotel/los-angeles-inn-and-suites-los-angeles-8ac74c/,2.1,0,https://www.losangelesinnlax.com/cheap-motel-la-area/,,,2026-10-03
Intuit Dome,La Mirage Inn LAX Airport,https://journeyed.org/hotel/la-mirage-inn-lax-airport-los-angeles-9f2249/,2.2,,,,,
Intuit Dome,Empire Inn LAX,https://journeyed.org/hotel/empire-inn-lax-los-angeles-a33244/,2.2,0,https://www.empireinnlax.com/overview,,,2026-10-03
Intuit Dome,Inglewood Hilton Hotel,https://journeyed.org/hotel/inglewood-hilton-hotel-inglewood-0ad5a4/,2.3,,,,,
Intuit Dome,Hilton Los Angeles Airport,https://journeyed.org/hotel/hilton-los-angeles-airport-los-angeles-d583ed/,2.3,,,,,
Intuit Dome,Shangri-La Hotels & Resort,https://journeyed.org/hotel/shangri-la-hotels-and-resort-los-angeles-b12b95/,2.3,,,,,
Intuit Dome,El Segundo Inn,https://journeyed.org/hotel/el-segundo-inn-hawthorne-f53190/,2.3,0,https://www.elsegundoinnhawthorne.us/,,,2026-10-03
Intuit Dome,Twin Towers Motel,https://journeyed.org/hotel/twin-towers-motel-inglewood-a45942/,2.3,,,,,
Intuit Dome,Los Angeles Airport Marriott,https://journeyed.org/hotel/los-angeles-airport-marriott-los-angeles-2ccce5/,2.4,,,,,
Intuit Dome,Four Points by Sheraton Los Angeles International Airport,https://journeyed.org/hotel/four-points-by-sheraton-los-angeles-international-airport-los-angeles-53e8b3/,2.5,,,,,
Intuit Dome,Renaissance Los Angeles Airport Hotel,https://journeyed.org/hotel/renaissance-los-angeles-airport-hotel-los-angeles-62f300/,2.5,,,,,
Intuit Dome,Deluxe Inn Hawthorne,https://journeyed.org/hotel/deluxe-inn-hawthorne-hawthorne-56c75f/,2.5,,,,,
Intuit Dome,Skywards Hotel,https://journeyed.org/hotel/skywards-hotel-los-angeles-cbf8b6/,2.5,,,,,
Intuit Dome,Super 8 by Wyndham Los Angeles,https://journeyed.org/hotel/super-8-by-wyndham-los-angeles-los-angeles-c23a55/,2.5,,,,,
Intuit Dome,Ritz-Carlton,https://journeyed.org/hotel/ritz-carlton-los-angeles-c67a9a/,2.5,,,,,
Intuit Dome,Embassy Suites by Hilton Los Angeles International Airport North,https://journeyed.org/hotel/embassy-suites-by-hilton-los-angeles-international-airport-north-los-dd3d5f/,2.5,,,free,free,
Intuit Dome,Ramada by Wyndham Hawthorne/LA Stadium,https://journeyed.org/hotel/ramada-by-wyndham-hawthorne-la-stadium-hawthorne-8ae39f/,2.6,,,,,
Intuit Dome,Ramada Plaza Hawthorne/LAX,https://journeyed.org/hotel/ramada-plaza-hawthorne-lax-hawthorne-38d989/,2.6,,,,,
Intuit Dome,Residence Inn by Marriott Los Angeles LAX/Century Boulevard,https://journeyed.org/hotel/residence-inn-by-marriott-los-angeles-lax-century-boulevard-los-5b6bd8/,2.6,,,,,
Intuit Dome,Budget Motel,https://journeyed.org/hotel/budget-motel-los-angeles-16ae46/,2.6,,,,,
Intuit Dome,Hyatt House LAX Century Boulevard,https://journeyed.org/hotel/hyatt-house-lax-century-boulevard-los-angeles-d95e2a/,2.7,,,,,
Intuit Dome,Holiday Inn Express Los Angeles - LAX Airport,https://journeyed.org/hotel/holiday-inn-express-los-angeles-lax-airport-los-angeles-2f07a7/,2.7,,,,,
Intuit Dome,Sonesta Los Angeles Airport,https://journeyed.org/hotel/sonesta-los-angeles-airport-los-angeles-a7e285/,2.7,,,,,
Intuit Dome,Hyde Park Motel,https://journeyed.org/hotel/hyde-park-motel-los-angeles-99805a/,2.7,0,https://www.hydeparkmotel-la.us/,,,2026-10-03
Intuit Dome,Cornett Motel,https://journeyed.org/hotel/cornett-motel-los-angeles-2338f1/,2.7,,,,,
Intuit Dome,Vagabond Inn Hotels,https://journeyed.org/hotel/vagabond-inn-hotels-el-segundo-f389ee/,2.7,,,,,
Intuit Dome,Crenshaw Inn Motel,https://journeyed.org/hotel/crenshaw-inn-motel-los-angeles-9d51da/,2.8,,,,,
Intuit Dome,Sheraton Gateway Los Angeles,https://journeyed.org/hotel/sheraton-gateway-los-angeles-los-angeles-d12bb7/,2.8,,,,,
Intuit Dome,Atlas motel,https://journeyed.org/hotel/atlas-motel-los-angeles-459252/,2.8,,,,,
Intuit Dome,AC Hotels,https://journeyed.org/hotel/ac-hotels-el-segundo-6969f8/,2.8,,,,,
Intuit Dome,Best Western Airport Plaza Inn,https://journeyed.org/hotel/best-western-airport-plaza-inn-inglewood-9ddb46/,2.8,,,,,
Intuit Dome,Hyatt Place Los Angeles/LAX/El Segundo,https://journeyed.org/hotel/hyatt-place-los-angeles-lax-el-segundo-el-segundo-caf40e/,2.8,,,,,
Intuit Dome,Western Motel,https://journeyed.org/hotel/western-motel-los-angeles-11c729/,2.9,,,,,
Intuit Dome,Vermont Motel,https://journeyed.org/hotel/vermont-motel-los-angeles-01087b/,2.9,,,,,
Intuit Dome,Paradise Inn,https://journeyed.org/hotel/paradise-inn-los-angeles-fb69f4/,2.9,,,,,
Intuit Dome,Homewood Suites by Hilton Los Angeles International Airport,https://journeyed.org/hotel/homewood-suites-by-hilton-los-angeles-international-airport-los-5170d5/,2.9,,,,,
Intuit Dome,"H Hotel Los Angeles, Curio Collection by Hilton",https://journeyed.org/hotel/h-hotel-los-angeles-curio-collection-by-hilton-los-angeles-c275f6/,2.9,,,,free,
Intuit Dome,Courtyard by Marriott Los Angeles LAX/Century Boulevard,https://journeyed.org/hotel/courtyard-by-marriott-los-angeles-lax-century-boulevard-los-angeles-ee475a/,3,,,,,
Intuit Dome,Hilton Garden Inn LAX/El Segundo,https://journeyed.org/hotel/hilton-garden-inn-lax-el-segundo-el-segundo-136df2/,3,,,,,
Kia Forum,Hollywood Park Motel,https://journeyed.org/hotel/hollywood-park-motel-inglewood-4493e4/,0.4,,,,,
Kia Forum,Holly Crest Hotel,https://journeyed.org/hotel/holly-crest-hotel-inglewood-3cce81/,0.9,0,https://www.hollycrestinglewood.com/weekly-hotel-inglewood/,,,2026-10-03
Kia Forum,Airport Park View Hotel,https://journeyed.org/hotel/airport-park-view-hotel-inglewood-7d053e/,0.9,,,,,
Kia Forum,"Motel 6 Inglewood, Ca",https://journeyed.org/hotel/motel-6-inglewood-ca-inglewood-a33e8a/,0.9,,,,,
Kia Forum,Inglewood Plaza Inn,https://journeyed.org/hotel/inglewood-plaza-inn-inglewood-bab5cd/,0.9,,,,,
Kia Forum,The Lum Hotel Los Angeles Stadium District,https://journeyed.org/hotel/the-lum-hotel-los-angeles-stadium-district-inglewood-a4ac55/,0.9,,,,,
Kia Forum,Rodeway Inn & Suites,https://journeyed.org/hotel/rodeway-inn-and-suites-inglewood-8b17d5/,0.9,,,,,
Kia Forum,Look Motel Inn,https://journeyed.org/hotel/look-motel-inn-los-angeles-cc79a9/,0.9,,,,,
Kia Forum,Royal Game Resort,https://journeyed.org/hotel/royal-game-resort-inglewood-4d1547/,1,,,,,
Kia Forum,Sea Breeze Inn,https://journeyed.org/hotel/sea-breeze-inn-inglewood-a9cb0d/,1,,,,,
Kia Forum,LA Adventure Hotel,https://journeyed.org/hotel/la-adventure-hotel-inglewood-09a075/,1,0,https://www.laadventureinglewood.com/amenities-services/,free,,2026-10-03
Kia Forum,Royal Comfort Motel Budget Host Inns,https://journeyed.org/hotel/royal-comfort-motel-budget-host-inns-inglewood-90283f/,1,,,,,
Kia Forum,Super 8 by Wyndham Inglewood LAX LA Airport,https://journeyed.org/hotel/super-8-by-wyndham-inglewood-lax-la-airport-inglewood-8e4b56/,1,,,,,
Kia Forum,Hollywood Inn Express LAX,https://journeyed.org/hotel/hollywood-inn-express-lax-inglewood-6c5fc0/,1,,,free,free,
Kia Forum,Topper Motel,https://journeyed.org/hotel/topper-motel-inglewood-654286/,1,,,,,
Kia Forum,Royal Century Hotel,https://journeyed.org/hotel/royal-century-hotel-inglewood-8864af/,1.1,,,,,
Kia Forum,Geneva Motel,https://journeyed.org/hotel/geneva-motel-inglewood-455aa6/,1.1,0,https://www.genevainnlax.com/amenities/,,,2026-10-03
Kia Forum,La Brea Hotel,https://journeyed.org/hotel/la-brea-hotel-inglewood-ca44b3/,1.1,,,,,
Kia Forum,Lotus Motel,https://journeyed.org/hotel/lotus-motel-inglewood-b36228/,1.3,,,,,
Kia Forum,Economy Inn LAX,https://journeyed.org/hotel/economy-inn-lax-inglewood-eb15df/,1.3,,,,,
Kia Forum,Lax Airport Hotel,https://journeyed.org/hotel/lax-airport-hotel-inglewood-804241/,1.3,,,,,
Kia Forum,Empire Inn LAX,https://journeyed.org/hotel/empire-inn-lax-los-angeles-a33244/,1.3,0,https://www.empireinnlax.com/overview,,,2026-10-03
Kia Forum,Value Inn Worldwide Inglewood,https://journeyed.org/hotel/value-inn-worldwide-inglewood-inglewood-c4c461/,1.4,,,,,
Kia Forum,Ricky Motel,https://journeyed.org/hotel/ricky-motel-los-angeles-99b4e1/,1.5,,,,,
Kia Forum,Best Western Airpark Hotel,https://journeyed.org/hotel/best-western-airpark-hotel-inglewood-7a6c69/,1.5,,,,,
Kia Forum,Century Inn,https://journeyed.org/hotel/century-inn-inglewood-643e05/,1.5,,,,,
Kia Forum,Tivoli Motor Hotel,https://journeyed.org/hotel/tivoli-motor-hotel-inglewood-f20d25/,1.5,,,,,
Kia Forum,Quality Inn & Suites Los Angeles Airport,https://journeyed.org/hotel/quality-inn-and-suites-los-angeles-airport-inglewood-b44888/,1.6,,,,,
Kia Forum,Colony Motel,https://journeyed.org/hotel/colony-motel-los-angeles-e7e0ae/,1.6,,,,,
Kia Forum,Comfort Inn & Suites,https://journeyed.org/hotel/comfort-inn-and-suites-inglewood-125f66/,1.6,,,,,
Kia Forum,American Inn and Suites LAX,https://journeyed.org/hotel/american-inn-and-suites-lax-inglewood-19e766/,1.6,,,,,
Kia Forum,Best Western Plus Suites Hotel - LAX Airport LA Stadium,https://journeyed.org/hotel/best-western-plus-suites-hotel-lax-airport-la-stadium-inglewood-4e4e50/,1.6,,,,,
Kia Forum,Inglewood Hilton Hotel,https://journeyed.org/hotel/inglewood-hilton-hotel-inglewood-0ad5a4/,1.7,,,,,
Kia Forum,Days Inn,https://journeyed.org/hotel/days-inn-inglewood-9bc19a/,1.7,,,,,
Kia Forum,Motel 6,https://journeyed.org/hotel/motel-6-inglewood-98a4b0/,1.7,,,,free,
Kia Forum,Welcome Inn,https://journeyed.org/hotel/welcome-inn-inglewood-562ca1/,1.7,,,,,
Kia Forum,Amber Motel LLP,https://journeyed.org/hotel/amber-motel-llp-inglewood-fecbe9/,1.7,,,,,
Kia Forum,Sandman Motel,https://journeyed.org/hotel/sandman-motel-inglewood-dd26f0/,1.7,,,,,
Kia Forum,Crystal Inn Suites & Spas LAX,https://journeyed.org/hotel/crystal-inn-suites-and-spas-lax-inglewood-6dffc6/,1.7,0,https://www.crystalinnlax.com/amenities/,,,2026-10-03
Kia Forum,Days Inn Hotel,https://journeyed.org/hotel/days-inn-hotel-inglewood-f43ccd/,1.7,,,,,
Kia Forum,Cornett Motel,https://journeyed.org/hotel/cornett-motel-los-angeles-2338f1/,1.8,,,,,
Kia Forum,Hyde Park Motel,https://journeyed.org/hotel/hyde-park-motel-los-angeles-99805a/,1.8,0,https://www.hydeparkmotel-la.us/,,,2026-10-03
Kia Forum,Crenshaw Inn Motel,https://journeyed.org/hotel/crenshaw-inn-motel-los-angeles-9d51da/,1.8,,,,,
Kia Forum,Budget Motel,https://journeyed.org/hotel/budget-motel-los-angeles-16ae46/,1.9,,,,,
Kia Forum,Holiday Inn Los Angeles - LAX Airport,https://journeyed.org/hotel/holiday-inn-los-angeles-lax-airport-los-angeles-d0720c/,1.9,,,,,
Kia Forum,La Quinta Inn & Suites Inglewood,https://journeyed.org/hotel/la-quinta-inn-and-suites-inglewood-inglewood-f309bf/,1.9,,,,,
Kia Forum,Casa Bell Motel,https://journeyed.org/hotel/casa-bell-motel-inglewood-2fe9e6/,1.9,0,https://www.casabellmotelinglewood.com/amenities-services/,,,2026-10-03
Kia Forum,Encore Inn,https://journeyed.org/hotel/encore-inn-inglewood-bfca1e/,1.9,0,https://www.encoreinnlax.com/overview,,,2026-10-03
Kia Forum,Tourist Lodge,https://journeyed.org/hotel/tourist-lodge-inglewood-0687c1/,1.9,0,https://www.touristlodgeinglewood.us/amenities.html,,,2026-10-03
Kia Forum,Diamond Inn,https://journeyed.org/hotel/diamond-inn-inglewood-4ad151/,1.9,,,,,
Kia Forum,Villa Inn and Suites,https://journeyed.org/hotel/villa-inn-and-suites-hawthorne-034ff5/,1.9,,,,,
Kia Forum,Hampton Inn Los Angeles Airport,https://journeyed.org/hotel/hampton-inn-los-angeles-airport-inglewood-03fd59/,1.9,,,,,
Kia Forum,La Quinta Inn & Suites LAX,https://journeyed.org/hotel/la-quinta-inn-and-suites-lax-los-angeles-9bd654/,1.9,,,,,
Kia Forum,Wingate by Wyndham Los Angeles International Airport LAX,https://journeyed.org/hotel/wingate-by-wyndham-los-angeles-international-airport-lax-inglewood-2f6832/,1.9,,,,,
Kia Forum,Trend Hotel LAX,https://journeyed.org/hotel/trend-hotel-lax-inglewood-ad1aaa/,1.9,0,https://www.trendhotellax.com/amenities-services/,,,2026-10-03
Kia Forum,Acacia Inn,https://journeyed.org/hotel/acacia-inn-inglewood-4599b7/,1.9,,,,,
Kia Forum,Kings Motel Inglewood,https://journeyed.org/hotel/kings-motel-inglewood-inglewood-98ccec/,1.9,,,,,
Kia Forum,Hampton Inn Los Angeles Intl Airport Hawthorne,https://journeyed.org/hotel/hampton-inn-los-angeles-intl-airport-hawthorne-hawthorne-c84688/,2,,,,,
Kia Forum,Palm Inn,https://journeyed.org/hotel/palm-inn-inglewood-b79c6a/,2,,,,,
Kia Forum,Sofi Motel,https://journeyed.org/hotel/sofi-motel-los-angeles-c6c9b8/,2,,,,,
Kia Forum,Candlewood Suites Lax Hawthorne By Ihg,https://journeyed.org/hotel/candlewood-suites-lax-hawthorne-by-ihg-hawthorne-7bb727/,2,,,,,
Kia Forum,Holiday Inn Express and Suites Los Angeles Airport Hawthorne,https://journeyed.org/hotel/holiday-inn-express-and-suites-los-angeles-airport-hawthorne-hawthorne-a80f39/,2,,,,,
Kia Forum,LAX Stadium Inn,https://journeyed.org/hotel/lax-stadium-inn-inglewood-768512/,2,,,,,
Kia Forum,Dream Inn,https://journeyed.org/hotel/dream-inn-inglewood-90dfc9/,2,,,,,
Kia Forum,Comfort Inn Cockatoo,https://journeyed.org/hotel/comfort-inn-cockatoo-hawthorne-67af3a/,2,,,,,
Kia Forum,The Westin Los Angeles Airport,https://journeyed.org/hotel/the-westin-los-angeles-airport-los-angeles-59e64c/,2,,,,,
Kia Forum,Best Western Airport Plaza Inn,https://journeyed.org/hotel/best-western-airport-plaza-inn-inglewood-9ddb46/,2.1,,,,,
Kia Forum,Del Aire Inn Hotel,https://journeyed.org/hotel/del-aire-inn-hotel-hawthorne-cab5f1/,2.1,,,,,
Kia Forum,Universal Inn,https://journeyed.org/hotel/universal-inn-los-angeles-2e4969/,2.1,,,,,
Kia Forum,24 Hours Motel,https://journeyed.org/hotel/24-hours-motel-los-angeles-1b54da/,2.1,,,,,
Kia Forum,Anand Motel,https://journeyed.org/hotel/anand-motel-los-angeles-cb0879/,2.1,,,,,
Kia Forum,Atlas motel,https://journeyed.org/hotel/atlas-motel-los-angeles-459252/,2.2,,,,,
Kia Forum,Travelodge Hotel At Lax,https://journeyed.org/hotel/travelodge-hotel-at-lax-los-angeles-8d8853/,2.2,,,,,
Kia Forum,Jet Inn,https://journeyed.org/hotel/jet-inn-los-angeles-c9d0a8/,2.2,0,https://www.jetinn-la.us/,,,2026-10-03
Kia Forum,Hill Top Motor Inn,https://journeyed.org/hotel/hill-top-motor-inn-los-angeles-6c200a/,2.3,,,,,
Kia Forum,King Motel,https://journeyed.org/hotel/king-motel-los-angeles-e2976f/,2.4,,,,,
Kia Forum,Hilton Los Angeles Airport,https://journeyed.org/hotel/hilton-los-angeles-airport-los-angeles-d583ed/,2.4,,,,,
Kia Forum,Holiday Inn Express Los Angeles - LAX Airport,https://journeyed.org/hotel/holiday-inn-express-los-angeles-lax-airport-los-angeles-2f07a7/,2.5,,,,,
Kia Forum,Shangri-La Hotels & Resort,https://journeyed.org/hotel/shangri-la-hotels-and-resort-los-angeles-b12b95/,2.5,,,,,
Kia Forum,Skywards Hotel,https://journeyed.org/hotel/skywards-hotel-los-angeles-cbf8b6/,2.5,,,,,
Kia Forum,Hawthorne Plaza Inn,https://journeyed.org/hotel/hawthorne-plaza-inn-hawthorne-4bfbf9/,2.5,0,https://www.hawthorneplazainn.com/overview,,,2026-10-03
Kia Forum,Super 8 by Wyndham Los Angeles,https://journeyed.org/hotel/super-8-by-wyndham-los-angeles-los-angeles-c23a55/,2.5,,,,,
Kia Forum,Renaissance Los Angeles Airport Hotel,https://journeyed.org/hotel/renaissance-los-angeles-airport-hotel-los-angeles-62f300/,2.6,,,,,
Kia Forum,Los Angeles Airport Marriott,https://journeyed.org/hotel/los-angeles-airport-marriott-los-angeles-2ccce5/,2.6,,,,,
Kia Forum,Four Points by Sheraton Los Angeles International Airport,https://journeyed.org/hotel/four-points-by-sheraton-los-angeles-international-airport-los-angeles-53e8b3/,2.6,,,,,
Kia Forum,Marriott,https://journeyed.org/hotel/marriott-hawthorne-65126f/,2.6,,,,,
Kia Forum,Ritz-Carlton,https://journeyed.org/hotel/ritz-carlton-los-angeles-c67a9a/,2.7,,,,,
Kia Forum,Embassy Suites by Hilton Los Angeles International Airport North,https://journeyed.org/hotel/embassy-suites-by-hilton-los-angeles-international-airport-north-los-dd3d5f/,2.7,,,free,free,
Kia Forum,Residence Inn by Marriott Los Angeles LAX/Century Boulevard,https://journeyed.org/hotel/residence-inn-by-marriott-los-angeles-lax-century-boulevard-los-5b6bd8/,2.7,,,,,
Kia Forum,Los Angeles Inn and Suites,https://journeyed.org/hotel/los-angeles-inn-and-suites-los-angeles-8ac74c/,2.8,0,https://www.losangelesinnlax.com/cheap-motel-la-area/,,,2026-10-03
Kia Forum,Hyatt House LAX Century Boulevard,https://journeyed.org/hotel/hyatt-house-lax-century-boulevard-los-angeles-d95e2a/,2.8,,,,,
Kia Forum,Summit Motel,https://journeyed.org/hotel/summit-motel-los-angeles-0c2ff8/,2.8,,,,,
Kia Forum,Sonesta Los Angeles Airport,https://journeyed.org/hotel/sonesta-los-angeles-airport-los-angeles-a7e285/,2.8,,,,,
Kia Forum,La Mirage Inn LAX Airport,https://journeyed.org/hotel/la-mirage-inn-lax-airport-los-angeles-9f2249/,2.8,,,,,
Kia Forum,TownePlace Suites,https://journeyed.org/hotel/towneplace-suites-hawthorne-15ce22/,2.9,,,,,
Kia Forum,Manor Motel,https://journeyed.org/hotel/manor-motel-hawthorne-f2ac07/,2.9,,,,,
Kia Forum,Sheraton Gateway Los Angeles,https://journeyed.org/hotel/sheraton-gateway-los-angeles-los-angeles-d12bb7/,2.9,,,,,
Kia Forum,El Rancho Inn,https://journeyed.org/hotel/el-rancho-inn-hawthorne-e9ddd1/,2.9,0,https://www.elranchoinnhawthorne.us/,,,2026-10-03
Kia Forum,Courtyard by Marriott Los Angeles LAX/Hawthorne,https://journeyed.org/hotel/courtyard-by-marriott-los-angeles-lax-hawthorne-hawthorne-c98eaa/,2.9,,,,,
Kia Forum,Colonial Hotel,https://journeyed.org/hotel/colonial-hotel-hawthorne-422704/,2.9,,,,,
Kia Forum,Twin Towers Motel,https://journeyed.org/hotel/twin-towers-motel-inglewood-a45942/,3,,,,,
Kia Forum,Vermont Motel,https://journeyed.org/hotel/vermont-motel-los-angeles-01087b/,3,,,,,
Los Angeles Memorial Coliseum,Forty First Place - Boutique Hostel,https://journeyed.org/hotel/forty-first-place-boutique-hostel-los-angeles-86370a/,0.4,,,,,
Los Angeles Memorial Coliseum,Park Motel,https://journeyed.org/hotel/park-motel-los-angeles-157fa2/,0.5,,,,,
Los Angeles Memorial Coliseum,USC Hotel,https://journeyed.org/hotel/usc-hotel-los-angeles-536d2e/,0.5,45,https://uschotel.usc.edu/our-hotel,free,,2026-10-03
Los Angeles Memorial Coliseum,Jesus Saves Hostel,https://journeyed.org/hotel/jesus-saves-hostel-los-angeles-4babcd/,0.5,,,,,
Los Angeles Memorial Coliseum,Royal Inn,https://journeyed.org/hotel/royal-inn-los-angeles-64ddc7/,0.6,,,,,
Los Angeles Memorial Coliseum,Sahara Inn,https://journeyed.org/hotel/sahara-inn-los-angeles-8c48fe/,0.8,,,,,
Los Angeles Memorial Coliseum,Little Caesars Motel,https://journeyed.org/hotel/little-caesars-motel-los-angeles-3755c1/,0.8,,,,,
Los Angeles Memorial Coliseum,Vagabond Inn - Los Angeles At Usc,https://journeyed.org/hotel/vagabond-inn-los-angeles-at-usc-los-angeles-6a8834/,0.9,,,,,
Los Angeles Memorial Coliseum,Deluxe Inn Motel,https://journeyed.org/hotel/deluxe-inn-motel-los-angeles-13443b/,1,,,,,
Los Angeles Memorial Coliseum,Liu's Hostel,https://journeyed.org/hotel/lius-hostel-los-angeles-efd2f2/,1,,,,,
Los Angeles Memorial Coliseum,New Aster Motel,https://journeyed.org/hotel/new-aster-motel-los-angeles-e056fb/,1,,,,,
Los Angeles Memorial Coliseum,City Motel,https://journeyed.org/hotel/city-motel-los-angeles-bad30e/,1,,,,,
Los Angeles Memorial Coliseum,Holiday Inn,https://journeyed.org/hotel/holiday-inn-los-angeles-36276b/,1.1,,,,,
Los Angeles Memorial Coliseum,Harvard Motor Inn,https://journeyed.org/hotel/harvard-motor-inn-los-angeles-13bb2f/,1.1,,,,,
Los Angeles Memorial Coliseum,Crown Inn MOTEL,https://journeyed.org/hotel/crown-inn-motel-los-angeles-3c3c2c/,1.1,,,,,
Los Angeles Memorial Coliseum,Solo Motel,https://journeyed.org/hotel/solo-motel-los-angeles-1773fc/,1.1,,,,,
Los Angeles Memorial Coliseum,Broadway Motel,https://journeyed.org/hotel/broadway-motel-los-angeles-ed802d/,1.2,,,,,
Los Angeles Memorial Coliseum,King and Western,https://journeyed.org/hotel/king-and-western-los-angeles-eb6ac0/,1.2,,,,,
Los Angeles Memorial Coliseum,Pine Tree Inn,https://journeyed.org/hotel/pine-tree-inn-los-angeles-e4830f/,1.2,,,,,
Los Angeles Memorial Coliseum,The Snooty Fox Motor Inn,https://journeyed.org/hotel/the-snooty-fox-motor-inn-los-angeles-60859d/,1.2,,,,,
Los Angeles Memorial Coliseum,Americas Best Value Inn & Suites Los Angeles Downtown SW,https://journeyed.org/hotel/americas-best-value-inn-and-suites-los-angeles-downtown-sw-los-angeles-224418/,1.3,,,,,
Los Angeles Memorial Coliseum,Notel Motel,https://journeyed.org/hotel/notel-motel-los-angeles-31d031/,1.3,,,,,
Los Angeles Memorial Coliseum,Mustang Hotel,https://journeyed.org/hotel/mustang-hotel-los-angeles-163339/,1.3,,,,,
Los Angeles Memorial Coliseum,Golden West Manor Motel,https://journeyed.org/hotel/golden-west-manor-motel-los-angeles-b59138/,1.3,,,,,
Los Angeles Memorial Coliseum,SleepCheap BnB,https://journeyed.org/hotel/sleepcheap-bnb-los-angeles-ccb83c/,1.3,,,,,
Los Angeles Memorial Coliseum,Aster,https://journeyed.org/hotel/aster-los-angeles-3e4e6e/,1.4,,,,,
Los Angeles Memorial Coliseum,Copacabana Inn,https://journeyed.org/hotel/copacabana-inn-los-angeles-5ad2ca/,1.4,,,,,
Los Angeles Memorial Coliseum,Ec Motel,https://journeyed.org/hotel/ec-motel-los-angeles-76a914/,1.4,,,,,
Los Angeles Memorial Coliseum,Casitas Motel,https://journeyed.org/hotel/casitas-motel-los-angeles-1ef5d7/,1.5,,,,,
Los Angeles Memorial Coliseum,The Anderson Estates,https://journeyed.org/hotel/the-anderson-estates-los-angeles-16a79b/,1.6,,,,,
Los Angeles Memorial Coliseum,Cimarron,https://journeyed.org/hotel/cimarron-los-angeles-9e44f7/,1.6,,,,,
Los Angeles Memorial Coliseum,Furst Motel,https://journeyed.org/hotel/furst-motel-los-angeles-f083ee/,1.7,,,,,
Los Angeles Memorial Coliseum,Sand Piper Motel,https://journeyed.org/hotel/sand-piper-motel-los-angeles-b3a03c/,1.8,,,,,
Los Angeles Memorial Coliseum,Central Inn Motel,https://journeyed.org/hotel/central-inn-motel-los-angeles-51bb39/,1.8,,,,,
Los Angeles Memorial Coliseum,Stallion Motel,https://journeyed.org/hotel/stallion-motel-los-angeles-2dacda/,1.9,paid,https://www.stallionmotel-losangeles.us/,,,2026-10-03
Los Angeles Memorial Coliseum,King Junior Hotel,https://journeyed.org/hotel/king-junior-hotel-los-angeles-7f4b74/,1.9,,,,,
Los Angeles Memorial Coliseum,New Vermont Motel,https://journeyed.org/hotel/new-vermont-motel-los-angeles-5609c9/,2,,,,,
Los Angeles Memorial Coliseum,Eastsider Motel,https://journeyed.org/hotel/eastsider-motel-los-angeles-1d69dc/,2.1,,,,,
Los Angeles Memorial Coliseum,Bronco Motel South Central,https://journeyed.org/hotel/bronco-motel-south-central-los-angeles-02093b/,2.1,,,,,
Los Angeles Memorial Coliseum,Classic Motor Inn,https://journeyed.org/hotel/classic-motor-inn-los-angeles-89e8c6/,2.1,,,,,
Los Angeles Memorial Coliseum,AC Hotel Downtown Los Angeles,https://journeyed.org/hotel/ac-hotel-downtown-los-angeles-los-angeles-25f487/,2.2,,,,,
Los Angeles Memorial Coliseum,Morrison Hotel,https://journeyed.org/hotel/morrison-hotel-los-angeles-50c441/,2.2,,,,,
Los Angeles Memorial Coliseum,Level Los Angeles - Downtown Flower,https://journeyed.org/hotel/level-los-angeles-downtown-flower-los-angeles-588142/,2.3,,,,,
Los Angeles Memorial Coliseum,Venice Hotel,https://journeyed.org/hotel/venice-hotel-los-angeles-f8c88c/,2.3,,,,,
Los Angeles Memorial Coliseum,Casa Bella Inn,https://journeyed.org/hotel/casa-bella-inn-los-angeles-c277c7/,2.4,,,,,
Los Angeles Memorial Coliseum,Downtown LA Proper Hotel,https://journeyed.org/hotel/downtown-la-proper-hotel-los-angeles-6f166a/,2.4,,,paid,none,
Los Angeles Memorial Coliseum,Urban Executive Suites,https://journeyed.org/hotel/urban-executive-suites-los-angeles-bf9bbf/,2.4,,,,,
Los Angeles Memorial Coliseum,"The Hoxton, Downtown LA",https://journeyed.org/hotel/the-hoxton-downtown-la-los-angeles-639487/,2.4,,,,,
Los Angeles Memorial Coliseum,"The Ritz-Carlton, Los Angeles",https://journeyed.org/hotel/the-ritz-carlton-los-angeles-los-angeles-2d2026/,2.5,,,,,
Los Angeles Memorial Coliseum,E-Central Downtown Los Angeles Hotel,https://journeyed.org/hotel/e-central-downtown-los-angeles-hotel-los-angeles-3093f3/,2.5,,,,,
Los Angeles Memorial Coliseum,La 그린하우스 호스텔,https://journeyed.org/hotel/la-los-angeles-876375/,2.5,,,,,
Los Angeles Memorial Coliseum,Llaves Dtla Staples Center,https://journeyed.org/hotel/llaves-dtla-staples-center-los-angeles-730b52/,2.5,,,,,
Los Angeles Memorial Coliseum,Courtyard By Marriott,https://journeyed.org/hotel/courtyard-by-marriott-los-angeles-609b9a/,2.5,,,,,
Los Angeles Memorial Coliseum,Residence Inn,https://journeyed.org/hotel/residence-inn-los-angeles-1261ca/,2.5,,,,,
Los Angeles Memorial Coliseum,Sheraton-Universal City,https://journeyed.org/hotel/sheraton-universal-city-los-angeles-55728a/,2.6,,,,,
Los Angeles Memorial Coliseum,Hotel Figueroa,https://journeyed.org/hotel/hotel-figueroa-los-angeles-6c4fda/,2.6,paid,https://www.hotelfigueroa.com/faq/,,,2026-10-03
Los Angeles Memorial Coliseum,Hotel Twin Dolphin,https://journeyed.org/hotel/hotel-twin-dolphin-los-angeles-acba52/,2.6,,,,,
Los Angeles Memorial Coliseum,Rodeway Inn Convention Center,https://journeyed.org/hotel/rodeway-inn-convention-center-los-angeles-b1cf3e/,2.6,,,,,
Los Angeles Memorial Coliseum,Ramona Motel,https://journeyed.org/hotel/ramona-motel-los-angeles-f2b66d/,2.6,,,,,
Los Angeles Memorial Coliseum,Stile Downtown Los Angeles By Kasa,https://journeyed.org/hotel/stile-downtown-los-angeles-by-kasa-los-angeles-80c8f0/,2.6,,,,,
Los Angeles Memorial Coliseum,Ace Hotel Downtown Los Angeles,https://journeyed.org/hotel/ace-hotel-downtown-los-angeles-los-angeles-9ef190/,2.6,,,,,
Los Angeles Memorial Coliseum,Staples Center Inn,https://journeyed.org/hotel/staples-center-inn-los-angeles-5d896d/,2.6,,,,,
Los Angeles Memorial Coliseum,Metropolitan Inn & Suites,https://journeyed.org/hotel/metropolitan-inn-and-suites-los-angeles-b45996/,2.6,,,,,
Los Angeles Memorial Coliseum,The Live Hotel,https://journeyed.org/hotel/the-live-hotel-los-angeles-0c456a/,2.6,,,,,
Los Angeles Memorial Coliseum,Hotel Olyver,https://journeyed.org/hotel/hotel-olyver-los-angeles-f4bd0d/,2.6,,,,,
Los Angeles Memorial Coliseum,Global Luxury Suites at Figueroa Street,https://journeyed.org/hotel/global-luxury-suites-at-figueroa-street-los-angeles-60e3b4/,2.6,,,,,
Los Angeles Memorial Coliseum,Tuscan Garden Inn,https://journeyed.org/hotel/tuscan-garden-inn-los-angeles-57cb52/,2.7,,,,,
Los Angeles Memorial Coliseum,Foxy's Motor Inn,https://journeyed.org/hotel/foxys-motor-inn-los-angeles-0b2070/,2.7,,,,,
Los Angeles Memorial Coliseum,Hotel Indigo Los Angeles Downtown,https://journeyed.org/hotel/hotel-indigo-los-angeles-downtown-los-angeles-7c682c/,2.7,,,,,
Los Angeles Memorial Coliseum,Motel 6,https://journeyed.org/hotel/motel-6-los-angeles-4bf6dc/,2.7,,,,,
Los Angeles Memorial Coliseum,Gramercy Place,https://journeyed.org/hotel/gramercy-place-los-angeles-a25ecf/,2.7,,,,,
Los Angeles Memorial Coliseum,East West Motel,https://journeyed.org/hotel/east-west-motel-los-angeles-9855a7/,2.7,,,,,
Los Angeles Memorial Coliseum,Level Los Angeles - Downtown South Olive,https://journeyed.org/hotel/level-los-angeles-downtown-south-olive-los-angeles-94b270/,2.7,,,,,
Los Angeles Memorial Coliseum,Aventura Hotel,https://journeyed.org/hotel/aventura-hotel-los-angeles-9de073/,2.7,,,,,
Los Angeles Memorial Coliseum,Motel Rocks,https://journeyed.org/hotel/motel-rocks-los-angeles-46af6f/,2.7,,,,,
Los Angeles Memorial Coliseum,Union Hotel,https://journeyed.org/hotel/union-hotel-los-angeles-a1ea1c/,2.7,,,,,
Los Angeles Memorial Coliseum,King Motel,https://journeyed.org/hotel/king-motel-los-angeles-e2976f/,2.7,,,,,
Los Angeles Memorial Coliseum,Trinity Hotel by LuxUrban,https://journeyed.org/hotel/trinity-hotel-by-luxurban-los-angeles-b873c8/,2.7,,,,,
Los Angeles Memorial Coliseum,Stillwell Hotel,https://journeyed.org/hotel/stillwell-hotel-los-angeles-9b2ddb/,2.7,,,,,
Los Angeles Memorial Coliseum,Alvarado Palms Motel,https://journeyed.org/hotel/alvarado-palms-motel-los-angeles-e1f3bc/,2.7,,,,,
Los Angeles Memorial Coliseum,One Ten Motel,https://journeyed.org/hotel/one-ten-motel-los-angeles-a7f07d/,2.7,0,https://www.onetenmotella.us/,,,2026-10-03
Los Angeles Memorial Coliseum,South Park Hotel,https://journeyed.org/hotel/south-park-hotel-los-angeles-83bdd7/,2.7,,,,,
Los Angeles Memorial Coliseum,Level Los Angeles - Downtown South Hill,https://journeyed.org/hotel/level-los-angeles-downtown-south-hill-los-angeles-aecc33/,2.7,,,,,
Los Angeles Memorial Coliseum,Americas Best Value Inn,https://journeyed.org/hotel/americas-best-value-inn-los-angeles-1ae129/,2.8,,,,,
Los Angeles Memorial Coliseum,Motel 6 Los Angeles- Ca - Downtown,https://journeyed.org/hotel/motel-6-los-angeles-ca-downtown-los-angeles-87af6e/,2.8,,,,,
Los Angeles Memorial Coliseum,O Hotel,https://journeyed.org/hotel/o-hotel-los-angeles-f98ab6/,2.8,,,,,
Los Angeles Memorial Coliseum,Angeles B&B,https://journeyed.org/hotel/angeles-b-and-b-los-angeles-db651d/,2.8,,,,,
Los Angeles Memorial Coliseum,The Audemar Hotel,https://journeyed.org/hotel/the-audemar-hotel-los-angeles-54d6f0/,2.8,35,https://theaudemar.com/your-stay/,,,2026-10-03
Los Angeles Memorial Coliseum,The Dart Hotel,https://journeyed.org/hotel/the-dart-hotel-los-angeles-5aa6cd/,2.8,,,,,
Los Angeles Memorial Coliseum,Main Motel,https://journeyed.org/hotel/main-motel-los-angeles-6a1785/,2.8,,,,,
Los Angeles Memorial Coliseum,Supreme Hotel,https://journeyed.org/hotel/supreme-hotel-los-angeles-e30d12/,2.8,,,,,
Los Angeles Memorial Coliseum,"The Wayfarer Downtown LA, Tapestry Collection by Hilton",https://journeyed.org/hotel/the-wayfarer-downtown-la-tapestry-collection-by-hilton-los-angeles-295154/,2.8,,,,,
Los Angeles Memorial Coliseum,Tuck Hotel,https://journeyed.org/hotel/tuck-hotel-los-angeles-d4b8c4/,2.8,,,,,
Los Angeles Memorial Coliseum,Ariella Elsie,https://journeyed.org/hotel/ariella-elsie-los-angeles-dfd7e9/,2.8,,,,,
Los Angeles Memorial Coliseum,Freehand Los Angeles,https://journeyed.org/hotel/freehand-los-angeles-los-angeles-c07eea/,2.8,,,,,
Los Angeles Memorial Coliseum,My Sunshine Hotel,https://journeyed.org/hotel/my-sunshine-hotel-los-angeles-2a4b49/,2.8,0,https://www.mysunshinehotella.us/,,,2026-10-03
Los Angeles Memorial Coliseum,Le Parlour Motel,https://journeyed.org/hotel/le-parlour-motel-los-angeles-296c34/,2.8,,,,,
Los Angeles Memorial Coliseum,4 Star Motel,https://journeyed.org/hotel/4-star-motel-los-angeles-68d9f1/,2.9,,,,,
Los Angeles Memorial Coliseum,Stuart Hotel,https://journeyed.org/hotel/stuart-hotel-los-angeles-7d77ab/,2.9,,,,,
Los Angeles Memorial Coliseum,The Senator Hotel,https://journeyed.org/hotel/the-senator-hotel-los-angeles-7665c9/,2.9,,,,,
Los Angeles Memorial Coliseum,Travel Inn Motel,https://journeyed.org/hotel/travel-inn-motel-los-angeles-55fdcb/,2.9,,,,,
Los Angeles Memorial Coliseum,Alexander Hotel,https://journeyed.org/hotel/alexander-hotel-los-angeles-7b2e87/,2.9,,,,,
Los Angeles Memorial Coliseum,Orchid Gardens MayfaIr Hotel,https://journeyed.org/hotel/orchid-gardens-mayfair-hotel-los-angeles-eafa9c/,2.9,,,,,
Los Angeles Memorial Coliseum,Sheraton Grand Los Angeles,https://journeyed.org/hotel/sheraton-grand-los-angeles-los-angeles-d2de73/,2.9,,,,,
Los Angeles Memorial Coliseum,DTLA Hotel,https://journeyed.org/hotel/dtla-hotel-los-angeles-235165/,2.9,,,,,
Los Angeles Memorial Coliseum,Yorkshire Apartments & Hotel,https://journeyed.org/hotel/yorkshire-apartments-and-hotel-los-angeles-6f36bd/,2.9,,,,,
Los Angeles Memorial Coliseum,Hyatt Regency Los Angeles,https://journeyed.org/hotel/hyatt-regency-los-angeles-los-angeles-3da437/,2.9,,,,,
Los Angeles Memorial Coliseum,City Center Hotel,https://journeyed.org/hotel/city-center-hotel-los-angeles-9f3efb/,2.9,,,,,
Los Angeles Memorial Coliseum,Motel De Ville,https://journeyed.org/hotel/motel-de-ville-los-angeles-ed768f/,2.9,,,,,
Los Angeles Memorial Coliseum,hotel kilo,https://journeyed.org/hotel/hotel-kilo-los-angeles-1be8e1/,2.9,,,,,
Los Angeles Memorial Coliseum,InterContinental Los Angeles Downtown by IHG,https://journeyed.org/hotel/intercontinental-los-angeles-downtown-by-ihg-los-angeles-91c39a/,2.9,,,,,
Los Angeles Memorial Coliseum,Olympic Hotel,https://journeyed.org/hotel/olympic-hotel-los-angeles-a05b87/,2.9,,,,,
Los Angeles Memorial Coliseum,The Haas Suites,https://journeyed.org/hotel/the-haas-suites-los-angeles-f7f803/,2.9,,,,,
Los Angeles Memorial Coliseum,Hotel Solaire Los Angeles,https://journeyed.org/hotel/hotel-solaire-los-angeles-los-angeles-eab788/,2.9,,,,,
Los Angeles Memorial Coliseum,The Haas Building,https://journeyed.org/hotel/the-haas-building-los-angeles-50c574/,2.9,,,,,
Los Angeles Memorial Coliseum,"Hotel Per La, Autograph Collection",https://journeyed.org/hotel/hotel-per-la-autograph-collection-los-angeles-0818d7/,2.9,,,paid,,
Los Angeles Memorial Coliseum,The Hotel At The Los Angeles Athletic Club,https://journeyed.org/hotel/the-hotel-at-the-los-angeles-athletic-club-los-angeles-607626/,2.9,,,,,
Los Angeles Memorial Coliseum,La Tyson,https://journeyed.org/hotel/la-tyson-los-angeles-b9ae0d/,3,,,,,
Los Angeles Memorial Coliseum,Cecil Hotel,https://journeyed.org/hotel/cecil-hotel-los-angeles-ee6b0a/,3,,,,,
Los Angeles Memorial Coliseum,Stay on Main,https://journeyed.org/hotel/stay-on-main-los-angeles-2a4661/,3,,,,,
Los Angeles Memorial Coliseum,Hotel Cortez,https://journeyed.org/hotel/hotel-cortez-los-angeles-a65344/,3,,,,,
Los Angeles Memorial Coliseum,Madison Hotel,https://journeyed.org/hotel/madison-hotel-los-angeles-7e7e32/,3,,,,,
Rose Bowl Stadium,Lincoln Motel,https://journeyed.org/hotel/lincoln-motel-pasadena-76befb/,0.9,0,https://www.lincolnmotelpasadena.com/amenities/,,,2026-10-03
Rose Bowl Stadium,Residence Inn,https://journeyed.org/hotel/residence-inn-pasadena-3b04ff/,1.2,,,,,
Rose Bowl Stadium,Courtyard by Marriott Los Angeles Pasadena/Old Town,https://journeyed.org/hotel/courtyard-by-marriott-los-angeles-pasadena-old-town-pasadena-a2acd8/,1.3,,,,,
Rose Bowl Stadium,Pasadena Hotel Old Towne Bed & Breakfast,https://journeyed.org/hotel/pasadena-hotel-old-towne-bed-and-breakfast-pasadena-16065e/,1.4,,,,,
Rose Bowl Stadium,Raymond Hotel,https://journeyed.org/hotel/raymond-hotel-pasadena-1e0a41/,1.7,,,,,
Rose Bowl Stadium,The Westin Pasadena,https://journeyed.org/hotel/the-westin-pasadena-pasadena-f901e3/,1.7,,,,,
Rose Bowl Stadium,The Marilyn Hotel,https://journeyed.org/hotel/the-marilyn-hotel-pasadena-168b33/,1.7,,,,,
Rose Bowl Stadium,Sheraton Pasadena Hotel,https://journeyed.org/hotel/sheraton-pasadena-hotel-pasadena-315eae/,1.8,,,,,
Rose Bowl Stadium,Hyatt Place Pasadena,https://journeyed.org/hotel/hyatt-place-pasadena-pasadena-4194a8/,1.9,,,,,
Rose Bowl Stadium,Evanston Inn,https://journeyed.org/hotel/evanston-inn-pasadena-f29950/,2,,,,,
Rose Bowl Stadium,AC Hotel Pasadena,https://journeyed.org/hotel/ac-hotel-pasadena-pasadena-92fb66/,2,,,,,
Rose Bowl Stadium,Hilton Pasadena,https://journeyed.org/hotel/hilton-pasadena-pasadena-4f3bb5/,2,,,,,
Rose Bowl Stadium,Arroyo del Sol Clothing Optional Bed and Breakfast,https://journeyed.org/hotel/arroyo-del-sol-clothing-optional-bed-and-breakfast-pasadena-8009a4/,2,,,,,
Rose Bowl Stadium,Casa Lu-An Motel,https://journeyed.org/hotel/casa-lu-an-motel-los-angeles-b721ae/,2,0,https://casaluanmotel.seasonsnseasons.com/,,,2026-10-03
Rose Bowl Stadium,Sharyn's Place,https://journeyed.org/hotel/sharyns-place-altadena-668146/,2,,,,,
Rose Bowl Stadium,Pasadena Gateway Villas,https://journeyed.org/hotel/pasadena-gateway-villas-pasadena-7e6c26/,2.1,,,,,
Rose Bowl Stadium,Langham Huntington Hotel & Spa,https://journeyed.org/hotel/langham-huntington-hotel-and-spa-pasadena-ef2701/,2.1,,,,,
Rose Bowl Stadium,Islander Motel,https://journeyed.org/hotel/islander-motel-los-angeles-323847/,2.3,,,,,
Rose Bowl Stadium,Pasadena Hotel & Pool,https://journeyed.org/hotel/pasadena-hotel-and-pool-pasadena-6d95a9/,2.4,,,,,
Rose Bowl Stadium,Hotel Constance,https://journeyed.org/hotel/hotel-constance-pasadena-1abb7f/,2.4,,,,,
Rose Bowl Stadium,Eagle Rock Motel,https://journeyed.org/hotel/eagle-rock-motel-los-angeles-827f64/,2.5,,,,,
Rose Bowl Stadium,Pasadena Rose & Crown Hotel,https://journeyed.org/hotel/pasadena-rose-and-crown-hotel-pasadena-b3470f/,2.6,,,free,,
Rose Bowl Stadium,Newcombs Ranch Inn,https://journeyed.org/hotel/newcombs-ranch-inn-south-pasadena-da49dd/,2.7,,,,,
Rose Bowl Stadium,Crown City Suites,https://journeyed.org/hotel/crown-city-suites-pasadena-3efdbd/,2.7,,,,,
Rose Bowl Stadium,Welcome Inn,https://journeyed.org/hotel/welcome-inn-los-angeles-ddac8f/,2.8,,,,,
Rose Bowl Stadium,The Aqua Courtyard Suites,https://journeyed.org/hotel/the-aqua-courtyard-suites-pasadena-856162/,2.8,,,,,
SoFi Stadium,Hollywood Park Motel,https://journeyed.org/hotel/hollywood-park-motel-inglewood-4493e4/,0.3,,,,,
SoFi Stadium,Airport Park View Hotel,https://journeyed.org/hotel/airport-park-view-hotel-inglewood-7d053e/,0.6,,,,,
SoFi Stadium,The Lum Hotel Los Angeles Stadium District,https://journeyed.org/hotel/the-lum-hotel-los-angeles-stadium-district-inglewood-a4ac55/,0.6,,,,,
SoFi Stadium,Holly Crest Hotel,https://journeyed.org/hotel/holly-crest-hotel-inglewood-3cce81/,0.6,0,https://www.hollycrestinglewood.com/weekly-hotel-inglewood/,,,2026-10-03
SoFi Stadium,Rodeway Inn & Suites,https://journeyed.org/hotel/rodeway-inn-and-suites-inglewood-8b17d5/,0.6,,,,,
SoFi Stadium,"Motel 6 Inglewood, Ca",https://journeyed.org/hotel/motel-6-inglewood-ca-inglewood-a33e8a/,0.7,,,,,
SoFi Stadium,Inglewood Plaza Inn,https://journeyed.org/hotel/inglewood-plaza-inn-inglewood-bab5cd/,0.7,,,,,
SoFi Stadium,Royal Game Resort,https://journeyed.org/hotel/royal-game-resort-inglewood-4d1547/,0.8,,,,,
SoFi Stadium,LA Adventure Hotel,https://journeyed.org/hotel/la-adventure-hotel-inglewood-09a075/,0.8,0,https://www.laadventureinglewood.com/amenities-services/,free,,2026-10-03
SoFi Stadium,Royal Comfort Motel Budget Host Inns,https://journeyed.org/hotel/royal-comfort-motel-budget-host-inns-inglewood-90283f/,0.8,,,,,
SoFi Stadium,Sea Breeze Inn,https://journeyed.org/hotel/sea-breeze-inn-inglewood-a9cb0d/,0.8,,,,,
SoFi Stadium,Super 8 by Wyndham Inglewood LAX LA Airport,https://journeyed.org/hotel/super-8-by-wyndham-inglewood-lax-la-airport-inglewood-8e4b56/,0.8,,,,,
SoFi Stadium,Hollywood Inn Express LAX,https://journeyed.org/hotel/hollywood-inn-express-lax-inglewood-6c5fc0/,0.9,,,free,free,
SoFi Stadium,Topper Motel,https://journeyed.org/hotel/topper-motel-inglewood-654286/,0.9,,,,,
SoFi Stadium,Royal Century Hotel,https://journeyed.org/hotel/royal-century-hotel-inglewood-8864af/,0.9,,,,,
SoFi Stadium,Look Motel Inn,https://journeyed.org/hotel/look-motel-inn-los-angeles-cc79a9/,1.1,,,,,
SoFi Stadium,American Inn and Suites LAX,https://journeyed.org/hotel/american-inn-and-suites-lax-inglewood-19e766/,1.3,,,,,
SoFi Stadium,Amber Motel LLP,https://journeyed.org/hotel/amber-motel-llp-inglewood-fecbe9/,1.3,,,,,
SoFi Stadium,Value Inn Worldwide Inglewood,https://journeyed.org/hotel/value-inn-worldwide-inglewood-inglewood-c4c461/,1.3,,,,,
SoFi Stadium,Geneva Motel,https://journeyed.org/hotel/geneva-motel-inglewood-455aa6/,1.4,0,https://www.genevainnlax.com/amenities/,,,2026-10-03
SoFi Stadium,Welcome Inn,https://journeyed.org/hotel/welcome-inn-inglewood-562ca1/,1.4,,,,,
SoFi Stadium,Ricky Motel,https://journeyed.org/hotel/ricky-motel-los-angeles-99b4e1/,1.4,,,,,
SoFi Stadium,Crystal Inn Suites & Spas LAX,https://journeyed.org/hotel/crystal-inn-suites-and-spas-lax-inglewood-6dffc6/,1.4,0,https://www.crystalinnlax.com/amenities/,,,2026-10-03
SoFi Stadium,Colony Motel,https://journeyed.org/hotel/colony-motel-los-angeles-e7e0ae/,1.5,,,,,
SoFi Stadium,Century Inn,https://journeyed.org/hotel/century-inn-inglewood-643e05/,1.5,,,,,
SoFi Stadium,Tivoli Motor Hotel,https://journeyed.org/hotel/tivoli-motor-hotel-inglewood-f20d25/,1.5,,,,,
SoFi Stadium,La Brea Hotel,https://journeyed.org/hotel/la-brea-hotel-inglewood-ca44b3/,1.5,,,,,
SoFi Stadium,Lotus Motel,https://journeyed.org/hotel/lotus-motel-inglewood-b36228/,1.5,,,,,
SoFi Stadium,Economy Inn LAX,https://journeyed.org/hotel/economy-inn-lax-inglewood-eb15df/,1.5,,,,,
SoFi Stadium,Tourist Lodge,https://journeyed.org/hotel/tourist-lodge-inglewood-0687c1/,1.5,0,https://www.touristlodgeinglewood.us/amenities.html,,,2026-10-03
SoFi Stadium,Encore Inn,https://journeyed.org/hotel/encore-inn-inglewood-bfca1e/,1.5,0,https://www.encoreinnlax.com/overview,,,2026-10-03
SoFi Stadium,Casa Bell Motel,https://journeyed.org/hotel/casa-bell-motel-inglewood-2fe9e6/,1.5,0,https://www.casabellmotelinglewood.com/amenities-services/,,,2026-10-03
SoFi Stadium,Diamond Inn,https://journeyed.org/hotel/diamond-inn-inglewood-4ad151/,1.5,,,,,
SoFi Stadium,Empire Inn LAX,https://journeyed.org/hotel/empire-inn-lax-los-angeles-a33244/,1.6,0,https://www.empireinnlax.com/overview,,,2026-10-03
SoFi Stadium,La Quinta Inn & Suites Inglewood,https://journeyed.org/hotel/la-quinta-inn-and-suites-inglewood-inglewood-f309bf/,1.6,,,,,
SoFi Stadium,Villa Inn and Suites,https://journeyed.org/hotel/villa-inn-and-suites-hawthorne-034ff5/,1.6,,,,,
SoFi Stadium,Quality Inn & Suites Los Angeles Airport,https://journeyed.org/hotel/quality-inn-and-suites-los-angeles-airport-inglewood-b44888/,1.6,,,,,
SoFi Stadium,Comfort Inn & Suites,https://journeyed.org/hotel/comfort-inn-and-suites-inglewood-125f66/,1.6,,,,,
SoFi Stadium,Kings Motel Inglewood,https://journeyed.org/hotel/kings-motel-inglewood-inglewood-98ccec/,1.6,,,,,
SoFi Stadium,Palm Inn,https://journeyed.org/hotel/palm-inn-inglewood-b79c6a/,1.6,,,,,
SoFi Stadium,Best Western Plus Suites Hotel - LAX Airport LA Stadium,https://journeyed.org/hotel/best-western-plus-suites-hotel-lax-airport-la-stadium-inglewood-4e4e50/,1.6,,,,,
SoFi Stadium,Lax Airport Hotel,https://journeyed.org/hotel/lax-airport-hotel-inglewood-804241/,1.6,,,,,
SoFi Stadium,Dream Inn,https://journeyed.org/hotel/dream-inn-inglewood-90dfc9/,1.7,,,,,
SoFi Stadium,Trend Hotel LAX,https://journeyed.org/hotel/trend-hotel-lax-inglewood-ad1aaa/,1.7,0,https://www.trendhotellax.com/amenities-services/,,,2026-10-03
SoFi Stadium,Acacia Inn,https://journeyed.org/hotel/acacia-inn-inglewood-4599b7/,1.7,,,,,
SoFi Stadium,Days Inn,https://journeyed.org/hotel/days-inn-inglewood-9bc19a/,1.7,,,,,
SoFi Stadium,Motel 6,https://journeyed.org/hotel/motel-6-inglewood-98a4b0/,1.7,,,,free,
SoFi Stadium,Hampton Inn Los Angeles Intl Airport Hawthorne,https://journeyed.org/hotel/hampton-inn-los-angeles-intl-airport-hawthorne-hawthorne-c84688/,1.7,,,,,
SoFi Stadium,Best Western Airpark Hotel,https://journeyed.org/hotel/best-western-airpark-hotel-inglewood-7a6c69/,1.7,,,,,
SoFi Stadium,Sofi Motel,https://journeyed.org/hotel/sofi-motel-los-angeles-c6c9b8/,1.8,,,,,
SoFi Stadium,Candlewood Suites Lax Hawthorne By Ihg,https://journeyed.org/hotel/candlewood-suites-lax-hawthorne-by-ihg-hawthorne-7bb727/,1.8,,,,,
SoFi Stadium,Holiday Inn Express and Suites Los Angeles Airport Hawthorne,https://journeyed.org/hotel/holiday-inn-express-and-suites-los-angeles-airport-hawthorne-hawthorne-a80f39/,1.8,,,,,
SoFi Stadium,Comfort Inn Cockatoo,https://journeyed.org/hotel/comfort-inn-cockatoo-hawthorne-67af3a/,1.8,,,,,
SoFi Stadium,LAX Stadium Inn,https://journeyed.org/hotel/lax-stadium-inn-inglewood-768512/,1.8,,,,,
SoFi Stadium,Anand Motel,https://journeyed.org/hotel/anand-motel-los-angeles-cb0879/,1.9,,,,,
SoFi Stadium,Del Aire Inn Hotel,https://journeyed.org/hotel/del-aire-inn-hotel-hawthorne-cab5f1/,1.9,,,,,
SoFi Stadium,Holiday Inn Los Angeles - LAX Airport,https://journeyed.org/hotel/holiday-inn-los-angeles-lax-airport-los-angeles-d0720c/,1.9,,,,,
SoFi Stadium,Hampton Inn Los Angeles Airport,https://journeyed.org/hotel/hampton-inn-los-angeles-airport-inglewood-03fd59/,1.9,,,,,
SoFi Stadium,Wingate by Wyndham Los Angeles International Airport LAX,https://journeyed.org/hotel/wingate-by-wyndham-los-angeles-international-airport-lax-inglewood-2f6832/,1.9,,,,,
SoFi Stadium,Sandman Motel,https://journeyed.org/hotel/sandman-motel-inglewood-dd26f0/,1.9,,,,,
SoFi Stadium,Hill Top Motor Inn,https://journeyed.org/hotel/hill-top-motor-inn-los-angeles-6c200a/,1.9,,,,,
SoFi Stadium,La Quinta Inn & Suites LAX,https://journeyed.org/hotel/la-quinta-inn-and-suites-lax-los-angeles-9bd654/,2,,,,,
SoFi Stadium,Budget Motel,https://journeyed.org/hotel/budget-motel-los-angeles-16ae46/,2,,,,,
SoFi Stadium,Inglewood Hilton Hotel,https://journeyed.org/hotel/inglewood-hilton-hotel-inglewood-0ad5a4/,2,,,,,
SoFi Stadium,Days Inn Hotel,https://journeyed.org/hotel/days-inn-hotel-inglewood-f43ccd/,2,,,,,
SoFi Stadium,Hyde Park Motel,https://journeyed.org/hotel/hyde-park-motel-los-angeles-99805a/,2,0,https://www.hydeparkmotel-la.us/,,,2026-10-03
SoFi Stadium,Cornett Motel,https://journeyed.org/hotel/cornett-motel-los-angeles-2338f1/,2,,,,,
SoFi Stadium,Crenshaw Inn Motel,https://journeyed.org/hotel/crenshaw-inn-motel-los-angeles-9d51da/,2.1,,,,,
SoFi Stadium,The Westin Los Angeles Airport,https://journeyed.org/hotel/the-westin-los-angeles-airport-los-angeles-59e64c/,2.1,,,,,
SoFi Stadium,Atlas motel,https://journeyed.org/hotel/atlas-motel-los-angeles-459252/,2.2,,,,,
SoFi Stadium,Hawthorne Plaza Inn,https://journeyed.org/hotel/hawthorne-plaza-inn-hawthorne-4bfbf9/,2.3,0,https://www.hawthorneplazainn.com/overview,,,2026-10-03
SoFi Stadium,Marriott,https://journeyed.org/hotel/marriott-hawthorne-65126f/,2.3,,,,,
SoFi Stadium,Travelodge Hotel At Lax,https://journeyed.org/hotel/travelodge-hotel-at-lax-los-angeles-8d8853/,2.3,,,,,
SoFi Stadium,Best Western Airport Plaza Inn,https://journeyed.org/hotel/best-western-airport-plaza-inn-inglewood-9ddb46/,2.4,,,,,
SoFi Stadium,Los Angeles Inn and Suites,https://journeyed.org/hotel/los-angeles-inn-and-suites-los-angeles-8ac74c/,2.4,0,https://www.losangelesinnlax.com/cheap-motel-la-area/,,,2026-10-03
SoFi Stadium,24 Hours Motel,https://journeyed.org/hotel/24-hours-motel-los-angeles-1b54da/,2.4,,,,,
SoFi Stadium,Universal Inn,https://journeyed.org/hotel/universal-inn-los-angeles-2e4969/,2.4,,,,,
SoFi Stadium,La Mirage Inn LAX Airport,https://journeyed.org/hotel/la-mirage-inn-lax-airport-los-angeles-9f2249/,2.5,,,,,
SoFi Stadium,Hilton Los Angeles Airport,https://journeyed.org/hotel/hilton-los-angeles-airport-los-angeles-d583ed/,2.5,,,,,
SoFi Stadium,Shangri-La Hotels & Resort,https://journeyed.org/hotel/shangri-la-hotels-and-resort-los-angeles-b12b95/,2.6,,,,,
SoFi Stadium,El Rancho Inn,https://journeyed.org/hotel/el-rancho-inn-hawthorne-e9ddd1/,2.6,0,https://www.elranchoinnhawthorne.us/,,,2026-10-03
SoFi Stadium,Manor Motel,https://journeyed.org/hotel/manor-motel-hawthorne-f2ac07/,2.6,,,,,
SoFi Stadium,King Motel,https://journeyed.org/hotel/king-motel-los-angeles-e2976f/,2.6,,,,,
SoFi Stadium,Jet Inn,https://journeyed.org/hotel/jet-inn-los-angeles-c9d0a8/,2.6,0,https://www.jetinn-la.us/,,,2026-10-03
SoFi Stadium,TownePlace Suites,https://journeyed.org/hotel/towneplace-suites-hawthorne-15ce22/,2.6,,,,,
SoFi Stadium,Colonial Hotel,https://journeyed.org/hotel/colonial-hotel-hawthorne-422704/,2.6,,,,,
SoFi Stadium,Los Angeles Airport Marriott,https://journeyed.org/hotel/los-angeles-airport-marriott-los-angeles-2ccce5/,2.7,,,,,
SoFi Stadium,Courtyard by Marriott Los Angeles LAX/Hawthorne,https://journeyed.org/hotel/courtyard-by-marriott-los-angeles-lax-hawthorne-hawthorne-c98eaa/,2.7,,,,,
SoFi Stadium,Skywards Hotel,https://journeyed.org/hotel/skywards-hotel-los-angeles-cbf8b6/,2.7,,,,,
SoFi Stadium,Super 8 by Wyndham Los Angeles,https://journeyed.org/hotel/super-8-by-wyndham-los-angeles-los-angeles-c23a55/,2.7,,,,,
SoFi Stadium,Holiday Inn Express Los Angeles - LAX Airport,https://journeyed.org/hotel/holiday-inn-express-los-angeles-lax-airport-los-angeles-2f07a7/,2.7,,,,,
SoFi Stadium,Renaissance Los Angeles Airport Hotel,https://journeyed.org/hotel/renaissance-los-angeles-airport-hotel-los-angeles-62f300/,2.7,,,,,
SoFi Stadium,Four Points by Sheraton Los Angeles International Airport,https://journeyed.org/hotel/four-points-by-sheraton-los-angeles-international-airport-los-angeles-53e8b3/,2.7,,,,,
SoFi Stadium,Vermont Motel,https://journeyed.org/hotel/vermont-motel-los-angeles-01087b/,2.7,,,,,
SoFi Stadium,Ritz-Carlton,https://journeyed.org/hotel/ritz-carlton-los-angeles-c67a9a/,2.8,,,,,
SoFi Stadium,Embassy Suites by Hilton Los Angeles International Airport North,https://journeyed.org/hotel/embassy-suites-by-hilton-los-angeles-international-airport-north-los-dd3d5f/,2.8,,,free,free,
SoFi Stadium,Western Motel,https://journeyed.org/hotel/western-motel-los-angeles-11c729/,2.8,,,,,
SoFi Stadium,Residence Inn by Marriott Los Angeles LAX/Century Boulevard,https://journeyed.org/hotel/residence-inn-by-marriott-los-angeles-lax-century-boulevard-los-5b6bd8/,2.8,,,,,
SoFi Stadium,Twin Towers Motel,https://journeyed.org/hotel/twin-towers-motel-inglewood-a45942/,2.9,,,,,
SoFi Stadium,Paradise Inn,https://journeyed.org/hotel/paradise-inn-los-angeles-fb69f4/,2.9,,,,,
SoFi Stadium,Hyatt House LAX Century Boulevard,https://journeyed.org/hotel/hyatt-house-lax-century-boulevard-los-angeles-d95e2a/,2.9,,,,,
SoFi Stadium,Sonesta Los Angeles Airport,https://journeyed.org/hotel/sonesta-los-angeles-airport-los-angeles-a7e285/,2.9,,,,,
SoFi Stadium,El Segundo Inn,https://journeyed.org/hotel/el-segundo-inn-hawthorne-f53190/,3,0,https://www.elsegundoinnhawthorne.us/,,,2026-10-03
